{"type":"FeatureCollection","features":[{"type":"Feature","id":"460202","properties":{"name":"海棠区","cp":[109.760778,18.407516],"childNum":1},"geometry":{"type":"Polygon","coordinates":["@@B@BBFBB@B@@@@ADC@@DAFBFD@DABABCF@DBBB@BBBB@B@B@B@BH@B@D@@@@LAD@B@JFHFHDDB@FEDC@@FADCDE@@BB@HAJABAF@P@BDL@BBD@HFJDFDDDD@@@@BBB@B@D@BAB@@@@@BB@BABABAD@B@@@B@DBBBBAB@BAB@@@@@BBF@@@B@@@@@B@@B@H@B@D@NHFD@BBBBABA@@FBHDHBD@BBDRBD@L@@@D@B@DBB@AD@B@DBDD@ABADABAD@@@BABABEB@@A@KBA@@@@@@AAAAA@@CACACAE@AFMFEDAJEH@J@D@BCFGDEFCBCBEDI@EAEAA@@CC@A@@AA@CAA@A@@@@@@@A@E@GACACAAA@ICK@GAA@AC@E@GBCBC@ADC@CBEBI@EBAAAKCFGFBB@\\«UEQICCGUEmIYMaC]CgOBGBA@CBEAE@CACBABCBACCACDE@GAE@ECCCC@C@C@CBABADADA@C@CAC@A@@DABC@E@CBABCB@ACA@BC@A@AACAA@CBABCBEBE@EACBABCDCB@F@D@B@BDFBDCBC@@D@@ADA@CB@BADBFDB@F@BDF@D@DAFAD@BDDD@B@DDDDBDDDBB@DCDAB@DAD@F@B@DCBBBBBDDDBDB@DABABABC@@BBB@DABADC@ABBD@DAB@DBBB@AB@DBDBBDBBB@D@BADC@C@@BADC@A@BBBBBBDBBB@DNCLDDJUBB@DBDBDDADCBCDAD@DAD@B@B@BBD@@"],"encodeOffsets":[[112299,18838]]}},{"type":"Feature","id":"460203","properties":{"name":"吉阳区","cp":[109.512081,18.247436],"childNum":1},"geometry":{"type":"Polygon","coordinates":["@@BADA@@D@B@DA@@BBD@DBBAB@B@B@BBB@B@BA@@BBB@B@B@@AB@F@@A@@@AFAB@JEBA@BBBBBBB@BB@BBB@B@BB@@B@DB@@B@@AB@DCDEBA@@D@@@BB@@B@@@@AB@@@@AB@BAD@B@BB@@BBDB@@F@B@B@@@B@BB@@@BB@BBB@@@B@@AB@B@DBDBBD@@BB@@B@@AB@D@B@@@@@BBFD@@@B@BB@BB@A@AB@BCBABABCFADADBB@B@B@DABAB@B@@@B@BBHAB@B@@@BC@CBCDCDABCCCCACAA@VACIKCMD@CAACAAAAAAAB@D@BC@AD@D@BC@A@CAACAAAAC@CBAA@AA@CBA@CACBAD@BCBA@CAA@AD@BABABA@CCACACCAAAADA@C@A@EBC@CBADC@CAACCACCCCCA@C@CC@ABCBE@C@CCE@A@ECAAEBC@ADAB@BC@@@CD@DAACCE@A@A@C@EDADCBADAFBF@FADABADAB@DBBBB@D@@ADB@BDABADAF@D@BA@CB@D@DBD@B@BCBCBADAD@D@D@DDFDF@HBF@DCDBBDDABADADBF@FBDAB@HAPAW¡QO]MeIgC_DUDO@QCMCGAOGSOOKYKWEWAUBMDWP_`IDO@}CUDMDGHGNENCBRPZTB@JFNHFLDF@BDBJBH@@ABCBCB@BED@@@BBB@@B@B@BB@B@B@BB@BB@@@@@@BB@@@A@@@@BEA@@G@CDBF@@BDBB@J@DAF@@@L@@@D@FAF@@@@@@EFA@ABGDEHAHBDCFBBBEB@DAB@@@@B@@@@@@BB@@BB@BBBABBBBDB@BFB@@A@A@@B@B@B@@DAB@@@@AAABA@@B@B@@BD@FE@CBC@@B@BA@@BAAABEA@@@@@@A@@A@@A@@@@A@@C@E@C@ABBBADAD@DB@BBDBBBBBB@B@D@@@@@B@@@@@@@BA@@@@B@@@@BA@@B@@AB@@DB@@@@BBA@FF@@CDAACB@B@@BB@@@B@BB@@A@BBBABBBB@AB@@A@BB@@A@@@@@@@@@@@A@@AA@A@@@@B@@@@@@@B@@@@@B@@@B@@@@BA@@BA@B@B@B@@@BA@@BCA@B@@E@@@ABA@AB@DBB@BBB@D@@BDCFADABA@@AAAAA@@@AAC@AAAA@A@AB@CA@@@BC@A@ABA@A@C@@AA@@@A@A@ACB@@@@C@@@@B@@@AA@I@@B@@@B@B@@@BA@C@@AB@A@BC@B@ABA@@@@A@@C@A@AA@@E@A@C@@A@A@@B@@A@@@@@A@@B@BB@B@B@@FA@@@@@ADA@@@@B@@@B@@@@@B@@@B@@AA@BA@@BC@@@@B@@@@@B@@A@@@@B@@A@@@@@A@A@A@ABA@@@@B@@BBA@@@@B@@@B@@@@@@BB@@@@B@ABBBC@@@@@@@@B@@AA@@@@@@@@@@@@@@@@@@@@A@@@@A@@@BABAHCDDDLFD@@B@F@BA@@BAB@BAD@D@DBDD@B@BBDBB@DBBABC@ABBHDD@@HBBB@JADAB@B@B@FA@A@@B@@BAFC@CDCBEHCFLABAFAJ@DB@DBBBBF@FCHEBBBD@BBBBDLCLA@ABC@EDFFBFBFBBB@BBB@BBB@DBBDBBFDD@A@A"],"encodeOffsets":[[112169,18839]]}},{"type":"Feature","id":"460204","properties":{"name":"天涯区","cp":[109.506357,18.24734],"childNum":1},"geometry":{"type":"Polygon","coordinates":["@@DBF@BF@BFFAHBH@NCPCD@@EBAF@JCJ@HBHBFDBDH@@@@@@@@@@@@@@@B@@@@@@@D@@@@@@@B@@@@@@@@@@@@@B@@@@@@@B@@@@@@@@@@@@@B@@@@@@@@@@@@@@@B@@@@@@@@@@@@@@@B@@@@@@B@@@@@@@@@@@@B@@@@@@@@@@@@@@@@@@@@@@@@@@@@@@@@@@BB@@@@@@@@@@@@@@@@B@@@@@@@@@@@@@@@@@B@@@@@@@@@@@@@B@@@@@@@@@@@@@@@@@@@@@@@BFBBHD@FAHBHDFFDFBF@FCHANANA@@@@@@@@BB@@@@@@@@@@@@@@B@@@BB@@@@@@B@@@@@@BB@@@@@@@@@B@@@@@@@@@@@B@@@@@@@@@@@@B@@@@B@@@@@@@@@@@@@@@@@B@@@@@@@@@@@@@@BB@@@@@@@@@@@@@@@@@BB@@@@@@@@@@@@@@B@@@@B@@@@@@@@@@@@B@@@@@@@@@@@@@BB@@@@@@@@@@@@@@@@@@@@@@B@@@@@@@@@@@@@@@B@@@@@@@@@@@@@@@@@B@@@@@@@@A@@@@@@@@B@@@@@@@@@@@@A@@B@@@@@@A@@B@@@@@@@@@@@@A@@@@B@@@@@@@@@B@@@@@@@@@@@@@@@@@@AB@@@@@@@@@@@@@@@@@@@@@@@@@@@B@@@@@@@@@@@@@@@B@@A@@@@@@@@@@@@B@@@@@@@@@@@@@@@@@B@@A@@@@@@@@@@@@B@@@@@@B@@@@@@LGJGDE@A@@@A@@@@@@@@@@@@@@@@@@@@@@@@B@@@@A@@@@@@@@@@@@@@B@@@@A@@@@@@@AB@@A@@@@BC@@B@@A@@@@BA@@@@@@@A@@@@B@@@@@D@HBFAFCB@@@@@@A@@@@@@@@@@@@@@@@@A@@@@@@@@@@@A@@@@@@@@@@@@@@@@@AA@@@@@@A@@@@@@BMDIB@B@@@@@@@@@@@@@@@BB@@@@FFDBDBDCDA@@JBFFDDBFBD@@@@@@@B@@@@@@@@@B@@@@@@@@@B@@@@@@@@@@@@@BCJ@@CFCFAF@@@@@B@@@@@B@@@@@B@@B@@@@@@@@@@@@@@B@@@@@@@@@@@@@@@@@@@@@@@B@@@@@@@@@@@@@@@@@@@@@@B@@@@@@B@@@@@@@@@@@B@@@@@@@@@@@@@@@@B@@B@@@@@@BB@@@@@@BB@@@@@BB@@@@@@@@@@BB@@@BB@@@@B@@BBB@@DB@BBB@@@@@@@@@@B@@B@@@@BB@@@@BB@@@@@@@@@@@B@@@@@@@@@@@@@@@@@@B@@@@@@B@@@@@@@@@@@@@@@@@B@@@@@@@@@@@@@@@@@@@@@@@@@B@@@@@@@@@@@@@@@@@@@B@@@@@@@@@@@@@B@@@@@@@@@@@@@B@@@@@@B@@@@B@@@@@@@@@@@@@@@@@@@BB@@@@@@@@@@@@B@@@@@@B@@@@@@@@@@B@@@@@@B@@@@@@@@@@@BB@@@@@@@@@@@@B@@@@@@@@@@@B@@@@@@@@BB@@@@@B@BB@@@@@@B@@@@@B@@B@@@@@@@@B@@@@@@@B@@@@@@@B@@@@@@@@@@@@@@@B@@@@BB@@@@@B@@@@@@@@@@@@@B@@B@@@@@@@@@@@@B@@@@@@@@@@B@@BBB@@@@B@@@@@@@@@@B@@@@@@@@B@@@@@@@@@@B@@@@@@@@B@@@@@@B@@@@@@@@@@@@@@B@@@@B@@@@@@@@@@@@@@@@@@@@@@A@@B@@@@@B@@@@@@@@@@@B@@@@@@@@@@@@@@@B@@@@@@@@@@@@@@@BB@@@@@@@@@@@@@@@@BB@@BB@@@@@@@@B@@B@@@@@@@@@@B@@@@B@@@@@@@@@@@@B@@@@@@@@BB@@@@@@@@@@@@@B@@B@@@@@@@@@@@@@@B@@@@@@@B@@@@@@@B@@@@@@@@@@@@@@@B@@B@@@@@@@@@@@@@@@@@@B@@B@@@@@@BB@@@@@B@@B@@@@@@@@B@@B@@@@@@BB@@@@@@BB@@@@@@@BB@@@@@@@@@@B@@B@@@@B@@@@@@@BB@@@@@@B@@@@B@@@@B@@@@@@@@@@BB@@@@@@@@@@@@@@@BB@@@@@@@@BB@@@@@@@B@@B@@@@@@B@@@@@@BB@@@@@@@@@@@@@B@@@@B@@@@@@@@B@@@@@B@@@@BB@@@B@@@@@B@@B@@@@@@B@@@@@@@B@@B@@@@@@B@@@@@@B@@@@B@@@@@@@@B@@B@@@@@@B@@@@B@@B@@@@@@@@BB@@@@@@@B@@@@@@@@B@@@@@@B@@@@@@@@@@@@@@@@@@@B@@@@@@@@@@@@@@@@@@@@@@AB@@@@@@@@@@@@@@@@@@@B@@@@@@@@@@@B@@@@@@@@@@@@@B@@@@@@@@@@@@@@@B@@@@@@@@@@@B@@@@@@@@@@B@@@@@@@@@@@@@CFC@ABA@O@AAC@A@@AC@ADABAACD@B@BC@C@A@ABCBA@CBADCBA@CBA@AAEBADCBABB@A@C@AAA@@CA@CBC@@BABAB@D@FDBB@B@BBBBAB@BBB@D@BAFAFEFCFAB@BADADCN@D@DBPDJED@BADAHCJBBAB@B@D@B@F@DDBADE@ABQDAFAJAB@NABAFAHCDCB@BEAC@OAA@ABG@A@EBA@A@OAAAAB@@CBE@A@A@AAAAAIGAACEAABCBEAACA@AAM@A@A@@CAAA@I@AJGBA@GAGA@@A@A@A@AAAGGA@ABA@AB@@AB@@A@@@@ABA@A@G@@BAB@B@@ABCFC@ALCB@BA@@@@@A@@BAB@@@BI@AJCBA@@@A@A@@@A@@@A@GBCCCAECAAA@CAA@AAA@AAAEAEAEACE@FAD@BKBKDACAA@AACAAGFEDE@AAAA@CCAI@EBABKBDEFGDADCD@BE@AA@@@@BEBA@A@A@CBIBA@AA@GC@GCAA@BADABCAA@CAAAA@C@AC@C@CBC@ABA@AB@@A@E@AC@KECCDCBGBA@A@@@B@@B@@@@@@@@@@@@@@@@@@@@@BB@@@A@@@@@@D@AABAA@@@@@AA@@@@@@@A@@@A@@B@AA@@@A@@B@BAB@B@B@@@@@B@@@@A@@B@@@@A@@@@@A@@D@@AB@@ABB@@@A@@@A@@@@@A@@@A@@B@BC@@@@B@@EA@A@A@@A@AB@@@@@B@@@@AB@B@@@@D@B@FB@@B@B@DB@@@@@AB@B@AADB@A@@BD@B@@A@@@A@A@@@AJ@B@@B@@@A@@D@@@@@DA@B@B@B@@BB@@@D@BAB@B@BAD@@B@@DBAB@B@BB@BBD@B@@BBBB@BB@BABCDEAC@@@CAA@AAA@CBAB@BA@@F@@@@ADB@AB@@A@@@A@A@AAB@@AB@@@@@A@@@A@@@@@A@@@@@@@A@@B@B@@BB@@@@@@@@@@@B@@@AAB@@@BAA@AABAAA@A@BA@@A@A@@AA@@@ADABBDC@@EEB@AA@@@@CA@@BA@@@AB@@A@@A@@@@@AB@@@@@@A@@@@@C@A@A@AAAACAAAA@@CBCBCAABAD@F@D@@@@B@@B@@@@BB@@@@@@@FBBABB@AB@@A@AD@DAF@@EAC@@@A@AB@BABB@@@@BA@CA@A@A@@@@B@BA@AEA@ACAABAAA@AAA@@AA@@@@@@@A@@A@CBA@AFAADEACBGFGHCBAB@FE@@@@@@BE@E@C@@@K@@BE@C@IAAAC@@AEDCH@@@FB@A@@B@@@A@@A@@@@A@@AAAA@A@A@@A@A@AA@AA@@C@AFA@ADAD@BG@IACA@ACEEKMGIEA@YSQOGHSH×VUJYV}~]JUH¯EAF@J@H@H@D@F@F@F@F@FAF@B@B@@AFADBD@FABABBDDJBF@DCF@DBF@FBDBDAFAD@D@DFBB@DBDDD@BAF@F@B@DBDDBDBDBBDBFAD@D@@@@B@BB@@B@B@B@D@D@B@B@@BBB@@BAD@@@B@B@@@B@B@B@B@@@B@@BBAB@B@B@@@B@B@BA@@B@D@DAB@@@B@D@B@@BD@BAB@B@B@B@@@DDABBBBDBDABB@FBBABA@AFADA@E@E@AFEJA@eJCECABDDFBDDDBDBFQRA@{@WJIF@B@BEFBD"],"encodeOffsets":[[111807,18905]]}},{"type":"Feature","id":"460205","properties":{"name":"崖州区","cp":[109.174306,18.352192],"childNum":1},"geometry":{"type":"Polygon","coordinates":["@@B@BBBBDDBBAF@DDBHFDBFBBDBBRD@B@@@D@F@BDF@BFF@BBB@BBBB@B@@BB@@BDDAB@@BBHBLA@BB@@BBB@BBBDBBDB@B@B@BBB@B@BBD@@@B@B@B@@@BABBB@BBFFHBD@FAD@BA@AB@@@B@@BBB@BBDHPBB@DBBBBB@B@HEHCDADAHDDDFDDBDBBDDBHBBD@@@@@@@@@@@B@@@@@@@@@@BFJAHC@ABCBB@@@@@@@@@@B@@@@@@@@@@BBABD@BNDB@@@@@@@@@@@@@@@@@@@B@@@@@@@@@@@@@@@@@JCHA@BBBF@DDF@@@B@@@@B@@@@B@@@@@@@@@@@B@@@@@@@@@@@@B@@@@@@@@@@@@@@@@B@@@@@@@@@@@@A@@@@@@@@@@B@@@@@@@@@@@@@@@@@@@@@@@BA@@@@@@@@@@@@@@@A@@@@@@@@@@@@@@B@@@@A@@@@@@@@@@@@@@@@@@@@@@B@@@@@@@@@@@BA@@@@@@@@@@@@@@B@@@B@@@@@@@@@B@FCFKDCJAJAFBFDJF@AJEXI|@B@RQAEACCCACCEACDBDFfIB@FIBEF@F@B@BCBEB@BAAA@EAACBCAAAAACB@C@@@A@A@ABA@AAC@@@A@C@A@@BA@C@C@AB@@A@A@A@@@A@ABAAA@@@A@@@A@A@A@A@@@A@A@@BC@AA@AA@@@A@A@C@C@A@A@AA@@A@A@@C@C@EBCAAAACACCCCAA@E@E@ABC@CCCAA@EA@C@CBCBEACAC@EAE@CDE@CAECIACBABA@EACBCBE@@@A@ABE@E@E@E@E@E@C@G@G@IBEM@©C_BUBKFEFELIjMlEHGDSD½DAQCKGEGGCIKAGBGDGHYl"],"encodeOffsets":[[111547,18776]]}},{"type":"Feature","id":"460200","properties":{"name":"解放路","cp":[109.502708,18.252975],"childNum":0},"geometry":{"type":"Polygon","coordinates":[],"encodeOffsets":[]}},{"type":"Feature","id":"460200","properties":{"name":"河西","cp":[109.506615,18.249369],"childNum":0},"geometry":{"type":"Polygon","coordinates":[],"encodeOffsets":[]}},{"type":"Feature","id":"460200","properties":{"name":"河东","cp":[109.508325,18.254612],"childNum":0},"geometry":{"type":"Polygon","coordinates":[],"encodeOffsets":[]}},{"type":"Feature","id":"460200","properties":{"name":"迎宾路","cp":[109.508522,18.271621],"childNum":0},"geometry":{"type":"Polygon","coordinates":[],"encodeOffsets":[]}},{"type":"Feature","id":"460200","properties":{"name":"亚龙湾","cp":[109.633321,18.240776],"childNum":0},"geometry":{"type":"Polygon","coordinates":[],"encodeOffsets":[]}},{"type":"Feature","id":"460200","properties":{"name":"大东海","cp":[109.52247,18.222966],"childNum":0},"geometry":{"type":"Polygon","coordinates":[],"encodeOffsets":[]}},{"type":"Feature","id":"460200","properties":{"name":"三亚湾","cp":[109.461155,18.276978],"childNum":0},"geometry":{"type":"Polygon","coordinates":[],"encodeOffsets":[]}}],"UTF8Encoding":true}