{"type":"FeatureCollection","features":[{"type":"Feature","id":"370502","properties":{"name":"东营区","cp":[118.507543,37.461567],"childNum":1},"geometry":{"type":"Polygon","coordinates":["@@H[RkPqNsFaDSDK@OBIaEKAQCICIAEAI@E@E@GDKDCBKDCBABAAAAAA@@@C@E@AACCEAACACAGCE@ACAACCCGAAACA@A@A@CBCBCBC@E@C@CAC@A@CBC@GBCB@@]AG@K@G@EAA@AACAC@K@G@IAG@E@E@G@EBG@I@G@KAG@CAE@E@E@A@CAECCAEAE@I@CAEJEHABCFCF_@@BI@A@BAA@@AQ@C@@AQ@JKG@@BD@@DE@@AG@@CJ@DGY@EJCA@@CDgSCIAICAA@G@M@E@c@AFEBG@@QSA@RC@@QE@A@@\\ODIB@KI@@C@K@C@AMKA@@RBHA@E@AYD@B@B@B@@AAKEBAS@AA@@DCDCF@FC@@AABABA@CD]A@TA@I@GBE@A@@SEB@@A@uJA@@@AA@AE@IACB@BDD@BI@E@I@AAGU@@Q@AAA@JV@BICI@KA@@CIGBCCC@@BBF@BGCECACAA@CC@C@@FGE@I@@B@@CIA@II@BG@AC@I@@A@M@CC@K@M@A@@JE@@L@BS@ABBBF@DB@FMACBABBJE@ABA@G@K@C@AFBDB@H@BBABIA@D@BE@SAEBABBL@FAB@@@@K@C@ADBLABC@@R@h@TA@UAC@[@@BBDBBBBBB@BC@AFCBQAE@@@@@@AAAA@CDA@@AC@AB@DIBA@@FARABADM@@EIBAADG@CCEG@K@A@AB@BC@QCABBDABEAAB@PAH@DH@H@HBJDFBFFBBBB@DAF@BEZ@@AHBHHNNlBFFFHAD@@B@BBBFAFIHBBADC@IPCCEFAD@D@DAHCJ@AA@A@@FA@A@AF@BAFILIDAN@P@DCD@LABBBDD@PB@BbBB@@HBD@@\\@@B@DF@DFDJH@BABCAIP@B@@AD@DA@AF@BB@HJAB@@CBCJ@L@@ACIH@@BLA@CJAB@BFB@@FEB@B@BA@@@BDBH@BEDABG@@@@@A@FJAB@B@FD@ADDBBBBDBD@FJDBD@FBBB@BL@@BB@JA@@@@@@@@@BFABQ@E@CBAH@@@@@H@@@@DBDB@BPH@@AFDBHBADB@A@D@FB@DB@T@@A@EHB@DBNHA@BJ@@BI@@BD@DHAFDDA@BBAB@@FFB@HDD@FDAB@@@@B@@HF@@ADAHFFCH@BA@@BA@@HAD@RKHHH@@A@ACC@@@@@@FA@AJ@@@@CD@FB@CF@BC@A@CC@CBG@@CB@BEB@@AR@@@B@@@D@D@TBRAF@D@@@J@J@T@L@NBB@`@@@B@B@B@@@B@B@@@V@@@B@D@@@V@@KJAJE@E@@@A@@B@B@J@@@HEACEBA@@C@AHAFFHFLGBB@@@@DDBBNNFFB@@@B@BAB@B@FBB@BB@AB@DADA@ABC@@@ABABA@@DAB@BAD@BAB@@@B@BAB@B@@@DABAB@@@BA@@B@BABABAB@@@BAB@B@BA@@@@DA@@JP@BD@H@B@B@FAF@DAB@B@@@D@D@D@F@B@@@BAB@BAB@BAB@B@@AB@B@DABC@C@@F@^AD@TC|KB@@AFALA@@@@TEB@FB@FFBADAJ@B@B@@D@HD@@B@@@BBB@B@@@B@BB@@B@B@BB@@B@B@@@BAB@B@@@B@B@B@@@B@B@@BB@B@B@@@BBB@@@BBB@B@@BB@B@@@B@B@B@@@B@B@B@@@B@@@B@@@B@B@BA@@B@B@D@D@BAB@@@B@@@@@DB@BB@B@@@B@B@@@B@B@@@BAB@B@D@B@DAB@B@D@"],"encodeOffsets":[[121801,38390]]}},{"type":"Feature","id":"370521","properties":{"name":"垦利县","cp":[118.551314,37.588679],"childNum":1},"geometry":{"type":"Polygon","coordinates":["@@p_h]LSH]@aD[LU@G@GCCIGCEDWFQHI^KXCZBZDbLPBPCJGFM@SEWCMAIBMFGNKXI`C^GHCFIBI@KGUIOKGUGC@mAyB·NI@EAA@CBI@E@A@C@SC]EWG_OcSwmmqQWWeIOiM_I[@SBUDQFOC@A@A@CBA@C@A@A@AB@@A@A@@@A@A@@@A@A@@ACA@@@@A@@@A@ABC@C@A@A@@@ABA@A@@@A@@@A@@@A@A@A@@@A@A@A@@@A@A@@AA@A@AA@@A@AA@@A@A@A@@AA@A@@@A@A@A@@@A@A@AB@@A@A@@@AAA@A@@@AAA@@@A@A@AA@@A@@@GCC@@@@A@ABIBCEA@EEAA@SF@@@@KBEB@BA@{LSDC@]BE@@@@DADCBA@A@@BA@A@ABA@ABA@AB@@A@E@C@C@C@@@A@A@CBE@EBA@A@G@C@@AIO@@CB@@@@ABA@A@AB@@A@ABABABA@@@AB@@A@ABCB@@A@A@ABA@@@A@ABC@ABA@CB@@ABAB@B@@AD@BCBCBA@@BAAA@EAA@A@ABA@@@A@EEMMAACC@@@@AAKHGEEEGB@B@DB@FABDGF@@I@A@A@@@@B@@@FIFIB@LU@@@C@A@@@U@@@A@A@@@A@A@A@@@_@A@MAK@S@I@I@@@C@E@QBSAC@C@@@A@@@Q@@BA@AFA@@DH@DAD@@D@BADE@@DEAC@@D@@I@@BEB@@@@@@DD@B@BG@GGQLC@GB@@AB@@ABG@EDGECB@BE@@GA@@@@@BAECC@GCA@EE@@BAAAB@CCBECGC@@AJ@@AI@@AGBAM@CGA@F@BS@A@@CEAC@B@A@BCGACABE@@OG@ACACA@@@@@G@@@@BGDAF@R@BAAE@@@@@@@@B@@IAA@@AKA@AA@EACIC@EACACAACABCC@@E@ABAEIB@@@@@H@BAFC@AAGAC@@B@@A@AFA@EA@AEA@IB@DKB@AG@DJ@BK@I@AD@DA@IB@GAAE@@BCBC@@BA@O@BJADABG@CICEE@@C@A[@@@AC@GA@aA@AOAC@ACAAKBC@CDO@M@CBKJEJABE@@B@BEB@@@BBBI@GDCBC@C@EBDFOD@JCDABGAEJEBAA@A@AC@GBBFNPHNLTDFFHDDBBLFD@RJFBFDNFDBDF@LFfDNBDJPJZJbHZDDDDJDRBdDJBHBHBDDPDJB\\FhFTBR@NA\\ETCVEPCRAbEH@FBLFPJ`Tn\\PHdNbPNHHJHFX`NTNZT`NTFDHBJDLBJDNH@DBHBHAFCAA@AF@@GBA@CAA@IHIFA@XNVLXNB@BB@@BBLDB@XJXJZJ@@@@jRBBDBFD@@@@RLDD@@@@BB@@@@BBDBTN@@`XJFFF@@@@@@@@FDFDHF@@BB@@BBB@LBDBD@`HVFLHDBHFHD@@FB@B`bHH||@@@BRRFD@@ZZJDB@B@F@N@B@LA@@BBº@"],"encodeOffsets":[[121926,38863]]}},{"type":"Feature","id":"370522","properties":{"name":"利津县","cp":[118.248854,37.493365],"childNum":1},"geometry":{"type":"Polygon","coordinates":["@@AB@@ABE@@BADD@@B@FB@BB@@CBCHCBG@KA@AA@IHCD@FDDFHHDVAHAFA@B@B@@@BABBFAF@B@@FFDHABAF@JDBHBADIAE@AJAB@@DFDB@BEBEAA@CJCDC@@B@@E@KHA@G@EAE@@CCBAAK@@B@@E@@AC@CB@@B@DJEB@BFP@BBBHCBBDH@@A@ODGD@@@@@H@FDBDADD@B@HBFBB@@H@BDFB@DG@@@@BHAALB@BBF@BHB@CJF@AL@@BBHB@DAD@BC@@DBBD@BDD@HFDF@FBBDDHADBFFBFAF@@@@B@HB@FFB@CB@BB@FH@ADCB@@@D@DB@H@AFDBENGA@AI@AEA@CB@HA@E@AAACACAAKBCEG@CFGAA@AJ@B@DD@@FF@B@@B@DO@CB@JC@@BBDDF@BA@FHFDN@LDBDCF@FDDBAFHDBDFBF@RA@AB@FF@BA@ED@AHIBAB@DJ@HD@DBB@BBFD@@DG@@BF@AJD@H@BAB@DHDTB@DABF@@FDD@BARBFJDBBA@ALGD@BB@BABBDF@B@BE@CBALB@BHB@CHEHDDCDCDAFBHDDCBADAT@F@FDHFJAFDLBBJDB@DB@@EB@@BBBBBDBBFCBBFBBF@BFBBLBAPFADDBDCLBFBDFABFBLBDDAD@AF@NAB@H@BD@BAF@D@@BJ@NB@B@HBDAD@DF@B@BLHALFDD@J@@AFMBKJ@@BB@LF@DFK@@BDFBDDHDJBDBBBBB@L@BEB@@DFB@BADBBAFF@H@`@BBB@@GB@b@JB@ALB@D@BDFDBDDHHDDDBNPDFABMDAB@BFBFFJABDPEBAEC@AD@B@\\\\FBDBFABCDDFD\\BH@AGH@P@@ABAB@BADIFOBEA@@UAKACCB@@A@CBBIBEBGFMZBAHB@LA@@DAB@@@@@B@@@BBB@DB@BF@@BDDBBD@B@@BB@@BBB@BD@@AJ@@@BBB@NA@AAELABBBBB@B@D@@A@@@AAC@@B@ND@AVH@MD@B@H@BNK@@@@H@B@BZABN@@BD@BBB@FBBHTH@DIBCBADAD@HAFGBCDADBB@BDDBED@DAD@FBDBFVARC@CB@BABAB@B@BABC@CCEFAFAFALCLAAGACACCG@@@AA@B@@A@A@@AEAA@AAA@@@AACDA@@BAD@@A@@XOB@PKWMB@JEJGB@DBB@HA@@BEB@DBBEAGAG@CMGICKAICGAECMSS_MYMSW_GEGIMGaOcMOGm[_SOIKEEAG@aFQBODUFSD[FMBQ@SAgE[EIAOCCCGAGAIAcCQAICCCCCGYIaIYIOACCMEe@KCECAMEECEAQIC@KEAACCEGCEKSGMMOAEEEAEMkGMAGBG@@FY@ABE@CAAAAEEEAICGAG@G@I@E@OE@@aOaQOE"],"encodeOffsets":[[120997,38260]]}},{"type":"Feature","id":"370523","properties":{"name":"广饶县","cp":[118.407522,37.05161],"childNum":1},"geometry":{"type":"Polygon","coordinates":["@@AG@@@@@@@AA@E@@D@FBBqIIFU@AEA@U@G@GBAF@HEAAB@@@@AA@@C@CAE@GFFFABAB@@DPC@BFAB@HE@@FEBK@G@AAQBA@QA@CA@@GAA@@@@IGAEEBMBMBEB@FC@@NI@@AGAA@AAEAG@UAAR@@@@AHA\\CDAD@BBB@PJ@BFBBB@BFBDDBJADD@D@FDFDBH@F@JHDFBH@BA@CDBHLHNH@B@DA@AFBDBJBJABABCHC@@HDFDDBFJ@BFADG@BFEBBFABC@A@A@BDB@F@BAFCBF@@HCF@BDAF@BCDA@A@@DBB@DGHCCCND@J@B@@B@F@AG@ADAFBDB@DBD@@HBDRABD@DHJBBDAFA@@BFF@B@@HJ@B@@D@TB@@JD@@JF@BFF@@F@BE@@HCB@BBFC@ABAJE@BH@BA@@DAFG@@D@@IDE@@DGJCDCBKRHDBBMAABABBHFNJ@H@BBJTDBBBBDN@@B@FB@N@L@D@@D@N@BJ@D@@BAHJ@@JJB@DA@@@@JHF@ED@D@@DBBBDFDHD@AAE@AD@DDHADJ@@LBJ@JD@AIUB@BBR@@@HVBBJ@F@J@@ACC@ADAJBF@@BBB@@B@vIB@@@FA@TB@F@HAJ@B@@S^BDCB@BABA@BD@@EDEDC@CB@@BBTFABL@BA@A@A@C@BZF@B@AG@QB@NL@B@D@L@DJ@@LJAPC@[B@F@@RD@@QTB@RH@FABEd@F@N@H@B@DBBJDJhTDC@@DBFIZ@CHI@@DH@@BF@@CC@@AH@ILR@@BD@R@@BB@ABB@J@@A`@DEDEBAFGFIDBJ@F@FBDBFDDBB@F@F@F@DBH@LBH@J@H@FAH@F@F@H@JBH@L@D@DBBBB@FBH@L@H@^B@@DAHAD@DAB@D@DBD@F@D@DADADAB@B@B@BDBBDHDDBBBDF@HDDBDBBBDFBD@B@F@D@@BBBBBBBADALCDALCHCF@F@J@FBJBJDRDLBbFBABQHUNWPQRKXERCJCHCƵUWAIAeE]EiI@AGBE@CAMEGEA@MGIEUKMGCAMGMEMGAACCCACCEAGAOEGAECECEAE@E@BA@@@ABA@AB@BA@@@A@A@AAA@AA@A@AA@AAAAA@A@@@A@A@@@A@A@A@A@@@A@A@AAAB@@AB@@AA@@@A@@@AB@@AA@@CA@AA@@@@AB@B@@@@A@@@@@@@A@@A@@@@A@@C@ACA@ACC@@E@CKD@A@CGF@@AA@@@@A@AG@@EMA@AEG@@GC@G@BG@@BCACDA@A@@LCD@D@BFB@@BBB@@BA@@D@@CAEDA@EAEAIAAD@BHB@HEREBDLC@AAE@@COAK@GJAEE@C@@@@@A@@A@@A@@EA@@ACBEBM@A@@IBBEA@@A@@@K@@JA@AA@ACD@@ACA@AAE@ASBCKK@@@@ABA@AC@EAE@BEGBC@G@@GaEAAGA@BE@@BG@@AE@BDA@C@CFI@ABGACAC@E@@GIBC@A@C@@AE@@B@BEAGAAKC@@@@AACBAAC@@D@@CBAB@AEB@@A@CAA@@@EA@AB@@@BKB@EC@A@C@C@@CB@ACDAAEAA@AAGD@AAV@B@H@@CB@BB@@B@D@@@HAD@@CJ@@CJ@D@D@@@FA@AE@AAD@@EA@@A@AAAA@@AF@AEFAB@BA@@@@@C@@E@EBI@@BQB@@@DE@@E@AC@@A@@@@@A@ADAFAB@DABDJ@@ADAACABA@C@AGAB@BMBAA@@EBGD@DED@@C@A@AG@CCMDA@AAK@A@@@@@@DBF@B@DE@AAA@GAAAIACDC@E@CDADE@AAE@CE@@@A@A@@A@@@AA@AA@@ACD@@GA@CBE@ACE@AAMBE@GDC@CB@@@B@@AB@B@@AB@@@B@BG@@CK@EAG@CBE@@N@B@@K@ADEBG@EDSBEC@CAECCAAC@AA@A"],"encodeOffsets":[[121311,37833]]}},{"type":"Feature","id":"370503","properties":{"name":"河口区","cp":[118.529613,37.886015],"childNum":1},"geometry":{"type":"Polygon","coordinates":["@@zK~MvKVCfEjAVHZENGTSVARNLRHFXDlElSRQHaRaRORIRE\\HZRfTNnDbDXLJXHàZnFªFBEpI~UpWxc`_VRF[JcFGsn_¹@AA@@KBA@M@E@A@A@ICYY@@ECQQ@A@@{{GG_a@AEA@@GCGECAKGUE_GC@CAKAA@AA@@AA@@GEECEC@@@@@@@@EEIE_W@@SMCAAA@@@@AA@@@@CCQK@@@@ECCAAAiQ@@@@YIWIWIA@KCAA@@AAA@WMUKOLA@WP@@@BC@AB@@CBBD@B@@BB@BBBBF@@@B@BA@B@@B@@DHBDBDBHKBKDEBEBEBDF@DADABA@A@ABABA@@DQDUBAEAC@EBC@CFCCAACA@CACBADEHGBC@CBABADCJG@GSAA@EAA@AAC@@AMYB@A@A@G@@L@AMG@A@C@@NUG@BMCA@@@BD@B@@@BC@A@A@AAAAKBBF@BMBA@AA@@I@@BC@@AAA@AA@@AA@C@AACC@AE@@ACAA@AA@@A@@@@@A@CB@@KBA@BGYAENAHAFAJDAB@@@DABDBL@VB@AFEPCJABA@AB@BO@G@BHG@[AECCCADEBCAEA[[A@C@@BFDABOFACIBEEEA@ABANCBACEMOCACCGGCCCACE@A@CKA@BIAa@A@@HA@AA_@G@E@ABADA@A@@FK@@D@DJ@@B@B@BC@ABAB@DBBD@@BBD@BCBGDG@AB@F@@BJG@@DC@CA@AG@A@BH@BJ@B@@BMZAFBBKVC@IACACBGEIFC@CBADCFKC@@BCA@AABCGABCMAA@DEaGA@BCGAAAACIEA@AFBPAFEJG@@JHABFGFC@CABE@U@AA@A@ERADGBAL@D@J@BAB@BBBF@B@@DCFFBABADBBB@@BGXCD@@BECA@@CL@DCDABFBAJCBI@@R@FBF@D@BAHALE@IAC@CBAF@BBBPBAFB@D@@@AP@JAH@NJDHDABEDAB@DBH@@ABCB@DD`BJ@TDN@H@BBJBJBF@DAF@F@F@D@DAD@DCFAB@B@@BBB@FBDBDBB@@DBHDF@DBF@BBBDBDBBB@B@BCJADADCB@BE@C@IBCBAB@DBBFDDBDDBBBDRb"],"encodeOffsets":[[121084,39060]]}}],"UTF8Encoding":true}