{"type":"FeatureCollection","features":[{"type":"Feature","id":"511002","properties":{"name":"市中区","cp":[105.065467,29.585265],"childNum":1},"geometry":{"type":"Polygon","coordinates":["@@BAFADAB@DAB@DCLEDAB@BC@@BAA@@AAAAA@A@A@A@C@@@A@@@ABE@A@AAA@CAEAC@AEIACAEAE@A@C@ABA@AB@BAB@BBBBBBDDFH@BDFBB@BB@LBD@B@B@B@B@BADCDEBEBC@C@E@M@K@ABCBCB@FADADABEBCBIBEBABAD@DBHFBDDFDBDBD@@@B@BAB@FABADCBC@G@I@CAIEKAC@C@CBCFEDAFAD@D@D@HJD@B@D@BADEBEBADKFG@C@ACGCECGAECMACAAAAAAA@A@A@AB@BCBAD@H@DABABABC@C@C@C@E@@@AB@@ABAB@DB@BDBFBB@F@@@D@BABCDABGHADEBABA@C@A@CACACCCG@A@IBE@AAAAAAAAAMAKCAA@C@EBABAFCF@DADADABCBABE@C@A@@@C@A@CAAAEACAA@ACAAAA@C@AB@@CDAFABCFGHEHABCDGF@@EDCBCBAB@@ADAD@BADADCDA@C@EACAACAA@CBC@ABCDCDEHEDCBADABCBA@CBK@C@A@@BABADAB@BBB@B@D@D@DABCHYBADEFAHCBAB@DC@ABA@A@@CAICCAMBC@CAA@AI@A@ABCDABA@ABCBABE@AAAAAA@CBEAE@C@C@C@EAACCA@AAA@@@@A@@B@BA@@@AB@BKBCB@@CAC@A@AACAA@AACCAAAAAA@AA@AAA@@@C@A@A@A@A@A@@ACC@@AC@CACAAA@CC@@A@ABABC@@BAB@@EFABAB@@@D@BCDAD@D@BABABCDEFABABCDA@@@A@C@AAA@@AA@@E@C@AAAA@@@AAC@CAGAC@ABC@E@EBA@EDCDABBD@F@@@BABA@EBA@C@C@IBG@AB@B@@@DBB@BAB@@@@GAC@EDED@@@B@B@FBB@DBF@B@@AB@@CBC@A@A@@AAAAACCA@CBC@C@@AC@AAABE@AAABCFAFABCFEBCDADBDDD@D@BA@ABA@@BB@@BA@@BA@CBED@FDFDBFDB@LBH@DCDAF@FADBHBDBDD@BHHFJ@B@B@@BB@@BB@D@@@BAD@BA@ABA@AB@@AB@B@@A@A@A@A@CBABA@@B@@B@@@B@B@BB@@@@AB@B@@@FBB@BA@@BA@A@AA@AA@@A@C@AA@@@@@AB@BABABCD@BC@@@ABB@BD@@AD@@BB@@@B@@A@CBA@ADA@A@A@AB@@@B@BB@B@@@BB@BAB@BAB@B@B@B@@CDA@@BBBBDJHPF`HNDFD@@@BBB@@@BDB@@@B@@DBBB@@@B@BB@B@BA@@B@@BB@@@@B@BA@A@@@@B@B@@@@B@@BB@@@B@@@B@@@@@BD@B@B@@@@A@A@@DADEB@@AA@@AB@@@BA@A@ADCB@B@B@@BB@@@@B@DADB@@@B@B@@A@@@CBAB@@@B@@@B@@B@HB@@BB@@@BFD@BBDB@DD@@B@B@DAD@DADA@@BBB@D@B@@@BA@@@A@A@AAAA@AACCAA@A@@@AD@B@BA@@@CBA@@B@FBHAF@DBB@@DHJDHHNBDFHFFHHJLFDRJJJJFRLFD"],"encodeOffsets":[[107506,30385]]}},{"type":"Feature","id":"511011","properties":{"name":"东兴区","cp":[105.067203,29.600107],"childNum":3},"geometry":{"type":"MultiPolygon","coordinates":[["@@C@A@A@A@IGGE@ACC@AECIGOHEBA@@@@@@A@@CA@@@ABC@@@A@@A@C@A@@AA@@ADA@@@@@A@@AABA@@BAFA@ABCBA@A@EBA@@@C@@B@@A@@AAECA@AA@@@@A@AACAA@CAC@AAAA@@BC@KBCBA@ABC@A@@AE@AAAAAC@A@CAA@C@ABABAB@FABAB@@CBC@AAC@CACAAAAA@@AAA@AAAAAACGACAG@C@@@@AAEBA@AA@@@@@AB@DCBA@@@A@AAACA@@CEAA@A@A@@BC@@@@AAA@ABA@@BBB@BAB@BA@A@EAA@A@A@@@@B@BDBDDB@@B@B@B@BEDEDAB@@A@A@@A@A@A@C@C@AAA@AC@@ACAGC@AACBEDCFGBI@AAAAAA@A@EBC@@@UIAAAA@@@G@@@AA@@A@AAAAA@A@@@A@ABABA@A@@AA@@A@@@A@@C@@@@@@@@C@@B@AA@@ABA@A@CBAFY@ACACAC@EAGAAAAGBEBCDCBA@@@GAEAAE@CAABA@@BBD@BADEHABC@GCAAC@ABADCFERCBABCBCBAFCBA@CBAA@@ACAEBADCBCBABIDC@A@C@A@GDGAG@C@A@EBCB@FCVOFEDEBE@UCECAIGGEA@E@ABCD@JAB@BGFE@A@AACCACC@A@A@@@C@CBABCBA@AAA@AD@@CAC@A@EBA@A@@@@@AA@@@A@@@@IAA@A@@@AC@AA@AAABG@A@@@A@A@ACA@@@A@@@@D@B@@A@A@C@@AAAA@A@@@A@A@@C@CAACCAAAABCDI@CAACAGBC@C@ABABCBCBI@Q@G@E@E@E@G@EAC@A@AACC@@A@A@AB@B@BAB@@A@E@A@@@A@@BGJA@C@CCAACAAGCCCCCACBA@@D@BBFBHBD@BAFADADC@CBEDABC@ABC@CAE@C@ECCAAAAAA@A@CBCAAAC@CBCDCFA@IAADBBBBBB@F@BADIJCBAA@@@GAA@@IBE@@ACGCFABGZADCBC@C@A@A@AAA@CBABAB@@@B@DAL@DABADCBABCDGFCFCDAD@BAD@DBBBDDBFBD@B@DCBCBC@ABCBC@@BADADAFC@@HEDCBAFGHGDEBABEDC@@BAD@B@BBDB@BBBBDBFBB@D@B@D@@@B@DAFABADCBCBCBE@EDABAB@F@DBBLDNBBBBBBBBB@BAF@J@BDHDDDBDBB@D@B@BAFABCHGBADCBA@A@C@@@EAAAEACA@@CBABA@@BA@@F@D@D@D@D@BABABA@C@GBCDA@ABAB@B@B@BBBBBBBDDNBFDHDFDH@B@DEHCLABAFCFABC@A@C@GIC@C@C@EBCBEFAD@D@DBDFLBJ@D@J@HADCDABEBA@ABA@@@C@CACACEACGECAC@ABABAFAJADAFCBCBEBA@ADAD@B@L@N@F@DADAFCFCDABA@A@A@A@C@KAA@@AAACE@AEGCCAAAAAAA@ABA@@BAB@B@D@BBFBFBDFJ@BBDBF@DBB@B@BAF@B@@@B@@@D@B@B@BBBBB@BB@AB@@ADA@CBKFCDA@CBA@CBEBABABABAD@DBD@DBBBB@@@@D@@@BB@@@@D@@@B@@BB@BBBBD@BB@@@B@@BD@@B@B@@@@@@@BBB@@@A@@BA@@B@B@@DB@@@@AB@@ABBBA@A@@BA@@@A@@BAB@@A@@BABA@@@A@A@@@@@@BA@@@A@@@A@AB@@@@BBB@@B@BB@@DB@D@B@@B@@DDDFB@DD@BDBB@JAFB@B@@BBF@F@DBB@B@B@B@B@@@@A@AB@@@BB@@@B@@B@@@B@@AB@BB@@B@@AB@B@@A@@B@B@@B@A@BBB@@@@B@@@@A@@BB@B@B@@@@B@@@@@BC@@@@BBB@@@@A@@BB@@B@@@BDB@@@DAB@@@@@@A@@B@@@B@BBBB@@A@ABABABB@@@B@B@B@@AB@B@@@BA@B@@B@B@@@@@@B@@BB@@B@@B@@B@BA@@B@BBB@BBBDBB@@B@D@B@@@@BB@@@B@BBB@@@@BBBFHFHJJNLFJDFFJBF@B@@BD@D@BABABCDAD@D@DBF@D@H@JAFAF@HDDBBFAH@F@BBDBLJDDBB@DAFBBB@B@D@D@D@FBBBD@D@BAFBDBDDDDFDDBDBHBH@HBHDDBDBDADC^CR@PDHBF@JEHEFGFC@AAAAC@A@ABA@AHAB@@ABCDG@EACAACAAA@A@CACBAD@D@H@D@FABCDCDCBAB@D@DBBBFAH@FAFAFBBBFBJBD@FAB@BB@BBD@JAFBB@B@BBBDBBBBD@BBBBBD@F@B@D@D@DAB@B@JBFBF@HEDCFEBCBAB@DAF@DABAFALDFDBB@B@DAD@BABBH@BFFBDBFBBBDB@DABCFCDAFCDCBEDC@ABMBEDADCBA@C@CACBEBBDADBL@JAFABCDC@E@CAC@EAEAGBCAC@CAGAEAGACCGACCEBCBCDEBEDCDABADC@AB@@@BABAB@@@DC@@BABA@A@@@A@@BAB@B@B@@@@A@@@AAA@@@ABABA@A@@CC@AAC@A@C@A@@F@BBB@B@@A@C@CEGAABAHIDABA@A@A"],["@@AB@BB@@BA@@B@@DBB@@@B@@@@AA@@A@@@A@@A@A@@A@A"],["@@ABBD@D@@@@BBBABB@A@@@A@A@@@A@@A@@ACA@@@@"]],"encodeOffsets":[[[107955,30401]],[[107560,30176]],[[107779,30208]]]}},{"type":"Feature","id":"511024","properties":{"name":"威远县","cp":[104.668327,29.52686],"childNum":5},"geometry":{"type":"MultiPolygon","coordinates":[["@@A@@A@AAAAAA@@AAA@C@A@ABA@A@AAAAA@A@C@AACAC@A@@ACA@ECA@@A@CBA@@@A@A@A@AAA@@AAABA@GFC@@BA@@F@D@B@B@D@@AB@BA@C@A@EACAA@AD@BBB@BA@GFAB@BBF@@ABA@C@EDA@A@A@@AAA@@AACCAAA@@@A@CB@BABA@ABA@@@AA@@A@AACAACCEAA@@@@@@@AC@AB@BA@AAA@@@@@A@AA@@A@@ACBCA@F@@@B@D@BABCBABCDA@@@CAAA@AAA@@@AA@@@A@A@A@@@AAAA@ABA@@AA@A@@@AA@@A@A@A@AA@BA@A@@AA@@@@@A@@AAEACACA@A@ADAB@BBBBDBBBB@@@BA@A@AA@@AC@AA@@AA@@@ABAFEBC@@@AAAAA@@@A@@BAB@BBBBBB@@BA@ACC@A@G@AA@A@A@C@CB@@@A@A@@DADEB@B@BB@B@DBB@@DBB@B@DEAA@ACEEC@A@AB@BAB@B@DBB@BB@BAB@B@B@@BBB@HBB@BA@@@AAA@EAA@@AAEC@A@A@@BA@A@A@C@ACAACA@@A@@BAF@BC@AA@AA@AAA@CBEAA@@EAABA@ABABABEL@BABA@IAC@AA@@A@BADGBCBA@A@AA@@CBA@AFG@A@AA@AAAAC@AAABA@EDA@ABC@A@CBA@@@AAE@CAAAA@AB@BAAA@CB@AAA@@C@@AABAB@@AB@@BDA@@@C@AA@@A@ABA@@B@@@B@@@@@@DAB@B@BB@@@@ABABAB@B@B@BB@@@B@@@BCB@@@B@@@@@@B@BAH@@@@EAAAA@@@A@@B@@ABAD@@A@@BAA@@AC@A@@@ABA@@@@A@A@@@A@@@@B@@@D@B@@AB@@A@@@C@@@A@@@B@BD@@@B@B@@A@AA@@A@@@@@AD@B@B@BA@@@A@@@AA@@@AB@B@@@@A@@A@CA@@@AB@BA@@@@AAAAA@CE@@AAA@@@@@@B@@BBBB@@@@ABA@@@AA@@AAAB@@A@@BBB@B@@@@A@A@AB@@@B@B@@BB@@B@B@@@B@@B@@@B@@A@A@CBA@CAA@A@AB@@@@@D@BB@B@D@B@@@@BABABA@@B@@BB@@@BAB@@B@@@DB@@@BA@A@E@@@ABA@@B@F@B@F@@@B@@A@AAAA@A@ABABC@A@@@@A@@@ABABC@@B@@@@BDA@@B@@@@AAAAABABA@@@@A@@@AA@@@A@@D@@@B@@BB@BA@@BA@AACAA@A@AB@@@@BBBB@B@B@@@BA@E@A@@BC@@B@@@BBB@BABA@ABA@AA@AAA@@A@A@ABAB@B@@@BB@BBD@@@AB@B@B@@@BD@@@@BA@@@A@CAA@@@@B@D@@@B@@@@A@@@@A@AA@@@AB@BA@A@@@@B@@@BA@CAA@A@@B@@@BB@CDBB@@@B@BAB@@@B@@@@ABA@@@@DA@@@AC@@A@A@AB@AA@AAA@@@@A@AA@@@A@@@@@@@@@BA@@@AA@A@@A@A@A@A@@A@@@@A@@DCB@@@@A@@AA@@@@ED@@A@A@@B@@@BA@@@A@@C@@A@A@@A@@@AA@@@ABA@C@A@@@@@AB@@A@A@@@@@@@BA@A@@A@AA@@@A@@B@B@B@@@@AAA@AA@AB@@@BAAA@AA@@@A@@A@@@@@@@@BA@AB@B@@ABA@@B@@A@AA@@A@@BA@@B@@@B@@@BA@A@@@@@@B@@@@B@@@@B@@@@ABABC@@BA@@@@D@@@BCB@@@@@BAB@@@@@A@AAA@@AB@@@B@@AAA@ACC@CAC@AA@@AE@AAAGBABC@AB@BADB@@BBD@BABA@ABAAE@@AAA@@@IAA@AA@@AAC@A@@DANE@A@CEAIAC@AAEAC@E@A@ABBFAF@DADCD@@AHADABABA@EBCBAB@@ABADAFAD@D@DA@ADB@@B@BF@B@D@F@HAJCD@BABAB@B@@@DABAHEBAB@B@B@BB@@@B@BAB@@CBABABE@ABA@@BA@@B@D@BBF@B@BBBDDBD@B@BA@@BA@BB@DBF@@@BAB@@A@G@A@AB@B@@BDDD@@@B@B@B@@CDAB@@@B@B@D@B@LAF@HADAB@BAB@@BDBB@DABABCDEDA@EFGNGNIHIJ@@A@C@E@A@C@ABA@@@AB@B@F@BA@@BGFCD@B@@@BB@HBBBB@@BCH@HBB@D@BBBB@DB@@@@@@BB@B@B@DAB@BBF@DAB@BADABAD@BA@ABEBC@ABA@E@AB@@ABAFA@A@A@ABA@AAG@E@EAA@IECAAAC@A@@CA@AB@A@@AAA@A@ABABA@@@AAA@A@C@@BAD@B@@@@@BADAB@BA@ABCB@@E@A@A@@B@D@@@BABA@@@AAA@AAGCA@A@A@ABCBABCBADA@@BA@C@A@EBA@A@A@A@ACAACAACAA@@CCCEA@@AAA@EAG@ABAB@@AB@@ABA@@AC@ABAB@BA@A@@@A@ACC@AA@@ACAA@GAA@A@AA@@AAAAAAACCCCA@@CAA@C@A@A@EECA@@C@AA@@AA@A@C@AA@A@A@A@A@@BEBCD@@ADCJ@DAD@BAFAB@DA@@BCBA@@@ABAB@BADABA@@BA@E@GBA@A@A@AB@BAFADAB@D@BBBAB@BA@A@ABA@@@EAEA@@C@C@ABCBA@AB@@QHA@A@CAECCACB@@ABAB@B@BB@D@D@B@F@@@B@@@@@AB@BCD@B@BB@AJ@DAB@BA@CB@@ABEDA@DBBBDBBB@BBFBB@BAD@BBB@@@BBBD@BB@@BB@H@BBDDDBB@BBBAD@BAD@BB@DABAB@B@BB@DBBBBDBBBBB@B@B@B@BBB@BD@@BB@@@BB@B@D@BDFDB@BBB@B@D@BB@BBB@DB@BB@@B@F@@BBDBB@BBBF@BB@@BDBDAB@HEBA@CBAFC@AFADAB@B@H@DBBBDBBBBB@FABAFIFA@ABCDA@CBABB@AD@D@@@BDBDBBBD@B@BBB@B@DBBBBB@B@DB@B@D@DB@B@B@BBBBBB@B@BABABAB@BB@BB@BBB@BAB@DCB@BDDFBBB@B@H@BBBBDBFBB@BBDBDBDBB@D@@@BABADGBC@CBABABA@AB@B@D@BABABAD@B@BBDBDBD@DADBFBD@DABAB@F@B@B@BB@B@BBD@BFDFBDBDBBBBBBDAB@F@FAB@FBB@DBBBHDFDHBBDFDFDH@@BBJABAB@FB@BBDB@B@DAB@B@FDBB@BBBBB@BF@BB@BBBDAFCHEDADCD@@@BABADCBEDEBCB@@@D@@@B@B@B@B@@@B@BBB@B@BAB@L@DBDAFBB@B@HHDBB@B@F@D@B@B@HD@@DA@E@E@E@EB@B@B@DBB@BA@@@A@A@@B@BA@BB@@DBD@@B@B@BCB@B@B@BABCBA@A@ABA@AAA@AAA@ABEBC@@@A@CBC@CB@@@BAB@B@B@DBB@@@BBBBBDADADAFCFBBBDFF@@BBB@BBB@BBBBBDB@B@@@@E@ADCBC@@@ABAB@BA@A@A@@BAB@FBD@@BBDBB@DBBBBDHBBBB@BB@B@B@B@FAD@B@@@BA@A@CEKAA@C@CB@BA@A@@@A@@AE@@@A@@@CBABE@@BADADCB@D@@ABA@@@E@ABABCDADADCBCBADADAHIFBFDFDHBF@DC@GBSDCHMDIFGFQ@@CCA@@@AA@@AAA@GB@AA@@CBCFAB@@A@@@A@@@AB@@AAAAE@ABCD@N@BABIBK@IBKBMBGFMHOHIFGDEFCL@NCH@V@LBLAJAJEBGFGBCDAD@B@DBDBDBF@HEBEDEHIDCF@L@L@L@JAH@LCHEAA@AB@DC@@@A@A@ABA@ABA@AAA@@A@A@@A@A@@BAB@B@B@BCB@DAB@@@@A@@AA@@BC@@ACA@BA@@D@@ADCBABA@ABA@@@@B@@B@D@BB@@BBBB@B@@AB@@AAA@E@@@ABA@@@@AAA@A@@@A@@@@AB@BADAB@B@B@B@@@@ABA@@BAB@BAB@@ABC@A@@@CAA@@AA@@@A@AEIGG@ACCCAGACAEBE@CBCDG@KAA@ECCACE@EFCDAB@@AB@@AA@@AB@BAB@@A@CCCACBCDCFADEBABEDEBA"],["@@AA@@@B@@@@@@BB@@@@@A@@B@@@@@A@"],["@@@@@@@@@@A@@@@@A@B@@@B@"],["@@@@@@@@@@@@@@@@@@@@@@"],["@@@@@@@@@@@BBA@@A@"]],"encodeOffsets":[[[107365,30175]],[[107206,30387]],[[107207,30386]],[[107301,30306]],[[107301,30305]]]}},{"type":"Feature","id":"511025","properties":{"name":"资中县","cp":[104.852463,29.775295],"childNum":5},"geometry":{"type":"MultiPolygon","coordinates":[["@@AA@BABA@@@@AAAB@@@BA@@BAB@BA@A@@AAA@@@ACB@BA@AB@@@CE@@A@@@AA@@@A@@@@A@@@A@@A@AA@@AA@@B@@@B@B@@AB@@A@@@AAAA@C@@@@@AA@ABA@@A@@@CBC@A@C@CBA@ACEBA@@B@FAH@B@@BADCD@@@B@BDBD@BBD@BB@B@D@@BD@@BBB@@@B@DABCBB@BDABB@@B@DADB@AB@BA@@BA@ABADA@@@A@ADCFIBCBAD@DBDDBDBHB@B@BBBAB@B@D@B@B@DAB@BA@BD@F@DHJHDJHHH@HABABEBCHGBADCBG@CAAEC@ADE@@F@BBDD@@B@DEFC@A@AICCCEAAABA@ALADCBEDCBCAGBCBCF@@@BDBDBABABAFAB@BFBHBHABAFDHDBH@HDDBBBFFFDBFCDAFCBM@GAIEC@IFI@CBCH@BDJFHDDB@@B@BA@ALBBB@BBB@B@B@@@HG@CAA@ABADAB@B@BBDBB@D@@BD@BABADABABA@AB@B@B@@@BBD@BA@@DABA@@D@B@HBJAFAFEFEBCACACGAG@I@GACACCAA@CDCDEFAHAB@@B@@AD@B@@BBD@D@BAD@BB@@BB@BBBB@FBBBBBB@B@B@@A@A@E@C@CBABCDEBA@C@AAC@A@A@A@ABAB@DBD@@@BBB@F@JABA@A@A@@ACCC@ABAB@B@DCBADA@A@AACB@FAB@B@F@BA@@BA@AA@A@AACBAAA@@AAC@A@AB@B@B@DBD@B@BBBBDB@AF@DAB@@A@A@@B@B@BBFAFC@A@@@AEACAA@ACACAAA@CB@A@A@@@C@AAAA@CCA@AA@A@A@ABEBAB@B@BBBD@BBBBBB@BC@A@A@CAA@E@ABA@ABAB@@@DAB@DBF@DAB@FBDDBD@B@@CBA@AB@B@@ABABABCBCDEFABA@AD@B@@BBDBB@D@BBBB@BBB@BDBB@BA@@@A@A@AAAAA@ABAB@B@DBB@@@BBD@BBB@F@B@BDB@BBB@BADABA@A@ABCB@BABBB@D@FAF@BAB@BB@@CDABC@AB@DCDADCB@@CFAD@B@BFBFDHA@BBF@@BBB@BBB@FBB@BABABADAB@B@D@BAB@D@BBB@FBB@B@@CA@@ACA@AB@FCB@B@@@@F@B@FAB@BCBCDAB@BBDB@BBDDHDDFBBFF@@BBDB@@D@BA@@@A@A@AAA@ABAB@B@D@D@F@B@BA@@@AECEAGAAAA@@C@@BABAB@BAD@BB@BBDBDBBB@B@BAB@BABBB@@BBBJC@AB@@@D@@@BDBB@@A@@BAB@@@@C@@@@@ED@BABC@@BAB@BBD@BFBLFHBJBFDBD@HBBFFDD@DCBKDC@A@A@@@A@AA@ABCCI@EAAAAA@A@G@A@C@@B@BBFAB@B@BB@FBB@BB@@@BA@ABA@ABAB@B@BB@BBD@BBB@@F@@B@B@@@DAB@BAB@DBB@BBD@DBB@B@@B@@AB@BAF@BAFABE@AB@@@BBBD@DBDAJCB@B@BBBB@B@BCFAB@D@B@BB@B@B@BAB@@@B@@B@B@BCDAF@@@BB@B@B@BADAB@@@BD@@JFB@@B@@ABA@C@A@ABB@@BBBDB@AB@B@F@B@@@BA@@B@@@BB@B@B@@A@A@AB@@@B@DBBB@BBB@`DLCJIFGDEJEFCJAHBLBJ@H@HAFCHCFGHGFEPGBIFKHGTCRFFA@CAIICIM@KPEXINEFEHGDIBGAGAADGBC@CAC@CACCAC@C@C@ADCFCBADABC@AAAABEBCBABA@EBGCAA@BABC@ABA@ABABABEFIBAFEBCDADADAHELELAH@BABCDGA@A@AABE@CAACCKICAAAE@G@EBAACC@GBEBE@I@G@CAE@C@CBCDCBABA@A@CAC@@@AAEEICEEIMKIIEGEGAA@A@@A@AAA@@@A@@A@@A@C@A@@@AAACAAA@AAA@@@ABA@@@@AA@@@AA@@@A@@@@A@A@@@@AAB@@A@A@@BA@A@A@@@A@BABABAB@@@AAAAA@@@A@@@@B@@@@A@CB@@A@AC@@A@@@AA@@@B@@A@AA@@@@AD@@@@A@@@@@@A@AAA@@@B@@A@@@@@AA@A@B@AA@A@@@@BA@A@@BA@@@AAA@@BA@@@A@@@@A@@AA@@A@@B@B@@A@A@A@A@A@CAE@E@AA@@@AEAIBA@CA@ACCA@CECC@@@AA@C@A@@CA@@A@AA@AA@@@@BAB@@@B@@@B@@A@@@@B@B@@@B@BA@AB@@@BA@AB@@@B@@AB@B@AABA@@BA@@@@CA@@@A@AB@@AB@@@A@AA@@@@@@A@A@@@AC@@@A@@AAC@AAAAA@@AA@@@C@@@@@AA@@C@@@@@AAAA@CAC@CBCBABAECQKIEIIQIECIKGGEEEGACGMCGGI@CA@CAE@GBEAA@@@AB@D@@ABA@C@@B@@@BBBDDBBB@BB@B@B@B@@AB@@A@C@A@AA@@CBCBC@CBA@A@@@CCA@AC@AEC@A@@AA@@GAA@@@@A@@@A@@BADA@@B@@@@A@A@@CACBA@@@@@AA@@@A@ADABCB@B@@A@@BA@@BB@@FABC@CB@B@@@@@@A@AAC@@@@A@@@A@@@A@@AA@@@@@@A@A@@B@B@@A@A@@A@@AA@@@ABA@A@@A@A@@AACA@@@A@@CA@A@@AA@A@@ECMC_GOEIGACGFKDG@IBK@K@K@E@CDGJCFAFGFE@CACLB@@@AB@A@@@B@@@@@@@@@@@@@@@@EQC@CBADEHAHIFIBKBKAU@G@MDK@EDCFEHGJGPENAHANAL@JALAJABM@C@AD@BBFBB@BA@@BB@@@@@B@@@@@@@@@ABB@@@@@A@@@@B@@@@AA@@@@@@@@@BA@EBAD@DB@@BHAB@BB@@BB@@B@DD@@EREHCJGNCDAT@HCDE@GAECECEAGJCBCBABADCDCBCBADAB@B@F@@AB@BC@A@CDCBAB@@AFAB@D@@@B@@BF@@@B@@@BABA@@D@DBBFL@D@BAB@@A@C@EBA@A@A@A@@AAAAACGAAAA@CAAAC@AC@EAA@AB@@@B@BABA@AB@B@@ADCD@B@F@@A@A@ACAAAAA@AAA@AA@@EEACAADEBEBCBCACAAAA@@A@CAA@A@A@AB@@A@@DAD@D@B@@ADAF@BBB@BBB@BAB@B@BABADABA@A@A@ADA@A@@@AC@CA@@AABA@@@@B@B@@ABA@CAA@A@A@@F@F@F@FCB@@GCA@A@C@E@A@A@CAGGA@A@EACBCAK@A@ABA@A@AAA@@@A@A@A@A@@@C@@@A@ADCFAFCDABAB@@C@CDCBGFEDCB@B@B@BBBBBBBFFBBABABCBCBCBA@CAC@ACA@A@CAAAABCBCBCBABA@BDBBBB@FBBBD@B@B@B@B@DCBAFAD@HBDBFBD@@BB@D@BBH@B@@BD@BFHBDDFDD@BD@D@FBB@BBBBBB@B@BABA@C@A@AD@BAB@BAD@BBF@B@B@@@D@BB@B@DBDDDF@B@DA@ADCDABEBEBA@C@AB@BAB@BBBBD@BBDAD@D@BAD@@C@C@AB@@ABADAFABABABA@ABEF@@@DB@BBB@B@FABB@@BB@B@B@DA@ADABABG@GBA@@@ABA@@B@BBB@B@BA@@@A@CAAA@AC@@@AD@H@BB@BD@@@FBFBB@BBD@B@BDDB@BBBBBFBB@@BB@BBB@DBB@BFBB@@DCDGF@@ABA@CB@@CBA@CBA@AAAAA@@AA@C@A@@@CDA@AB@@@B@@BBDB@@BJ@B@B@B@BBBBJDBBB@B@B@@ABA@ABAB@D@@BFBBPNBABA@@@EAC@A@@BAD@H@NC`AD@B@@BBBABCFAD@B@DBDDDHDD@DAJCBEBCBE@ABAD@B@B@DBBADCBC@A@AAECC@ABCFCBCBCBGBCBCDAB@DB@@DHDDDDFBB@B@@E@ABCDAVIF@DAB@B@@A@@@A@@@A@A@A@@@A@A@@B@@@B@@@AB@B@@@@B@B@B@@A@@@@AA@E@@B@B@@A@A@A@A@@DC@@AAAA@@B@@ADA@AAA@A@E@@"],["@@AA@A@A@AIDBBDFFC"],["@@@A@@@@@@@AA@@@@D@@@@@@@@B@@@@@"],["@@@@@A@@BBBAA@@@A@B@A@@@@B@@"],["@@@A@@@@@@DKCACAA@FR@@@@"]],"encodeOffsets":[[[107086,30690]],[[107424,30623]],[[106991,30571]],[[107205,30387]],[[107301,30306]]]}},{"type":"Feature","id":"511028","properties":{"name":"隆昌县","cp":[105.288074,29.338162],"childNum":6},"geometry":{"type":"MultiPolygon","coordinates":[["@@@A@@AA@B@BB@@@@@@@@@@@@@@@@@@@@@@@@@@@@@"],["@@@@@@@@@@@@@@@A@@@@@@@@@@@@@AABABD@"],["@@BACC@@A@@@@@@@@@@B@@B@@B@@@@B@@@@@@B@@@@@@@@A@B@@@"],["@@@@@@@@@@@@@@@@@@@@@@@@@@@@B@@@@@@@@@A@"],["@@A@AD@F@BF@@CACBAAA"],["@@HAF@B@@AD@@@B@@@@@CC@@@ADA@AB@@AB@@BB@@ABCFCJMDEDIDUBAGU@G@EBCJELADEFEBCBEAE@AACGCKCAAAA@ADEHEHAD@F@FBBBBB@BBFDBD@B@DABCDEDAHBBB@D@PBDFBHBH@FA@@B@@@BB@@@@@@@A@@@@BA@@B@@@@@@@@@@A@@@@B@@B@@@@B@@A@@BC@@@@@@B@AB@@BBB@B@@@B@@@@@B@@@@@BB@@@@@@@A@@@@BB@@@@@A@@@@@@B@@@AAB@AA@@A@@ABA@@@@@AD@@@@A@@@AB@@@B@B@@AAA@@B@B@B@@AA@C@A@@AB@@@B@BAB@B@@A@@AA@@BA@@BA@A@@@@@AA@C@E@EDA@A@AA@ADG@A@AEAOEEA@AGC@AB@@@@@A@@@BA@@B@@@AA@AB@B@B@@@HBXBJBBA@@F@FAFAB@@@B@B@BA@@@ADAB@BB@FBBBBD@DADADAFABABABCDOBABANGDABC@A@AAAAA@CFI@CCAA@@A@@A@@@AB@@AA@@@A@@A@AAA@@@@AAA@@A@AA@A@ABCLI@C@CCCCC]QCCAE@GFKBKBEBE@ACEAC@C@E@@@A@CA@A@@AA@@@A@A@@@A@A@A@@@CAA@@B@AAA@@A@A@ACAA@@A@@BADA@@BA@ABA@A@EA@C@@@CDAHC@C@A@AAACAK@C@CAAABABADCFABA@A@A@AAAC@A@AAA@AB@@@@@@@@@@@@@BA@@@@@@@@@@@@@@@@B@@@@@@A@@@@@@@@A@@@@@@@@@@@@@@@@@@@@@@@@@@@@@@@@@@@@@@@@@@B@@@@@@@@@@A@@@@@@@@B@A@@@@@@@@A@@@@@@@@AA@@@@@@@@@@@@@@@@@@@@A@@@@@@@@@B@@@@@@@@@@@@A@@@@@@@@@@C@A@@A@A@A@@@AA@AAC@A@MHED@B@@@@@@@@@@B@@B@@@@@@@@@@@@@@A@@@@@@@@@@@@@C@AB@B@@@BB@B@@@@@ADA@@@A@@B@@@@@@@@@@@@@B@@@@@@@@A@@A@@@@@@@@@A@AIICCEAE@AACAAAC@C@CBC@AAWSACECCCECAACEGIACAC@CGKACACACAECCACCEAACCGEACAAAE@CBC@CAIBE@A@E@EACACCCC@E@E@EBA@C@C@AAA@@B@BAB@@@@A@A@A@@@A@@BBB@DADA@ABCBC@CAAAA@A@ABIHAFGPABA@CBC@C@ACC@C@CA@@@A@ABADBFA@@BA@ACCAAAAE@EBGBGDCDADEFABCDCBC@AA@EEECAABAD@D@FDHFHDFHHBFADADGFADA@O@CBCBCH@BA@A@A@C@C@CBC@GBCBCDABCBAD@BADA@@AA@@ACCA@ABA@QHCBE@CA@@BEAAACAAA@CBCBAD@BBBDBBB@B@BAB@BA@CBCD@@CD@B@@FBBBDDBB@BABABA@GBC@M@ABE@AB@D@D@D@@FDBBDDBF@FAFCDA@C@I@E@CB@D@BDBFB@B@B@BE@C@@BE@CBCDCDADCDA@ABE@E@ABAD@BHJ@@ABGDE@C@EAAAC@CBABAFABBDBBFFBBBB@BADADKFADAB@DBDABE@GBEBA@@@A@EB@@@@B@DB@@@@AD@@@BBF@BAF@@A@@@AAC@@@@@A@C@CDABGBABB@@@@@HH@B@B@H@FDN@BBBBBBBBDB@D@B@DDFBF@D@D@DBBBB@B@DEBCBAHCF@DBBDBJ@FBDDD@DABABEBEB@BADBB@DADCBAD@@A@AA@ABCACC@ABABAJCBAB@B@DDHBFBDBD@B@@@BCDAD@ACDA@BBDBDAB@B@BBBBDBFDD@F@DBD@BAD@BAFCDAD@BCBCBE@AACAGAE@A@CB@DADBDDDDBHDBBBDDD@B@HI@AB@@@B@F@B@@@BA@A@ABAB@B@@@DDBBB@D@FBH@F@F@F@H@R@J@DADABABAD@D@HADBBB@DCJADBBBBDDBB@D@DB@B@@@B@B@BB@BD@B@B@@@@A@C@@B@@@B@BDB@B@@@B@H@BABBB@@BBD@@B@B@JB@@@@@B@@BB@@@@B@B@FAB@D@DB@@BCB@BBB@DABADAD@@@B@B@D@BDDDBBB@F@HE@ABA@IDCBAF@B@HFJHDBDF@VAFCFEFUPEDBB@@@@DB@BB@@@@B@@@B@B@@@BAAABAA@@@@E@@DBHCH@H@B@D@BCDAJABADCDABBFBD@@BBDAB@DABEDADABADAFQDEBCBAD@BBHDD@BAFGBC@AAC@AB@BADBF@BBBF@H@@ABCDADAFBHBBHBFBD@DBDB"]],"encodeOffsets":[[[107894,29997]],[[107898,29991]],[[107918,29991]],[[107914,29987]],[[107778,30207]],[[107822,30243]]]}}],"UTF8Encoding":true}