{"type":"FeatureCollection","features":[{"type":"Feature","id":"421202","properties":{"name":"咸安区","cp":[114.333894,29.824716],"childNum":1},"geometry":{"type":"Polygon","coordinates":["@@@@AA@@@A@@@@DEFAHAL@B@DEHK@A@ACAGAG@EACEAEACDAB@ZJDBBBFAFCAC@C@CBADAFAF@NDNBNDFBHAHAFAFE@E@EACAABAFATG~QJ@H@NAD@BABGBCB@HAJ@DADCH@JEZGD@FBFDB@DADAF@H@BB@OAA@ACCAC@C@ECSACBGAAAGCGAC@GAKMDKDKACB@BC@CAKCEAGBMDEBK@E@AAAAE_@@E@AAAAAKAC@E@IAECCGAEAW@E@CACBC@EBM@[AC@AC@C@EBIFEFAF@BAFGJGFG@C@CGEGEEEI@IAGACCICOCECICIAMBKBE@EAaWCCKE]YCCACAE@GACA@E@KBC@A@GCOIWGQEG@cCC@CCACBG@A@CA@EAACGMCEAEGKGCECE@C@CDABGBC@GAQIC@EBCB@\\BFBBFBDDBD@BAFCBC@EAcMSKEEG@GAGBC@ADABE@CACCKQC@EAI@G@KCK@G@ABCDCBIAK@_BC@CBALABC@GBK@CD@HABCHAF@JFL@D@DBDBFBHBD@BABCD@B@BABA@AACAA@ABAD@BCDC@CBEAE@GCKCGAMAG@GAE@A@AB@D@BA@OFC@EBC@ABADC@@B@DAD@D@BBBDBDD@@@D@BAF@H@B@BTFB@BB@B@F@F@@@@AB@BAB@@AB@@@D@B@BBB@@FB@@B@@@@B@B@@@BBB@@BBAB@B@BAB@@AB@D@B@B@BBJ@B@B@BADAD@@@B@B@B@@ABABADABABCDADA@@BA@A@@BA@@@@B@@@@FFDFB@BD@@B@BBBB@B@@@B@@@B@B@BAB@BA@ABA@AB@@@B@@@BB@@@B@@B@@@B@@B@@@@@BBB@B@@AB@B@@@B@@@@@@A@@@@@@B@@BBB@@@@@B@B@@@@@BBB@@@@@B@@CB@@@@BB@@@BA@C@A@@@AB@@BBBBBB@B@@A@@@@BA@B@BBBB@@@@@B@@C@@B@@BBBB@@@@BAB@B@@B@@@@@BABEB@@@@@@@B@@BB@@@B@BBD@@@B@B@@@BA@CB@@@B@@@BB@AB@BABA@A@A@AA@@AA@@ABBN@BABCBCBCBGFABMHADAD@F@H@NAF@R@BCBGBKJAHQ^CRCDEBCHCL@FpBRAFAD@DBDDFDF@FAJEHAFBJD\\ZJNLV@@HDFBlKBAB@BAB@B@B@JBF@D@DB@@B@DBF@H@HBHBFBH@FBFBHBF@FBHBF@FFHDBBB@PDD@HD@@FBHH@@FFDDDDF@D@DAFAD@B@HDDDB@F@DFD@B@HCFAHCFAHAHAH@F@F@FAFAHAHAHEHABAFADABA@@BABAFCB@FABALCF@F@F@D@FADAHABABAACDA@@@AB@BA@@B@@@B@@@@@B@@@@@@@B@@@@@@AB@B@@@@@B@B@B@@@@@B@@A@@FADCDA@@@@BAA@B@@@@AB@B@@@@BB@AB@@@@AB@@@@@B@@B@B@DBB@B@B@BB@@@@B@@@DAB@B@BAD@B@B@@@@@B@@@@A@@@@@@@A@@@@AA@@@AA@@@@@@A@@@C@@BA@@B@B@B@B@B@B@@@B@@@@A@@@@@A@@@@@@@A@@B@@@@A@B@@B@@@@@BA@@B@@@FCB@BABC@@B@B@@@@@BBB@@@B@B@B@B@D@@@B@BADG@@BA@@@@B@@@B@@@B@@A@@B@"],"encodeOffsets":[[117282,30689]]}},{"type":"Feature","id":"421221","properties":{"name":"嘉鱼县","cp":[113.921547,29.973363],"childNum":2},"geometry":{"type":"MultiPolygon","coordinates":[["@@AE@CCEAAEBC@A@AA@AAA@C@CBC@ABC@CDCD@HBDBDBBDBD@@DBDDF@B@B@@@D@FBFB@@F@HBD@B@DA@@NCDAHA@@R@HALIDADCFK@A@EDEDEFIDEDEDAJMDCBCDCFABCDCBEDCBADEBG@EBI@C@AACACAC@AAEFALCFGBG@G@EBE@CBCDCF@LALAPAFABABCBC@EBC@EBE@C@E@CAE@C@EAC@C@E@CBCBCBEDCFEFCDCFEBCBGBC@EAE@EAC@C@IEAGC@@KUIM[YICEAGBIFEBE@ECCCCAC@EBQBoAI\\CBCDIBKBWBKAICGCCIAEGgE[MWIOAGHW@EACAAEACACBEBOLCDC@AAKECAAABC@A@ACAC@EECAC@EBA@@AAAACAACACAC@GBUHGFCBC@CACCACAI@EBCBEBCBCAC@ACAECGAS@E@CBCDCDCBCBE@EAECEEECGCCEAC@G@CDADCFADCFEDG@C@CA@EAE@CA@ABCJI@AAAAACAC@EBGDCBA@AACCCEA@CAECECE@ECEEEEEEOGCAC@E@EBC@EAICGCGACA@@@C@C@AA@GAMAE@A@AB@DAH@DAB@@C@E@AACCCAAGAAAAC@I@C@CDAFCDCBGFCDADADAN@BCBABEBE@SAA@ABAD@BA@A@AACACCC@CAC@E@CCEAGMAACAABEBEDEDEHGHQPCH@B@H@BADABEBGBKDEBIFEDIDOFEDCDAFCRAHCHAF@BFJBDAD@DABGHADAB@DBB@BDBJDDDBBBDCRjJJBXCbCbAFfD`JXLNNVZ`jDF\\fTXPE@AEEAC@ADAD@BBDBXPBBDBDDDDJHFDBBPJHDBBDBB@@BA@@BEAICA@ALPDbJVHBBæv`NLHLDNDJALCHEF`uf©OJODG@CBI@EBGAOCCCSG_MC@YEOAMBK@GDED@@EH@F@B@DHTT\\PVDFBD^pRZPNTPrNLBRAPAVM\\SLIPMNUNYDKBCHOBERIHA"],["@@KAAAIAECC@EAAAECAACCCCECACGIOFHHZV^PXFBK"]],"encodeOffsets":[[[116786,30945]],[[116665,30749]]]}},{"type":"Feature","id":"421223","properties":{"name":"崇阳县","cp":[114.049958,29.54101],"childNum":1},"geometry":{"type":"Polygon","coordinates":["@@Eq@KEICIEIGIEGGGIGIEIEIIGEEECK@GG]CGAEIKIIIIEGAI@MBKBK@IAK@CCCGEiKECGG@EBCD@VCBAJMDMBEDCFCPEHAJAF@BAFEBALCVKLEHEFGHUDCdgFIBIBK@IGIKMGEIEKCG@ICKGCFCBC@C@WCAOEGGECAE@CDE@ABS@CBC@C@AAASO@EAGBCPIBCBE@CECIK@G@QAAC@EAAA@ABCDMHKBQAGAECAGAIAEBIDEDE@GAIGUKKCI@E@C@ECGEIGAAG@CBIDG@MASEoCA@E@E@EBE@I@GAGAE@GBE@CCKAOCMACPADEBEBKHEFCHEVEZ@FBDDD@D@D@B@DBH@L@DADABC@E@G@MCC@@@ABCFEJCDEBABAB@H@LFJ@DADABAB@BBBDHBB@H@DBBBBbPJFJDD@HAD@F@FDB@BBABCFKH@B@B@DHHBBBD@FAFAFMTCDC@CACCACGCCAA@A@CDABCBCAE@ABADAFCBEBEBGBOCCAECE@E@EDCBC@CAMECAG@I@IBCBI@KECC@G@EACCAE@GGGCEAEBCBCBBDABEDGBQAKAIEEI@IDCFCHCJAFCBC@ACAEACE@EFKAGCAIAICG@ECAG@OAMMQGEECG@WDKF[FMDSBC@GCG@E@CFAH@JCPCHEFEFEDMFCPBHBNAHCHKHIDEBGDEDAFONGDMJEF@DAFIJ@@@BBDBD@DBDBDDFHH@D@B@DIP@@@BDDDDBBBDDDJDDDDBBDBB@H@BABA@@BA@ADAB@B@BABADA@CB@BABADABABAB@BB@BB@B@@BBDBFFDFFF@D@B@DCHCFAD@D@BRNFBHDHDDBBF@J@J@HAD@F@DBFDBLDNDNBL@NBVD`F^@FBBDBDCFIRGFCD@DABBH@DGT@F@DDDFBB@LDH@D@FDNLJFJDFDBBB@B@NAFBDBF@HAF@D@HBFBHAHAHCD@D@FBRLVDBDFHDTFNDFDBDBJ@JBHBHFJHDDD@DAB@D@D@B@@E@EBAFGJKBAJAB@BCDAB@B@FHB@@BB@B@FAFCDAD@JDLBRBH@BAFGBADAFBRBFBDBDBH@DBB@FFDBFDPFHBLBHBHBN@R@NAVAVCD@FBDDBB@BAD@D@FJPDBD@FAFARBRBHBFBD@H@F@LBNBDCL@HAD@BABKDAD@`AL@JBDADCBAH@L@LDH@J@FBD@LRDDDBF@BABCD@HAHBH@FFTL"],"encodeOffsets":[[117097,30390]]}},{"type":"Feature","id":"421224","properties":{"name":"通山县","cp":[114.493163,29.604455],"childNum":1},"geometry":{"type":"Polygon","coordinates":["@@BADAHAJ@P@D@BABWAMAKACBEDGBE@EEIEG@IAKAIIKAE@EBCBCFEHGRKFEDA@BHBDBBBH@DAF@DADA@CB@B@B@D@B@B@D@BAF@B@D@BCBA@@B@B@B@F@B@@@@@@FB@B@B@@@B@BAL@F@FBD@J@B@DAFABAH@H@D@DADAB@BAFGFI@G@A@C@A@ADEDG@CAI@ABCD@PAXCFA@@BEBCV_BC@W@CDIFGDCHGBABCCSCI@G@EBIBCFCHILKBECG@GBEFAL@L@RCNAAQCSDCFADAFGHAJ@HCEMGECAAG@O@CBCBCD@HAXCDABCAEEGCAAKCEECC@ECGACAEAA@@@CAAAABABC@A@AB@B@@@BAB@@A@C@C@A@AA@@@@A@ADAB@@@B@B@DBFBDBF@DBD@BAD@BAB@@A@C@@AA@@ACE@CAABC@AAAAAA@EACAC@C@C@@@A@@BCAAAA@A@@@@@@@BB@BBBBB@B@@AB@BBBBB@@@B@BB@@BBB@@D@@BB@AB@BABABAFAD@@EBEAAC@CAEAEAECCAGAKISOECAEKACGEECEAAAAABADABC@AB@DBDBF@DAFENwBEBCF@DBPNLHJ@LFDDDDAHEDIBEBCFAFADDFNHDDJHJDJBHBH@DEBA@@@A@ACE@@@@CE@@@A@@@A@AB@@@@AB@@@@@BAB@@@@A@@A@@A@AA@@@@@@@A@@@@@@@A@@A@@@@B@@@D@@@B@@@B@@@@@@@B@@@@@@@@@@@@@@@@B@@@@@@@@@@@@@B@@@@@@@@@@@@@@BB@@@@@@@@@@BA@@@@@@@@@@@@@@@@BA@@@@@@@@@@@@@A@@@@@@@@@@@@@A@@@@@@@@@@@@B@@@@@@@@@@@B@@@@@@@@@@@B@@@@@@@@@@@B@@@@@@A@@@@@@@@A@@A@@@@@@@@@A@@@@@@@@A@@@@@@@@@A@@@@@@@@@@@@@A@@@@@@B@@@@A@@@@@@@@A@@@@@@@@@@AIACCCCAEGEE@@CBA@@@A@@A@@BA@@@C@A@@@AB@@AA@@ABAB@BCBA@@@A@AAC@A@A@C@C@A@A@@@AAACCAA@A@A@@A@A@C@EDABCBE@CBA@AA@@@@@A@@@@@A@AA@AA@@@@@@A@A@@AA@@@@@@AA@@A@@@@@A@@@A@@@@A@@@AA@A@@@@@@@AB@@@@@@A@@AA@@@@@@@@@A@@A@@@A@@A@A@@A@@@@A@@@@AA@@@@@AA@@@@@@AA@@@A@@@@@AA@@@A@@@A@@@@A@A@@@AAA@@@@@A@@@AA@@A@@@A@A@@@@@A@@@@A@@A@@A@@@@MCAFBF@DCFCDGBE@IAKCMAIAMCKAGEEACCGEGEECGAEAEBUFMBSEKIIMEMAC_DGD@HBXAHILED[FQ@OESCG@UHI@ICOAIAOESGaIECECCCGECCACCCGEEEEEECECGCIAIAIAKCOCIEGGKCmScCCDABCBG@I@I@UAMEMBCBCD@DABBB@FBB@@A@@@C@C@AA@@ABMH@@@BDBDBFBB@@BA@@BCBABADA@A@AAA@AA@AAC@EA@A@A@CACAGC@@KBK@eCC@ME]UEAE@IFGAO@G@GDGDMTGLEJGTGFIBLHJDH@LDJFHFLNHJ@JALAJEJchCDGVEHGFKFULKDABEFABE@IBGBOFEDCDAFCNINABUDC@AD@FHHFDjLHFDD@DBL@JALAL@NBJFHJJJJJLBFDHH^@HDLFFHFJJJFJFJHHHFHHJFJDJFJ@LFrdNFBD@DABE@AACCCEAAAAE@[DAFAD@RJHBD@HABADCD@F@FDHDHLBFDFHNBDFBB@@D@BAHBDDDD@dDH@RFXHPJHDB@D@LAF@B@BD@HBFBDDD^ZLFDDbXFBF@LANAJBJDFDPDJDDDHBJBJ@FFHFHF@D@DEHIHEHABE@EBEFAJ@F@DBDD@\\BN@FAD@DADBF@X@FBHBDDBF@J@FBDBLBBBBF@@@F`BBBBF@L@FANCHAFBLDDBD@@ADALBLCNC"],"encodeOffsets":[[117466,30557]]}},{"type":"Feature","id":"421222","properties":{"name":"通城县","cp":[113.814131,29.246076],"childNum":1},"geometry":{"type":"Polygon","coordinates":["@@JIBE@CFENIHCPMBEFCHCFAJCLGDGBGAMAGDONEFCFEFEDGDO@IBGDEF@H@HDD@TANC\\ELEXCH@FDHFNRBN@PBHFDH@JDJBDBBHEL@FDFFBDB@BADEDIBGDEDCD@JFJJFLBRBHAFCBAACDADAFAFBHDHHF@DBBD@F@HDDLFJ@DAJAJ@H@DBNFDBD@DAFCF@F@FDDBPDHAFAFADABEBCBAF@DBDABADCB@B@DBHDBDDDDBD@DCNSBEBE@EACAAGG@C@A@ALGDEBAAAA@ECE@C@GBC@ICIEaOAAAA@C@GAACGAA@ABABABC@CEI@K@GBABAFADCFIDEBA@@D@NDH@F@D@BABC@C@KAG@C@A@C@CCCAC@EFYFUDGFELGFAFABCDOIAAAAA@GBIAEAIGKACECKEA@CACCAEASCEEEICGEIEGAGAIEMKGEEAKCCACMEIEIEIEEKBIAECGCCEAEAC@EAY@GBE@GGM@CCAAACCAE@AC@E@CAC@ECCCCACAEACAA@GCAE@ACCCAGBE@C@EAE@A@CBCBCBIBC@GD@BADBBBFAFCFAD@FDHBDDDBDDB@DC@EACBI@C@CAC@ECCCCAEAC@C@C@CBADCDCBCBCBC@CBED@DBFDBBH@FBDBD@FADEFCDADCFABCBEBC@CBE@E@CAGCIAGAGCCAC@ABABGCCACCC@EBEAECCCCA@C@C@AAIAAAACEECCECCACCCCECCEAE@CBABABA@@BABCDAFADBDADEFABCL@HBFDFBDDJBD@BADCBE@CAC@ECCEECA@GGACAE@EAEAAEACCEACAE@E@CBED@DAD@DBFBFBDBL@B@HBD@F@DBFCFEHA@AFBF@D@DCBEBGBGDCFADAF@D@HBDBD@B@BABCBEBABAJAFBDDDDFHFDDDDFBD@B@BDDDFFBDBDDDDDDJ@F@FAH@HAHBF@D@DEJCBGBCBC@CAC@GCEBC@C@CAAA@C@CAACAA@CBC@C@ABABCDABCB@DCFADEF@@ADAD@FADCBCBA@CAC@C@KBE@EAIBCBAB@B@B@D@D@B@D@D@D@DDBBBBBFB@@@DDHDJHPJTBLB@BFDHBFBFDDJFFFHDFBB@HBFBDBBBFL@DBB@DBD@B@BADCD@B@D@D@F@D@DAB@DADBDDHBDDFBDFFDDDDDBF@DBFBDBD@D@DBD@BAF@D@B@B@JBHBFAD@FC@@BAD@DADBBBBBDBDBBB"],"encodeOffsets":[[116462,30101]]}},{"type":"Feature","id":"421281","properties":{"name":"赤壁市","cp":[113.88366,29.716879],"childNum":1},"geometry":{"type":"Polygon","coordinates":["@@DQACAACCICCA@AAA@CBABCHGBA@CBCACEI@ABEDGBGDQBEDCFCPEJCFCJEFALCHAFABABC@A@G@ADGROHGFGFCFCFABADBBBHNFBDDF@D@DBD@DDDBBBB@B@@ABCBAB@TBF@FABADA@ABMBCBCDCHEDADCBEDCD@J@D@BBBBBHDBDDBBF@D@@@BA@CBG@CBAB@F@NBHBB@@B@D@D@@DBHBHDJDFBD@FAF@D@DBPHFFFFFFFDF@FDFDDBB@DFDDBBB@DAHCFAD@DBBBBB@BIJAD@BDBF@FBB@@D@DCHEFCDEBCDCB@D@HBDDFHDFDFFFDFBF@DADADCDCDAF@T@HBFDDB@BBDADADAFAD@FBJBDDDDBD@DAHEVGHAD@DBDBBBBDBB@BB@FAD@DBFFD@DB@B@BADBBDBLFBBD@DCPKFADADBFBBBBD@FGXBHJPNXF\\HhBFDJHDJDLBXALAJADCDAJ[@EDKDGFADCDQR]BGLIHADA@A@QBE@M@G@EBCBCNGBAHEDADADABA@AAMBA@@BB@@BBB@B@B@BA@ABAA@@A@@@A@@DAB@@A@@@A@A@@AC@A@A@@AA@@@A@@@@@@FABA@A@@@@@AA@A@AB@@@@AAAA@@@AD@@@@A@@@@AAAAA@B@@A@@B@@@@AAAAAAA@@BA@@B@D@B@@A@@AA@@@@DA@@@A@@@@AA@A@@@@@A@A@@@@AA@AA@@@@@@@@B@@@@A@@@A@A@@BA@A@AA@@@@A@@@@A@@@AA@@@A@@A@@@A@@BAB@BAB@@ABA@A@A@A@@@A@@@AAAAAA@@@ACA@CEEE@@@@@A@@B@@AB@B@@AB@BCDCBABABCBABA@@@A@A@A@@BCBC@A@A@AAI@A@A@A@CBA@@BA@A@ABAAA@@AA@A@@@A@A@@A@@@EA@@AA@A@A@C@@BA@@BA@ABA@@@@@E@E@AAAA@SE@A@A@GBE@A@C@@CCCAAA@A@CBC@C@AD@BCBAD@FAD@PEB@@A@CBAB@F@HBH@NBHBLDHDF@FBDAD@DC@ABCBAB@DBBBB@BA@A@ADCBA@AACAGAEAC@C@CEK@IBEDGBA@GMAKAE@G@C@EAGAQAQAEBEBC@CAIO@E@CBC@AAACCEAC@UDUBMBQ@M@GAGAKAGAOEECCAEEA@CAG@CACAEAQAEACBABEHABG@QAKAICC@CBEDEBA@A@@AA@EGA@A@CBADA@IBABILEHAB@F@FA@C@C@A@CBC@CCIGGEGAIAI@CACACEEMCSEGACUCQKEAC@C@GDGBGBEAGAC@E@GBE@CAEAMBA@A@AAECICIEMKECC@G@KCA@EACC@C@EHS@CAGBA@CDCHEJQDEACACEA]@_EUCMAK@MAMCKCCAAE@C@EBC@G@I@IAECAGCGCEAQM@A@CBCDEDG@C@A@CEECEEECAAAC@@@CDA@EBA@A@@@EBA@@BA@@@@@A@A@A@@@A@@@AB@@@@@BA@@@A@@@@B@@AB@@@@@B@@@@A@@@AB@@@@BB@@A@@@A@A@@@A@@BA@@B@@@@@BA@@@@@@@@@@@@@AB@@@@A@A@@@@@@B@@@@AB@@A@A@@@A@@@@B@@@B@@@@@@AB@@A@@@A@@@@BA@@@A@@B@@@BA@@BA@@B@BA@AB@BABAB@@@@@BB@@@A@@@@B@@@@@B@@@B@@@BA@@BEBCB@@@B@@A@@B@B@@@@@@@@A@AB@@A@@@AB@@A@@BA@@@AA@@@BA@A@@BA@AB@AA@@@AA@@CAAA@@A@@@@B@@@B@@@@A@@@A@AAA@@@AAA@A@A@A@AB@@A@@@@A@@@@@AA@@@@@A@@@@@A@AB@@A@@BA@@@@@AA@@@@@A@@@@@@@@@@@@A@@@EAA@@@C@C@@@E@@@A@@@CBA@A@@@A@@BA@@@A@@@A@@B@@@BA@BB@@@@@B@@@B@@@@@BA@@B@@A@A@@@@B@@@@@B@B@B@D@@@@@@@BB@@@BA@@@BB@@@@@@@@@B@B@@BB@@@BBB@B@@@BBB@BB@@BB@@@@B@B@@@@@BB@@B@@@@@B@@@B@B@@@B@BB@@@@B@@@B@@@@@@B@@@@@@@B@@@@@@@B@@@@@@@B@B@@@@@@@BB@@@@@B@@@@@B@@@@@B@@@@@B@@BB@@@@@@@BAB@@@B@B@B@@@B@DA@@B@@@@@B@@@@BB@BBB@B@@@B@B@@@@BB@B@BBB@B@@@@@@B@@@@@@A@@B@@@@@@@@@BA@@@@@@B@@@@@B@@@@@B@@@B@@@@BB@@BB@@@@@@B@@@B@@@@@B@@@B@@AB@@@@@BB@@B@@@BA@@@@BB@@@@@@B@@AB@@B@@@@@B@@DBB@B@@@@@@BB@@@B@@@@BB@@B@@@BB@@BB@@@B@@@@@@@@A@AB@@@BAB@@@B@@@DB@@BBB@@B@@B@@B@BA@@@@B@@B@@BB@@@@@ABAB@@@B@@BBBB@BBB@@@@@B@@ABA@@@@B@@B@@B@@DBB@B@@@D@@BB@D@@@B@@@B@@BB@@@@B@@@@@BD@BBB@@@B@@@BA@@@@@@B@BB@@B@B@@@B@@@DBB@@@@B@@@BB@@@@@@BB@@@@B@D@B@BAB@@@@@@@B@@B@@BBA@@BB@@@@@B@B@BBBA@@@ADA@AB@@@@A@A@A@@AA@@@A@@B@@A@@BABABAB@@AB@B@BA@@BAB@B@@AB@@AF@@AB@B@BAB@@A@A@@@A@@@A@AAA@A@A@@@A@A@A@@@AAAA@@@@A@@@@@@BAB@@AB@BA@@B@@@B@@BB@@@@@BA@@BABA@@@@B@@@BB@@D@@@B@B@BA@@@@BA@@@@@BB@@@@BB@@B@@@AB@@@@A@@B@@@@@B@@@@@BB@@@@B@BA@@@@@A@@@CA@@A@@@A@@@@@A@A@AB@@A@@@@@@@AAA@@@@@@B@@@@BB@@@BB@@B@@BB@@@@A@A@A@@@A@A@@@@@AB@@AB@@AB@@A@AA@@@@A@@A@@AACA@ACAA@@@A@A@@@ABA@ABA@AB@@A@@B@B@@@BB@@@D@@@B@@@D@B@@@@@B@@@B@@@@BB@AB@BABABABABABA@@BAB@B@BAD@FABADAB@BCB@@@@@@@BBFBD@BABABAB@BABABAB@@AD@BBBB@@B@B@BA@A@A@A@CAAAA@@@CBA@A@A@A@@AAA@ACAACAAA@@A@@@AB@B@@A@@@AA@A@E@A@AAAAAAA@A@A@ABA@C@A@@AAB@@A@@@A@@@C@A@C@CAA@C@ABA@ABAAA@A@AAACAAE@CBABAB@@ABABE@A@WFQBOCSBUBQR@BD^PVTbDLBL@LAHCHCFADAB@D@BBBBB@@ABCDCB@@@BBBDFBDBDDDBF@DB@BBBBBBB@D@BBB@@@@B@@CBCBABA@@B@@@BDFBFBB@BD@@BBB@BBB@BDBBBD@B@@B@B@@CBA@A@A@CAA@A@ABAD@BB@BBB@B@B@DB@@BBDB@@BBB@BB@B@B@BAD@@AB@BBBBBBB@BBBBBBB@B@@@B@@AB@DABABABCBADABABAB@FrZTP@@\\^`bJH~\\"],"encodeOffsets":[[116399,30637]]}}],"UTF8Encoding":true}