{"type":"FeatureCollection","features":[{"type":"Feature","id":"411402","properties":{"name":"梁园区","cp":[115.65459,34.436553],"childNum":1},"geometry":{"type":"Polygon","coordinates":["@@DAFBF@HAHAFEFGDGBG@GDENQFEJIFEHGDCDGDCFAFEB@BAJCHAFAFAH@DAB@F@@A@A@@BA@@B@F@B@D@BBB@HDBBD@F@B@DAF@B@DAB@D@B@B@B@B@@@B@B@B@DBD@B@BBB@B@F@D@BA@@D@H@B@BB@@DAD@FBDBDBB@B@D@B@DAB@D@DA@@BABBBAD@DAB@BA@@B@B@@BA@@@@@@@@B@@@@BADABCB@DAB@BADA@@LABA@@B@BC@@BAB@B@DAFA@AD@B@B@F@D@F@D@@@BAB@B@BA@@BBB@@B@B@@BB@BB@BBD@BD@BDB@BDBBB@BB@@B@J@R@V@FBB@BJBJAF@DCBEBAFCJCB@@@J@L@D@H@F@JA@@B@D@D@FAB@BBHAHAFAFAB@HCJAD@B@@@B@DAJAHADADEACMKSMIDKBCACCGCACICACCCEC@EAA@KBCDCDEDG@AAECCAACAGCEAC@C@CHADBF@DBDBDGBEAECEACEAAAEAECG@E@CAG@EBEAG@C@CACBC@EBCBC@CFEHGLAF@F@FBPCDADCBKBEBE@EBC@CBCBCBCDCBEFEBEFADCDCDEDADAHEDCDC@CBGBCAC@G@GCE@EDGDC@CDCBEBCBE@IBM@G@GBCAE@CBCBE@E@G@EAGCGACCCE@CBEBGBEBCBCBEDEDAFEBA@K@SNULIFQDWHGAEKAIQKCCIFCF@H@LBXD\\@L@DCBGFIDCD@FAJ@FAFCDEBQ@EBEBCD@D@HADABI@[BBkAGA@A@EHGFCBC@CCAGEeOWKEEAE@ELKDCDC@EACIAQAIAC@EEEEEACACBCDAFIXCDA@C@CACECAEAA@CBGHCDCBQB]DO@EAEAGAM@MDIDEBKCSGIAKAE@BTFNDLFPBV@FDBBDBH@VDNDFFDJFDDHLDFBH@HDNFNBBD@FADAB@BBDDFBF@BBBB@BAFIPCF@B@DBBDBBBBB@DI\\GPETCBCFCDAF@FAH@DCDan@DDDFFRLHDFBDBHNFDF@F@FBFBFFDD@JBPAJ"],"encodeOffsets":[[118233,35469]]}},{"type":"Feature","id":"411403","properties":{"name":"睢阳区","cp":[115.653813,34.390536],"childNum":1},"geometry":{"type":"Polygon","coordinates":["@@MKGQAEGI@ETINE@@FG@CDKBI@CBG@C@G@ECE@EACAEAG@E@CCGCI@ECE@SDKDEFCF@DAFAHCDCFGBCBCBEDCDCHIBGFGDABCDCDGBCBGBK@C@CDI@CBEBEDEJGFAJEDCDABE@AAEACCECC@CAC@EBC@EBCBIBCBGDGDABCDCDEDABCDCBEFECAA@ACIECACAG@G@KBUJMHA@CAIGEAKEC@CA@CAAAAEAAAGA@@AB@FCBEBC@A@EAQBE@CAGEGGEACAEBEBCFA@C@EAC@ADADCHARAFGJGDGBM@CAGEC@GACBEBGBC@@@@@K@K@EAGAE@EBMDsAE@GVAVGRCREJOdCNCJGDKBOAAACKCICCC@EBEDCHALCFUN@DBFBFFFFFBD@B@BADMFAF@DBHADADCDMBI@EDCDEHEDIDgHC@@@@@@@@@@@A@KCG@C@CDAFCHKHKDEBEASCQCG@CBCLCBEBMCCBABCDSjFBDBHJFJFLDPDJDBDDFBBDDJ@HADCH@JCPEZCX@HBDDFFDD@N@T@X@HBFBBDFP@HF@LBJBTHLDFAJCNCN@HBFBFBP@^CRADADCHGDAB@FBDBDFDBD@B@DCJWBEDCDADBFBFFFFD@JBRBJBBD@FCDCDKL@FBFFFXLfPHFDB@DADEDGH@F@BHBlBA\\AJ@BABC@G@CDCFAFAR@FADCBE@EBI@EDCJCHEDA@C@KC[AW@K@GDEJE"],"encodeOffsets":[[118473,35163]]}},{"type":"Feature","id":"411421","properties":{"name":"民权县","cp":[115.148146,34.648455],"childNum":1},"geometry":{"type":"Polygon","coordinates":["@@FDDDFFFDH@HBHANCH@NFFDFDHBHBHAFAFAFEHCFCH@DAVGHCDCJIHCFAPADCDCHAHBFDH@H@HAFCHCHADCAGDCFCDEEC@EFCF@H@HADEBABG@CDCDE@GBC@E@CBEBE@CBEBCDE@EDEBEBE@CAEACACACEEAEACAA@EACAEDEBCDCFEBEDCBEBE@A@C@E@EACACAG@E@C@E@CBGBCDEBCBERQBEBEBI@OBIAO@ICCEEEAEAE@E@ECGMCAEAGCQKEECC@CIBIHMHQJQHCBEBEBC@CBE@EBE@IBEBGBE@I@EAE@E@I@EACAEAGACCE@GACAG@E@E@EBAAI@GBEDEDEDEBGBG@GBEDEDGBG@GAGAG@EDGCG@GAEACAGCCCEMAAGCGAG@MDG@G@G@C@@@@@C@G@CEAE@EBEFKBE@ECEGKAEAG@E@EDK@G@EAECECEMGECCAG@EDGBGAECEAGAG@G@EDBFBF@FEDGBCBCDADCBCFEDEFCDGDCBEBCBEBEDG@GBCAEAE@C@IAG@EAG@C@GCEACACCEAGCCCGAI@CDEBGFIFEBEBCBGAC@E@G@I@G@C@G@G@EBE@C@CBGBCBE@IFCBCDCBEDC@E@G@EAECCJAD@DAH@FADADADAFCF@DCDAF@F@BBBBFDFBHAF@DAFAFAFDHDDBD@FAFEFEDEF@FBFDFFDHDFBHBH@ZBHBLFDF@FAHEFCDOFGBEBGDKHGBG@QAG@GCC@ECGCECGCG@GDCD@F@H@FALAFGDGBG@GDBFFDHDDDDFDDDFFDBHAFEBODGBG@IDBHAFGBEBCFBFBFFDHBPBH@H@RAHBFBBNFBH@FCTOFCHCHCHCJAFCFCVKFAH@H@FAHBFDFDFDFDHBHBFFHBF@F@HAHBD@DBHDFADCFAB@H@FDDBD@JFDBFBDBHBFDHBD@F@FBF@H@H@F@F@D@H@H@H@F@J@HAF@FADAH@H@FBF@D@HFDDDFDFBDFDDDHDDBD@FBHBFBFADA@@@@BADCDAFEDCFCFAHBDBFDDFBFDDBDBBBDFHFDDBDBHBDBF@HBF@D@F@HAFAF@FAFAH@FBJ@DBFBD@DBFBHFFBDDDBDDHFFDDD@@@@@H@FAFCFEDCFAF"],"encodeOffsets":[[118023,35682]]}},{"type":"Feature","id":"411422","properties":{"name":"睢县","cp":[115.070109,34.428433],"childNum":1},"geometry":{"type":"Polygon","coordinates":["@@C@A@ADABKJGHGHABKDCBC@A@AB@DAL@FADCHCFAD@BADC@EDAF@DAD@DBD@D@D@DBFBDBHDFDDBDDDBDDFDDBDDDBDBHAJAFCDAFCDCDCFCBCDCBCFABCHCH@F@JBD@DDDBFBFBDBJ@D@DDDDDFFHDHBHBFBFBDDH@BBFBFDDBHFBBDDDDDFDDBDDDBFBF@BAFADAD@FAF@DBF@DBDBD@DBDBF@D@D@D@D@HBHAJAFADAFCDAFAF@FAF@F@FFDFBH@F@D@FCDADCDAJEF@DAHADAD@F@FAH@H@D@H@J@H@F@D@HBDAFAFAJEHEFADCJ@HBDDHDFBDDDBFBHDD@H@FBH@JBD@F@FBDBHAH@FCFADAFADAHCDCFEFCDEDABCDCDAHAFC@EAEAEFCH@H@HBFBFDHBHAFCH@@EBKBG@EDC@APALGHKFAR@H@PADC@IAIBMNOLIHKBEKKKGAM@MAOIMAKAYCCAA@A@ABAFEFCBABA@C@AAC@EBIHQ@C@CCECECECCCAICEECCAEAECEEKCIEQAE@IDIBADAJADABA@C@AACECEEAGCIAOAGCECKAI@E@@@@AGBC@E@CAGAIAGA@AAC@K@C@A@AAA@CGEKCCEAECMAEBG@GAGCC@EBIHGHIFKDIBQBIBIAI@GBEBEDCFENCN@BADC@KBaJGBE@C@SEEAEBGBCDINAFCBCBCAGCIAGBGDOHGFKLEHCBC@O@I@G@G@A@CBCBEBG@"],"encodeOffsets":[[117660,35108]]}},{"type":"Feature","id":"411423","properties":{"name":"宁陵县","cp":[115.320055,34.449299],"childNum":1},"geometry":{"type":"Polygon","coordinates":["@@bmDC@CBG@EBEDCDEDAFSHOJ[@CAAAACAAA@C@ADEJOBE@AAAAAE@EACCAAA@CBEBC@AAEMCM@GAGCEGKCCIEECCECM@UAGACCA@EAUEOCKEMAS@GEOACEAGAW@S@M@C@ECCEAC@GDWFYDO@IDGBC@GCIACEACCCACICOEKEIGICAEACDWDEB@@@@IDIBKAMAICEGCECCICICMAM@K@EDCBGBMAK@ECIAIAQ@G@G@GAGAEAO@SBE@EDGBBJDLDFBHBPDJBHFFFDBD@B@DABCBIBCBABCJ@JBFFRDJFLDFBFBFDDFFJDDBDDDFDFDF@D@DGRAJ@FBD@B@DABABEDEFAB@B@BBBDDBZBLJNBP@NBNLHLLAFGLKJMPANBJ@JCDOBG@Q@EBGLKHOB@BCD@FAHAL@FDBFDNHDFDFBF@F@HCL@F@FBHBFHLDF@FAFELAF@FBFDFH@D@@@@@D@H@H@H@NCH@HBHDBBFNDDHDDBFBHBH@HDFCH@HBHBH@HAFCFCHAH@HAFAFCFCFCHAJ@BBFAF@F@H@DBHBF@DDHBFBDBFBJ@F@F@FBJ@F@HAFAJAF@FAF@DAD@FAFADARGRINGJGJA"],"encodeOffsets":[[118186,35418]]}},{"type":"Feature","id":"411424","properties":{"name":"柘城县","cp":[115.307433,34.075277],"childNum":1},"geometry":{"type":"Polygon","coordinates":["@@TiDCBADANDFADADKDAH@RDTDFBFALCLGDGBEDCD@H@LDB@@@@@@@@@@@D@hGJCFCFGDCFCJ@NADCBCBCAG@CBENEBC@A@AACEEEEAEAE@CVMDEBKDGFCFAD@DDDJDLBBPBLAHCDIDMPcFIDQHQBUHUC@@@@AFKBGB[D[AKCGKKEKEGECEAG@O@I@EACAICEBIBEBGAGAKGIEEAGAG@AA@GCQAGAEAAC@Q@A@K@KBMDGBiHOFQLUHIHQLEDEBE@GAEAKE@@@A@@CAACCEAACAC@I@IAEACC@AAGA@@AA@SBQACBC@ABAHBFFLFJ@FABCBGAaAKAOCIE@A@C@GBE@O@QACAAECEEECEAEAG@G@EDKHMFKFIFCFCBA@CCAC@ABEHCFIBG@A@ACCCCGEEEEEAAECCAC@E@AAAA@CCACAKAI@IBC@G@G@EDADEJCBEBSDEBI@EACAAC@@@@EEEIAC@ABM@C@CACA@GAOAE@A@CAA@cFIBGDE@E@CBABCB@BAD@FBDBDBBHDBBBD@F@DBDBDFBDBBD@D@BADCBAD@BBDFJHJJHHH@@@@HFBD@DCFMLAFADBB@@@@@BBDBBB@NBRARAN@B@D@HBDBJBDBBDDFDJPRHJ@F@FCDWPIJALC^ALBBDDFDDDBBAFADAF@HEFAB@B@DFFDDBFBDBN@J@DLNBH@BAXADIJEDEHCHAF@DBFJNDPNBFDFBDDFLDHB@BBB@D@L@D@BBB@BHBJBH@D@FADBH@@@@@FHAFCF@TAP@FBHBHBH@H@R@JBJBFDL@NBHADAFCL@N@NBJDJDDDDFFHJDNBLBJAJC@@@@FAXCDC"],"encodeOffsets":[[118101,35086]]}},{"type":"Feature","id":"411425","properties":{"name":"虞城县","cp":[115.863811,34.399634],"childNum":1},"geometry":{"type":"Polygon","coordinates":["@@@ABEACBC@C@E@CACBEAECCAEAE@CAG@EDEBCBCDCDE@CJE@UIEQQWABS@CAACAAGCECCG@ACBEAEIKDCBEFEDAHGDCBGBE@CBGBA@AFCACGECCECCACCECECCCGAGCIAGCC@G@C@K@EFCBEFADCDGBEBG@E@IAGAEAGCA@I@OAI@I@KBG@GAG@KBI@G@K@G@I@G@G@G@GBI@C@EOBIAC@C@C@C@E@CAE@CBCCG@E@CCEEEAE@CACAE@C@EAC@E@C@ECGACCCACACACAGBE@CDCFE@@@@@@BCDABCBEDABE@C@G@CAGCEEC@CCAGAECCAGECECGACAC@C@GCG@CACCEACACBEDCBAFEBCBCDEFGDQUKGEEMEAKI]AMEKCY@QGEGESGEMP@dMPMJSBQ`IHEBCFGAIQO@MPKVB@QK@IEGE@E@CAC@EAC@GACAEACAECCAACCCEACACCEC@GACAG@EBGDCF@DAHAFAFADCBEBEDC@E@ECCA@@AA@G@G@O@A@CBE@A@A@CC@GBC@GAKBE@E@AAEBCDCHAD@D@F@DBF@F@D@DADEDCBEDEDCBGHEBCDCDCBCFCDEH@BABABG@UBCB@@AB@BABABA@ABA@@@A@CBABABAB@@AB@@AB@@CBA@@@DBEFAFCDADCBCFCDADCBCHAHADAJAD@FAD@FBD@DDDDFBDBF@BAFCBCDIFEBIHCFAFAF@DCJ@D@DALAHADCHCDADCBEHAHGJCDCDAFADADEHCDGDEBCBE@EDCFCL@TDF@FDJDH@D@FBHBFBD@FDF@F@H@DAH@DAJCL@DEH@@MFSJ@FHJBFHRNLDDRLBJFLHBXGRCJEVKTML@B@FABEFCFCDADAFAHAFADAF@DDBDDHBH@F@H@FAFAD@DBFAD@H@HAN@JAFADAFCD@DCDCH@FDF@H@HBDADAH@DCDCDGFCBCBCFCDCDEBAFEFAFCDADADAD@DAD@FAFAFALCDCBODEAE@E@KBGHEF@DADAD@FADBD@D@DBHAF@FBH@D@FDHBFBFBBDFFBFDFBHAACAC@CAEBCDGD@D@FBHDDBBBDDBF@BCHCFCDAD@LBB@FFDDDBDJDBDHDDDDBLAJCTNNLBDCFBA@A@@BCD@@A@@xSLTJBTjBPHBbLX`Djk\\QdDxZfCbaNaTYLCFEHCH@LBFBHDPJFDPFFBDBFDLH"],"encodeOffsets":[[118985,35405]]}},{"type":"Feature","id":"411426","properties":{"name":"夏邑县","cp":[116.13989,34.240894],"childNum":1},"geometry":{"type":"Polygon","coordinates":["@@BGBULOBUIcHaJK@ABC@AGGIACAA@KACC@CC@ABCBEDA@EEFIFK@E@AU@UDCGCAU@KIKCGGEIEEGCO@MBMBG@KDCFCBK@UBGEIMCQEEIBIJIDQ@ECCIMMQCYKMGCKCCA@@@@@AACEAOEK@EDGKCKHEFAD@HOK@@@@GEICWLIACQFQMDI@AESGKMAEG@WDAB@NGDKBQGKODUMO@E@CACEECEEAEEGACBEBCBEDGHCDEDGACCCCAEBGAC@E@CACAEGAGBI@IBCBGDCDAD@F@FAHEFGDE@EBI@C@E@E@C@G@C@EAGAGCE@C@E@E@I@C@C@G@@@@@@@EACAC@GCCC@@@A@@AC@C@CBCDABCBCDA@C@GDEAGIHCDCDCBCBEDEBC@E@GAE@EBE@E@E@C@C@GBEBGDDFBDBDDFDDBBDDBFBDBFBD@HBD@FBD@D@FHFJFL@@RUAOL@NRPBJEHADGF_JARITONcNO@NHFFTFHRHZ@LDNF^BLJFBFNHFVLCREHCFADADEFABCDAFBDBDDFBD@DDH@H@DBDBDDHDFHFDBFDHBDB@DFDDFBH@D@H@DAFCBAFADCBAD@@@@@@EFCD@DAFBHBDBDBDDDBDDH@F@D@FBD@F@DBFBD@DBFFFDF@D@FDHAD@DBF@D@F@D@D@DBDAJFPD@J@HAH@H@H@J@H@L@H@J@LAH@HBH@LAJ@J@PBJ@B@HDFBHBJBF@H@FAHADCBCFEDAFEL@D@H@D@HDJBHDHBDDFDFDDDDBFDDDHFBDHADAFCFCDAFEHAFCDADEDCDEBCDA@EBC@ECCECEC@EDEDCFCFAFAFAHAHAFAH@HBF@FBF@F@FAH@HADAD@DCFADADAFCFADGFCBGBEBCFEBCFCDCHAHCDCFAH@DAHCDCHCDAF@FAHAFAHCHAFCDADAJCFEBCBCBC@EDC@CBE@CBCAECECECE@CACEEBE@ABEFAJCBDDFDBFBHBF@FBDBD@@CLB@EB@@B@FJBBC@@@AD@BD@@@A@@@AB@@CBBBA@D@@BGD@BCB@@D@@@CBB@BB@BA@@@BB@@ALF@CB@DBBBBCB@CLABBB@@DFBADBA@DBADB@@AB@@BBB@B@@DBDBB@DBB@F@B@DCGKNMBI"],"encodeOffsets":[[119252,35092]]}},{"type":"Feature","id":"411481","properties":{"name":"永城市","cp":[116.449672,33.931318],"childNum":1},"geometry":{"type":"Polygon","coordinates":["@@TDHFBBFFDBFDBB@BBBFDBBFFDBDBFDDBHBFBH@J@H@HAFAFAHAF@DAF@HAFCH@HAFAF@HADAF@DAHEDAHCBAFC@A@A@C@A@E@AA@CAAE@@CCAACCEC@AACAAA@AAC@CACAA@@AA@AC@AAA@@AACAA@C@A@A@@@A@E@@@A@@AAA@ABA@AB@@A@CAC@@@AB@BCB@@A@A@@AACAAA@@@A@A@A@@AA@@@A@@@A@@BA@@@A@@@A@@@@@A@@@E@@@A@@DCBAB@@@@A@@AA@@CA@@A@@@@@@A@@@@@ABADABA@A@@AC@@@@@A@@@@@A@@@@BA@@BA@@BAB@@A@ABA@ABAB@B@@AB@@@FB@@DA@@@@@A@A@CB@@A@@@A@@@A@@@A@@@@@@@A@@B@BA@AB@BA@@BA@@@AAA@A@@BAGEGCKAMEIGCCACCC@EACAC@CACAGAECC@C@EAG@C@E@C@CBCBCBEDABAFCF@D@HAHAF@FCFAFEDCDCDGBCBC@GAGFI@B@@D@@AD@@@B@AAB@@AB@@@A@@@B@@@BA@AFB@CE@@CA@B@BA@A@ABABABA@@@C@A@@@ABAFCBA@@@A@C@AB@@ALGBAB@@@BA@AJWBABA@ABA@A@A@@@CAC@@@A@A@@E@@AD@@ACB@@BAAADAAAFAAAHA@@@AAC@@@C@ABCJCBABABAFADCDABAAEB@@CPAACD@@AF@AC@CPBDABCBABAB@B@BC@@DEBE@ECECCEECCCCAC@CBGBEFE@GBECGCCCCACAE@E@GBGBEDEBG@C@ECCGCC@G@G@EBIDGDGDIFIFIFGBGBEDIBE@G@G@GAE@CCCCCCAE@E@ECG@AD@@AB@@AB@AA@@@C@@@CWB@CAGIC@BA@@ACBAD@F@FGBACC@ACG@@A@CAEEGEBE@EDE@CAC@CKACA@EBE@A@KFA@CBA@AA@@AAACCAAAC@CAACKBE@AA@AC@C@AA@C@A@A@CAAAAAAA@A@AA@AAAGAC@M@E@@ABA@@@A@A@GAA@GCE@AAE@CAI@A@C@C@ABCDMBC@@@C@A@@A@@@@A@@A@AAAA@CA@@@A@ABA@A@ABA@A@A@@AAAA@AB@@CDGH@BA@ABA@CBA@A@AAAA@@@AA@@A@A@AAB@@A@@A@AAAAECCCCCA@ACCBAAEK@AAA@ABA@A@AC@ACAA@C@ABG@ECIBCCA@AAABI@E@EB@BIAIAKCEA@AAC@CAC@A@@A@@BA@A@@@C@A@@@ABABCBCBA@AA@AAC@AACCECEAACACAGAGAGAGAGAGCCCCEIGACAECCCAECE@GAM@G@GDE@G@I@IAKCGAE@GAGBGAEACAEAGEGGECCCECEAGAG@C@E@GBC@CDCFCD@DCFCFCH@FAFAB@BBFCBABABABAB@BAD@BABABAB@BCBA@EBGBCBC@A@CBC@CB@@C@ABA@ABCDCDAB@DADAFABAD@B@BBBDB@D@BADC@A@Q@A@G@@@EACAC@A@CBCB@BA@@B@B@DDDBD@B@BABC@IDA@@B@B@DABEBEBGDBHF@BBBDBF@BABC@AJK@GBE@@BBF@DDDF@B@@GJ@BAFADB@BB@@BADABBDBF@FBDBLABABC@ABGDAB@@@B@@DFBF@D@FEB@@C@A@C@ABA@@B@@AB@B@BCB@BA@ADABABA@A@C@CACA@D@B@B@B@B@BGDCBIBEBI@E@@F@F@F@DABADABC@GBCBE@E@C@AAA@A@C@C@A@@DCDADCF@DBHBJDFBHDFBFBFBHBB@FDBBFBHBHBDBFBF@DADAFCDCFADEDEHCFCDCDCDCDCBBHCF@H@DCBADADCBAD@D@DBD@@@B@@DDHDD@DBFB@@@@@@H@D@D@J@F@F@D@F@HDHBFBD@H@D@F@F@D@J@FAF@HCFEBG@E@EBCDCHCDAJAJ@HAHBBFBD@D@FBDAHBFDDDDHBFCDCHGFCDAFADAHBFFFBDFFFBD@D@FNPCVLPRHLAHC@MBAXCH@BFLNTHBFJ@NCERDRJBXKJDHF@@@@PL@GBCFELGLDCH@FFLBPDFBB@@@@B@DDDLNHZLRDNNDJFDR@JCJIJAFFDRJNHFVAL@DADELCH@NANAP@HDFFFJHHLDLJV@DBDHVCV@@B@FELEJFFB@FCDABAD@@DDDLBB@DBJBHH@BAD@BILGbJdAVKPAVAH"],"encodeOffsets":[[119252,35092]]}}],"UTF8Encoding":true}