{"type":"FeatureCollection","features":[{"type":"Feature","id":"611002","properties":{"name":"商州区","cp":[109.937685,33.869208],"childNum":1},"geometry":{"type":"Polygon","coordinates":["@@BB@D@BFPTPVFT@TCVKJGNE\\C^MXIRGNILKlmTYX]PMLGRKLOFKDGL]BYFWHWP[L[LWRUNQNKJCTHHLNJNLJLRNXBVCPCRDTLJHNAJKNMTMXBVJRHLDHAHE@UCKAIEKCMDUFGNIJKBMAKWKKQCQAOKUCI@OASGSQMeIQ@EKH_P_F_@@@ACC@ACCAA@EAAAEEEAE@ABABA@C@ACEGGAE@AAA@A@ABAD@BAB@@C@AAAAC@@CEGCAA@@EKO]S[IQQMU@YDQPMPMJ]P]LK@IEUAQNWHO@OGGIQ@]J]B_EWQOQKSIMCIAQSQSCQCO@MJW\\IHC@GCPWDGBCIKOFC@KECGOAIFANNpCNMBKAMGQCSBIJYjMZQ@WEWBOBUASEIEKGcGIBMCKGQGOCS@ODQ@OCSECHKPCHDLHJFJBREP[CRDRHLFLBPKLOAKEMCQFGDMJYLQNAFIPGPKTAB@BCD@@D@DD@BBDBB@BB@BBB@BB@@F@BBD@B@B@B@DBB@B@DBB@B@B@BBB@DB@BBB@B@B@B@B@D@BBB@B@B@BBBBBB@B@D@B@DBDB@@BBBB@@BBBBBBBBBBB@BBB@@BBB@B@BB@@BBBB@B@B@B@B@DBDD@@BBBBB@BBD@B@B@DAB@B@D@B@B@D@B@F@BB@BBD@BBBBD@B@B@D@BBB@BBB@B@B@DAB@D@B@BAB@B@D@B@B@B@@@BJFDJ@HEFMBC@ABCBABA@CDAB@BABABCBA@ABC@A@CBABA@ABC@ABA@A@ABA@A@CDCBABCBA@@BEDABABA@ABCBCBA@CBABA@AB@BCBA@ABAB@B@B@BBBBBBBBBBB@BB@@B@BABABABABBBBBBBBBB@@DBF@BDJ@@BD@BBDBB@B@DAB@H@B@B@@@BB@@BB@FBBBB@F@BBBBB@BBBBBB@@@B@BAB@@ABED@@AB@@ABAB@B@B@@@B@D@B@@BB@B@@@BB@@@BBB@B@DBDBB@BBBB@@@@@BBB@B@B@BBB@D@@@@@BB@D@@@B@B@D@B@BB@@B@BB@@@@BDBBBB@@B@BBB@B@@@FBB@B@FAJB@@F@D@FBD@D@D@B@B@D@B@D@D@B@B@B@B@B@B@BBB@B@B@B@B@BB@@B@B@@@@@BB@D@D@B@B@BBB@@@BB@@BB@@@BB@@B@BB@@B@D@B@B@FBB@DBBBBDBBBBBB@BBB@B@B@@BBAB@B@@@B@@BB@@@B@@B@@AB@BABA@@B@BAB@B@BAB@@AB@@@B@D@D@FBFBHDHBBBHDDBBBBB@BBB@@@B@@B@@@B@@AB@BA@A@A@AB@@A@@BA@A@@BA@@BAB@@@B@B@@@BBB@B@BB@@B@@@B@B@B@@@BAB@BADABADC@@BAB@@AB@@AB@BA@@B@D@B@D@B@B@BBB@BBBB@@@B@B@D@BBD@B@BBB@DAD@B@D@B@D@B@B@BBBBB@BBBB@@@BBB@B@B@B@B@B@B@DBB@DDBBFFHJFFDFDJDFDFDDDD@BBB@@BBD@F@D@BA@@F@@@B@@@BA@@@@@@@A@@CA@AA@AAAAAA@AAA@A@A@A@@@CBA@@@AB@@@B@HDB@DBBBD@@BBB@BB@@BBBB@@@B@@AB@B@BABABABA@@BA@@B@D@BBDBDDB@@B@@BB@B@@ABABABAB@BAB@@AB@@CBCF@@A@@B@@A@@@"],"encodeOffsets":[[112447,34987]]}},{"type":"Feature","id":"611021","properties":{"name":"洛南县","cp":[110.145716,34.088502],"childNum":1},"geometry":{"type":"Polygon","coordinates":["@@ZINCJAB@DBBBHFDDDBFBFAFABAAEAIAG@E@ABCBCBABG@EDCDCFOBEBG@GBADCDAPGDCBEBE@I@ECIAC@CBC@AACCAI@M@E@GDGBABAAAC@C@AACEICC@CAACAC@AACEEGCEECCAE@EAEAC@EBE@C@EE@CAKAC@CB@FADCDCBC@E@CFEHGBC@AACCACI@ADCBAJAFAL@LAPCDADCF@LAJAHAFCDCFCDADCBALIDAF@FBHDDBDAJAHAH@H@DADAFAD@DCDI@EBEAA@A@ADCBABC@@BAFBD@HCBAD@FBD@L@JAHAB@@A@CCEAC@E@AB@JBF@D@LEH@J@JBF@B@DEDCDANCDAHKDCAICIIKKIGC@@@ABADCBA@AACAAEEAACAC@@@CGAICCCCMEOEEAEEAG@ABEDIDa@G@A@@@E@@AA@@@@@@@@@@@@@@@B@@@@@@A@@B@@@@@@A@@A@@@@@@@@AA@@@A@@AA@@@@A@A@@@@@@@@A@@@@@@@@@A@@@@@@@A@@A@@@B@@A@@@@@@@@B@@@B@@@@@@@@@@@@A@@@@@@@A@@@@@A@@@@@@@AA@@@@@@@A@A@@AA@@@@@AA@@B@@@@AB@@@B@B@@@B@@@@A@@A@@@@@@A@@@@BA@@@@@@A@@@A@@@@@@@@AA@@@B@@A@ABAA@CAC@A@A@@@@@AAB@BAHCD@@@@A@C@CAA@E@CAAAC@A@ABAB@DBD@B@B@D@D@J@L@F@DBDB@@@D@BCF@@@@BDBBB@@@DBB@B@B@DABA@AB@@CBAB@DC@@@ABAB@@A@A@@@@CA@@A@@@AA@C@@BABABAB@B@BAB@@@@@BADE@A@@@A@A@A@ABABAFEJMDCBA@GBI@G@EAE@C@ABABAD@JATAFAB@@A@A@C@C@ABGBCBCDA@ACEGKCCGAM@IAE@MEGCCAGGAACAE@A@AAEE@A@A@ADCDEBC@A@AAACAG@I@C@A@C@A@GAEAACC@CAC@CAEAAAAA@AAG@AACAC@A@A@ADCHCHEBCBCBG@@B@ECCACAE@CAA@AAACECA@C@G@CAECC@A@G@G@EAE@CBA@@B@D@D@BAB@DBF@DABADCFAB@BBB@D@HADABA@E@E@A@@@@B@BBFBH@BADAF@D@D@HBHBBDF@BADAHAFA@G@IBC@IDIDYBKAYBKHWBWBMHMBUBSAIEWGSDMFOF[BOGOCIFOLQ@MIEOIKOKIQEOIOOIQGaFUJBLANILMJEHCVDNFLBJDL@VGFGBKCQGUIWASNMNILMBIGSKQCODUDWAQMIKMKMIGKSGIDMLMRQVKXK\\O\\GXEXAZK^CHELKPQLKHONW^SZknKLMJQHWJ]N[DMFIHULSDS@UESOEO@A@CAAA@AAAAAAA@@@ECA@@AA@@@A@A@AB@@AB@@CBADA@@BADAB@@@BA@AB@@@@A@@@ABA@@BA@@B@B@@@B@BA@@@ABAD@@A@@BA@AB@@AB@@A@@@ABC@@@A@A@@@A@@@A@A@@BA@AB@@A@A@A@CAA@AA@@C@@@C@@@A@A@AB@@CDA@A@A@A@@@A@A@@@A@@B@@@@@BBDBBBBDDFDBDBB@BBDBBDDB@@D@@BB@@@B@BAB@@@@A@@BA@E@@@A@AFAD@BGRCLEFADABDDLDDDDLHF^@D@DAPYLQJGHCFAB@@BABEHABBBBH@FADCJCPCT@F@BDBFBFDFBH@DBD@@BDFBFDFFDDDJDD@D@B@BCDCDADCDAD@BABADEBCBADCFABA@C@AB@@ABBDBFBHBHBH@DBB@B@BA@ABEBA@CFCDEDE@A@C@AAAAA@CDCBCDAD@DATAF@DADCB@DAB@BABCBADAD@@ABA@@B@B@BDDDB@DBFAD@F@BBDBDBHHDBJDD@D@B@AA@EAABABC@CAEAEAACAAAAC@A@E@@BABADCFEDADADAD@B@BBB@D@F@DBD@BBDBFBDBFFDDDD@@B@B@DAB@B@B@FFBDDF@@@BF@DB@@DDBBDB@@B@DABABABA@@B@@@@DBFBBBBDB@B@@@@ABEBEBCB@BAB@BBFDH@D@J@B@BCLAJCBABCHAD@D@FBD@J@FAFCF@D@DBBDBBBB@B@FEDADAFAL@D@D@DDBDBBD@B@B@@DBJAR@BABEBCBABCNAB@BCBEBCBAFGTEDCDCLCDCDAFFDDDFBDBDBDBDDD@D@D@FAD@D@D@BBFFFJFJDDFBDBFBB@@BBHBLAFBF@BB@BBH@LAD@D@NLFBD@D@B@DBLHJHFBD@D@D@D@F@H@FARCD@D@BBHFDBD@D@LAJBF@D@BABAB@@ADABAH@HAB@BA@AAABAB@BAHCJEJCD@PAD@DA@@DBH@BBD@B@DABADAHCHCD@DAD@F@FAF@HBD@B@NEFALCLGFEB@DADAD@@@BAB@HBJBF@FADBB@F@B@B@B@DBHDFDDDB@@@DADCDAF@HAD@HDH@F@DBB@DBBAD@D@F@NBF@J@F@DABBJFDHHDDDF@H@F@JANAHAD@J@LDDB"],"encodeOffsets":[[113082,35236]]}},{"type":"Feature","id":"611022","properties":{"name":"丹凤县","cp":[110.33191,33.694711],"childNum":1},"geometry":{"type":"Polygon","coordinates":["@@PCF@BA@A@I@A@AAI@C@CBA@@BAJ@FAHABABABA@@BBFBBBB@D@BAFADAF@D@FBDBHFFDHBF@D@@ADEDCB@FAFABABCJGB@D@HAD@FAB@J@JAD@DABAFIFKDCFCBCBE@GBCBCNEJEFCF@FAB@D@BBBB@@B@NEJAF@FDF@D@F@FABA@CBEBABA@CAE@A@CHEDADAD@D@D@B@BEDGBEDEBEBEFCHADABC@C@K@E@EE@C@EBCBCBE@CDEDC@A@CAGACCC@C@E@AAA@C@A@GBC@C@EBI@C@sG[EME@OEMQMSUEWI_DSBE@IOIQFKGFMLO^[DMIOUMYM@MNGJIFKDGFCPG@GKESEQI@IJCJ@dCRE@GEICEOGO@OFQAMIOMKSEC@@@ASUOIUGI@SDILKTSTMDQIOQGGOGI@KJGTIFIAIEEIUSSSMIEKC[AU@U@]DMJILG@IGEIKAG@[CEBIU@EBEBIFCBMHI@KCOEC@A@CDCAICC@AD@DAB@H@DADADCBCBABCBCBE@CAC@C@CAC@EAKGOKG@MDKLG\\IDCBI@G@ICGCGKCOCGIBEPA\\@ZBd@L@JCZI\\MrALEFGEACEWGcCGE@IJOLaTGJIP@PDJ@PGJGDQ@CAIBIFCFENMTSNGFSPGPGXCTIJEJENBPDJHLDRERMDOFADILCPRNJRT\\P^FL@@BBHDDF@@BDBB@B@DA@ABC@AB@B@BBB@BBFHHDF@B@DABAB@BBFFFBFBB@FBBDD@BDD@B@@E`O`G`FLR@fJRNHTBT@PDJLVBPDRLRXLVIbERHPJJPFPJRPLJLFPNJR@PKJEPDPH\\APENETCXHJFTBVANANGXAXALGZALBZAJCJCD@JAH@B@BEBGBC@ACEAAAG@G@C@CBEBC@AAGAE@A@A@@B@F@F@B@BABC@G@CAA@ABADEBCBA@CAE@CBA@A@C@C@AB@DAF@FBH@H@B@D@FDDBH@D@B@FDBDBBB@DBF@DBDBFD"],"encodeOffsets":[[113256,34685]]}},{"type":"Feature","id":"611023","properties":{"name":"商南县","cp":[110.885437,33.526367],"childNum":2},"geometry":{"type":"MultiPolygon","coordinates":[["@@ACACAEGI@E@EBAAA@EACBEPIJEFGDE@GDEFKBKBMCWBCIEABABA@AA@@BAACBA@@@E@@BA@@BB@BLGCMGS[OIAECEGHMHSDEJQ@QBIJQLIFIBG@KCICK@KFIDEDC@EGKUIWAEAEIDKJEF@BMGCI@A@ACA@@A@A@EBE@A@A@A@AACACAACACA@AAABABCAACAGAAAAA@@@ADC@AB@DC@CDABAFEDCBC@@ACA@@CCBADABC@CBC@@@CBC@G@CBAAO@KEGEMOOOWYMOSOUCKBOHOF_DA@AA@@AAA@@AAA@CAAAACAA@A@ABA@A@C@C@KEC@ABA@EAC@CAA@CA@CAAAACCAAAACC@CAC@CAE@A@AACACBA@A@ABCBCBC@CBABA@CDC@A@ACEAACCAAA@E@@BA@ABAD@B@BAF@BC@@@CCECAA@@AAACAAAACAA@AAGBQBOBQ@YEOEQMQKKQGQ@MDK@IQEQBONQPUXGHCFGNEPIRMHKEOIIGQCMDQHMJKPALDN@PATAP@NGNKV@NEXGNKFOBcBK@MEIKBKCUIEMGMCAAAAAACCAACA@ACA@CA@ACAAAAAAAA@AAB@DADAB@BAB@@ABAB@BA@@B@BBB@@@B@DB@@B@@BB@BABAB@BABA@A@@BA@C@A@A@A@A@ABA@ABA@ABA@ABAB@@ABCB@BAB@BAB@B@BAB@D@B@B@@@B@B@B@B@B@B@B@B@B@B@@@D@B@BA@AAC@AA@@A@AABHCJEDG@ICQGUIQKSCELHJJJPHXHZJRJNRDRFRAFCJGPAZCJELAHDFHBDCHGLCF@FBBH@J@DAJDF@\\BHJLHF@JKHIJCN@^@VBVD\\FLNJTTVTFJJFJBJEHSLIJ@PHHHPRRJNCTSLSJKTCJ@VHPJTV@B@@FDLTPNNJRBPEP@PHDFFJ@HQFcDI@ID@JRJTFLF@HOHEDCHELIJMH@NZNVNJPCN]\\KPENLHREPJ@JAFCTJ`FXTVRNFN@PNF\\FtHD@J@FAD@D@HAB@D@B@BBF@D@D@DDHBDBB@D@FCDCF@DADAFAD@F@BGDGDEJOFCDABC@CAACCAAAA@CBC@A@A@AAACCCEAC@C@ABGDCBAHCDCBA@EBEFGBCHEBANCJCFABAFEHGHILMDEBALAHBH@H@HAFCDEDAH@VEVERCDAFGFEFEBADBJBF@HAFAJILMFCNIFCDCBCLGDAJYBEBE"],["@@@S@CKH@BBBBB@@@BABJF"]],"encodeOffsets":[[[113675,34366]],[[113692,34283]]]}},{"type":"Feature","id":"611024","properties":{"name":"山阳县","cp":[109.880435,33.530411],"childNum":1},"geometry":{"type":"Polygon","coordinates":["@@DOJKBCPENCFQCQGKCIAOFMFIJIDSHWHOTOHETMNSFMDEJEJADBR@HCHI@OCI@OJOHIbSPKJIF@DHHdFXBDHFFEBKNqJ[DY@I@KAc@YB[FOJADHDPHLHDJDH@J@DAJCH[LKNCH@PLLHFBD@DBD@D@DBF@DADABADADABCBC@C@GBA@CBCD@JDDBDCB@D@PFLDJ@NGDAJEFAFAV@@C@IAGEAE@KDGHCDGACEBGFKDIBYHODIBEEQCQMQQIYIWGOGIIGIFKTDRLVJRHJDH@FCDIAGBBB@@@BBD@BBB@@A@A@C@@@A@A@A@A@A@A@A@A@A@A@@@A@A@CBA@A@ABA@ABA@ADABA@@BABAB@BAB@BAB@BAB@B@B@B@D@B@@AB@B@BA@ABABA@AAA@@@AA@@C@A@@AA@A@AB@@ABABA@@BA@ABABC@CBAAA@@@@@@@@@@@A@@@@@@@@@@A@@@@@@@@@@@A@@@@@@@@@@@@@@AA@@A@@@@@@@@@@@@@@A@@@@@@@@B@@@@@@@@@@@@@@A@@@@@@AB@@A@@@@@@@@@@A@@@@@@@A@@@@BA@@@@@@@@@@@@@@A@@@@@@@@@A@@B@@@@@@@@@@@@@@A@@A@@@A@@@@@@@@@@@@B@@@@@@@@@@@@ABA@A@@@@@@@@@@@@@@@@A@@@@@@BA@@@A@@@@@A@@@@@A@@@A@@@@@@@@A@@A@@@@@@@A@@@@@@@@@@@AA@@@@B@@@@@@@@@@@B@@@@AA@@A@@@A@@@@@@@@@@@AA@@@A@A@@@@@@@A@@@@@@@@A@@@@BA@@@@@@@AA@@@@@@A@@A@@@@A@@@@@@@@@@@@@@@@AA@@@@@@@A@@@@@B@@A@@@@@@@A@@@@@A@@@@A@@@@@@AA@@@A@@@@@@@@@@A@@@@B@@@@@D@@@@@@@@@@@@A@@@@@@@@@@B@@@@@@@@@@@@@@@@A@@AA@@@@@ABA@@@@@@@@@A@@@@@@A@@@@@A@@@@@@@@@@@@@@@@@@@@@@@@@BA@@@@B@@@@@@@@@@@@@@A@@AAA@A@@BA@A@A@@BA@CBE@CDMFA@QCEAEAA@AAAAC@@@GEI@QDSHG@@@@@@@@@A@@@@@@@@B@@A@@@@@@@@@@@@@@A@@@@@@@A@@@@@@@@@@@@@@@@@A@@@@@@A@@@@@@@@B@@@@@B@@@@A@@@@B@@@@@@@@@@@@@A@@@@@@AAA@@@@A@@@@@@@B@@@@@@A@@@@@@B@@@AA@@@@@@@@@@@@@@A@@AB@@@@@@@@@@@@@@@@@B@@A@@A@@@@@@@@@@@@@@A@@@@@@@@@@BB@@@@@@B@@@@@@@@@@@@@@@@@@@@@@@@@@@@@@A@@@QBA@AAAAA@A@C@@@@@@@@@B@@@@@@@@@AB@@@@@@@@@@@@AB@@A@@B@@@@@B@@@@@@B@@@B@@@BA@@B@@@@@@@@@@B@@@@@@@@@BA@@@@@@@@@@@@BB@@@@@B@@@@@B@@B@@@@@@@@@@@B@@@@@@@@@BA@@@@@@@@@AA@@AA@@@@AA@@@B@@@@@@@@@@@@@B@@@@@@@@@@@BAB@@@@@@AB@@@@@@@@@@@AA@@@@@@@@@@@@A@@@@@A@@AC@@ABA@A@AAA@C@A@AA@@AAAA@AAA@AAAAAAAA@AAC@@@A@AAABC@A@C@C@@@@@@@@AA@@@@@@@@@B@@@@@@A@@@@A@@@@@@@@@A@@@@B@@A@@A@@@@@@@@B@@@@@@A@@@@@@@@@@A@@@@@@@@@@@@@@BA@@@@@@@@@@@A@@A@@@@@@@@@@@@@A@@B@@@@@@@@@@@@@B@@@B@B@@@@A@@@@@@B@@@@@@@@AA@@@@@@@A@@@A@@@@@AA@@A@@AA@AA@@@@@@@@@@@@B@@@@@B@@@@@B@@@@@@A@@@@BA@@@@AAGAKF[FABE@ABABA@@@CBC@C@A@ABA@A@A@C@ABA@M@OCKAOCQGICUAOAQDIFQRINKFKF@@A@@A@@A@@@@@@@@@AB@@@@@B@@A@@@@@@@@@@@A@@@@@@AA@@@@AA@@@@A@@@@@@@@A@@@@B@@A@@@AB@@@@@@@@@B@@@@@B@@@B@@@@@@@@@@@@A@@@BB@@@@B@@@@@B@@B@@KL@DIJSNOA[CYIQBMBWBUAQAKA[EWIWESBYPCJGHKFMBKCUIQCKBQHSJ_NIJKDMFKB[FUDWFULGBODMAIAYG]I]CWA[BSBYCcE]F[LEDEHKRKBUBOEQIM@EF@TCNIFMJaAEAINIJOBMAM@IH@JANAPELITCNAJGLIFCBOHINALHDRAPBBFDh@FEHKCQQKGGJBNJXT`HVLHNHJHLHJJJJDPHLHFJJBPGNQLWPQNKNOXCZ@JHRHHPLNJFLCRMhQnEJBPLLh^VZTFPDR@PCT@PDRHLHNDJAdHLHJFTFVBPAXAXFR@NYZiJITARDNHLBNADMMoBMJEPBDHLFD@PEJLADCHOXHDD@JGX[NIP@RDTDTRBRDJJNLTPRXR`F^A^IR@HJPHP@XGRMVBJFL@^K^ONINOROZCV@"],"encodeOffsets":[[112784,34469]]}},{"type":"Feature","id":"611025","properties":{"name":"镇安县","cp":[109.151075,33.423981],"childNum":1},"geometry":{"type":"Polygon","coordinates":["@@GUS_IWAMHILHRRLDFG@ECgAEOAQBGCBKJMPGDAJEHKBIDMJSFKBOBM@IJGN@NBPAJIJMEGIECEAM@QBYKE[EODWJUHODWBWCWGMOCYMSUEKGISISOOUOQOKKYASAO@eAQ@OCMGYMMCODKJMRKVONQHQFYAaGOCOHYbKJKBO@OI@@FA@C@EA@CAA@A@@CCACACAAAA@CAA@CCAAC@ABCDA@AAACAAEFEIKOCCK@EBAAC@C@IBA@C@CAKAE@A@E@WBOJKHOROJ]ZIJIVKFIBGAOGIKOSIMOMECA@ACAACCCAC@AAA@AAC@@AAAC@CBGDCBA@AFCBABC@ACAAAACACAE@A@A@CCACAEAAACAABC@ABCBE@@@A@A@@AC@CBC@EAA@ABA@CA@E@CCEAG@CA@@AE@A@AAAC@AAGAGBABABABABCAAAC@A@CCEAA@@BBDBDADABABABC@AB@B@B@DADADCD@DADABC@CBE@E@A@GAAAAAAAA@AB@DAB@BABABA@A@A@ABABAF@BABCBE@CBA@A@@BBDBD@D@BCFCBCFABABEB@BAD@BABG@ABAB@B@B@DABIDCDE@CBC@ABA@@BBD@BADADABADA@CBE@@BGJWHMLMTERILSD[NQJk^OJKASIIGSGQ@OBMHDLBHBNALEHKPQTSJW@UEcKGIAK@KHINETAPBXBPB^DZNZNNT^@RKEP@DFLLHXNZRNNJPCXI\\ALHLPJbJ`GVIZGjEXC`BTJTNPNTVZbDHB@HDBBBDBH@BHJ@B@BAF@DBBBBDDDBHDDD@@BBNAJFBFKHCJ@B@BEDAB@BCBEAG@CDMFMJ@NLLPAjINFNLLNHNLN\\\\TNVCLSHKAKF]HQNGAA@CDCD@DBFALCHCF@FAD@F@B@FCDADADBFBB@D@DCDAB@F@D@DBF@DBB@DBB@B@DABCDAB@B@D@FBF@D@DADADCDCBA@G@ABCJEFEBC@ABCB@D@B@D@DA@ABCD@FBJBFDDBDBB@B@FCDEDAFAJCFCB@B@@CBADAB@FEF@DAH@DBD@BBBBBB@B@AD_FQPKJGFCI\\BXAPIPINANALHPLRJLDV@PCPKHKHKLMZGRG\\OLOTMDG@GC[AWTSLCLCZIVBNHNPNFRED@`YRKRAJB\\ENIFEB@@A@C@ABCD@B@DAB@DAFBFDFBD@F@DADE@EH@JAL@D@BBBD@DBDB@BDBDHBB@JABBHBFANKRCHJBDBJB@B@LCJELI"],"encodeOffsets":[[112189,34232]]}},{"type":"Feature","id":"611026","properties":{"name":"柞水县","cp":[109.111249,33.682773],"childNum":2},"geometry":{"type":"MultiPolygon","coordinates":[["@@B@D@D@D@DADAD@BBDBFDB@D@D@DABADAD@FADAF@F@J@DAD@BADAFADABCBCBCBC@ABABADABADAD@DBD@BADAD@B@D@BAD@D@BBBBDBD@BBBBBBBBDDD@FABAF@BBDDDBB@D@F@D@DBDBDAFABADCBABCFAB@DADCDABADAD@F@H@D@FBDA@ABABC@CBADAD@H@D@H@HADBF@F@F@DABAD@B@D@HBD@D@DABABABADCB@DBBBBDBDDBB@B@B@DAB@DB@B@BBB@BDBDBDBD@B@D@DAD@FADAD@F@DAF@D@F@DBD@B@DAB@DC@ABALSHOJOBERMZKNIHCRENDLFPBLKAOEKGKCQDQ\\FOAQEIGICKDGLODGUYg]KKAOFIRmNgDQEKMIOKGGGQ@IDYPWLMRMXORKHMAOIIGEGKCOIIIIKGIGMGKGKJIFKDA@A@AIACGIQDMLEBGAAAIBA@GAACACA@AC@CACAAC@K@IBG@@FCFCBE@C@EAECEACBA@CBA@C@AD@B@D@BA@EFMJ[FIAQBQL_ZC@QFMEMOMGUAYJKDKDSTBXD\\@HCHSNKP[PQHYHKNGLGLOLODU@KCQIOKKGMBMBOJOJWB[AJEDIHOLERC`@B@AAAAAAAC@CAG@CBE@EFA@CBAB@DA@A@EDIDEBCBCFEDA@A@CACAECIAEAC@AD@BCBC@A@C@A@AD@BADEFIFAD@B@HABCDCDCBCBC@E@EAC@A@A@CBADCBA@A@CAA@CAE@CAC@E@A@CBCDC@A@EACACBCBEDA@E@C@EBE@GDKDEBCAC@CD@DBBMHGRE^BLDCJAPDRHHNNVNXJ\\ATEVOXU`SLU@AaCI@KJKTAVBBDFBBBB@B@DABBB@BBBBAB@B@BB@DBB@DBBD@DBB@BB@BBDB@BAD@BAF@DABA@AB@D@B@BBD@DBDBBBBBB@BBDBBBDDBBBBD@B@F@FDFBDB@DBDB@B@D@D@BDDBDDDBBD@BBD@D@D@D@F@DDDBFBBB@D@BBBABAB@FAD@DAF@DBD@B@D@D@D@DBFBDDFBD@FDBBFDB@D@B@DAHAH@DBFBB@D@D@D@BDBBBDDBDBB@D@F@F@F@FBDDDBBD@BBBBBBBHDD@DBDDBDDBDDDDBBBD@BDFDDBFBDABBBBBBBD@DBB@B@BCDCH@HAB@HG@EACFADCFBNDHBD@BAB@BAD@DADAB@DBB@DBD@D@B@DABCFEBADAFA@C@AAABE@A@E@I@C@CBABA@@@ABAD@BADDF@F@B@BADCFABAD@D@BBBDBBBAD@D@JÃECCEBAEGCCFEDABCBCNDLHBJNN@DC@f¼BADCD@FAFAL@D@H@H@DBDB@BBB@BBBDDDBDDFB"],["@@e»E@MDI@CCIÄBBD@F@BABADEDADBD@DBFBDBB@BAFAFBD@DBB@BADADA@@"]],"encodeOffsets":[[[111854,34692]],[[111812,34685]]]}}],"UTF8Encoding":true}