{"type":"FeatureCollection","features":[{"type":"Feature","id":"520403","properties":{"name":"平坝区","cp":[106.259942,26.40608],"childNum":1},"geometry":{"type":"Polygon","coordinates":["@@ROHGFGDKFIHEJEFCBAD@BA@@@A@E@EAA@A@CBADCCAE@AAA@AC@A@@@AB@@@@AB@@@B@@@BA@@BA@ABABACICG@ABAFAF@DADENIJENAPAL@LBJFLFPFPFJDNDLBF@JEJILIJCHAJANCHIHKDK@IAMCIAGCIDGBCB@D@DBD@BAB@DBD@BBBAAAAAF@D@@@B@F@DA@@BABA@@@@BA@ABA@CBADIACAAE@C@C@A@AADCAE@CECG@EACAA@ABACA@AA@A@CBC@ABAB@F@F@FAD@B@DAF@D@L@D@FCPET@\\GP@PBHBJFLHJHJFJHJ@HCHGFMA@@@AACAAABEAG@ADCBA@ABA@ABCC@BED@AA@A@@H@B@D@@@@BAB@DDAB@DA@ABCHIDAD@@@BA@CACDABABA@C@A@@B@D@@C@CAA@@@CBC@CB@DA@@H@D@CC@A@AJCDAD@BCDA@@@@BEBADAF@D@B@FBDBBBF@B@DADADAFADBDBB@BCBAB@F@DBFAVFB@@@BAB@F@JEDABABCBAAC@CAAAE@AAAA@A@CAAA@C@CBAFCACEGAABAD@F@AA@AA@BEBC@AAAAACACA@CAE@CECAECACEA@CBA@@C@ACAECCAA@ABEBEDCBC@AAC@@ABABA@@@AAADGAAACCAAAAEC@AA@@@A@CA@@@@@@B@@@@@@@@A@@A@@A@A@@@@@AA@@A@A@@CAA@A@C@AA@@@@B@D@B@@A@@@@@AC@@A@@B@@@@AA@@@AB@BA@A@A@AA@EBA@ACAE@CACCCEAC@C@@@@@A@@@@@@@@@A@@@@@@A@C@C@E@ABAAAAAA@AB@@AAC@ABA@AB@@A@A@@@C@@@A@@@A@A@C@A@@@A@@@ABA@@BA@K@eD_F]FYFQJMDOAWACEC@GBQHUJQLIHGFOBEKDQEMA[I]AB[IGC@RBFJJ@BD@FDDPBDEBE@I@C@@HDDFBJ@BB@BAPAFADCBGBIAGCEEKCK@C@@BGDABC@CA@A@C@C@@A@ABADABCB@BABCBEDABA@AA@CA@@A@@AADAB@BADAB@BABA@ABA@A@ABA@@@ABAB@BA@A@@A@@CA@C@ABA@@@A@A@ABABA@ABCDABAB@@ABABAB@B@@@B@BAFAF@B@@@BB@IJOHIBSIKGOMKACEEEECE@EB@D@FAB@@CB@@@@AB@@@DBBA@@B@B@@A@AD@BA@AB@B@B@B@@@BABCDABC@EA@@AA@@@@A@@B@@A@@@@B@@@@BBBBBF@FBBDDD@D@D@JELEB@D@D@BDJHDB@BADCBAD@BD@DABBBDABC@EB@D@DCBEAIAG@EBCBCFAH@BCBC@C@E@E@A@GB@@A@AB@D@DDBBBDB@B@D@B@BBBDBDADAJAF@DBBDAFCJ@HBBAFGDMFQAQHQ@IG@EBKCGEIKMQMUKKAGHAHBPDNJNJPHLAHGHGBAJALAFADABC@A@@@AACCECAA@C@AA@EJCNALENM@MAMCSEQGSKI@IFADEBEJ@DBD@DCF@@@@B@@B@@@B@@@B@@@B@B@D@@@@@B@@@@@BA@@@B@DDFBBBDBB@DBB@B@BBD@D@@@DB@@DBD@BBB@JF@@@@bRnC®nPNLXDjL`BHN^^M~"],"encodeOffsets":[[108699,27264]]}},{"type":"Feature","id":"520422","properties":{"name":"普定县","cp":[105.745609,26.305794],"childNum":1},"geometry":{"type":"Polygon","coordinates":["@@AAA@C@G@AACC@ABC@AACB@@@D@@A@A@AC@C@@@@@@A@@@A@@AA@@AA@@@@CC@A@AAA@A@A@ACC@AA@@AA@@A@@AA@@@@A@C@A@AAAAAAACA@BABABAQS]WUOWOQMOMKGSEKGOAMGIMAIDEJDLAJCDC@OEOEIECMHKAAAAMFEFCBE@ECEECGBEAK@CACE@EAECI@EDE@CGGCGBEAQACE@UFK@ECGGBCD@FE@ABABA@CBCBA@A@ABADA@@C@@AA@@@@@A@@AA@AA@@A@@AA@@@@@AA@@@AA@ICACAEACEAE@CB@@@A@@A@@@@@@@MS@ACCAEAEACAEA@A@E@QBE@EAAACEAAAAA@AAA@@AKQ@AA@@A@AAC@AAAA@ABABABCBC@ABB@BBBD@BAB@@@B@@AB@@@@@BA@@@@B@@@B@@@@A@A@@@A@@@A@BB@BABCBA@CBA@G@AB@@A@@BA@@B@F@@@B@DAD@FAD@BABADC@AAACCAACAAA@@@CAA@A@@BCBAB@@AB@@AB@BA@@BA@@BA@ABA@ABAB@@A@@B@@A@@BA@AB@@A@@@@@AB@@A@AB@@@BA@@@AB@@A@AB@@AB@@@@A@ABA@@@@@AB@@@@A@A@@BA@@@CBA@A@@B@@A@@@CBAB@@A@@@A@AB@@A@@@A@@@C@A@A@C@A@@@C@A@@@A@@@@@A@@@A@@@A@@@A@A@@@A@@@@@AA@@@@A@A@@@A@A@K@C@EBA@C@E@CBC@E@C@CBA@GBA@@@C@A@ABAB@@A@A@@@@B@B@@@BABAB@BABC@ABCD@D@DDF@BCBA@E@CAGEEC@@C@AAA@A@A@A@A@@@A@AAABA@ABCB@BA@CDAB@@A@A@@@A@A@A@A@CA@@A@AA@@A@AA@@A@AACCACAAEACBC@A@C@AAAB@BBD@B@B@DBDBB@BC@AB@@@@@B@@B@@BC@CBC@A@AAAAA@@CACCCACCACACACAAB@@@BMJKTGLWNOPAJ@J@LAPDHLHPLDTAPFJBLDPNPRLRNhLJFJDRFNHNHNHLHHNJPFPHHRLNDPFXJXJXFXFRNHITKVhB@HDLDVHTBJEJKPGRFVJJNHR\\H^AvCRFNDJHLLLJPLVHPFPPTNPDJCHGNEB@@@B@BBB@@@B@B@BBB@BBB@BBDDBBB@@BB@@BBB@@BBB@BAB@B@@@BBB@B@B@@BB@DB@@B@B@@@B@B@B@@@BA@@BA@@BA@@@@@ABA@ABABA@@@@@A@A@@@A@A@A@@@A@@@@@AAA@@AAAA@@AA@@@EBA@AA@A@A@A@@A@CBAAAB@BCD@BABC@ABCBABBBB@@BDBAAE@CC@@C@ABABE@G@K@ECIIEGA@@EACCAAB@BABABADB@ABC@ENKDAD@@@@@FDDBB@H@DBB@D@B@@@B@@A@@@@@A@@"],"encodeOffsets":[[108538,27076]]}},{"type":"Feature","id":"520402","properties":{"name":"西秀区","cp":[105.946169,26.248323],"childNum":3},"geometry":{"type":"MultiPolygon","coordinates":[["@@AGECQBUBGA@OOGCKPCVDXAPIDI@@BABABAFCLEFCDEAAEAE@C@CAECCGAGBEA@@@@C@@@A@A@C@AAA@A@A@ABA@A@@@A@CA@@A@AA@@A@A@@@AAA@A@@AA@C@A@C@AA@@A@A@CA@AC@AAA@C@@@A@AAA@@@AA@AA@@A@@BA@@B@@A@AAAAACEAGACACAAC@CBCFAHAPBH@@@B@@@@@@@FABABC@A@@@AB@@A@@@@LMDOEIKGKIIGOFENEFMAGOCYC[AKCSAC@AA@@@A@CKACAAA@C@C@@AACAA@CBA@@B@GI@BCDA@A@A@A@AB@BA@@@A@@CAACI@C@CB@BAD@D@@@AE@A@CBABABA@C@CBADGAAACC@C@A@@@BA@C@AAA@E@@D@D@@@BC@C@EACAAA@AB@BAB@D@@ABA@@@@BA@ACC@A@CACAA@C@A@C@@A@@BA@@AAA@A@A@@A@A@AAE@A@C@G@EAAAAAAC@CBAB@@A@@@@B@BABA@CAABA@@E@IBEAAAAA@@A@ADCB@D@@A@C@ACAAAADAB@B@BCA@@A@A@@ABA@A@A@@C@CCAIECIBCH@L@NANATATCLIPKLOHQFKDQBOCIAGDAFEJCHEHCLGHGJQ@MAIEQGIIKKGKECAACCECAAA@@A@CAAAAEIC@A@AB@BA@ABA@C@CBAB@@AB@DBDBDA@C@A@CAA@CBAB@@@B@BADCAE@E@A@IAC@A@CACACAA@GAKAUFMAMCIGKKMAED@@A@CBC@A@@A@A@A@@AC@@@@CAE@ABBB@B@B@BABB@@@BBDBDB@@@@BB@D@BAB@@@B@B@AC@AAEAC@C@ABCBA@ABACAB@@BD@B@B@BD@DBFDEDEFCNIHE@KCQEEF@PAL@LAFEBGBKFIFIDECMCK@CDAHBHHHPFNDPHDJBPLNNLFLFRBNFLFHEDQBIDILCBEBI@K@O@AAEAKIKEOGMEEAEBED@B@@DBB@B@@BA@@BABB@B@FAB@BB@BADBB@B@BCB@@@@EB@@A@A@@AAA@AA@AA@@@@AAA@AAAAACA@@@A@A@@@@@@A@@A@@@@A@A@@AA@@CA@@A@C@C@AAC@C@GBC@@@@B@@BB@B@@@@@@AB@@@BC@CACCA@ABAB@BA@@@CBAB@@BBBBD@DBBB@@@@@@A@@@C@CAA@@ACAA@ABAB@BABA@@D@@CFAAA@@B@B@D@B@BB@@BLR@BB@BBB@BBBBDFBBFBF@RAF@B@B@BFBDBFBFDD@BNT@@@@@@B@@@@B@@DAF@FBBDBFBDJDB@@B@@BB@@@@B@@BB@@@BBB@@BB@@@@@B@@BD@@@CBAB@B@BABAD@DABAB@BEFC@ADHHFDL@VEF@BDBRAFDHHH@DCF@FDJBF@FDFDBL@FBHAFDDF@FAFEDEFBNBBLBNGFDFJFP@PCDIDKBICCFBJJNNHPBLHTFLHPNRNXPVP^XRTABABABB@BDBBBBBBB@D@B@@@@@BB@@@BB@@BB@@BDD@B@B@BBB@B@BDD@@@@BB@@BB@@@B@@@B@@@@D@D@@B@B@BC@@@A@BD@BAD@BDDBBH@D@B@BB@@@C@A@A@@@A@@@A@@@AA@@@@@DE@CAC@CFIFABCJEJ@TLRHTFNDNBN@FMBKDMFIB@@B@DBBFDDDBB@@B@D@BABCBEBKBIHAHGBGGKIOIMCMAOBGHGLBVLRNLNFJDHAL@FJHR@RGRBNEHCBEAA@GDIBEACCAE@IBCBCBCAAA@A@A@C@ACAAACA@C@CBAB@@@HAB@F@F@D@D@DA@ABGDEDAFAH@JBFBDA@C@CFAD@BAACAACBC@@ABCDABC@ACAIGACC@C@A@KFIFC@C@C@CCAA@EAEAAAA@@@@@A@@B@@@@AB@@@@@BB@@FBD@BADCBA@A@@@A@A@ABAB@@ABCB@@@@A@AB@AA@C@@BA@@@@DA@@BA@E@CFAF@FDFFDFLBPNLHTJJAPGJIA@@A@@@ABEBE@A@A@@@ABABABA@@BABADCBAB@BABAB@B@@@B@BAD@B@@DB@@@@BABA@AB@B@@AB@B@BAB@BABABA@CBABA@CBBB@@@BB@@DBBB@BAFCDABA@ADABABCBAB@@@@D@D@BDBD@BAHC@AD@L@LDFFHDJBHADABCBEBO@AAAI@EACC@GD@J@F@FAACCOECC@@AIIAE@Q"],["@@B[@UCQGM@@@@AAIMIKMEOAUBIHGNGH@@ALIRABJ^B\\FNCRFLPAHEJGRKVIRGHAD@"],["@@@AD@B@@@@A@@D@DAB@@E@BACCAA@@@C@C@CAA@@D@B@BA@HJ"]],"encodeOffsets":[[[108832,26877]],[[108913,26910]],[[108777,26658]]]}},{"type":"Feature","id":"520423","properties":{"name":"镇宁布依族苗族自治县","cp":[105.768656,26.056096],"childNum":1},"geometry":{"type":"Polygon","coordinates":["@@@A@C@A@AB@BBDE@@@CB@BA@ABABAB@DB@BB@DBD@@@B@@@@@@@AACAC@AAAA@@BADA@@B@@ABABAB@DDDBD@@A@@BA@@@@@@@AAA@@@A@@D@HAD@D@BBD@D@B@@@DB@@BB@@@B@B@@B@@@@B@@@@B@B@@@B@BDBBBBB@BB@@@@BBB@@BBB@BB@B@@@FA@@@@DA@A@AAABC@AAAA@EBA@A@BA@AB@@AA@A@CA@@@AFCFAFBNFPHLFLJFBBBP@L@J@FADAJKJCRAFCEGEKAMEQEKMKKMAOCIOGMCOEGGAGBGDCL@NDFDJCJELEHAFABE@KBK@OFERFLDF@JGDMFEFCECCAC@@A@A@AAC@@BABDBAB@DABAD@D@FBBBD@@B@A@A@@BA@A@CAA@@@@CACAAA@@A@BA@A@A@AAABAF@DB@@@@BD@@@B@B@BB@D@DAB@@@FCNBLLJHNDNBVELBHBB@DBDBDBB@D@JBB@F@F@DBBC@A@A@@BADAB@DBB@D@B@ACAC@CBA@@BADAD@B@BAB@@ABAB@D@BA@A@@AAAAA@EAAA@ABCBE@EBC@A@@@C@ABA@AAAA@@A@AA@EMIGOMKMIQ@SHSLQNKNILIDIDIACIEK@KDK@QIGO@KAKOMQKQKSIQMOOGSCQBQFSBUCQaKHgP[XQVEV@BGeWEqCIFUJSPSNOLIBABBB@B@BBB@B@B@@CDA@ABABCBABABA@ABAA@@A@A@ABABA@ABA@A@C@A@A@AAA@A@A@ACAAAA@@AAA@CAAAAAC@A@A@CAA@@CCGECCCIBGFEHEHBDDBDD@FAHCDEDGHG@ACGGIIGQEMIQKUMWKQKSMGOBKHQAK^WBEGEAIXUWKWLKCAMKAQKKFIHKHMBIFSL[LOFWJOHSHSDQF@L@@@BC\\@FALEHqCXIPNZ`fPdGBGb@FD`CJWPQTDdCJWFDPLLNDLAHCNGTAPBL@LELGRCDHA\\LLIPIPALAREVIHQBYBeHcD_R]VYPQPKVWj@BAVAR@BDNFZ@VA@Ib@BA@ABE@CAGAC@E@ADABBBB@B@@D@BDDF@DBD@B@D@DBB@@@@RCL@@@@CR_XWFMCUBY`A@@@ABc^FHDHDJDP@NDZDXDLJRDNCLIZFJDD@@BAB@@@@@B@@@B@@@B@@@BA@@DA@@B@@@BA@@@C@@BABABA@ANQDCFAFDHBJ@JCNEDAB@B@@@B@B@FA@@B@B@@BB@BB@BBBAHCFCD@@@@BBA@@BBBB@@BB@B@B@B@B@B@B@@BB@@@BDB@@B@@@B@@@B@B@@@B@B@@@BAB@@DBHDDBBB@@BBBBD@@@HBL@JCB@BABC@AB@DAH@DBBB@BBBBBDD@@@@BAH@B@DAB@DABA@AAAB@@@B@@@B@B@@@@@@A@@@A@@B@@A@@@@BA@@@A@@BA@AACAAA@BAD@DABABABAB@BB@BBD@B"],"encodeOffsets":[[108287,26783]]}},{"type":"Feature","id":"520424","properties":{"name":"关岭布依族苗族自治县","cp":[105.618454,25.944248],"childNum":1},"geometry":{"type":"Polygon","coordinates":["@@d]BA@@B@Z_VANDXE`WDQ@@@@DK@Q@@A@CAC@A@C@CAE@CC@A@CA@A@AABABCF@D@HBDBF@BAB@@AJaB@@UEYCM@ABQBU@AXiLUROZO^U`QdCfGZARAJGFUBQBKJOJOKKB[CGQDKHKFK@OASBMHGDKBMCKKCOXEDICcRSXODIC_@EHaAHOc_eMYUHKLY|[VKVGXOdOR_PuHaLU@SWQKWAC@EBSTKVidITIJZUVENWTSBwl[`IjHELOJcIY@SHWN[Z_heLQNEPPp@F@D@D@B@@AD@@AD@@AB@@C@@@A@AAA@AAA@A@ABABABAB@DBBBD@@@BFLFHJFLFVBTCXCbFZDbF\\D^IVAZDXFV@RA^BTDZHTF`DPFNHHHFJNPPRBB@@@@DD@@@@NLVLVFR@PEPQTG"],"encodeOffsets":[[108127,26688]]}},{"type":"Feature","id":"520425","properties":{"name":"紫云苗族布依族自治县","cp":[106.084515,25.751567],"childNum":1},"geometry":{"type":"Polygon","coordinates":["@@B@DBD@D@@@B@DBBD@AB@@AAGHBFABB@B@D@DFBHBBBBBB@D@@AACGG@CFC@@FABABEB@B@@D@DDDFBH@FABAB@D@BAB@BEBCBCD@D@B@@C@EBADCDA@@@AB@BADBB@B@@BB@B@BB@@B@BAB@B@B@@A@A@@A@@AA@@@AA@@@@@AA@@@@AA@@@@A@@@A@ADGFAF@H@F@BA@A@CCOCIACCGEAI@K@GAEEAGAG@IHOBE@ACAE@KBCAACAC@OBCDAHARCLCDC@A@EKKMSAIAIAGE@E@CC@ECgAAC@C@AA@ABCDA@CCCGACCAGIEOIGAACAE@KBGDCBC@CAAB@@@@A@C@CBC@AAC@@AAAC@A@A@C@A@@F@D@@@BOL]D_BWAQEOOKSGKGCIFONGN@ZTVPPLNFNALALMBOCUFKBOPAZSfGhUrMZ@VH^jHDLBTG\\OfaTE@GCQOUIWESOOUSSUKKGOBQFUCWQaKSEKC@A@E@CBC@E@A@AAA@CCCC@G@CFCJCDC@ACAEBI@AAAC@CB@A@@ABC@A@@AA@AA@@A@ABAB@B@@BD@B@B@@AB@BA@AAAAA@ACAAAAAAAAA@ABC@@BA@AB@B@@@BBB@BBB@BBD@D@BA@@BABA@@@CBABADA@ABCDCBEA@@A@A@AB@@A@A@@@A@C@AACCAA@@@AAAAAA@A@@AA@AAA@AAAA@@AA@AAAA@@A@A@A@A@ABA@ABEBA@@AAA@@AA@A@@AA@@@A@@B@DA@@B@@A@A@AA@@AAA@@AAC@CACAEA@@BADAF@B@B@BBBBBBB@B@B@BBB@D@B@@@B@B@BA@@@@@A@AAA@@AA@AB@B@B@BBB@B@B@B@@@BADCDAF@DADEBC@GDK@@@A@A@A@ABABA@ADABA@A@AAA@AA@AA@A@@AA@@GAEACAA@E@ODOFE@AAEDS@YGSG[G]COHMPKRKPSPcP[HW@[EQGGACBAHAJAJCTGZM\\QVA@@D@FAB@DADABABADA@ABAAAC@CA@AAA@AAC@ABC@AAAA@@ABA@ABA@ABA@G@G@C@ADDDBH@JEFEBCGCWMQOEUAEBCNCX@JFFJ@HB@FEHKJILGNEHEDGACEMAOBMJONOLCHDFHDJ@@@B@BBBBD@B@B@B@B@DCB@BAB@DBBB@BBBB@DDB@BB@@@B@BAB@@C@A@ABABADBBBB@BBBBB@D@B@D@BBDBBB@D@BB@BB@@@@B@BABADABAD@D@BABABADCDCBCBCDCBC@CBABCBABDFFDAHEBG@CAIQA@AAACA@AAAA@@A@A@ABA@A@A@A@AAAAAA@@@ABAB@@AA@AABCBA@CAA@C@AA@A@AA@@@A@CAC@AAAAC@AABA@CDA@CBA@A@AAC@A@CDABABABA@ABABCBC@ABA@ABCAABC@C@A@CAC@E@E@A@AAC@AAC@C@ABA@@@C@BBAB@B@B@BAF@BABCFAD@BB@BB@BBD@B@BBD@B@B@B@D@B@DA@AB@BABAB@BA@@DA@@BAB@BABABABABA@AB@BABABABADAB@BCB@DA@A@A@AAA@A@AAABKJMPOTITEVDJFrfXAHU@UFWRO\\GhbLDRAVETARDRHTPPRNTJRLRLPNBL@LHPRJL@LCL@JFBDCJCJKJMJMLKRGT@TJRLNPNJHFNB@@B@BB@BB@BAB@B@D@@@BAD@FAFAD@BBBFBB@BBBB@@@BABFJBBBB@D@BB@BBFDDDBBFDHLLLJJRHJFNBR@HIHGDKFGDGFIBEHCJBPDRALCREPGLKJODKBSBSBM@M@KDGJAFDBJDDD@@@@B@BAB@BB@B@@@DB@A@ABABCBBDB@B@D@BC@A@CD@B@BB@BBBBAF@J@FB@BADBB@BA@A@A@@B@@@BADAD@BBBBBB@F@H@D@BBF@B@B@BB@B@B@BB@@AB@@@BD@B@D@B@DBDBB@D@BDB@@A@@B@BA@@@CBA@ABAB@BBBD@F@DAD@@C@C@@@@FBB@B@DAB@@B@D@D@BDBBCHAB@D@DABABAB@D@BBF@@BB@@FDDBB@"],"encodeOffsets":[[108774,26649]]}}],"UTF8Encoding":true}