{"type":"FeatureCollection","features":[{"type":"Feature","id":"360921","properties":{"name":"奉新县","cp":[115.389899,28.700672],"childNum":1},"geometry":{"type":"Polygon","coordinates":["@@@@@@E@A@A@@@@@@BABAB@BAB@B@@@@CB@AABAB@B@B@DB@ABABC@A@@@E@CACAACACCCCAG@C@ABCBC@@@@@C@@CAEAECCCACCCACAACACACBCCCAACBCB@@@@CB@DCA@C@AC@C@ABC@C@CAACCA@ECEACEBAAACACCCE@CBG@CBADAFCB@B@D@DBFDHBD@D@F@D@DCBACACEBAD@B@FEDEBADABCBC@C@CCE@CBCBCACACAGAC@CA@CBCDEBEBADABCCCICCCEAKCEAGAGCA@C@GEEECAAACAE@C@@FCDEBAB@D@FEFCF@FEHCDCFAD@DAFEFADEFEFCACAAACDC@ACAC@C@I@ACCE@ADADC@CBCACAEACAC@CBEBCAAACBCBEBEBCDCDAB@DDD@DADCB@BAD@D@F@DABADEBEBIBCDEBCAC@C@C@EBADCBE@C@M@EAA@C@EBEBCBE@C@CACAC@I@IAEAGCEAE@C@I@GCEAEAE@C@C@G@EBABADCBCBCBEBC@@CCCCAAABC@CGGCCCDA@C@E@ACAC@CCECEACGACAE@ABCBC@@AECC@C@CAEAAAACBADAAE@CAAE@CACCCEEEACCCG@EBCDABG@GAC@EBC@E@ABCBCBCBE@CBC@ED@DADAD@D@D@N@DCFABABEBGBE@E@CACAACACEACBABCBABE@E@C@A@EBAB@DAFEFCBCBEBA@CAIBCBAFABABCBEAGAEACAACAACCEAICICC@C@CBEDEBEBG@I@E@C@ECAAACAACACCAC@AACACAAAAEAC@G@EAE@C@C@ABCBABEDEBEACAC@C@AAECGCE@CBCBAD@DAJABCACDEBEB@DAD@BADCDCBADAD@D@BEBE@CBCBABCBADCBEDEBGBEDIBCDAB@DBBDDDFABADABGLADAF@BADADABCDCDCFADADAF@B@B@D@DF@FBDBFBDDDBDDDDBFBBDBFAFAF@DBFDDDHDJHFBH@DBDBBBFFBF@FAHAFADCFCFCFBDHBDBBBDBDFDHDD@@BBBBB@F@BADABABA@@B@@A@@B@@A@@@A@@@@BA@@@@BA@@B@@A@@@@B@@@@@@A@C@@@A@@@@BA@@@A@@@A@@B@BA@@@AB@BA@A@@@@BA@@@@@A@@BA@@@@B@@A@@B@@@@@@@BA@@@A@@@@B@@@B@@@@A@@@A@@B@@@@A@@@@B@@@@BB@@@@B@@BB@@@@@@@@BBD@@@B@@@@@B@@@@@@@B@@@@@BB@@@@B@@@B@B@BBB@@@B@@@@@@@@B@@@@@B@@@@@B@@@@@B@@@B@@B@@@@BBBB@@@@@BB@@@@@@B@@@@@B@@@@@B@@@@@B@@@B@@@@B@@B@@@@@@@@@B@@@@@@@@@BA@@@@@@B@BA@@@@B@@A@@@@@@B@@@@@@@@BBB@B@@BB@@@B@B@@@@@B@@@@@@@BAB@@@@@B@@A@@BA@AB@@@@@@@B@@@@@B@@@B@@@B@@@@@@BB@@@@BBB@@@@@B@@B@@B@@@@@BAB@@@@@B@@@@@@@@B@@@D@B@@@@@@B@@@@@B@@@B@@@@@@@BA@@BA@@BA@@BA@@@@B@@@@@B@@@B@@@@@B@@@@@B@B@@@B@@@B@@@B@@@BBB@@@BB@@@@@@@B@@@@@B@@@@@B@B@@@BBB@@@BBDBB@BDDFFHFHHFHFFBHAD@DADADAB@@@BA@@@@@@@@@@@@BA@@@A@@@@@HBDBF@FBFBHDHBH@N@HAFBHADAHCFCBCBCFAHCHAFAH@BBDDFAHAFCFEDCDCDAD@DBFBH@F@FBDBFBF@H@DBD@FBDBDFDBDBDADAFBDBDBDDFBFADBF@DB@DBD@FADBDD@FCBBDBBFDDFFFDFDFBHBH@FBDBFBFDHDHBHBHDDDDBD@D@FAFCFBBBFBD@DABBFDBDD@BCAC@CBCDEDCBCFCF@JAFADAFAHAFAH@DAF@HBB@D@FADCBADEDBDBDBFDDBDBFBD@D@BCDADADBDDF@FAFAD@D@BBHADAFAD@HBDAD@DCHCFCFAFBDBFFD@D@F@JDF@FBD@DABADAFCAC@ABE@C@C@ADABABEDC@CACAC@GBCBCBADCDCFAFADCFCDADBBBDABABCDAF@D@DAF@F@H@FG@CDCBADEDADABADAF@@D@DBDDD@B@D@FBDBF@DBBD@DCDADAD@@DBDBFBF@H@F@DADDDBBFDDFABCBEDAFD@FBDBFDADBBBBC@ECCFABADABCHEDGHCFADAD@DDBDB@B@D@DBBBD@DFBDAFCD@FADADAD@F@D@BABCDAD@DAF@FAFADBHBD@@DAFFBFBB@FBBBB@DCFCJCDCBABAF@FADCFAB@HA@ADA@AAEAECEAEAC@CBCBECCA@CC@CAAACAEDGBCAGAC@AAAIAE@KAECBEBAACC@E@C@ACDAF@BACCAE@CCECCCECEC@ADBDBBDFC@C@AAEACBCBAACC@CBCHCBEACA@I@@CDCBADE@EDGFG@C@CCED@DAFCD@FBD@BIDEBADABAB@DBB@BBB@BD@B@B@BBBBBBBBAD@BABAB@DB@BBBBBBBB@@BF@F@F@LCDA@@NAFBBBDB@BFHFBB@D@BABADABABADABAD@B@D@D@D@BBD@DAD@BABAD@BAD@BABAAAC@@AACAA@AAC@AAACAAAAAAC@AAAAC@A@CBAB@@CBA@C@ABADABABC@A@C@A@C@A@A@CAA@CAAAAACAAAAAA@CAA@C@AAC@C@AAC@@@A@E@KAG@AACEE@CBCBAFCBABABCCAA@@@A@@@A@A@@@DA@@@@A@@A@@@@BAAA@@A@@@@@DCBA@@@@BCB@@AB@@@AA@@AA@@AAAAA@@AAA@@AA@@A@A@@CAA@@A@AAA@@BABA@@@C@AAAA@A@AA@@@A@A@A@A@@A@@D@@@@AAA@A@A@@@@BAB@BA@@@@A@C@@@@C@@@@@A@A@A@@@AA@@AA@@B@@ABA@"],"encodeOffsets":[[118294,29284]]}},{"type":"Feature","id":"360902","properties":{"name":"袁州区","cp":[114.387379,27.800117],"childNum":2},"geometry":{"type":"MultiPolygon","coordinates":[["@@DEDEBADAFAF@DC@CBGBGBADGBE@CCCCCFADCDAAG@CBABE@CBEBCDADCDCDC@@@AAAAAA@AC@CBABAD@B@FB@@DBBB@@B@BABA@AAAAACAC@EAAAAAAA@A@C@A@AA@CAEAAAA@@C@A@AAAAAAAC@CACCCCCACAC@A@A@CBA@BCAA@AEACACDIFEBEACCC@CBCBK@MCQ@GCGGCCAEBC@C@A@ABABA@@BABAD@BA@@@@@A@@@@A@@@A@@@A@@AB@@A@ABA@@@AB@@@B@B@BBBA@@BA@@AA@AAE@A@AAAA@A@AB@B@@@@BBBD@B@@@@A@@@AAC@A@@@A@@AAA@AAAA@A@A@@BCBABA@QCGCECCIAG@C@AAC@CACAE@C@A@C@C@C@EBGBE@CBEBE@CBCBABCBCDGBCBCDIBEBCDE@CBABCBCDCBADCDCBAD@D@D@D@D@DBDADADAFAFADADCBADABA@@D@BBBB@BBD@@@B@B@BBBBD@BAB@B@B@BBBDBBBDBDBDDBBBDFBF@FADCDEDCBCBABABC@C@CBEBE@C@E@@BEBGAECGOIECAAECAAAC@@AE@A@@FC@C@CIICACC@ABEBCDCD@D@DDB@@@@D@BCD@B@BBBDBD@BBD@D@BAAAAAAE@C@@DCFEBEBEBEAEACEM@CBABABABABA@C@CBA@A@E@CACA@CAAACAAC@A@ABCBA@AAACCCCACAC@ACC@@C@EACAECAAAAAA@CACACACAAACACAEAC@AA@CCCC@A@A@CAAAAACAC@CBABA@E@C@C@CAACCCAECAA@CAAAC@CACACACAABCB@BCBCBCB@@AD@@ABA@A@C@ABABA@A@A@AAACACAACCA@ACBEFABIDC@IGMIII@@BEBCBCAC@AACCAAAAAABC@C@A@AACAA@CAAACAAAAAACAAAAA@CAA@AAAAAECAA@C@AA@CACA@@BABAB@BA@C@E@@@@@CD@DABGBC@CAIEC@A@CAC@CAE@CAAACA@AACAA@AAC@CA@AAAAC@C@EBE@CBA@C@AAEBG@EAC@A@A@C@AB@D@DAD@@EBGBAACAAKCGA@CAC@A@CBADA@ABCDADCFAFAB@@A@C@A@@BADABA@A@CAOIEA@BA@@BABCDC@CDCBCBCDCDCBCBCBCDCBCBA@C@C@C@CBA@ABC@EAA@CBC@C@A@EACACACAABCDCDC@AB@DAB@D@BABC@CBEBC@A@ABADADCBABC@C@ABCDABAB@BABCBA@ADCBABADABABABABABABABABCDEFADCBC@AB@B@B@B@D@@ABA@ABABAD@BC@CBG@EBABA@@BBDDBD@F@BBB@BBDDBDBBDDBDBBBFBBBF@D@BABCFAFEBCDEDCBAD@@@D@D@BCDCBCDCBCB@BADBBDD@B@BADADADAD@BABABABCDCFEFCDCBAB@@@DBBBDBD@@@B@BABABGDE@A@CDC@C@A@AAAAA@ACCACACB@@@B@BBBJFBB@D@BADAB@B@B@B@BA@@BABA@A@C@A@A@A@@DABCDABADCDABCBCAC@EAA@@BA@AD@B@D@BABA@AA@@C@A@@@A@@@@BABABC@A@A@AAA@GK@A@@BCFCBAB@@A@@AAEA@@ECCAC@A@EBCBGDC@CAEEECECEAEAICEAC@EBABA@C@C@GACAEAE@C@CBCDAFAFADABEBCBA@CAC@CDCDCBCDA@E@ACACAACAC@CAACC@CAA@CAABC@@BADADABC@EDEBABC@CACAC@C@ABABAD@BBD@DBD@D@BAD@@E@ABE@ABCBCBADAB@D@D@FBDBFBDBBBDDB@DBB@D@@@D@BCDGFCBAB@@AACAAACACAA@C@A@ABAAAA@@@AAC@@@AACA@C@A@CBABABAD@BBBBBBDBB@B@BAD@B@DAF@FAD@DABABA@CBA@GCCEC@C@ABABABABK@K@CBADCFAJ@BBBD@DADAFCD@DD@H@D@BABCF@BAD@@@BBB@@DBB@BB@B@BABABABC@CBEBC@EBA@E@@@ABABHHPHFHBJ@DBBDBBDDBBBBBBBDBDDHFFFHDFFFBDBBBB@BABA@ABAAAACAE@C@ADCB@B@FBBBDDDD@BD@BBBB@D@D@BBBBDDBHDDBFBB@@@DCB@DA@@DB@@@BBD@B@BE@@B@BDBBDJBFLNLB@D@D@B@BBB@BHDP@@BDABABABABADA@@DAB@DA@AD@DABCDA@CB@@C@C@CBA@C@C@A@A@A@@AAAB@@ABA@A@A@AAA@@A@AAC@A@C@C@C@EBABCBABCBCDABAB@DAB@B@D@@@B@DBB@B@D@BA@A@ABC@C@E@C@CCCAAACAC@A@A@GAA@A@@BA@@B@B@D@D@BABABA@G@@@@DBBBDBDBB@@@@BB@@B@DBDBDDFJ@HDBDDBBD@@ADADADABAD@D@B@@@D@F@D@D@FBD@DBBBBB@@@B@BABCDCDCBCD@@AB@B@B@BBD@BBBDDBBDBBBD@B@DBB@D@DAD@D@F@FAFAF@B@HBFBD@B@DABAB@DADBDAJAFCB@BA@@BA@@B@DAB@BABBBF@D@@@BA@BB@@@B@@@B@@@B@@@@@@@@B@@BB@@@DDBDB@@B@B@@@BB@@B@@B@@BB@B@@@B@@@B@@@B@BB@@B@@@B@B@@BB@@@@@@@@@@@@DBDFBHAJ@D@DBF@FDBDBBBBBDDDFDBDBB@DBBD@DAB@DBD@BAHEBCBABADCFAF@BADC@AAEDCBADCDEBC@A@CEECCAACECCCCCACACCACAA@CBCBADCB@NELCJGNCBA@C@A@@@AA@@A@@@@@@@@A@@@@@@@@@@A@@@@@@A@@@@@A@@@@A@@@@@@@@@A@@@@@@@@@@A@@@@@@AB@@@@@@@@@@@@A@@@A@@@@@EBBDABAB@@AB@DBBBBBBBBB@@@B@@@@@B@@@B@A@@@@BA@@B@@@@@@@BA@@AADAB@DBD@@B@@@B@@@@@@@@@B@@A@@@@@@@DBDBB@B@DARBD@D@DBDDB@DBD@JBF@DBFBDBD@B@DBDBBBBBBBBDBD@FABCDADBDD@D@D@DFDDBDDFDBBBBBJCNALABAD@FDD@FADAFBDBD@D@D@DBDB@D@D@DBBD@B@FAHCJ@DAD@@AB@FABABABCD@BF@DD@BAHEDDBBDBDBDCDAJED@D@FBHBD@D@F@F@D@DADABADCDAFAFADED@D@F@BCBAFCLDB@DB@DBBFBHBHAFAD@D@DAD@B@FBDBDBDBHCDCBCBAFDDDD@FADAD@DBFBFBBBD@DDF@DABABCDANLLHBBDDDBDBF@PAJ@FB@@BADADAF@DAFADADA@CBABAF@FAJ@DBBBDBFBDBDDBFBDDBBAF@BBBD@DDDDBH@DDD@FBDBFDDBDAFCBADADBFDHD"],["@@@@C@@@A@@@@@@@A@@@@@A@@@@@@@A@@@@@@B@@@@@B@@A@@@@@@@ABA@A@C@C@A@A@A@@@A@AAC@@@@@@@@@A@@@@@@@A@@@@@BB@@@@@@B@@@BB@@@@@B@@A@@@@@@BB@@@@@@@@BA@@@@@@@B@@B@@@@@@@@B@@@@@BA@@@@@A@@@@@@@@@@B@@@@@@@@@@@B@@@B@@@@@@@@@B@@@A@B@@@@AB@@@B@B@B@B@@@@@@@@@@B@@@@B@@@D@@@B@@@@@@@@@B@@@@@@@B@B@B@@@@@@@@@B@@@@@D@B@@A@A@@@@@@@A@@@@@A@@@@@A@@@@A@@A@@@@@@@@@@A@A@"]],"encodeOffsets":[[[117318,28730]],[[117016,28726]]]}},{"type":"Feature","id":"360922","properties":{"name":"万载县","cp":[114.449012,28.104528],"childNum":2},"geometry":{"type":"MultiPolygon","coordinates":[["@@C@CBI@GDEBA@@TB@B@D@D@B@B@BA@@@@@@B@@@@A@@@@@A@@@@B@@@@@@@B@@@@@B@@@@@@@B@@@D@@@BU"],["@@BADADAFCDA@C@AAE@A@C@CBC@E@GBCDADADAH@HAFADABABCBCBEDGD@F@FADCDCBCBCDAD@H@D@FAFADADCBADCBEFGBCFADAD@D@F@FBD@B@@BB@B@@@@A@A@A@C@AAE@CBCBAD@D@FADCDCFCBEDEBEBCFAFABBDBDADALIFCJCDAF@DAFCDEBCBCDADCDADCBEDADAH@D@DAFCBCAACEBCFAFA@CDCFADABABC@EBCAC@EACCCC@C@@CACAEDCBABABCBA@CAEBCDABCBE@EDC@AACACACB@BA@@AA@@A@@@@@@@A@@@AAA@CAEACAC@A@ECACCAEC@@@@@@@A@@A@@@@@@@A@@@A@@@ABA@CAE@A@C@ABAA@@@@@A@EAAAA@@@@CA@@AA@ABAA@AAA@@EA@@AC@@@CBC@CB@@A@@@A@AAAAAA@AAC@@FCBEBCBGAA@AA@EBC@AAAACE@A@A@AHI@A@C@ACACACAACAABADCB@BABA@@B@@A@@@@BA@@@@@A@@@A@@@@@@@@A@A@@@AAA@CBCBA@A@@@@AA@CA@@AACA@@AA@A@C@ABCBABAAC@CAC@C@C@E@CACACBCACEAACBABCBCCACC@C@C@EBC@CBCACCCBEBCBCDADCAE@@AACCAECCCAAAAA@@@@AA@@@@@AA@@@A@@@@AA@@@@@@AA@@@@A@@@@BA@@@@@AB@@@@@@A@@@@@A@@A@@@@@AA@@@AA@@@@@@@@@A@@@A@@@@@@@@@@AA@@A@@@A@@@A@A@@@A@@@@A@@@AA@@@@@@AA@@@@AAAA@@@@AA@@@@AAEA@@CAEACCEAA@G@A@@ACAAAAA@A@CBC@CACAAEEBABEAA@@EAI@OBE@CACACCAAKGMKCBADABCBE@CCC@AAEAEACAC@CBEBC@CCECABADCDGDCACACAEAA@C@CBC@C@EBGBGAEAAA@CCAA@KCEDABADE@C@C@CFEBEBCBCDABCBCBC@E@E@C@C@GAEAC@C@IFCBCDCACAAACCGFABC@@CAEC@ADABABEBA@@BAVB@B@@@@@@@@@@@@BB@@@@@@B@@@@@B@@@@@B@@@@@@@B@BA@C@@@@@A@@@@@@@@@A@A@A@@@@@@@A@@@@@@@@@A@@@C@@@A@@@@@@A@@@@@@@@A@A@A@A@@@A@@B@@A@B@@@A@@@@@@@@@A@@@A@@@@@@@@@@@A@@@@@@@@@@@@B@@@@AB@@@@A@@@@@@@@@@AA@@@@@@@B@@A@@@@@@A@@A@@@@B@@@@A@@@@AA@@A@@@@@@@AA@@@@B@@@@@@@B@@@@@@@@@D@BBB@@@B@@SC@AA@C@C@CCACAC@C@C@CAEACBEBC@ECC@ABKBMBIDAAAACACEACCCCEC@C@C@ACBCDCBA@EACACAAAAAACACAA@C@CAEACAE@IAC@CAA@CCCAC@C@QACBA@A@CACA@@@@@@B@@@@A@@@@@@@@@A@@@AC@CAA@CBBB@@AB@@@@@@A@@@AB@@@@@B@A@@@A@@@@@A@@AAAAAAAACAA@@BA@ABCBAA@F@@@@@B@@@B@@@@@@@@@@A@@B@@@@B@@@@@@@@@@@@B@@@@@@@@@B@@B@@@@@B@@@@@@@@B@@@@@@@@B@@@@@@@@@@BB@@B@@@B@DABMDIHKDMFA@CDABAD@DBBBDDDDBDBDDDDDFBBDDFF@D@BADCFCDABCDBF@BCDABE@EBCDABABADGFABC@CAA@CBC@AA@CAAACECCCACAAAAACECE@CAC@I@GBEAAC@C@@@B@B@@@@@B@@@B@@B@@@B@@@@@@@@BA@@B@@@B@@AB@BAB@@@B@@@BA@@B@B@@AB@@@@A@@B@@A@@BA@@BA@@BA@@B@@@@@B@@@@B@@@A@@B@@@@@@@B@@@@@@@@@@@@@B@@AB@BA@@@A@@@@@A@@@AB@@A@@@A@A@A@@B@@@BA@@@@@A@AA@@A@@@A@AB@BA@AB@@@@AB@@AB@@@@@@@@B@@@B@@@@@BA@@@@@@BB@@@@@BB@@A@@@@B@@AB@B@@@@@B@@@B@@@@@@B@B@BA@@B@B@@AB@@@@@B@@@B@@@@@@@@A@@BA@@@A@@B@@AB@B@@@B@B@@@BA@@B@@C@@@C@AF@B@B@FAB@D@F@D@D@@@@@B@BB@@@@B@@@BA@@@AB@@@B@@A@@@A@@@@BA@@AA@C@@@ABAB@D@J@@@@@B@B@@@BBB@B@@@@@BA@@B@@@@@BA@@JCBIBCFCFADAF@@AB@FBDDBF@D@B@JBBBFJBFBBHAFAFAF@D@D@FDD@FAF@B@FBBBDBD@DABCBCB@FAHBL@F@HBFDD@FBBB@BDDF@FBF@BBD@L@D@D@DDBB@DAB@D@DBD@DAFADBD@DFBDBDDBDFBDDDBBF@BDBDDBDBBBH@BLFDBDDBBDDDBBD@DAD@D@BBBDBDBD@B@D@DAFDNFD@F@D@BAHADABADB@B@B@DDDAF@DBHBFB@FAD@DBD@B@FD@F@DADBD@BCDAFBDBF@BDBD@F@DDDBD@F@D@HBDDBBBBDBDBDB@FDDD@BDBDF@DBDBBDBBD@FBDBDDDBBD@B@B@DADABCBAFCFAD@B@DBBBBBDDDBB@DDBFAB@DD@DADCDCDIFABADBDFDDDFBBF@BJDBBD@DBD@DAD@D@DBFBJBHBHBHDF@D@FBBFBDABADADBBBDBDBBADABCFCFBDFDHBHBF@FFFBHFDDFBBBDBD@D@HCDAD@DBBBDBFAB@F@H@NFPDFBDBBBBDBFBBBDDBFBD@HBDDFFFHDFDBH@"]],"encodeOffsets":[[[117017,28715]],[[117160,29143]]]}},{"type":"Feature","id":"360923","properties":{"name":"上高县","cp":[114.932653,28.234789],"childNum":1},"geometry":{"type":"Polygon","coordinates":["@@AAACCICG@E@K@E@GCAAA@EBCBCBCBC@EBE@C@EBE@ABC@AACAA@ECCAEEGACBCBC@ADCAAACBCD@BADEDAJADAH@FABADEDEFCBCFCHAHCFADAFCBCBC@E@E@CBABAFADCFADAFBDBDBF@DABADCDAF@D@DAB@@C@AAE@E@C@A@C@CAC@E@ACECCMCGACAAACAA@ABC@EBCFCBAB@@E@@@AAA@CCECA@CAE@A@@@A@ADGFA@E@CAC@@@CCGACAICEAE@E@E@CA@@A@AC@A@AAI@A@ABADAD@DABE@CAA@CBCFEDAFAF@F@D@BCBABE@GAEACCACCCC@A@G@AAAGAGCGACACA@CBC@CBCACAECEAC@EBEDGBE@EACCCCEECCCCCAEBABADCBA@AAEE@CBCBIAACBC@IACC@CBC@EAE@@CBCCCEA@CACCAEC@EBABCDACAAC@CBE@GDCD@DBFBDADADCBA@EAC@@CECCCCG@GAC@ABCDADCDCBCBC@E@E@EACA@C@AACC@E@EAC@G@E@EBAD@JADEHCBCDAFEBEAGACAC@C@E@AAACACCECCCECECKAGEAGACAE@KEG@E@CAGAACAAAEACCEEEACDCDC@AACBCAC@C@EACCBABAD@D@BCDABCEACAACACAE@E@C@EACCCCA@@DAJ@DAHBD@DABADADBFEBC@ABCACACAC@EBABGAAACACAEBCBCBCAEAC@EBE@C@EBEBACAAACACCCC@AAAAAEGAE@EAIACAC@CBED@DCDABABAD@D@BADC@KACB@DABBF@D@D@DADBBDDB@FBB@BDBDBF@HBHBDDBABAB@FEAEDEDCD@BBFBDDDDBDBBFAF@BCBCCCCA@EAC@GFEAC@ACCAA@GDGDABC@ACC@CDCBC@AACAECACAACAA@EBEBABC@C@ACACCAEAEAE@AACAC@CDEDCDABEBECAACBABADCDC@A@CCC@CBGBCAAACCECCACAC@G@G@C@CACACAACACAAAACAGACC@AMGCAEAGBKBC@C@C@EDC@GACACCBCFADB@CACC@EBCEEECECAC@CAEEAACAAAGCECCACBABEDCBCAECCAEAC@CCG@CACC@CACAAE@ABCAACAECCCAEACAAACAI@EBE@ABAB@DCBCBEBCBE@CBCBABBBAFABFFBBBD@DAD@D@BBBBBDB@BB@H@B@FBDDFBDB@@FBBB@@@@BB@@@@BBBB@@@@BB@@@@@@BB@@B@@@@@@B@@@B@B@@@B@@@BB@@B@@@@@@@@B@@@B@@@@@@@@@B@@B@@BB@@@@B@@@@B@@@@@B@@@@A@@B@@@@AB@@@@@B@@B@@B@@@@B@@B@@B@@@B@@B@@@@BB@@@@BBBBDBDDBFDDBB@@BFCDCBADADAFDDBDAD@DAD@F@D@DDDDBADADABBDFBBDADBDBD@D@F@D@DBD@DBDABABAD@B@D@BBB@@DBBB@@DBB@@B@@B@B@DADAB@BB@@B@B@@@@@@@@@@B@@@B@@@@AB@@@@@BA@@@ABABA@CDABBBBDDBDBDB@B@D@BGJ@B@B@BDFBBBBD@FAB@@BBBAHADAFED@@BD@BBBBBBBB@@@B@@@DAD@DA@@D@@BB@@FB@BBB@AB@BBB@@DB@@@@BBBB@F@B@@@@BBBAD@B@F@DBB@BA@@B@@@B@@@@@@@B@@@@B@@@@@@FDDBBDFDB@D@DBFBDBB@BB@@B@@@@@@@B@@@BB@@@ABA@E@E@ABCDABADCBADCDA@ADCLJHFDBD@BAFAF@DH@D@@@B@@@@BBDBB@@@@BB@B@B@D@B@DBF@@@FBD@FAD@DABAD@B@BBFBFDFDD@HBBAFAD@HCH@FADAB@D@@@B@BBB@DADCDA@EACBCFAFA@C@C@G@A@CDCDABCAC@CBADC@ADCDAD@F@DBBBFBBBHDD@DBJ@FGDADADBFBD@FBBD@BAD@BBDFAF@@H@BBDDADABCD@@D@D@B@DF@FBBD@D@DAD@BBFBFDBFBD@DD@B@DBBBD@DCF@F@BBD@BBB@@FDHDB@DBFAD@B@B@DBFDDD@BBBB@@BD@B@@@DBD@HB@@B@@FBDADAB@FADADABADBDDB@D@DADDBHBFBD@BBHBF@HAD@BABAFAD@D@DBB@DFBD@D@BDBDFD@DA@CDBHBF@DADDDDCH@D@FCBAFAF@BBDBBDDBDBDDBDBDBF@F@@EBE@AD@D@BDDDBBBBDABAD@F@BAD@DBBDDBB@DABCDAB@D@F@DBDAFBFF@DABBDBFBB@DBDBBFAD@DBDBDBD@DDBBBDB@DAD@DBDBDDFDD@D@@CHEDAF@D@F@DBDB@DBBAD@DADBBBDBD@F@DFBD@DBBBBBAD@FJFFDFDBD@DADBD@DFDDBD@DBBF@DDDBBDBDBD@DCBABCDABAFBF@DADEDAD@FBFBD@"],"encodeOffsets":[[117852,29103]]}},{"type":"Feature","id":"360924","properties":{"name":"宜丰县","cp":[114.787381,28.388289],"childNum":1},"geometry":{"type":"Polygon","coordinates":["@@@ABEBCBCDEDCDCBABCBC@ABEBCHKBABCBACECCAA@CBADCJAFCHAFAFCDABCDABADADAF@FA@A@CBCBCDADCBC@ABC@CFAFADCDBBABI@CBCDADAF@HDFDBBD@D@DBFBFAFCBADABAD@D@F@FBH@D@FBBBBBBDBD@BBDDDDBBBBDBBFDD@F@J@H@FAFAFCDAD@D@JDJDFBDDBBBDDBFBHBFBDABABABEDAJADBB@FADADAFEBE@CBAFAB@D@F@F@BADABADAFBBDBDDBDBF@F@HAFABABADE@C@M@C@CBCBC@CFCD@DAF@DADADABAGCEAICEA@C@CAC@CDCBCDCBADAFDDABABADCBA@CACCCAA@CDAFEBAAE@CBCBC@C@EACCAAA@E@EBCD@H@FAF@D@H@BED@D@F@HADBDA@CDAF@D@D@D@DAHEDCBADAFCDCBAFAFAFCF@D@H@BBF@BAF@F@F@DCAC@CBE@CBE@GDABCBED@HABABEAA@EBAFAAC@CCEA@CA@CBAFC@C@CBCACC@K@G@E@E@GAA@E@A@CAACCACCE@CAAAACAACCACAGC@EAEAC@CBCFCBE@EAABCBADABCDC@CACAAACC@CAECAC@CAEC@CACBC@CACECECIE@EBCAAAACAC@EA@C@EACACAABC@CBCAA@CCACAE@C@E@CBGF@DC@C@ECCCCACAC@CBA@ACAACCC@CACACAC@EBAAAC@CAAAEACBA@CEEEACBCAE@C@A@CBADCBA@CAACCAC@ABE@C@ABCBAAAACCACC@C@@BAF@FE@E@CACACAACACCCAAAC@ABEBEDA@E@CDGCCCCCBE@GACA@DCBC@CECA@A@CACCEA@CAC@C@EBABABC@GBE@GAAAC@EAGACABC@C@CCAACBCBABCBC@EBABCAC@EA@@@GAC@CA@@A@C@@AA@AA@ACCECCAA@A@C@EBCAA@GCEC@@AA@AAC@A@EDE@CACAA@C@ACCC@EACAAEAE@ABC@C@CACEAE@@C@A@C@CC@ADCBCBAC@A@GE@EBAC@ABC@AACEAC@EACACBCBEHI@CAC@GCAAEAAACAE@C@CBCD@BCDAB@DBDADCBCD@D@B@H@D@DEBEBADBD@FCBCDCBA@AAA@@@C@A@CBEBG@GDC@EBABGAC@ECECEAAAA@C@ABCBC@EBC@EA@@E@CAA@C@A@A@A@@A@@A@CAAA@@@@@A@@@CCGE@EBABC@CAGEKICD@BCBCDABCDABCBAD@B@F@FAB@BABA@BDBDBD@BCD@FAFADCBADBF@DABADABABCDBFBD@DD@D@DDBD@FBDAD@FADABCBEBCD@DEBEBADDFBBADEDCBC@G@CBCBAFCDCBCDCBADADCFEDCBE@CBIDEDKJCBCBCAAAEBEBADAFCFAFEDCDCDEBC@C@ABAD@DBF@B@D@B@B@B@@A@A@@AA@C@EAE@C@C@CBEBADEHAFCDABCDCBEBEBC@G@C@CBADADCDCDEBE@C@CHAFADADABCBEBGBG@CBCBCBAD@H@FAD@D@D@BBF@B@DCBEDCBCBABFBNHFBFBDBD@D@FDFBBDDBDBDDBDDBBBD@D@LBH@D@D@DBDBD@FB@F@DAH@F@H@F@H@D@FBJ@DBHBF@FJAFAJ@F@D@DBDBDBBBDDBD@DABBDBDBDDBFDDBF@BBBBLFDDDDBDBD@F@BD@FDDBBDBDBB@D@B@FDBDDDBDFBDDBD@F@D@JADABABAF@FBF@FALCLCLEF@FCD@HBDBDDBBBBD@DAD@FBD@DDBBBDBBFDDBFBJBPDJBJBHBF@D@F@FADADABBBDHBH@FAB@FBD@@F@D@JBDBDDBFJDHBD@D@D@D@DBDBBBFBDBD@FBBDBDBFDDBF@DBB@BF@DBDBBBDADCHADADADADDFHHDFBFDDB@@@@B@@BB@@@B@@@@@@AB@@@@@@@@@@B@BB@@@@@@B@@B@@@B@@@@@BB@@@"],"encodeOffsets":[[117496,29384]]}},{"type":"Feature","id":"360926","properties":{"name":"铜鼓县","cp":[114.37014,28.520956],"childNum":1},"geometry":{"type":"Polygon","coordinates":["@@CCAECEGGCEBCBCBCBCDGBCACAAAC@CAEA@CAE@CAECCACAAA@EACACAEAAAC@C@C@C@CACCGEICAACAC@I@C@EC@EAA@EBG@GAACAACBCBEBE@C@E@GAIAIAOCIAEACAECAAACAACCC@EAC@CBC@AAAACCCAGAC@EDE@KFKDKDEBE@EAE@ABABCBIBC@E@C@CAACCECACCCA@E@A@CAAACACCAECC@@A@EACACCCCCKEAAAAE@CAECCAACACACBA@CACCCAACACACAC@E@I@EBIB@EAEAG@CAI@E@C@G@E@G@EBG@C@EEAC@CACAC@C@G@KAC@C@AACAACCCCACAACEAECC@C@CAEAEAMGEAG@CACEEGEECCGAC@EACAACAAAEACAACAEAOCMEG@E@A@EBCAAACAC@CBGDC@C@CAAAEACCGEEAEEE@GAGAECACDEDEBABCAAACACAABCBCBAACAEEAC@E@GCGAGAIAEACAC@C@CBC@CAC@AAIC@DADCD@B@L@FADCBABE@C@C@E@CBE@C@ABCBCACAACCD@BABADCBA@C@C@EB@DAB@BADCD@BCHCFCFCFGFEDCDC@EBCAC@CBC@EBE@E@ADDBDBH@D@D@D@FDBBBBBH@DBBDBBBDBDBBDBD@DDDD@D@DBFDHDDDBDBD@F@F@F@D@DADABE@ABEBABCBCDABCBCBABCDCBCBA@EAC@EAE@CAEBE@CBGBCBCBCDADCBCBE@ADCDCDADCFA@CBABADCB@HAFAHADCBC@C@C@AAC@AAC@ADABEBCBC@EAC@E@C@CBCBCBCB@@CFABABABCBADADABAD@@@DDDD@DBDBBD@D@D@DBDDDFDBFBFDDDBD@DBD@D@FBB@BDFDBFBD@DBDBBFFBDDDERCBEBABAD@F@DBDDBBBBB@DBFDDBBBBBFCBCF@B@DBDDD@B@D@FABABADBFDFBD@BEFGFABCD@D@D@D@DAD@BBFDHBDDBF@DBBBF@F@BFBF@JBDBDDBDD@DBDBD@DAFCD@D@BBDBBDDBD@D@DBD@DBFDHBH@FADAFAD@@BBBDDBH@DBBBAFAFBFDDDDFDFBFFNHHFHBFBDDDBDJDHBFDDDBHDDD@B@FB@B@@@D@B@@@BAFEDCBCBC@CAE@C@CBCBEFEBABADADBD@D@FBBDBBBDBBBBD@H@FADABABCBC@EBA@CBAFEBCBEBCBI@IBI@C@CFCFEBADCDAD@D@H@DADEDEFCDCFCFEDCHEDE@C@CBEBAHCFCHAD@DABCBCBAFAFAFA@CBCDCBCHCJ@HAJAF@BBBF@H@DBDDBDAFAHAHEFCDADAF@F@J@LBFBHBFDDFBDFBDBFAHADCFCDCDADAHAFADCJCDAFAJCBDBB@D@DAFCHCHAD@D@FAD@DADBBDDFBJDBDFFHNFHDFBDFDD@F@DADAF@D@DBFBFDD@D@DAHCDBDBFDHBDBD@DADAD@FBDBDD@DBDDBF@F@D@FCD@FADBBB@F@DDBFCFEFCDEBGBI@EBE@E@CAEBEBC@EDABADCDEFCFCFCJGFABAHADABABC@ABC@CBCBCDCBADCF@D@D@DABABAF@F@D@DABA@CFCFBD@DBH@D@FAB@DBBBDBDBF@H@H@JAHAFAJAFAHAD@DBDBDDBBDBD@B@DADAFAD@FAH@D@"],"encodeOffsets":[[117491,29376]]}},{"type":"Feature","id":"360981","properties":{"name":"丰城市","cp":[115.786005,28.191584],"childNum":1},"geometry":{"type":"Polygon","coordinates":["@@@B@BABA@ABA@AB@B@D@BBB@B@D@D@D@BBD@BBDBBAD@BBB@BB@@BAB@DBD@B@B@BBB@BBB@B@B@B@DAB@B@D@B@BBB@B@B@DBB@B@B@@BBBBBBBD@@@BBD@D@DBB@@B@B@BBBB@BDJBBBBBBBBBBBB@@FDHFDDDD@DADADCF@D@F@DBD@@BD@BABCBA@AC@@CAAA@AA@GAIDONCF@BB@@B@B@BAB@@ABA@A@A@@@A@@@@B@D@BABBBA@@B@@A@@AA@@BABA@@@@@A@BB@BBB@BA@AAA@AA@AAB@@@BBB@B@B@@A@A@A@@B@BEBCD@BABABAD@@@BBB@B@D@D@HBD@@BB@@D@D@BB@@@BBBFDB@BBB@DBDBDAD@BBHBDBBBDBB@D@B@D@DAB@BB@BBB@B@DBDAFBB@DBDBBDBBDHDFBBBBBDDDFBDBDBDBBBFD@B@BAB@@A@A@@B@@A@@@@@@@@@A@@@@@@@@@@@@@@@@@AB@@@@@@@@@@@@@B@@@@@@@B@DB@@B@B@@@@@@@@@B@@B@@@@B@@@FB@@B@@@@@BB@@B@@@@B@@@@@@@@@@@@@@@B@@@@B@@@@B@@@@@@@@@B@B@@@@@@ABA@@@@@@@@@AB@@@@@@@B@@@B@@@@A@@@@@@@@@@@A@@@@@@@@@@@A@@@@@@@@@A@@@@@@@@@@@@@@B@@@@@@@B@@@@@@@@@@@@@@CBG@C@@@@@@B@@@@AB@FCBCBE@EBCBABABAB@DBDDBBDDDDD@B@BAB@@CACECCEACAGCEAC@E@EBE@E@K@EBADAJ@D@D@DABABAB@D@D@D@B@D@D@B@BCBC@AACCAACEAC@AAAAAAACACA@AAA@AAAAAC@ABAF@@AB@BABCBA@AD@DFFFDA@EBABCD@BCDEFCDE@EAE@G@KBE@CBCDC@EBABADCDCBAD@D@F@F@HA@C@AAACCC@AA@ABABABCF@@B@BBBDBBB@DBBBB@BBDBB@BBDBBBB@DBBDBBBB@BBBAB@B@BAB@B@BCBA@A@C@A@AAAA@A@AAAAAA@ABAB@BAB@BCA@@AAA@AB@BABABA@ABC@AAAAA@A@A@CBABABAB@BBB@D@B@BBBBBBBBB@B@DA@A@ABABAB@B@@@DC@@@C@AB@DC@@B@HBDBDBDBBBFDBBDDDBBBB@@@@@@@@B@@@@@@@@@B@@@@@@@@@@@@@@B@@@@@@@@@@A@@@@@@B@@BB@@@@@BB@@@@@BAB@B@@@@B@@B@@@B@@B@@@@B@@B@@A@@@@B@@@@@@@@@@A@@@AB@@@@@@@@@@@@ABA@@@@@@@@@@BA@@@@@@B@@@@@@@@@@@@@B@@@@@@@@@B@@@@@@@@@B@@@@@@A@@@A@@@A@@@@@A@@@@A@@@@@@@A@A@@@@@A@@AA@@@A@A@A@AA@@A@@CB@DAD@B@D@DADADCBCB@B@DBBBD@BDB@DCBAACAAACCACCAAAE@C@C@ADAD@BBB@@@B@@@@@B@@@@@@@@@@@@@@@B@@@@@@@@@B@@@@@B@@@@@@@B@@@@@@@@@B@@@@@@@@@@@@@BAB@@@@@@A@@@@B@@@@@@@@@B@@@@@@@@@@@@@@@@@@@B@@@@@@AB@@@@C@@@@B@@@@@@A@@@@@@@@@@@A@A@A@@@@@@BAB@@ABA@@@@@@@A@@@A@@D@BB@@B@@@@@@@@A@@B@@@@@@@B@@@@@B@@@B@@@@@@B@@B@@@B@@@@@@@@@B@@@@A@@B@@@@A@A@A@@@@@A@@@@@@@@@@@A@@@@@@@@@@@@@@@@@@@A@@@@@@B@@@@@@A@@@@@@@@@@B@@E@CDCBEBCDABAHAHADEBCDADADCHC@E@ECC@CAABCBCBG@G@IAO@CBC@ADCHADAB@DBDBDDHDNDDD@FDDFBB@DBFF@F@FBHBFDBBBDBD@DBBFBDDBDDJBDBBDBHBF@BDBBDDDBFDHB@@B@@@B@@@@@@@B@@B@@@@@@@@BB@@@@@@A@@B@@@@@@@@@@@BB@@@@@@@@B@@@@@@@@@@@@@@@B@@@@@B@@@@@@@@@B@@@@@@@@@B@@@@A@@@@@@B@@A@@@@@@B@@@@@@ABA@@@@@@@@@@@@@@@@BB@BB@@@@B@@@@@@@@@@@@@B@@B@@@@@@@@@@@@@BA@@@@@@@@@@@@B@@B@@@B@@@@@B@@@@B@@@@@@@@@@@B@@A@@@@B@@@@@@@B@@@@@@BB@@@B@@B@@@@B@@@@@@@BB@@@@@@@@@BB@@@@@@@@@@B@@@@@@@@AB@@@@@@@@@@@BA@@@@@@@@@@@@B@@@@@@AB@@@@@@B@@@@@@@@@@@@B@@@@@BA@@@@@@@@@B@@@@@@@@AB@@@@@@@@@@@@B@@B@@@@@@@@@@@@@@@@@@@@@@@B@@@@@B@@@@@@@@A@@@@@@@@@@B@@A@@@@@B@@B@@@@@@@@BA@@@@@B@@@@@@B@@@@@@@B@@@@@@@B@@B@@@@@@@@D@@@@@@@@@B@@@@@@@@@B@@@@@@@@@@@@@@@@B@@@@@@B@@@B@@@@@@@@@@@@@@@@@BB@@B@@B@@@@@@@@@@@@@@B@@@A@@@@A@@@@@@@@@@@A@@@@B@@@@@@@@AB@@@B@@@@@@@@A@@@@B@@@@@@B@@@@@@@@B@@B@@B@@@@@B@@@@@@@@@@@@@@@@@@@B@@@@@@@@@@@@@@B@@@@@@@@@@B@@@@@@@@@FCDAFADADAF@D@DDDDBDDDBD@BBBDBDADADAF@D@F@DBD@FBBF@@@@@@@@@BA@@@@B@@@@@@@@@@@@@@@B@@@@@@@@@BB@@@@@@@@@@@@B@@@@@@@@@@@B@@@@@@@B@@B@@@@BBB@@@@@@DD@@@@@@@@B@@B@@@@@@B@@B@@B@@@@@@BB@@@@@@@@@B@@@@@@B@@@@@B@@@@@@@@@@B@@@B@B@F@L@FABBDBD@DC@CCEAA@A@EBC@ADEBADCFAD@F@@@F@F@F@D@DADAFCBCBC@ABABCDA@CBA@CACCCCEC@ECECGEACAACICC@CAE@AAC@@CAEAC@CA@@@@B@@@@@@@@@@A@@@@B@@A@AB@@@BBBA@@@@@@B@@@@A@@B@@@@@@@@@BA@@@@@@@@@@B@@@AA@@@@@@AA@@B@@@@@@@@A@@@@@@B@@AB@B@B@@BD@HAB@D@@@DA@@B@@@BAB@B@B@@@B@B@@@B@@BDB@BDBB@@BBDBB@B@@@B@@DBFBF@B@B@D@@@BA@A@@@A@ACEB@BABADDBB@BB@@@BA@@@AB@@@BABBD@B@@@@@ABA@@B@@@@A@AB@@BDBB@@@@B@BB@B@@@BD@@BB@B@B@B@B@B@BF@@BBB@@B@B@@@DABA@A@A@A@@@DDBB@BA@CBC@A@E@@@@@AFA@@@CAA@@@@@AA@@@@AA@@AAACAEAAA@@AAB@@@BAB@B@BAD@B@D@DBB@@BAB@@@B@@@B@@BDFAD@B@DD@@@BAB@@@B@D@BABA@E@@@@@AB@@@B@@ABBBA@A@A@@C@A@@AB@BA@@BA@@BB@BB@B@BBBB@BB@D@B@B@@AHA@AB@@@B@DB@B@@B@BBD@FCDCDAFADBBABA@CDC@@@@B@@@BA@A@C@AFCBBFBFFFFNJJFFDB@DBB@BABADAFADC@@DADAF@B@D@DBBD@BBBFFB@BB@BBBDBBDDDDBDBFBD@DBBF@DAJAF@F@FFBD@D@FBDBDBD@HADAB@BALGNGLKLIDGBCHS@@@GBC@ABCBC@ABABCBABC@ABC@C@CBC@C@A@CAC@CAC@AAAAC@CAA@C@C@A@C@ABALGLKLSDK@A@@D@DBBDDBBBBDBBBDBBBDBDBBBBBDDBBBDBBBBB@B@B@BBB@DB@DB@AB@BA@ABA@A@A@C@A@ABABA@ADAB@DABDBBB@BBABA@AB@BBBBBBDBBBBBBB@D@B@BAD@BA@@@C@CDAB@@C@AB@BBDBB@BAB@@@B@BAB@BAD@B@BAD@BCBAB@D@B@BA@A@A@ABABABC@AAA@AAAAAA@C@ACAA@AAAAAAA@ABABAD@B@B@D@B@BAD@BAB@D@B@B@B@DBB@BBD@BBBBBBBBBD@B@D@B@BBDB@DB@@D@B@BAD@BAB@DABABA@ABA@ABA@CBAB@DAB@BAD@B@B@BB@B@BBDB@D@DABB@AD@JBBBD@BBB@DBBBDBJHFFFBD@B@FAPCPCL@F@DEFEFIDE@@@AB@BADAB@DADAB@DABABCBA@@@@BCBC@E@A@E@GB@@A@ABABABAB@BAD@D@DADABABA@CBABCBAAA@AACAC@AACACCAACAA@CAACCAACACA@C@C@A@C@AACACAAACAACCACACAAACAC@CACAACCACACBADC@A@CACCAAAAEAAAC@ACA@CBCBCDEBA@@@@@A@A@A@@@@@@@@B@@@@@BA@@@@B@B@@@@@@@BA@@@@@@@@@@B@@@@@@BB@@@@@@@@@@@@@B@@@@@B@@@@@@@@@B@@@@@@AB@@@@@B@@@@@@@@AB@@@@@@@@@@@@@BA@@@A@@B@@@@@@@@A@@@@B@@@A@@A@@@@B@@@@@@@@@@@@@B@@A@@@@B@@@@@@@B@@@@@@@B@DCDA@@@A@@@@B@@@B@@@HAF@@@FA@AD@DAFABBDBDBD@FBFAD@FCBAD@DAD@DABABAAC@@EA@@@@@@@@@@A@@@@@A@@@@@@@@@A@@@@@@@@A@@@@@@@@@@@@@@@@A@@@@C@@@@@@@@A@@@@@A@AAAAA@@A@@@@@C@C@@AA@@@@@@@@@A@@@@@@@@@@@@@@BA@@@@@@B@@@@@@@@@@@@@@A@@@@AEA@ACACAA@E@A@ABG@@BE@@@@B@@@@@@@JAB@@@BE@@@@@@DCB@@@@E@@BE@@@A@C@A@@@@@@ACAA@@AACAC@A@E@A@@@@@@A@@@@@@@@BCBADABC@@BA@@@@@@@@@@@@B@@@@@@A@@@@@@@@@@@A@@@@@@@@@A@A@@@A@@@@@@@A@@B@@@@@@@@@@@@A@@@@A@@@@@@AA@@@@@A@@@@@@@@@@@AA@@A@@@@@@A@@@@@@A@@@@@@@@@@E@CAAAAACAA@AECE@EBCBA@CAACACAEAEACBA@CDCBC@C@C@CAE@C@C@A@CACEACACCCCAAAAAA@@A@@AAAACBC@EAC@AAAAAAAA@@AA@CAC@C@AAA@AAAAAA@CAA@AAC@A@A@C@A@C@AAA@AA@CAA@C@@A@A@C@A@C@C@C@AAAA@A@A@C@A@AAAAAA@AAA@A@A@@AAC@CAECCA@AAC@GA@@@CAA@A@A@C@A@CAA@CACAA@AAAACAAAAACAAA@AAAAA@CAA@AAAAAAAA@AAKCAAGCC@AAA@CAAAC@AAA@A@A@ABC@ABA@CBA@AAA@CACACAC@A@CAA@C@M@A@A@A@C@AAAAAAAAAAA@A@A@ABA@EBCBA@A@C@A@C@AAA@AAAAAAAAC@AAA@AAA@C@C@CAA@CAA@@@AAAAAAA@ABA@A@C@A@@@CAA@EAAA@AAA@CAC@A@CAAAAAC@AAA@AA@AAAAA@CA@@AAAACAAA@@AAAAAAA@AAA@C@A@A@A@CBA@ABC@A@A@AAC@ABAAA@AA@@@A@@AA@A@A@A@A@C@CAA@CAAAA@A@AAA@A@C@A@A@A@A@A@CB@@ABABE@@BC@A@A@A@ABA@ABA@C@A@AAC@@@A@A@AACAAAAAAAAAA@ABABA@ABAAC@AAA@A@A@@@C@AAA@A@AAAAAAA@AAA@AAC@AAA@CAACAACAA@A@AB@BA@ABABA@AAABA@A@@@CAA@AAA@AAA@A@A@A@A@AAAAA@@AAAA@AA@AC@A@A@A@CAAAAAAAAECABA@A@@@@@CB@@ABAB@BAB@D@@@BABABAAAA@AACAAAAA@@B@BABC@A@CAA@IE@@A@A@@@ABA@ABA@@BC@ABC@ABABC@@@QLUH[DGACGAACCECEC@@A@AAA@C@AAA@A@CAAA@@A@@B@B@BAB@D@B@DABAD@D@B@BAB@DABABAB@@BBBD@B@D@B@BABABABA@A@A@A@C@A@ABABC@A@ABABEBA@C@A@A@GDA@C@ABCDAB@BABAB@DAB@DAB@D@BALEPINCHEF@D@FAFCDG@GBIBCD@BCB@@ABA@A@"],"encodeOffsets":[[118431,28497]]}},{"type":"Feature","id":"360982","properties":{"name":"樟树市","cp":[115.543388,28.055898],"childNum":1},"geometry":{"type":"Polygon","coordinates":["@@DEBABABAB@@BDDBDBBD@B@@G@E@E@CBCDADCBCBAFAD@DCDAF@LAH@F@FBF@DCFEDC@ADCBAFAB@ECEE@CBCB@DABA@ABA@@BEBAD@BBBB@BBB@BDBDBBBBBBB@BBDDFBBDDBBD@DA@A@A@C@C@A@C@C@CBABABA@C@C@CBIBCFAL@F@F@FAF@D@FBHDDBFBDDDFDB@@BA@A@ACCCCACCAAC@CBABABADAFAF@DADA@EBA@@@@@A@@@@D@H@DA@@@@@@@@@@@@@@@A@@@@@@@A@@@@@@@@@@@@B@@@@@@@@@B@@@@@@@@@@@B@@@@@@@@@@@B@@@@@@A@@@A@@@@@@BA@@@@@@@@B@BA@@@@@@@A@A@@@@@@@@@A@@A@@@@@@A@@@@@@@@@@@@@@@A@@A@@@AA@@@@A@@@EA@@A@@@@@@AA@@@@@@@@@A@A@@@CAA@@@@@@@A@@@@@@@@@@@@@A@@B@@@@@@@@@@@@@@@@@B@@@@@@@@@BA@@@@B@BA@ABA@C@AEAAACACACCECCAAAAEAGCACCAAAAC@CAABEAC@C@AAA@AAAA@CBC@A@C@A@CAAACAGAAAC@CBCACAA@AAA@ECAA@A@@AAC@C@@@AA@@AC@G@C@C@AAA@A@@BCBABA@ADCFA@A@AB@B@B@@@@A@AAA@A@@BA@BBBB@BBB@@AAA@AAAB@@@@@B@BA@AB@@BB@@@@AB@AABA@A@C@A@@B@@@B@B@B@BA@@BA@A@A@AA@@ADEPMJCHBB@@BBBDB@@BDB@DABA@AAC@@AC@C@E@CDEBCBC@CCCCCGEEC@@AAAAAAAAAAAACI@AAAAAA@A@@@AA@C@CAC@A@@ACAAAAAA@@@A@AAA@C@A@AAA@A@A@C@ABA@C@A@A@AAA@AAA@A@A@AAC@CBA@AA@@AAA@ABCAAAC@AAC@A@C@C@C@AAA@A@C@ABAB@BAB@BA@A@AA@AAAAAAAAAA@ACAA@AAA@ABA@ABA@ABC@A@A@A@AAAAA@A@A@CBCBC@CBKFC@CBABA@ABABAB@BA@ABABABA@CB@BA@CBABA@A@ABA@ABABAFAFADABC@CB@@A@@BA@@BAB@B@D@B@BAD@BCCEAA@AAA@C@A@C@A@A@CBA@CBA@ABABA@AB@@C@ABABA@ABGDABABCD@@ADAB@BABCDCFABABA@A@C@A@A@C@@BEDABABABCBABABABA@ABAB@B@B@BBB@BBBBBDD@@BB@B@B@BAB@BAB@B@B@B@BBBBBBBBBBBBBB@HBB@BBB@BBB@BB@DBB@BDDBFDF@D@@ILGFYA@@AB@@C@@@A@A@AB@@ABE@CBCBABA@A@C@CBEBC@CBCBA@AAAAAACACAE@CC@CAC@@A@E@C@C@@AA@@C@CB@BADAD@DAB@DA@A@A@C@AAC@CAAACAACAA@AC@@EAE@IBEBCBADAD@DADCBEDGB@BBFBFBHBFBLGA@@A@@B@@@B@FEBC@A@CBC@AA@AAAAC@ADEBGBEACCACBCBEFCFAB@@ADABC@C@AACACACAAAEAEACACAAE@I@ABA@A@@BAB@B@B@HA@AB@D@DCBCB@@A@AAAAE@CAE@A@C@CAAAA@AAAA@EACAAAICGEEECC@@@A@A@@@ABA@AFCJGBCBAD@BAB@B@D@D@B@B@FC@ABA@@BA@AAA@AAAA@@@A@@@EDKDCBE@CAECCEEAEBMFC@CACAAECCA@A@CDABOBC@CAEEA@EAE@ABAD@FAFCBEBC@CAAACCGCEAEBCBIHEHCBE@G@EAOGCCGCIGCAC@CB@DAFADABCBC@A@CAECAAC@EBCDCDCDAFILCDA@C@E@AACC@A@CBCBA@A@AAACCECC@CACBEBCBCFCDCBC@E@A@ECCACC@@A@A@C@@B@@AB@BABA@AAAAA@A@A@CBAB@BABABCB@@A@ABCBCBCBABC@EBEAA@C@@BA@@BE@AAACFC@A@@AAC@A@AB@@@B@BAD@@AD@@@BBB@BB@@@B@B@BAB@BB@@BB@@@@B@BCB@@@@B@B@@@BA@A@ABA@A@@@@@AAA@CB@BABEBA@@@C@@AA@ABABAB@D@D@@@BBB@BCDAF@B@D@D@B@@CBADAB@B@DAD@DAFADA@A@C@@@AB@@ABAF@B@D@DBB@B@DAD@B@@A@AA@@ABABAB@BBDBDFBRLLDFFD@@D@BA@CDKLCDAB@@BDBB@BBDB@BBB@@B@BA@@BA@AB@B@@@@@BAD@B@BDBD@D@BBDBJDJFDFBH@F@HBHBB@@@B@F@BAB@@@@CDABEB@DLBBDDDBBB@B@FBFBF@DAFEDADAH@BBDDFD@FABAD@D@H@DDDBBDBDDHDDBFBDDFBDBDDFADDFDDDDD@DBFDD@BCDE@AB@D@DBF@JBFBBDBH@FABCDABABABC@CBE@EDK@CBADCFAF@HBDADCDEDAD@D@D@BBFDFDBBDBJDJDFBDBBDBB@DAD@DBD@BBDDBDDFDBBDBBBFFDBDDB@DBD@BDB@BDBBBBBBD@BAB@@@BDFFDBDDDB@@B@F@@@BBB@D@B@BAB@D@BAB@@BBB@BBD@D@HDBFHDDFBF@FAFABCDAD@D@@@B@B@BCB@BBBBD@BE@E@@ACBA@AB@DAB@B@B@HBHB@BBB@BABABAB@B@DBB@BDB@@HBB@DCBCB@B@BBB@B@B@D@BA@ABA@CBA@ABABA@A@CAAAA@ABABAB@DBBBB@BAACAA@A@ABAD@BA@@@I@A@A@@B@D@DBBBB@@BBBF@@@BB@B@@BDBB@@BB@@@@B@@B@@BBB@DC@AA@@G@ABBB@DFBB@@@@@BB@@@@@@@B@B@@@DB@@BD@@DDDBFDB@ACBAAABADAB@BBBBBBBB@BBBBBDABA@@BAAA@A@@@A@A@A@C@CAAAAAAAABAB@B@DBB@BBD@B@B@B@DAB@@@B@NCJAJ@B@B@H@BBB@D@B@B@BBD@B@B@DBBAHBDBJDDDFDHBH@LDB@D@FAD@D@FD"],"encodeOffsets":[[118339,28807]]}},{"type":"Feature","id":"360925","properties":{"name":"靖安县","cp":[115.361744,28.86054],"childNum":1},"geometry":{"type":"Polygon","coordinates":["@@AB@@@@A@AB@BAB@@@@@@@@@B@B@@@B@@A@@@@B@@@@A@@@@@@@@@@@@B@@@@@BB@@@@@BB@@@@@@@B@@@B@B@@@@@@@B@@@@@@BD@@@D@@@FBHBD@DAHADBFDDDDFF@@@@@@BB@@@@B@@@@@@@@@@B@@@@@B@@@BB@@@@B@@@@B@@B@@B@@@@@BB@@@@BB@@@@B@@@@@@@B@@@@@B@@@@@B@@@@@B@@AB@@@@@@@HBFBBBD@FBDBBBB@@@@@B@B@@@DB@@B@@BB@DBBB@@BB@@@@@@@BBB@@@@@B@@@@@B@@@@@@@B@BBB@@@BB@@@@B@B@@@D@B@@@@@@@@A@@B@@A@A@@@@@A@@@AB@BA@@@AB@B@@AB@@@B@@@B@B@BAB@BAB@B@B@B@@@@@@@B@BB@@B@@@@@@@BB@@@BB@@BB@@B@@BB@@@@B@@@@@@@BAB@@@@@@@BA@@@@@@B@@@B@@@B@@@@A@@BAB@@@@A@@B@@@@@@@@@@@@@BBBDBBB@@@@BB@@@@BB@@BBB@@B@@@@@@@B@@@BB@@B@@B@@B@@@@@@B@B@B@B@@@B@@@@@@@@@BB@@@@B@@@@@BB@@@@@B@@@@@D@@@B@@@@B@@@@@BB@@BBB@@B@@@@@@AB@@@@@B@BABBB@BAB@@A@@B@@@@AB@@@B@B@B@B@@@@@BBBBB@@@@@@A@@@@B@@@@@@A@@@BB@@A@@B@@@@@BA@@@@B@@CD@B@DBDHHJFHDFBHHADEBAD@DBFBBD@B@DB@BB@BB@BBB@@BBBB@BB@@BBB@@BBBBB@@@BBB@BB@@B@B@B@@@B@B@B@B@@BBAB@B@B@B@B@@@B@@@BBBB@@B@@@@B@@B@@@@@@@@@B@@AB@BA@@D@DA@@B@B@B@B@BBB@B@BBB@@@BBB@@@B@B@B@B@BBB@@@B@B@BBB@BB@BB@@BBBBB@@BB@B@B@@BB@B@@@B@BB@@B@B@B@BA@@BB@@B@@B@B@BBB@BBB@B@@@@@BB@@@@BBB@@@@@B@B@BAB@@AB@@@B@B@B@@@@@BB@@@@B@@@B@@@@AB@@BB@@@@B@BBB@B@@BB@@BBB@BBB@BB@@BBB@B@BBB@B@BBB@@@BBB@@@BB@@BB@@B@B@@@BB@@B@BB@@BB@@D@@@B@B@@@B@B@@@B@B@B@B@B@BBB@B@@@BBB@@@BBBBB@@BB@BB@BB@BBBB@@@@BBB@@@BBB@@@B@B@B@@@B@BBB@BB@@BBB@@BBB@@B@BBB@BB@@BBB@BB@@BBB@BBB@@BB@BBB@B@BB@@B@B@BB@@B@B@B@B@B@B@B@B@B@@@BBB@B@B@B@B@BBB@BB@@B@BBB@@@B@@@B@B@B@BB@@B@BBB@BBB@@@B@B@B@B@B@B@B@B@B@BBB@B@B@@@B@BBB@@@B@BBB@@@B@BBB@BB@@BBB@@@BBB@@BB@BBBB@@B@BBB@@@B@B@B@B@B@B@B@B@@@B@B@B@BA@@B@BAB@B@B@B@BAB@@@B@B@B@BA@@B@B@B@B@B@B@D@B@@@B@B@@@BBB@B@B@BBB@B@B@BBB@B@B@BBB@B@BB@@B@BBB@@@B@@BB@B@B@B@@@B@B@B@B@B@B@BBB@@@BBB@B@BBB@B@BAB@B@@AB@@AB@@A@@B@B@BABB@@B@BBB@BBB@B@BBB@@@B@B@B@B@B@B@@@B@B@B@B@B@B@B@B@B@B@B@BAB@B@B@@@B@BAB@@@B@B@B@BAB@B@B@B@@AB@BAB@BAB@B@BAB@BAB@@AB@BAB@@@BAB@B@BA@@BAB@B@B@B@BAB@@@B@B@B@B@B@B@@AB@B@B@B@BA@@B@BA@@B@BAB@BA@@B@B@B@BA@@BB@@B@B@@@@@B@B@@AB@BA@@@@B@BAB@B@@@B@B@BA@@B@B@@A@@@@@@@@@A@AAA@@@A@@BA@@@A@A@A@@B@@@@@@@@A@@@@@@@@B@@@@B@@B@@@B@B@@@B@B@B@@@B@B@B@@@@@BAB@@@@@@@@A@@@@BA@@BA@@B@BAB@B@B@B@B@@BB@B@B@BB@@B@BBB@@@B@B@B@@@@@B@@BB@@@@@B@@@@@@A@@@@B@@@@@@@BAB@B@B@B@@AB@B@@@BAB@B@B@BA@@B@B@BAB@@@BA@AB@@A@@@A@A@A@AA@AAAA@A@AA@@AAAA@AAA@@@@@@@AA@A@@AA@A@A@A@@B@BA@@B@@ABA@@BA@AB@@AB@@@@@B@@@@@B@@@@A@@BA@A@@@@@@BA@@@@@@@@@@B@@@@@@@@@@A@@@@BA@@@@@@B@B@B@B@B@B@B@BA@@BAB@BA@@B@B@BAB@B@@@BBB@@@B@@AB@@@@A@@BA@@@A@@@@@A@A@@@A@A@@@AAA@A@A@A@A@@@@BAB@@@B@@CB@@A@@@ABA@@@@@A@@@AA@@A@AA@@A@A@A@A@@@ABA@@BA@ABCC@A@A@@@@@@A@@@A@A@@@@@@@@A@@@@@@@@B@@@@@@A@@@@@A@@@@@@B@@A@@@@AB@A@@A@@@@@@@@A@@AB@@@@A@@@@AA@@@@A@@@@A@@@@CAACBCBEDCDGDC@CBEB@D@@AHABC@ADIDCBEHEDE@@BE@@@CBADADCDC@C@CBCBADABADC@ABA@AA@AC@AAC@@@A@@@@B@@A@A@@@@@@@@@@BA@@@@@@@@BABABCBCDCBEBA@A@AAC@@BAB@B@F@BADABABA@A@C@A@A@CAAAABCBA@ABCBA@ABC@A@CBABABC@ABABC@A@AACCAACAAAAAACAAAAA@CAA@C@A@C@AAAAACAC@A@CACEAAAAA@ADABA@@BEFEF@@ABA@@@ABCB@BGBA@EBCDEBE@ABABCDIDEDCDA@AAEAA@EAEABE@CC@GACAEBEBE@CBC@CBADABC@E@C@CBCBEBC@EDCBEA@CACAA@C@C@ACACA@CBCBCDEHGFCDGBABCBADEFDD@AAAABCECCAEAC@BEFCDABACEECAACCBC@C@E@GAEAEAC@CC@CBCBCDC@AA@CAEAC@E@C@ACCAC@C@CE@CBABCBCBCFABCD@DEHG@E@E@CBC@E@CBADABCBAACACBEDCDEBEBCDCDABADAD@HBDBD@DCDAFABCB@B@D@DAF@BBDEDCBABCBC@EAE@ICE@C@C@EECAEAEBEDGDCDC@CBGAC@EBCBGBAAC@C@EBEBE@CCCACBCBADC@C@EACACAECCACACACFABCDEBC@A@GAE@CBG@EBGBEBCBEBIBE@EDADCDCFAD@DBDADC@ACECAACBC@EAAAEAEDEBC@C@CACCGCGAGAGCECEACAEAG@GAEAECECEECCAECAAAEDC@ACBC@EAC@CCAE@CAEBEACCCACAEACBCBCACACECAEAC@CAG@E@EACAEAE@G@EACAC@CBCDCDEFEDGBEBCCAAG@EBGBGDEBADADEDGDCBGBEAGBM@G@GAGCEAEAE@CAGA"],"encodeOffsets":[[117670,29508]]}},{"type":"Feature","id":"360983","properties":{"name":"高安市","cp":[115.381527,28.420951],"childNum":1},"geometry":{"type":"Polygon","coordinates":["@@F@D@FAD@HBH@BADCFAH@DDBDFFDFDDDBF@BB@DBFCBABBDBBFBDBD@D@FD@BD@DABAF@DBHBBDDFDF@DBDBDF@D@B@DCDDHH@DADBBDBDD@DD@FADADADABCBAFAH@D@D@F@FBFBHDJ@D@F@FBHDFBJBJ@D@DBDBD@F@DAFAFAD@B@FBN@D@F@DABCFAD@D@D@DBFADCJAFAFABCBA@C@E@CBC@ADABC@CCC@CBADCDCFAFADADABBDBFADAD@DBFBDBDBDAD@BCBCF@DD@B@J@DBDBDD@DCBBDBDBFEFEBCFEBE@CBCDEDCFG@EDEFE@E@CBAFADC@ED@F@DBBBDBFFHFD@B@HDHBFBLDFBDDJDDDADCBABAFCFAD@DDBD@HBDBDBDBDADAF@DDD@D@DABABCFAFC@E@ABCFABDBDDA@C@C@E@CACCGAE@C@C@ADABEBCDAH@DAF@DDBDBDBBFABDDF@FDBBDDBD@D@BAD@D@@B@DDB@CDA@@@@DADABBDDADBDBDBDDBDBDDDBDDBFBF@DD@@@@@D@DABAD@H@DBDDBDBDDBDBF@@@B@D@BABAA@@C@A@ABABA@BDA@@@@@ABA@ABABA@A@@@@B@B@F@@@@@@@B@HI@@DABC@@@A@@ACBA@@@A@AAA@@@@tCB@B@DBADFDB@@@B@@BB@@A@AB@B@D@DBBBDBBDBBDADAHCDC@A@C@A@A@CBADADA@AACACCAAAC@EAC@C@A@EAC@C@AACA@C@A@CBCBCBABC@CBA@CBA@CBC@C@CAA@C@C@A@C@CBCBA@CBC@ABC@ABCACCBCAAACBC@CBAAACAA@C@CBA@C@ABCDADAB@DC@A@@@@@A@@@@@@@@@@A@@@@@@A@@A@@@@@@@AA@@A@@@A@@AA@@@@@@@AA@@A@@@A@@@@AA@@@@@@@@@A@@A@@@@A@@@A@@@@AA@@@@@@@@@A@@@@@@@BA@@@@@@A@@@@@@A@@@@@@@@@@AA@@@@@@@@@@AA@@@@@@A@@A@@@@@@A@@@@@@A@@@@A@@@@@AA@@@@A@@@@@@@AA@@@@@@@@@@@@@A@@@A@A@@@A@@@A@@@A@@B@@A@@@@@@@AB@@@@@@A@@@@@A@@@@@A@@@@@@BA@@@@@@@A@@@@@@BA@@@@@@@A@@@@@@@@@A@@@@@@@@@@@A@@@@@@A@@@@@@@B@@A@@@@@@@@@@@A@@@@@@@@@@@@@@@AB@@@@@@@@@A@@A@@@@@@@A@@@@@A@@@@@A@@@@@@@@@@@AB@@@@A@@B@@@@A@@@@@@@@@@@@@A@@AAACAAAAAACCCAACBAB@FCBADABCBCBCBC@@BC@I@C@C@EAA@AACAA@CCAAAC@C@C@C@C@AACCAA@A@@@@@A@@@@@@@@@A@@@@@@A@@@@@@A@@@@A@@A@@@@@@@A@@@A@@@A@@@A@@AA@@@@@@@@@@@@@AA@@@AA@@@@@@@@@@@@@@@@A@@@A@@@@@@@@A@@@@@@@@@@@@@@A@@@@@@@@@A@@@@@@@@@C@@@@@@@@@@AA@@@@@@@A@@@@@@@A@@@@@@@@A@@@@AB@@@@@@@@@AA@@@@@B@@@@A@@@@@@@@B@@@@@@@@@@A@@@@@A@@@@@@@@@@@@@@@@@@@@@@@AA@@@@@@@@@@@@@BA@@@@@@@@@A@@@@@@@@AB@@@@A@@@@@@@@@@@@@@A@@@@A@@B@@@@A@@@@@@@@@@@@@AB@@@@@@@@@@A@@B@@@@@@A@@@@@@@@@@@AA@@@@@@@@A@@A@@@@@@@A@@A@@@@A@@AA@@@@@@@A@@@@@@@A@@B@@@@A@@@@@@@@@@@A@@A@@@@@A@@@A@@@@A@@@@@@@@@@B@@A@@@@@@@@@@@@@AA@@@@@@@@@@@@@A@@@@@AAA@@A@@@@@@@@@@@@@@B@BA@@@@@@@A@@@@B@@@@A@@@@B@@@@@@A@@@@@@@@@A@@@@@@@@@A@@@@@A@@@@@@@@@@@@@@@A@@@@@@A@@A@@@@@@@@@@@AB@@@@@@@AA@@@@@@@@@AA@@@@@@@A@@@A@@@GAECCACCAAACE@GACAAAACCIACCCEAAA@CACACAAECGAEAE@E@AE@CAACEECC@CCCMCGACAC@CBABCDGBCD@DAP@JBH@H@DADABADBD@FDF@D@DGBCBCDCFABCBGBGBADCFADADCF@@@@A@@@@@@@@B@@@@@@@@A@@@@B@@@@@@@@@@@@@@@@@@@B@@@@@@@@@@@B@@@@@B@B@B@@@@@@AB@@@@@@A@@@@@@@@@A@@@AA@@@@@@@@A@@@A@@@@@A@@@@@@@AB@@@@@@@@@@AA@@A@CB@@@B@@@@@@@B@BA@@BA@A@@@@B@B@B@@@@@@@@@@@B@@@@@@@@A@@D@@@@@BA@@@@@@@A@@@@@@@@@@@@@@@@@@@A@@@@@@@@@A@@B@@@@@@@BA@A@@@@@@@@@@@@@A@@@@@@@@@A@@@@@@@A@@@@@A@@@@@@@@@A@@@@@@@@@@@@@@@A@@@@@A@@AA@ABCBCD@D@F@BBDBBDDDBBDBBBDA@CCA@AACAA@C@ADADABCBC@C@C@ABC@CDA@@@BB@@B@B@B@B@@BB@@@B@@@@@B@B@@@@@@@B@@B@@@@@B@@@B@@@B@@@@@@@@A@@@@@@@@@A@@@@@@@@@A@@@@@@@@@@@@@A@@@@B@@A@@@@@@@@B@BA@@@@@@@@@@@@BA@@B@@@@@@@@@@@@A@@B@@@@AA@@@@@@AA@@@A@@@@A@@A@A@AB@@@@A@@A@@@@AA@@@A@@@@B@@@@@@@@@@@@A@@@@@@@@@@@@A@@@@@@@@@A@@@@@@@@@AAAACCACCAAEAAACACAC@G@AD@@CBAD@@@D@@C@@@ABABABAB@B@@C@AAAAAAAAA@A@A@CAA@ABABABADAB@B@B@BBBBD@BAB@BABA@ABAB@BB@@DB@ABA@ABABAB@BBBB@B@BBBBBB@D@B@B@DA@A@ABA@A@ABAAA@AAAAAACCAA@AACAAAA@CAAAA@AACAA@AAACAAA@@@ECC@C@EBC@A@KCG@GAECCCICCAGAABCAA@A@C@AAA@A@C@A@AAG@A@A@I@IBMDA@@@A@CBA@A@A@C@AAA@CAA@A@ABBBBBBBBB@D@D@B@B@B@@@BBBAB@@ABCBAAAA@AAAAAAAAAA@CBABBBABBDA@ECCACC@@AC@@CA@@A@A@@@@@@@A@@A@@@@AACEA@AA@B@HB@@BCDA@AA@@@AA@@@@@AA@@AAAC@@@AAA@@E@AA@AA@AACAC@A@@@@B@B@J@@ABC@AB@B@BBBBDABA@AACAA@ABAB@BBBBB@D@BABAB@BAB@DAB@BABC@A@A@A@AAA@A@ADCDA@GA@@CA@AAA@C@ABABABA@AAA@AGAGAA@A@A@CBA@@BABBD@@@FAFC@AAAAA@ADA@A@@@C@C@CBADEBEBE@EACCEGCA@G@CAC@AAA@AA@ABC@A@ABA@C@A@AA@@E@A@@@CACCCAEEAC@@A@ABC@AAAAAAACA@ACC@CAA@CCCAEEAACAAAECCCCAAC@AAC@CBC@CAAACCAEAICICCAAAECECAAC@C@C@CBCFCDCBGAE@EBCDAB@DCL@FAF@DADABABCBADEBG@CAAAAE@IAE@C@CBAF@DC@ACCAE@CCCCCECCCEBCCCAEACCEACAGCCCCAAACC@C@G@CBCBA@EECCCAAG@CBCBEFCB@DGFEBCBEB@DBFBD@DDFAFABEDCBEDEBEBG@EBC@CBCBG@C@C@C@CCCCCA@DADC@CAGDCBEAC@EBC@E@CC@CCAC@CAG@EACAECCAEAECAAAAE@CBADBDADCFADABABBD@FABCDCBCBEACAC@CD@HAF@DBDDBCBADAB@FFDDBBD@DFBDDAD@DF@FBD@DAD@BD@JADBDJBDADAF@BF@BABCDABABBFDDDDFDDFDDBD@FAFCHAF@FBDDFBFBDAD@DAD@DDBDBHBHDHBBB@B@H@BDDDDDBBDBF@HAFABADC@E@E@EBCBEFAD@DBB@DAFCBC@CBAB@B@BBJ@B@BBDB@@@DBF@F@F@FBJDDBHBDD@@D@DBF@B@HEBCB@@@B@F@DBB@FDDDB@BB@@F@@@BADADEFAD@BAB@DBBBDBHBNDDDDF@B@FBD@D@D@B@D@FBF@B@DA@CBC@E@CBCDABCBE@CACAEACBEBCDEBABAB@D@F@FADADEDCBEBGDGBEDADEDCFCFABEBG@CBIBCBCFABC@ADBDBBCD@BADADBDFHBFDD@FBBBD@BAD@BAF@F@DAF@FADADADAD@FBBDB@H@F@L@FDHDJBDBBBHBDDDBBBDBBDBF@DDDBBDDBB@F@B@HBF@F@H@L@D@BDAD@D@DEDAB@DDBB@DF@DBDEBAB@FBBAFABGBC@AFADCB@HAF@DAF@DBDCDE@E@E@ABE@AAG@C@E@EDEBEBABCDEDCBABCDGFCBC@C@C@E@CB@DCBCAGBE@C@C@AFG@C@E@EBG@C@AD@F@FBBDBBD@F@DADAD@DBFABEFCB@DBBDDBD@DABCDABABCBECCBABCDADCD@DBD@D@DFBJDFBHD"],"encodeOffsets":[[117786,29270]]}}],"UTF8Encoding":true}