{"type":"FeatureCollection","features":[{"type":"Feature","id":"542221","properties":{"name":"乃东区","cp":[91.76525,29.236106],"childNum":1},"geometry":{"type":"Polygon","coordinates":["@@FMBAHGHIBK@OFQLKBWDQ@UDMAWAQDMEK@MDQJO@E@C@A@AAAEAKCAACKEEEQCC@AECK@@@@CBCBEBEFI@CAE@CACAEAAEAIBG@YAI@AAGG@@AAEICECCCE@CBAFCDAAAGIEECCCCCACCCEACCCCICC@CC@CCEAC@C@CAA@EAGCA@A@ABAD@FADADABABCBA@CAKDC@ICCAC@CBCFAD@BFHHL@DBP@F@R@BD@LAFAH@FAFBD@@BADELCFIJADAFCDCDCDAB@BAB@@C@M@C@KAA@CB@FKNOPWPYLWBYEYG[ASCYAaDWLQHHPLRNNJPCV@XFXDZAZ@THRLNFJNPTRNPJPFPIVUFWLGTFVBVCZEXCVC\\A\\DRCB@BABA@CDGDEBIBC@ABSVGHELADAFELCFEB@@CFGJAFIRIJOLOBW@SGKEIGKIOGIGKIQEOFMHO@SGGNERCPMVCPAVIROPOL@PPNTD\\DbDXJXHRJJVNZH`D^GZDVA^M\\I^ER@^GXE\\DTHPHJCNAPDPFLBPHTNEVALPLRTAXGLGHYdDPBTDBNBLFLRARAVCRFLJLJLFPARIFLLXDNJHREPHNH`A`@XERCNIDORAJJJNTDLCX@XGTALJREJELOJKNE@KEQKIKEOKMWGQBONCP@PEEKEMES@QBS@UIQGOGMOUKSQIQGQGOOKEMMMCQCSEMMESEWA[EWGYCMGGOMIYASG]EW@]LULYTONDLHPFNCVGPIJKBQDMHIPMLIDOHULOHOLOHINIHGLQBMDQ@QCSESFQJQLENK"],"encodeOffsets":[[94206,29701]]}},{"type":"Feature","id":"542222","properties":{"name":"扎囊县","cp":[91.338,29.246476],"childNum":1},"geometry":{"type":"Polygon","coordinates":["@@NAPCVEHINORIREZDNEPIRIPETATHJJLNLNPLTFVFTFHJJNZBZHXJXNNHRTPNNHRBPIPKP@PDRNRAR@RHVCAQEYISHQFMGSAOEKCOBODMGIGOCSF[HW@]FQJ]N[B]CUHYC]G_MYIUQIWGWIaC[CSCOM@OPKPOJQBUDONUDOFQHMEKMOMMKGKGKKKIQOSSM[AgFaCeO]UQ]GU@Y@SCOEUDWEWEQIMEMAOCOOCWFSD]EaCOWHSHQDWHO@MAWDELULSLSHWDW@W@QCQBKHMHUBQFKHMDKFAPCZRNRNRTD`BdA`@`@\\JVNPRPRRA\\IJKPKTIb@XDPHNNXDJLJTJ@BDBFFBD@DAFGFGJCJAD@D@DGHAF@HAH@DPFHD@DADABFPNRBH@HEXCHCDIBC@ADAJ@b@DEDAF@@BTFVJRLTJTBdEbEXENERCRFRÄN"],"encodeOffsets":[[93479,30236]]}},{"type":"Feature","id":"542223","properties":{"name":"贡嘎县","cp":[90.985271,29.289078],"childNum":1},"geometry":{"type":"Polygon","coordinates":["@@EQDQFQFMFWFaAcISKSIQEUAS@@BEFC@C@aBIBCD@JADCDGFW@GAGMQEOBABC@CGCOE@CBG@GBEHG@C@CBCDIHIHEBE@CACEECA@ASIKICIMWGMCO@WJaLSLOJIB[QQQOMOIU@[@_B_AcC_QSQMQMDYBO@OKGOCWAUDQASAM@Q@QDMFIHQJUHBVGNKHMLOJMJKNIPKJKLOBUDSGSEMJELIHOEKGKCOCQCQAKELKLEJIDOGOFMDM@EEIAIEEMCCA@@AA@CCEKIKCMBCCOCECKGCCAE@CHMFKBEBGAGACAAGMUIK@KHMPIFG@G@[F_JWJkXWRSRIP@BABQVIPIPGdETGZ@jAnCLELMXIJGHKHSF]NaNMJCD@DBFBHHJ@BETUBULYDS@_CYGSIWGYCYGUGSCSCGVDRHTDZBRJLFNNPFJD@B@H@LFDBFAD@DEJ@jTXB@@@@@@VB^PTLBDLCFKVBJHFJXFJ\\FBPBJDB@@@FH@BFH@B@H@BBFFBHDHBJFDBFAHAB@BBBBBBDHFDJDHBFBLJNBPBXCTCB@DCNEDCFAHGXB\\F`FbDdDdLZFZBZBVJ`FTJHNLP`B\\DZFZJbTPLXPNJVDTBDNCNCNFHR@TMNHHNLPJLRLPAPDTBLHRJPPFPHRPNJDXHNFNHPHRJLM"],"encodeOffsets":[[93413,30229]]}},{"type":"Feature","id":"542224","properties":{"name":"桑日县","cp":[92.015732,29.259774],"childNum":1},"geometry":{"type":"Polygon","coordinates":["@@JKVATBV@`MZKXERCLEASMEEUOKQMIQU@UKESKOSKSQYIWKSIKGJKNKNGVMXKRENIJOHU@SKGSBQFSFQEKGGQSMKHKDOABKB[FUHWJSLWFOBYAIBC@I@IACAC@CAEKNADCF@DADCDGDCDE@Q@QAIAEAI@EBMFIFKFCBICCAAGG[GGIGKESIKAIAI@K@G@CBGBMDG@Y@EBE@K@M@EBCBEDEDGFEDABEDCBCBGBGBG@K@G@EAG@C@K@EBC@GDGDEDGBC@EACAGAKEEAC@C@A@KLclS@OMC]IQMIQMISGWIOSI_@[@YBKMMQOQKQ@@@@CECUP[PYX[RM^UFOGOWMMUUIMMOODUIIQIQEMEMEQGMLKFIRERFTDT@RCRANKRGHMJGJKPGPKPGVCPKJONGJCNARILOJUHMDOEKGMCSPKZKV@^FXH^BTJZPNHHDNHZFXB\\FXFTNNTFRDNDNNLFPPRHRHRJLTPVHNHPJR@VAT@RFTFNFLOFO@MDAPHRNXPLLFLJFR@LLCXDVCN@DKFONKRCRHJDFBFBJ@JALEJEJKF@N@JAHADBDDFHNHFDHNBBTJFBJBLLNFFDHDFCNENCR@`ERERFLFJRHLJJLERGPAHJ@V@BBJFDJFFDHJBDJDJHHHBFFLDHD@HEDEFIHABBRFVBNDTFPHDLBLADILKPGPANFNPLHH@DEN@P@DJP@DCTCLKHQXEHGJAJDX@DBHDFHBFBDBFFFNFNDHDLFTFJH@F@LMDYB@DAHBH@HAFA@@B@B@HBH@N@FB@A@AAE@C@CB@BABAB@BBF@D@DCBCFCDAH@@BLHTFNFTBLID[CYA[AWJWNKJKLGCOKKIOKQOMGMIKQKCCDOGOCSBQBQCQIKKOBQJOBQFONETCRGTE"],"encodeOffsets":[[94730,30256]]}},{"type":"Feature","id":"542225","properties":{"name":"琼结县","cp":[91.683753,29.025242],"childNum":1},"geometry":{"type":"Polygon","coordinates":["@@THP@NGPERFLJJHPHLJJHLFTHX@PAPKJIJQBEHIDE@@FADEFKBEBCFKHGTUBAD@JAFAHCDCB@BA@ADACQB[D[DUFWDYAUEUHSXKVEJUEOIOMOSQMOEIKMGQ@SBYCYEW@WDUIOMMKQGOO@SDUDMABOLMLICQMG[IQEQCQAMDMJGNGLKLKBOHQJQNOJOJMNQFUASCYAQAINALAPKLOBYDQ@KCM@GJKFMDSBOAQFQDMLSFQFMNIJIJMHDPFbC^ETDXPPPDNBNFRJXFXFVCPFTDZ@V@^HVRP^DfEbBhN\\TTRPLJLLLHLHNNNPFL"],"encodeOffsets":[[93779,29883]]}},{"type":"Feature","id":"542226","properties":{"name":"曲松县","cp":[92.201066,29.063656],"childNum":1},"geometry":{"type":"Polygon","coordinates":["@@HJBBCBEDAB@DDFDDDFFJBB@@HHBBJ@ZBH@JAFBBBBFBD@DBF@DEJAFAFAD@D@@L@FD@BDDFRFFDLBBLDFBBB@B@B@D@FIPCR@NFLCNBRBXCN@VCRAXKLER@PALGJGHABENRHNFNFRFRJJJCVPPNNVJNVXNHPEP]VQNW\\OZO\\DVDF@@@@LRPRNRLNZA\\@`@TJJPHXJTRNNJJRD^PNT@dkLKB@D@D@FBLFHBDBFBD@HAFCHCHCD@FAL@D@H@FBH@L@H@HAHADADAFCBAFCHEFCFCDAFAN@L@F@FAZ@H@NCHADAH@L@J@JBLBTJLF@CDIBGBKFQBEJO@AYSICQAAA@ADCHIBCCMAECOAAIGEIAAA@GAA@GEECQCAAAAA@@E@CCGBG@AG]CYIYB[BSHWXOZURMHSHOJWL[PYL[JMDSAWES@WNWHMNGPCPDNKPIXKLCD@BA@@BAA@AA@A@E@AACACCAECCAE@C@EACACCCCAC@A@C@A@AACCCACCCCCACAAACCECECCCCAA@@@@ABABADCBABEFCACCCCAAAAA@EACACACCECAACCACECCECCGGEEEECCACACAACCAA@@A@C@C@A@ACAACACCCACCECCC@@C@QIGSJSCOQIUBSHMHMJMBKDABABADCBABCF@DBD@D@@C@gAYCUCIEOGKAG@I@E@AC@EBEDCBCCM@GBADAHGBEBCDAFEBC@CAEACBA@@DCDADEBGBABCBCB@BABA@A@A@G@A@AAA@ABABADCB@@ABC@A@IA@C@EBEBEDE@CACEGICECE@E@ECE@GCAWAYASBOHMJK@UBUHYJQBMPKXITKVQPKPIN@BC@CDCDADADAB_PE@KCI@gTEBGBQDE@GDGDG@CB@FBJEDC@CH@HCNEFEFAB"],"encodeOffsets":[[94165,29463]]}},{"type":"Feature","id":"542227","properties":{"name":"措美县","cp":[91.432347,28.437353],"childNum":1},"geometry":{"type":"Polygon","coordinates":["@@NGJIJINMRETENKRCREPBTANCLEHIN@LDR@ZCPALKBOBKJMRBZBTDVBRENMPIPIRMRIPGLALKHKHMNINCRBRDRF\\JNHDRKJKNAPNBVCTCP@RGXKbCZBTD\\BZHZFXAZKXOPOLM@EDAB@LBD@N@D@@@BA@ABADCDCDCBEBCJIDEFKBC@AC@EAEBG@EBKBC@@A@Q@EAO@CGKEG@ABCDEDAD@EAACACAAACCACA@G@CAECEAA@C@C@C@AEM@UNSNKDMBAFEBEB@BI@CFGFADAFCDABCDCBAFEBC@C@CAEAANGHADEBE@A@CACCCCACAAA@AAABACCAC@E@C@ABEBCBABAB@@CAAACAAACBCBCBCBCHCFADAJCJCDCAEAC@G@IBEDCFCDABABA@A@@FCD@BADADAHCJADAB@NIRUBUCMCOCQGQCOGSEMKIS@KDKCQIMEKGIIBUEM[IMHKHOFMDMFQBUDSAU@WFM@WCSEUCQ@[BKC@@C@C@A@AAAACA@@E@EBEBG@EBGB@@AHCF@FIPADCBCBAB@DAH@@@D@@@@A@EACA@@C@CBA@@@CA@@G@C@A@@@EBA@C@IBA@C@E@@AA@GCEAE@CAE@A@EAE@EACAGEAA@@A@@@ECGCAACAC@CACAAAA@AAEGAAEEAA@AACAEAC@CBABCDGDCFAAGAEBEAEBE@CC@@AC@@@A@AB@BAB@DBB@BA@AAA@A@A@@@AGEEAAGGM@WBM@QAOEMEIQ@QAQAODQLILSSCMAOABUAQ@KBOIKKOHIBMISEMEKGIKGMFMBMAIGEIIIQ@SDKIMDKFUFSJWJSDSBQAKCUA[AMAWEUFQCYAO@UEUE[I[KSMQGQGSMSCOESDQFOJMFMPCTAXDX@RFR@VEVEXAPCJAP@NBNJLJHJJHHOTELALETILINKJIJIZFNFLJVAZCLALFP@@APFJDDH@@@BB@B@D@BABAB@BABED@@@B@BJHFD@@@B@@ABABMBOJCDCBC@A@@BBD@DBDDDBFDDPPFFHFDDDFBBNDFBDBBBBBFFBDBBD@HBD@FDFBFBJBFBFBHFFDDDB@B@DBHDFBB@BAD@FEBAB@BB@BBDBBBDD@D@FAHCHCF@HAB@@B@B@BCFAH@BAD@DEHAF@BBB@@FAPE@@BCFCB@@@BBBDBDD@FBBBFBBDBBB@T@F@D@FAHAB@B@DBBBDFDHDF@DBFAD@FAH@B@B@BLDALJFHPRPHLDNBPDDTBFB@DAJ@TCP@D@D@B@B@@ABIFAD@BADBB@DDH@B@D@D@B@BABBDPBDFF@TELEH@B@A`BPJRHDBFKF@HBHBFCBM@GAEKIIGCQ@OFWFA@A@C@CBI@E@IDC@EBE@E@SBG@@BCHCTBRATAVKNKJIJIFBPN@JJCL@PBRLXNXLPJPJVJTNTHPBPXCNBP@XGRCTGXG"],"encodeOffsets":[[93560,29637]]}},{"type":"Feature","id":"542228","properties":{"name":"洛扎县","cp":[90.858243,28.385765],"childNum":1},"geometry":{"type":"Polygon","coordinates":["@@L[RINKRGLMJKCMEIIKMQPQNSAMIGIGQCMA[AIIEICMBKAMQQMIGOEKEIGWEUMDOHQFIHON[@KTQLYAU@ECAKBKFG@IKMIIM@KGCEEGKMEO@GACEKIIMOQKQFKDMLQJIFI@KAOCOGGKWKGAOAC@@ADCDGBGDKBC@EAECECEEEIEIEECA@@CBCBGBCBE@EBGDI@GBE@C@AACAACAAAECACCAEAA@CCCCCECECEACCACCECACACAGACCCEI@@A@A@A@C@EAcBU@KDIBUDUD]FIDSLOLUVWLWPQNEFFDDNDRHRFL@HKHQTOGYGKCIAODKDIAQ@KBQFKJ[LSJIHM@EDGNINILMLKLA@GLGJEDCJ@H@XCJGFEBGCGCIAGBG@KDGBKDMFKFIDQJULEFMFKFIFKBIAGAGIIKECGCSKOEKEOGOAWAIEIK_WEAGHGFGLIHMNWHSBSHC@kRIASKWOQESBK@QDCFINGFMFSBOBQ@QAUCMAIBGFERERCLINKHMHMJGJGJGHGJIHGDKAODEHG\\CFB@B@B@DADAB@FBHDDBFFJHBBFDBDBBDAFCD@B@FBHBJAD@DBHALA@@@B@FABE@I@ABADCHCD@F@B@H@DABCDCDABADAHABABABGHAFCF@D@FBDBB@B@BG@E@C@CAA@@B@B@B@DABCDABCH@B@B@DBF@B@BBDB@DBBBBBBB@BA@ABABAB@BABCB@BAB@BB@FBBBF@BB@BBDDRBD@BB@RPTNNVLVC\\ARAVHV@NAPBPTL@NGTGHOJA\\FNPJTNRMVSbMT@XAZCZETGRDPLP@NGNKHCNAPAX@RBXHPLNLRHNAPDTBX@TCTGVBXDPDHNDLEVHNPVTJPDR@NCVCXCTAXBZBB@@@BBFFB@B@B@JEF@DAL@TAD@H@B@B@BBHHDDBBFBHBFDDDBBHDBBDBDBFDJDDN@HJVEH@JELAJDFbPNJFJJFF@FCBED@@@FDHBHCDEBAD@FBDBDBBBB@BABABADC@AFCB@B@D@BBBBFDDBHF@BBFADBB@B@BBB@@BBHAJAFAD@DADA@ADABCBAFCF@F@B@@@BA@A@E@@@ABBB@D@F@F@F@DBBBD@D@D@DCDABAH@H@JAD@B@BA@A@A@G@@BADAD@HAB@BA@A@E@CACBEDEBCFEBC@@BA@COI@EN@DBJ@@@J@J@F@DBBBD@F@D@B@DDBB@B@@@DBBDDDBBB@@DCBADEBAD@DAZEPBHDDFFCB@D@DADCPINABABA@@@A@@ECIG@A@A@@FCBA@ABABA@A@C@AAA@@G@CCEIBO@@EOBKDKBYIUEKEMJYJILIJMJKFSBKFKPSGGIIIGIKAM@MBODIBOFWFU@UEQ@QCWBWDSNONEPIRETCPFTDTNRHRHTN\\L\\JVFVFP@ZBRDVEXFNB\\BVBLDRBTATCXITIVELENC"],"encodeOffsets":[[93639,28892]]}},{"type":"Feature","id":"542229","properties":{"name":"加查县","cp":[92.591043,29.140921],"childNum":1},"geometry":{"type":"Polygon","coordinates":["@@EKSKKKAMBOCQCUJQJERGDQA[@UBYLGPKPICOMICIGMKGWGU@[CYFECAIAMIIGEOAAAAIBQJKBCAQIQCGGSE_KQGGOEUKQQUOQMMKIWAOESGMMGMKCMKOaEQ@W@[EUMIOMOQKSQWIYKOO@QESAQKYGYCYQWEaLUHMI]OQYYaASDYM[UQWMWI]@SCYIMKQSGABEBABCBA@E@C@CBABCBCBC@ADABCDABCBC@A@A@C@A@CACAA@CAEAEAE@AAAAEAA@C@ABCBA@C@A@C@A@ABA@@BC@C@CBC@ABA@CBE@C@C@A@EBADAD@B@B@DBB@DC@CBC@CBAB@B@DAD@DA@A@A@CCCCACEECECCA@C@C@ABCB@F@B@BCD@@CACACAA@C@A@CDABADABADCBAD@B@DBF@BAB@BABC@CBC@C@C@A@CECAA@@AC@A@C@E@A@CCCCAACACAAAAB@@ABC@KDWLOJMLOCODMHGNMX@XFTBXCTINK\\OZK\\IXGPGTQNYVWPGXATA\\JZDZH^@BAHDH@D@FB@BBBBRDFDHFB@HBB@BBFJJHBBDPBFDNADGJCD@BBBRBJDZT@BIPAFERALAHCJ@DJHHHH\\BHDBJDDALEJENEFAJ@FBJBRBR@F@DCHCDCBC@CDEBCLMBF@DBDBD@J@JADBJAZEPKXITGXEVA\\ALPBLCLGTNHRLHRFTERETALH@TGVIPMJQFWLUNMHMLILLHTJXLZJTRTLLPFTVLV@JRRNPLFVNFBTKFQDWFYL_NU@SAUBILLF@N@XNJTJDRCTBPNRJPNRNXLTNJPLTFP@TANENGLHLRPRPJXLVFXARENGFQNKBM@ORIVAXAVBNFNLJLNNRFTDNCZCZADPBNJLNJ\\IVHDLJLLRLDTIRKVAPCTANIHMPMRIRGRGNINMJQJOAKGMEQEWLOLSVSNONMVKVGVAJMBOLIVGJQDSBUFUNM"],"encodeOffsets":[[95331,30195]]}},{"type":"Feature","id":"542231","properties":{"name":"隆子县","cp":[92.463309,28.408548],"childNum":1},"geometry":{"type":"Polygon","coordinates":["@@BAFEFEDM@GDGD@FCAI@EDAH@HCHCF@RCHAFAhSJ@LDF@`OBABCBCDCDCD@@AJMLOROLUJSLWNORAZIVGVAL@NIPGTAZBXBDB@HDF@F@FDFDFHJDFDBF@FCFAFAD@B@@J@BAD@BA@CDABAB@BBB@B@B@H@B@BABABA@ADADABAHCFCBCD@@ABBDBF@DADEFCBADAFGHCBAB@HDNADCDAF@FBDF@J@H@LBPHJFVDZDhBD@@@@CAC@CDEBADABCBABALCNANINGTGVARJDPITHTRJD@@@DDFDDDDBDDDBBBBDB@D@D@B@@@BBDDBBBDBDDDFFFFHHDDDFFDBDDDBBFDDDDBDBFBB@BBBBDDDDDBFEBADABCBABA@@@ABCDEDEBCBC@A@C@C@AAE@C@ABABE@EBCBABC@C@CBADCBCDABEBABABABADADCFADCDADCDADADCDCBCBABCB@BAB@BADAFABADCD@BAB@BBB@B@BA@E@CBC@ABAB@DBFBDBD@HFDBBBBFBF@D@DBBDBBBBB@D@DBBDBFBDB@BADAD@BDDDDDDBBAD@B@D@BBDBD@FBDAFBD@D@D@BDBDFDFDF@BDDDBBBDFBBHHFBFB@@B@JAFAB@@AD@BADABADABABADADAFABAB@AC@@@ABABADAB@F@DAB@DAFAHABAFAFABABADA@@D@BAD@DAB@D@BADCDADABAD@DAB@@@B@@A@C@@BA@@B@@BB@@BB@@A@A@A@@DABA@AJEDCDBHLDBBD@@RGXDRCVELATDTKTIZB^CZCPSJOHGFADCDA@@BA@CBE@A@A@C@C@C@CBA@ABAB@D@D@D@DADAF@DAB@B@DBDBDBDABADABAB@DBF@DBF@DAD@DAB@B@BBDDBBDBDAD@B@D@F@B@@@@@BHBFBF@JFH@LBFAFJLFFBBBB@B@H@FJJH@HDJJDBJ@LDLJHAB@NCVKD@HNB@H@HEBAACAEAC@@BCBABABABADCDCBCBCB@BCDA@ABABCBCBE@ABBFBDBFBFDFBDBFBFBB@D@DABAFADADCF@H@F@LCTAbCKJxAdBZCbEhZV²D`JpIL[LWNQ\\MdB^JVARC`ApQJgB@@AAACCCCCAAE@EBAB@DAFBFDD@L@NCNAJCHAB@F@F@JFHBHBJBFAHAD@DBFBFBRBDBVCRAVHPFXFZAVKHeVCbRJ`C\\NrdNKRUJ_NMHBRHFBD@D@BC@ECGCC@CBADEBCBE@EDEFCFAR@N@HAFCBE@GAKDGBG@GDEFIDCLIDEBCDAJ@JEDEHEJANCB@@ACAAC@C@CBAFEFEDABC@CA@EGAABABCBA@GDC@@AAIMAGAEBA@GAAEEAC@@BCBCDE@EAKDCHGDEBCCEMEACKM@EFKAEAE@ABCB@HMJIBE@CAEAE@E@CACBSBEDIBIDGFGFCJIHEDGD@F@B@DA@@BC@AD@BAFAB@H@D@B@B@@ADA@AD@F@B@B@BCD@B@@@BBB@HBB@D@BABCFAB@B@DDB@D@N@B@B@@@DB@@B@D@@AH@H@FAFABABAB@F@DB@@BB@BF@DBH@H@H@F@FAD@B@H@B@BA@@@@@AAC@ABCBAB@F@D@@@BA@@AC@C@ABE@A@AAC@A@@BCBABEBABABABABABAB@BCDEDEBCBCBABA@@BA@ABEBCBADAPQLSHCBABCBA@E@CBAFAFAD@B@FDB@B@HCJAF@DADADAB@DCBCAA@C@A@C@ABA@AB@BOAG@AACAA@AFE@A@CAE@E@AAIAAC@GHKHKHOFIDIBG@I@GBIDIHGFEHMRGFEBE@IBGDGBGHEFGDIDQBI@G@GBKDKFGBEBEAEAIBI@YCC@ADEHGHGFSVGDGBCAICOKKOGGKMEGEECAA@IDEDKDIFOFGBG@K@GAGCICEEEGGCE@CBEFEFIDIDMDODiPQDGBKCCAEEIGMMGECIS[IKAACAABGHGFGFIHIFEDGHEFKFIFGDSDOBMDUHSDUFYDKBM@Q@O@I@M@I@QAMAKAGCMAE@I@IDGBK@GBIBIFCBI@OBA@IBGBGFUJG@MBMFYJWHQBI@A@C@OFOFYFMDcNGFEDGBKDcNIBGBU@I@IAEBE@QGOGUIEAE@IBEBE@OAGAMFEDGBG@IC[CK@K@KAK@IAEBEBEBOPCBABE@GAICOGOIEECCMEQICAA@KBI@IBOAOAOCG@GBCBA@ECEACAAA@EBG@IAQB[@CGEQKIEOOEC@@EEEI@ACAAAE@E@CDENCJILCD@@[RE@CAUSC@ACkQWOKOQgWKECCAIEEEQIEAEAGAEAGCECOOE@E@AFKNGDE@IOSGMKK[BQ@WKQCKCQOKSG_CKASAUBKBC@I@OBIBKBEBWAiCA@CBE@E@E@GAE@GA@@C@[@mAk@eFYNeVONCB@V@T@@DZDHDPD`CV@HDBVDN@DDLNHLDFAFUdBLEJDH\\\\ZPDHBHEH@bAD@BG@UAOB[DI@ABWJQCW@M@OASFWDYFWBSBYAWA[BS@QBQBQCEIAMASKCQDKHODMDQNMRUFSAMGUEWCQEY@SCKASIMGIMBKNGFIAOGGMIOCODQAOEUGSEWEUMOIMKMIQGWFGRQZKPYDQAUBDXHLNZB^KZMbUHWBQPKTSLSBWGOHObQVQJQFOHAPBT\\JFNAVJJLHNFRJLDLCT@LJFNHTDPHRDRDPDNAVQVMJA@CBIBGDCBCBABC@ED@@@BABABCBEDCDAF@J@HBDBFCDIDIDCBEBGDADADADADBDBBBDBB@DA@ABABADAF@B@D@FBDDDABBB@BBBDBDBDDBD@D@BAFCFGBMHBBBF@D@DADEFABCDADCBEDCBEBEH@DAJA@AFEFABCNMLMT@VFN@B@D@D@DBBDFBF@D@HDBDBBDBBBDBDFBDBJDD@LCDBB@DABABABCBC@EBCBAB@B@HDFBB@DBD@D@FBDDD@@DDDDJDDBDDFDDDBDDDDFF"],"encodeOffsets":[[94165,29463]]}},{"type":"Feature","id":"542232","properties":{"name":"错那县","cp":[91.960132,27.991707],"childNum":1},"geometry":{"type":"Polygon","coordinates":["@@ASBOPGRERIRUPaPGXHTATKLSROXAVGNaLYA]MYGKCWVARBZCLORYHQXERHNJNLPJVNXFTFVHPFRBPCPDNJHHBPEJMHALJNNHTJLBTDZ@RFXDVFNHTBVENQRMNCPCLGRCLDBTBNFJRDRARAT@\\AXBZBTAXAZEXCTEPBN@X@RDXIBAJ@\\CPAVBH@@ABC@aFGAGCGYO[[CGFIAKVcBECEGKKMCCM@UCCA@GDUC_COCGCY@@@S@UDAPMfUZMfEl@nB\\@D@@@HBF@HBF@F@F@DAB@jDXBFALAJAPAJ@D@LAVATBLB`DTHPLDRDLLR@XARL\\NLTHJPF@HCLMBEF@F@PPFDHDFBHBFBFBRJFFJFDBFDXLRhLPXPlRBDD@VTDBF@\\Q@@DCJKDIFMDCF@F@BBDB@BFJFF@@FDPPJFRLHF@DA\\BR@JAH@FBBDBFBFDB@DAHAH@PDPBPBJAJ@LAB@DBRJNFDDFFPJPHJDHBF@BADAPOFAFAFAJBL@LBL@L@\\DJDH@HAFCNEHBPBF@FAJAF@FBVJPHRHF@FAJBJ@V@HAJAdMLCHAFCHEdMNCZEPEPED@B@J@RAXGZINENAH@VIHEHAJAB@PAJ@DAJEJAHAL@HAJCJ@F@NBHDLBNBRBJ@N@J@P@R@N@LAZCVETCVGNCPATCHCJELEFEHGFCJEJGHEHEHGBADBBBJLT\\DJHFNNJHFFDBLDHARCjOPCNCJCJCFEFEDAF@HDFHFFJDHDHBL@H@HAPEJELCFCJCB@DBFFFHLNHHLPPLJDDBHAHCTUHEHGFGBCD@ZDJ@JAFBFBFAHALELCHAH@J@RAJCHCFEHGHAHCJAF@FAHENQFGHEJGJCHAJ@H@JAJCPELGLGHGD@CAAAA@A@C@@@A@@CBAB@@A@A@CBAFEDCBA@A@AAC@@AA@@BCBADCBA@@@A@AA@@AA@C@AAAAAC@@@A@A@CA@@C@ABE@ABABA@A@AAAAABC@C@C@A@ABC@CBABABABC@A@C@EACAAACCAAACAEAAA@CAC@CAA@@ACAAAA@ABC@A@A@ADCB@D@B@B@BCBCBADAFAD@@A@A@@@A@A@CBE@@DAB@B@D@DAJIDC@C@C@C@A@CDCDCBABAFCFABCFEDCBG@C@A@EDODG@@BE@A@CBG@CBCDEDABADAH@LAFCDA@@BABAB@BCHEFAH@H@L@LBJBD@HCFGFA@@@@B@@A@@@@@@B@@@@AD@@@@A@@B@@@@@@@BA@@@@B@@A@@B@@@@AB@DABAFCB@BA@@BA@@B@@AB@@@@A@@@@@@B@@A@@@@@@@A@@@@@@BA@A@A@@@A@@@CB@@A@A@@@@@@@A@@@@@@BA@@@@@@@@BA@@@@@@@@B@BAB@@AB@@@@@@@B@@A@@@@@@@@BA@@@@@A@@B@@A@@@@@A@@DEBG@ABA@CBG@A@@@C@C@@@@@EDCDCBGBEBA@@BC@C@C@EBADADADCBE@A@@BEAGAEAEAC@GAE@A@@@C@EBGACCCAA@@@A@CBCBCDABCBA@@B@@@B@@@@AB@@@@@D@@@@@B@@@@@@@BA@@@@@@@@@@@@BA@@@@BA@@BA@AB@@@@A@@@@B@@@@A@@B@@@@@@@B@@@@@@AB@@@@@D@@@@@@@B@@@@@BAB@BA@@D@@@@AB@@@@@@@@@BA@@B@BA@@@AB@@@@@@@@@@A@@@@B@@@@A@@@@@@@@@A@@A@@A@@@A@@@@@@@@@@@@@@@@@@A@@A@@@@@AA@@AAA@A@@A@@AA@@A@@@@AA@@A@@AAA@@@@@@A@@@@A@@A@@@@@@@A@@A@@A@@@@@@@@AA@@@@@@@@A@@@@B@@@@A@@@@@@@@BA@@@@@@BA@@@@B@@A@@@@@@@@B@@A@@@@@@@A@@@@@@@A@@@@@@@@@A@@@@@@@@@@A@@@@@@A@@A@@@@@@@@@A@@@@@A@@@@@A@@@A@@@@@A@@@@@@@A@@@@@@@@@A@@@@@@AA@@@@@@@AA@@@@@@@AA@@@@@@A@@@@@@@@@@@@@A@@@@@AB@@@@@@@@A@@@@@@@A@@@A@AA@@A@@@@@@@A@@@@@@@@@A@@A@@@@@@A@@@@A@@@@@@AA@@@@@A@@AA@@@@@@@AA@@@@@@@@A@@A@@@@@@@AA@@@@A@AA@@@@AA@@A@@@@@@@@@A@@@@@@@A@@@A@@@A@@@@@@@A@@@@@@@A@@@@A@@@@A@@AA@@AA@@@A@@A@@AAA@@@@@@@@@@@A@@A@@@@A@@@@@@@A@AAA@@@A@@@@@@@A@@@A@@@A@A@@@@@A@@@@@@@A@@A@@A@@@@@A@@AA@@@@@A@C@AA@@C@@@A@@@@@A@@@A@@@@@E@@@A@@@@@A@@@AB@@@@@@A@@@@@A@@B@@@@A@@@@@@B@@A@@@@@@B@@@@@@AB@@@@@B@@@DA@@BA@@B@@@@@B@@A@@@@B@@A@@B@@@@AB@B@@A@@B@@@@@@AB@@@@@@@BABA@@BA@@DCB@@@@@@@@AB@@@@@@@B@@@@@B@@@@@@@B@@@@@@@B@@@@@@@B@@@@B@@B@@@@@BB@@BB@@@@@@BB@@BB@@@BB@@@@@@B@@B@@@@@@@BB@@@@B@@@@@@@B@@AB@@@@@@@B@B@@@B@@@@@@AB@@@@@B@@@@A@@@@@@@@B@@A@@@@@@@@@@JAHE@ICEUCUGOIMGMMKKMESQWMSQUQQIQI[QOSOUCK@EJGPOBQ@MFGDELENCFAFOSSmQUQu{KMsoyqMIoqMKaYi[]Wc__aY]iqcgmigkacYeE]Dm@C{GsMMII[OqEkGqEYUQiUaQgYaIyEOCAeAsEOAEGOAGIiAsESEQESKmImA]BoHSDgLqNPqJwFqEkG[C]GMYFaJSJ\\bcTaJe@Eg@qEgIC@]KmM_MyOMSCgE}AAgEKqMgIUMM[AD\\FdFb@D@^ERHHDFJN@V@PSXSXCbONCDMJKT@TIPQH[DSLOVK^CZAd@NBLJHHTAJGdBR@DJNLJ\\LHJFT@HNX@lLV^`NBR@PFNDHFCHADMJAZWhS`O`ObGRQfIVKTYdGHSLKLErGHID]IeGiCS@mLZLQ@IBQmQiMMES@WB[HaPkXOJS`IBK@Q@Q@OBOLO`KFSDWJENCVKPOPAPJPZT@FOLKJGPENDXNXNJPNRPVRd\\LREJRXDH@XAVHJHJAZEPCTCNKVY^MDM@uMYBWHOH@JFLLXFPJHTDbElDTBLZIVOV[PQDWAUMWGADAVALUTSAQLMNMBYJSFEJ@TDJ@DHV@B[JOP@ZELQHU@KGGAEDCLEHIFQB[RFVHXFJFLHPNJRRBNALDNFJJJ\\BNBRDJHJHBNMTORNRJLFJDNILKNQHMLQJK\\LJTCR@JJFJJHNBNANELHHJFLFNJTANGJLPJLAP@LBRAVPBNBTDKTKJCRBPBR@RJRNFPFRBN@XAN@HHBBFFBH@@B@B@B@BBB@@AAA@CBA@ABAB@@@D@@BD@@DAFBFAFBFBHEBCDCHADAB@DBDBFBD@BBBFFBBFHBBB@BBDBDBD@DBBBHDFD@@B@@@BBHFDBFBF@FBB@F@DBF@FBHDB@@BF@D@B@JAD@B@FA@@B@D@H@@@DB@@B@DAD@@@DBFBB@@@@@@C@@BG@CBADADABCJO@EDEBG@@HAFAH@FAFAF@@@DBBBBBB@D@D@@@LD\\AR@VDTFXDN@XEV@TBVCRANENCPELGNG"],"encodeOffsets":[[94106,29098]]}},{"type":"Feature","id":"542233","properties":{"name":"浪卡子县","cp":[90.398747,28.96836],"childNum":1},"geometry":{"type":"Polygon","coordinates":["@@ZEFCHE^_FEXQFGBCHEBCDIDCB@FAJEJAH@B@@@PFjPJFHBF@F@B@NIEIMOEMIKAQCYGSCQHUTDTDVHZHZDXHTJZH`DT@ZCVKVAFS@AGIAGAE@CDCNIbM^MTELGHGJINWFKDKBm@iHYFSHcJOJORUBA@AJOTQXQlWXI`I\\EH@H@JENOLGL@VJHNBBBDBHAHAFELGN@DBFDDLHFDPDDDNALDLJDF@DBB@@DBNDFFBJFJ@FCNENHPCPIJKFKLLFRBRDPDLDLHPFJGFKNITFTHVCPALKLIJOLMNIPINKLGHMAUVGRIJGNERCR@N@TBRBVCXBPDLH@PLENCLGREVANGLGRARDX@X@XCTGTKVKFKAOGOMSISIUIOKOMWKWAQ@ODKIIM@AOJEJILILMBUBSAQDSDG@AH@TAF@F@FAD@JCF@J@DAD@B@B@XEPER@HDJJFLHBN@DAAEAG@GLEAEGCIQAOB_A@G@KFSFE@CEOAACBA@A@A@C@C@ACG@CAABC@ABCJEBA@@@A@A@C@CDO@SBI@CEASACCAOCMGKQOGOIEBKKC@A@A@ABG@EBCAE@CCECGCEAACAA@A@GBEBC@E@S@A@AAACEAAAEAC@ACACAA@@A@EDAD@@OFEB@@AA@ABEFG@CBC@ABGDE@A@A@AA@GBE@GDGDEBC@C@ACAAAC@AAAA@ABEFC@ABA@EAGCCAA@A@CCECGEEAEAIAEAEAECC@GAC@AAACEEAAAACAEAMCAACECCGEEEOOCCAECCAC@CAC@AEDCEGCOAYFCBC@ABCFABCD@@AACACCAA@C@@@AAACCA@C@E@C@AACAE@I@I@@@I@CAM@@FPJ@DAB@@ADEFADCFAFBD@D@F@BABA@GBC@CBAB@@@H@B@BABA@C@IBG@G@ABCBCDC@C@C@AACAE@E@E@C@A@AA@B@@@F@BAB@@A@E@E@EDABADCB@BCBCBC@EBIBGBAA@@AA@A@AAABCAE@AGECAECAAAAC@A@A@ED@BCDABABABA@AACACAEAC@ABCFGDGAEC@@C@AFEDE@IEEIMIaOCEBIFK@IFGIU@GCMICECCACAAAGCAACCECGAEAAACCGGAAA@A@G@C@SBK@CBE@IFA@A@A@EEAA@@A@YAWASBWDUDMDQ@OCSIOUGMFUCKGMOCWCUASHSDW@SAOCMBQGMKOKWGQAW@OBMBGDMLMHO@OKQCSHYFYDWBS@aNUTQNSMOIEMB[PIHGHS@MSKAOBO@MGUBUBQD[KUMUSMQOA@@AACCQAC@AAAE@AAEAA@@ABA@ADABA@ABABABAB@@AAAAAAACAA@AC@A@AAE@C@A@ADGBADCBA@C@A@A@AB@DBD@F@H@@A@AAAAC@E@CDEBEHGBABABABGBCBADCDCBA@C@G@A@EDCDGBCBAJ@F@BA@E@A@@KBGBCAC@IBGAEAA@C@EDCBAAACECAAIGEECAGCEAA@CBCBA@A@A@@@EBYCOCUCUAKCOAK@MBUDOLMHKBGFCHDbDTDLDFDHDDDHBFBF@FDTBHBJ@F@F@FBFFDBDFDDDBDBD@F@D@D@@@D@F@BBDLH@D@BBD@DBDDDBBBBBDBJBJ@@@@@D@BEFAB@DABCB@F@@CBA@DF@B@BAD@F@BDBBD@D@@ABADAB@BBDBBAB@BABBB@@DB@B@@@@G@]@M@GBI@IAOCEAECCC@@GDCDE@MBIBCBAAAACKAACACBC@EAC@A@CDADEHEFADBJFRBTGHKCYIULMTCNDNBPBVGT@RBNERILEPDLNHRHJFLHVDNLHP@NMTDTDXIVMXPFATGTGPINMLMLKDMDOAKCGHDR@RFPRTNHPDLLNHB@@@BBB@DBFBFBDXNLVHTLLRDBF@B@FAD@D@F@DBBBBB@B@H@B@BBDBBDBJFBB@B@BABAD@B@DBD@DADCLADADC@A@ABCB@D@B@DBDBDDHBFD@B@BB@@B@BFFFHFFEDCDCB@H@FADA@@BJAHAD@BDBJBDBDDBDDFBB@BADBBBBDBBBBDB@BDFRAF@DADCFCHCH@BBD@F@BEFEJILBPCH@BEDCJ@D@B@DADEHCBCBABADAFADCD@@@B@DBDBBBFBBBBAH@D@BBDDHBH@D@BABABCBC@A@CBGBEBC@@BAB@B@H@L@DBDFFBBBD@D@D@D@H@DAJ@DB@DBBDDBBBDDBDDB@@D@H@DAD@BBB@BB@DBB@FABABAB@B@B@BBBB@FFBBBDB@BFBFADEHGJAD@LAD@DB@F@JFLBHDHJDDAFDHPJPJDRARCTINKRMRCVBRFVDTHNFTNPTBXDPLJPLLLLLLFT@THTHLBPITJHTDNFLFNLDPCNFJ@JDJDDBBF@BAFCFEHEFCDA"],"encodeOffsets":[[92534,29999]]}}],"UTF8Encoding":true}