{"type":"FeatureCollection","features":[{"type":"Feature","id":"410202","properties":{"name":"龙亭区","cp":[114.353348,34.799833],"childNum":1},"geometry":{"type":"Polygon","coordinates":["@@F@VDXBZBpAb@`ATBPJTNNNHLJJJFL@N@NGTIVMNKPGPCPCCEKKSQMIMIQESAMCAE@EHAFALC@EAIEKCIDIFAJ@ECMEGE@GDCJEDGDGAGEIIEQEQB@@@@A@IDCJGFGBKBGACG@A@@@@BG@W_@GDCFCFADABABCAAACECAG@E@EBQ@G@E@@@@GAE@I@E@@@A@@@@@IAKAAU@GCEECCACBGFEBE@ICEEAK@IAGEAIAKCKAEAEDEHEDABECAE@CC@E@KACMBO@QBOHKFSBa@KBQBODYAIAECABEDEDCDCDCF@FAF@HAFAF@FDFFDFDDFBDDDDFFFFDHDFBHBDDBFCFCFCDEFCDEFEDEFEDEDGDEFEDEFCDEFCFCFCDAFBFFFHBFBH@HBH@DBH@HBH@H@H@HAHAF@HAH@HBFDFDHBBBBB@DDLDJFHHVDTDTFZD\\BP@JFGFCJCPIHCF@"],"encodeOffsets":[[116989,35743]]}},{"type":"Feature","id":"410203","properties":{"name":"顺河回族区","cp":[114.364875,34.800459],"childNum":1},"geometry":{"type":"Polygon","coordinates":["@@HBHDFDDF@FBDFBF@NBTBHAAGACKCDCHAFAH@FCHEDGHELAPDHADABE@KAQGMEEKGQGMCKGEECIAEIGKCOCKEEEMKMCEDEBGAEEEAEDIDIDIFGFEFCDCFEDIB@P@N@XAH@@@@@BDHHBLAHAHEDIJCB@@@@@RARFJFFJBHCHCHIFCD@HHFNFFD"],"encodeOffsets":[[117164,35680]]}},{"type":"Feature","id":"410204","properties":{"name":"鼓楼区","cp":[114.3485,34.792383],"childNum":1},"geometry":{"type":"Polygon","coordinates":["@@@M@OE@@@@@@@aFM@I@@GAMDKBOAMCEEMAE@@@@@EBEJAJBGIGMCIEMAWCKCGIGEAAEBEBEECGCaDeHSFI@ADDDHFFF@HEHBD@L@FDDF@DBAFCBGFCFBFBFDLBLBJHFJBL@FBDF@JAFEFAHBDDDFFHDV@BBBL@J@@@@@B@@@F@JBF@H@@F@H@R@FAF@H@DBDFBBDBBABABCDEDEHC`@"],"encodeOffsets":[[117107,35631]]}},{"type":"Feature","id":"410205","properties":{"name":"禹王台区","cp":[114.350246,34.779727],"childNum":1},"geometry":{"type":"Polygon","coordinates":["@@ECDCFCTOHEHEFCDGHIFQBM@GAAOGICMAgFOFKHIBGAKEGACDELADIBEHGNEHKDK@ICIAIBAF@F@@@@BFFNDFBNAPCLBN@HJ@N@bE@@@@@@F@JAFCDEDCFEHEJEJCJCFCFBFFHBFAFC"],"encodeOffsets":[[117160,35595]]}},{"type":"Feature","id":"410212","properties":{"name":"祥符区","cp":[114.437622,34.756476],"childNum":1},"geometry":{"type":"Polygon","coordinates":["@@AEAECEAEBEDEHAHAVGFCFEDCFOFIJG@M@MAI@G@KCKEIAKCKCIDEFEDAHEDCAEI@G@GAECAECEEEKGECEC@EFCDEDAHAFABECEGAEAAE@EAECECEECGCEAOAEAGCMDG@ECWCEAGCCCAGDS@E@K@MAEBGFIDEDEFGBIDGFK@IAGCMGOGKCKAKAEECQGKCIACCAC@I@GAGAE@AWAQAWBOBKBKF[FQFK@W@E@IBGBC@aCI@mBGBGAEAEACCEEIGCC@EBQ@M@ECGAEECECIAE@MD_LEDEFEJCFABG@]AAAAC@E@ICECEAE@C@EBGACCGGICAEAE@EBIFIHEFCBC@A@EAECCECGIOC@GJAHEFEDIAGDEFALBRCNAJCFGHQHC@C@C@AAECCAA@E@IFCBYTIFG@GBI@EB[LGD]J[JEBGDKLCDCDCDED@FBHDDFFBFCDCF@HBF@FAFAHAFAFAFFDFDHDBF@FAF@HAF@FAF@D@DBH@FBF@HCFCDCBFDJBZBPCRALAb@TALEPGRAP@NAFG@GEEGECCBCJ@TEfGbCHDFDAFAFBFFBJHDHDLBXFNDJHNHJJDL@LCFGHMFGJABCFKDCHBLFHBJALGPEhENBJDPHBB@HANERGJCHEDGFGFSPEDCDFDNDNLFFLFPDLDJHBFDJFFLHNDRHLHFFHNBR@LAFCBGBOCKBGFCHGFEDG@EBGBCDLDBDBHGBSAMAE@EAAC@ECEECGCGAI@EBCJDJFLBJ@FKDEBGB@FBFNDTBRFNJNJTRLLDFJAREXEVETERELBTBXDXHRFNDLDPDJBJ@LAPCLAP@JCNAHAJCFAH@NCPAHBNFFDBFDBD@FCDEHEHEHG"],"encodeOffsets":[[117449,35732]]}},{"type":"Feature","id":"410221","properties":{"name":"杞县","cp":[114.770472,34.554585],"childNum":1},"geometry":{"type":"Polygon","coordinates":["@@@E@EBE@EBEBEDCBEBCBEBIAG@G@C@C@C@CAEAC@CACAC@CAE@CBE@EBCBCBE@AAEAECCACCCCECCCCAAGECAECEAAAG@CCEAEAGAGAGCEECCCC@C@CAIACAEAECC@CAC@I@EDGDGBADEDADCDADEDCDCBEDCBEBIAGACCCACCCCEACCCACCCCEAGACAE@C@C@CAC@CBC@CBEFCD@BC@ABCDEDGBC@EBK@CBAB@D@DALCBAHGHGLIBABCB@D@E]CE@ACAC@KBUFQDGDMFWJIBEBE@CAEGCC@ACECGEACAI@OAIAI@KAIAQCQGECAAAAAACOCIACIEEAQEOGEAA@CBA@CDCHCJGFEDCBKBEBM@O@G@I@E@CBABKHE@CBKAC@G@C@C@CBEFOPAHITCFAF@D@DDLDF@D@DAD@FAH@F@BBFFPBJ@R@B@F@D@DBFAPBL@FDFFHJNBN@HAJBFDJBNBHADEJADIDCDAB@H@DCHAD@D@DDBFF@DBJ@N@bAHEFSLOHEFER@J@FDRBRB\\BJDHFLJLBF@DABCBEBKBBFBH@H@JBDDDJBLDRHFDBFBLDLHLHPDNBH@JELCHAJEHCFCFEJAHBF@N@L@FCTBHDDHDFBXDFDH@NCHDFBPBFBHDFDDFDFBF@FBFFBHBDFAFHAH@HBH@J@HBXBFBFFFFFDFFFBHAH@FDFBH@H@HAFCJKDEFCHCHAFAH@Z@HBJCH@HAPCFABEAGECCECCCECCGCECAEHCH@HAHCBEBK@E@G@EDCHCH@HDFDHDFDD@HDH@RBH@HALGHCFAHAPEDCFEBG@ECEKEGAYAG@GAEAGCECCEAE@EFEFCFEBE@EACCCCGBEBEBE@CBEAGCEAEAA@A@EBEDC@CDEBEBCBCBC@EBG@CBCDI"],"encodeOffsets":[[117668,35399]]}},{"type":"Feature","id":"410222","properties":{"name":"通许县","cp":[114.467734,34.477302],"childNum":1},"geometry":{"type":"Polygon","coordinates":["@@LAFADABA@CAEIKEKCGAIA[AQCQ@E@IFQFEPGTKFEBG@a@MAI@CEECA@C@CBCDG@C@GBADCJCBCFIBCAGAMCIAEBI@GAMIMEGCE@EAKBOAE@C@C@E@A@QAIEOAE@A@EBG@EBC@C@CCECK@C@CBEDEJSBGKCEACBO@@@@@GBEDEHMJIFEBE@GBKAKAGAKBI@IHGFGDIBGBEBEFGLCF@H@HCFABADCBCBC@CCACC@UAEBEDEHIREFCBCBM@WBkLCBA@AAEMAGAOCIGGKBGBEFCF@D@FBHBR@FADCFEBMBO@I@SBEAICEACBEBEFEFEHCJAL@HBHDFJHDFBDCFGR@JALBF@D@BADCBKDGDADCFCFCPEHEFGBOBG@ABAF@TB`ALAVCR@F@B@BHDDB@@DFJPDHDFFDFBB@D@DAFEJGJEFAF@FBDBHJDHBDAH@F@DBFDFDF@J@FBDBB^BH@BADEFIFEFC`KNCF@JBFDFDBFDH@F@NAR@FDDJHFFDDFBFBHBHAnAJ@bDD@HAJAF@X@L@RE\\ELELAPAXARBXB@B"],"encodeOffsets":[[117366,35401]]}},{"type":"Feature","id":"410223","properties":{"name":"尉氏县","cp":[114.193927,34.412256],"childNum":1},"geometry":{"type":"Polygon","coordinates":["@@CE@@CAGC@A@A@EDQBUBKA_@SBEBAH@PAHAFEFGDODEDEBCHCLCDABC@A@CAEBK@IHQDEACCEIGCEAG@GBKDIFGFEFEFADAFBJDFBTAJ@P@NAFADEBC@EAQAG@E@CDEFEHALABGDAHCPAHANEJCBABC@CCCECEEEICIEEECECGAIAG@I@A@CAACAECKACGGA@K@C@CAGCE@EAO@MBQDKBWHGHIJMNGBe@I@E@GFMLI@IAEACCCCAMEOAEYYK@KAW@M@GBEDEAE@EEIGCGAG@MAEEAG@e@SACAAAAIAECEAAI@I@CAICCAA@M@@DA@ABA@ADABCBG@K@CBABCH@BBDBD@B@BADKFAB@B@@BBHDBB@@@BADEDADADCFADCDC@G@C@A@@B@B@H@@CBC@A@E@CAIECAA@@BCFABC@@@EIAAC@A@CBGBCBC@AAAA@C@EACA@CAE@GBQDGBI@C@G@C@AB@BAF@@IJAB@BABBB@F@D@BABABA@CBAAA@AACAA@A@A@A@@B@JBD@BBBBB@B@@@B@@ABA@CBMAGBA@@@ABAB@DADABABA@A@C@C@AAA@@B@@AB@BBB@@BDBB@B@B@@ABA@CBIDKBA@CBC@IBE@C@@B@@AF@DAB@@A@@AA@AAAAA@C@AACBA@E@C@EAA@A@ACACACA@AAA@A@E@A@@BAD@D@B@BA@@BGBC@@@@B@BBDBHBF@B@BAB@BA@CBA@BJAB@@CDC@IBDBBB@D@D@BAB@BBL@H@DADA@AB@BABABCBABAD@BBDBFBDBDBBBD@F@D@DCDAD@DAFAHAFAD@DBB@DAD@DAF@FBDBFFJBFBDDDBDBBBB@DBB@DBBBBBDBBBDDBBDDB@D@DBFBBDBB@FAD@B@DA@CBABC@CBADAD@DAF@H@DBDBDB@DBDBBBD@BBBBBBBD@B@DADAB@BCBA@CAC@E@C@C@E@C@AB@BBBBDBB@DBDAD@D@D@DBD@D@B@J@DADADAD@FAD@DBB@DBBBB@@@@@B@BBD@B@DAHBFDJDLFBB@HBPCNCDEBA@EBC@@@AB@F@@AJDDDBBBHFDBBBHDDDDFDDDFDFDFHADCFCFCFAHCDADADAFADAFEBEFCDAFCH@HDFDDDDDFFBF@F@F@F@HBF@FBHBFBF@F@DBD@HBHBFBFBDBFBF@DBHBFDFDFFDDFFDFDDDFD@H@F@F@HBFBHBF@F@FBFDHDDH@H@DCBG@EFAH@HFDCDCLKHCFA\\I^IHC\\KFAJ@HAH@JEZSDAJEF@B@DBFDBBD@D@D@RGHGDEBIDMAQBKFEHCJBFCFEBGHID@"],"encodeOffsets":[[117060,35337]]}},{"type":"Feature","id":"410225","properties":{"name":"兰考县","cp":[114.820572,34.829899],"childNum":1},"geometry":{"type":"Polygon","coordinates":["@@@@BABAB@HAXGD@LCD@B@@@BBHA@AA@@AA@@@BA@@HAB@@@@BFA@@D@@@@DA@ABI@@@A@@@A@DFGBBFB@@@HAFNBD@@@@D@@AB@BDAB@DC@@BHA@BA@@B@@ADP@@CB@@@@AL@@GBAAEB@@AAECBCOB@@ABA@CJEFEFAHAHAF@HAFEBEBEBEDEFCDEFCHDDDDFDFDFLHFDFDHBH@H@PBH@HAH@HAH@V@H@H@H@DEBEDEFEFCFCFAH@FDDDDFDFHBFBHBHBDFLHFDFDHBFDDBF@D@N@F@H@F@F@F@H@JBDDDBD@D@B@R@JI@GBC@AAECE@EFCRAHAJIDEBEFCAQHAF@JFNDHCFCFCFAHAFCFAHADFDFFDFBHBH@DEBE@EBEAECEA@CBCEGDQcIFAAC@ACA@GULA@CXAAIVCDPP@BBB@H@H@HAFAPCDCAE@EAEAGCCKMAAAE@G@E@K@EBG@@@KBEDEFCFAHAFABEDEFCDEBE@E@G@@@@CCECGECCCACCEAGEEACAC@EACAI@EAG@EBEBE@EBGBE@C@E@GAE@CAGACACAECEGACAAACCCAECEECCAGAEBEDCDEFCBCDAB@@@@CBEBEAGAEAC@CAGCCCECACCECECCGEC@E@EAG@G@CBEBE@GBI@E@G@G@G@C@E@E@G@G@E@EAE@C@GAECGACAEACAIEC@CAECG@A@EBCDEBGCCAC@GAGBE@E@GAEEGAGAECECECECGAEBG@G@EBULEDEDIBGDGDGDEDSPEDG@EAAMEAGAQBG@G@OAGAECAEAEDEFAHABEAGGAY@G@EBGBGDEDCFILEDGBG@G@EAECG@GBEAEEECEEEEEAWAGAI@G@GAG@GBEBGBCBCFED@FFDFDLHFFDFBFFDHBH@J@BFCDGFCBEFCFDJDLBLFJDL@L@HBJ@N@NIHEJEPCDEFEDUHGBGBCFAFBFDFBFBFLAPAPENGJ@HDBBD@J@F@H@FBH@FBHBFDFDDDFDFFDFDFBF@HADADAFCDCDIFGFCDCBCDABCDCBABEBEFCBEFCF@JDHDHFFDDFDFFDDF@HBFB@@DBDDPLHHJHHJNJFDJFDBRHFBB@JE"],"encodeOffsets":[[117581,35853]]}}],"UTF8Encoding":true}