{"type":"FeatureCollection","features":[{"type":"Feature","id":"130702","properties":{"name":"桥东区","cp":[114.885658,40.813875],"childNum":1},"geometry":{"type":"Polygon","coordinates":["@@@CAACC@@AA@C@A@CCA@A@A@A@A@@B@@AB@@A@A@G@A@CBADAFC@A@AB@DADEFC@@@A@@AACAGE@@AEAACC@@AAA@A@CCECAA@A@@EACAA@@AA@@A@@BA@A@@@AAA@@@A@@B@BAB@BBB@BAB@FCF@BAD@@@B@BADA@ADE@ABCB@@A@AB@B@BAD@@A@@@@BAB@@@BA@@@@BA@@@AD@@@@ADC@@DA@@@A@ABAB@@@@A@E@E@AAA@@BA@AAAAA@A@@@A@@ACCIAEAAACA@AC@@@A@@BC@@@A@@AA@AA@@AA@AAA@@AA@EAABG@ABC@@@ABCDABA@ABABCDABC@I@CBA@CBEDA@CA@@GFCDID@@ABA@EFCD@BA@CH@DAB@@A@CBA@@@@@@A@G@@@AA@@@CA@BCF@BCB@BA@@@AAA@A@@@A@ABCDCBEDEB@BA@@BCBA@A@@@A@AACAAAA@@@A@IDA@GFEBCD@@A@@@@@AG@C@@@@@@AB@@@@@@@@@C@@@@A@@BABCBABAFAB@@@ACG@@@@AD@@@@ABBB@B@B@BB@@@@@@@@B@@@BB@@B@@@BBBBD@B@B@@@@@@BBB@BB@BDBBB@@@B@BBBAB@BB@@BBBBBB@@@BBBBB@B@BB@@@@B@@D@@@@BBB@B@BB@BBD@BBD@D@@@@@@@BABBBBD@BBB@B@BBD@@@B@DBD@B@BBD@BBB@BBD@B@B@BAB@@@B@BAD@D@DBB@BBB@BD@@BDDBBBBBBBBBDBFBBBBB@BD@D@BBB@@@B@B@B@B@B@@AB@@@B@@@@BB@@@B@@A@@B@B@@@@DBB@B@B@F@DABADCBAB@FCB@BC@AB@@AHAB@D@DBB@@@DA@ABAB@@@DAD@@ABCD@B@@@B@@@DBB@BABAB@HADCB@FABABAB@D@FCB@BADA"],"encodeOffsets":[[117726,41799]]}},{"type":"Feature","id":"130703","properties":{"name":"桥西区","cp":[114.882127,40.824385],"childNum":1},"geometry":{"type":"Polygon","coordinates":["@@LDB@@HC@B@BFBB@@ABC@@BB@@@BB@@FALC@BBBBD@BE@A@@B@BBBBBBBEBJH@@@@CD@@@LINA@EBHD@BHBBAFJBABD@@@@BB@B@@L@@B@@@B@@@@@@@B@@RBABAB@BB@@BJBCHABABCFAB@@ADBBCFAB@B@@D@@@@@@BB@@BB@@@DAB@B@@A@@@@BB@@@ABB@@@@@B@@FB@BBBDD@B@B@B@B@B@B@B@B@B@@BBB@DD@@BB@@@F@B@BAB@DAB@B@BA@AB@@@DAD@BAB@B@B@B@B@@@BCBABAD@BAB@@AB@@@FAB@BABAB@B@@CBABC@CBA@@@AB@BAB@@@B@B@@ABAB@@@B@@@B@@ABCDAB@@A@A@CDA@AD@B@BB@B@@BB@@BBBD@BBDBH@A@@BABCDAB@@@BABA@A@BB@@@A@@B@@@@BA@@@@@A@@@@@AB@FA@@@A@@@@@BB@@@@@BEFA@CB@@AB@@B@@B@@@@C@ABABCBAB@@@BABABABA@@B@@CB@@AB@B@D@BB@BBB@@B@B@@@BBBB@@@@B@@@@BA@@B@@@DBB@AB@B@@BB@BAB@@@BBB@BAB@@B@DB@@@@@D@B@BA@AB@@@B@B@B@BBD@BADAD@D@B@B@BDB@B@D@B@D@BABEAA@AAA@A@@@ABA@@@B@@B@D@BBB@B@@@F@@@B@@BBB@F@B@B@@B@@B@@@B@@B@BBB@@@BBBDD@@B@@@@DB@BD@BABB@B@F@BCB@BABA@A@AA@@A@AAA@CBC@@BA@@FGBA@@BA@ABA@CBC@@DC@@@AB@BC@ADA@CBA@@BA@ABADAB@BA@@BAB@BA@A@@@A@@BC@CB@BAD@B@@BB@@@B@BA@@D@FC@@BB@@B@BA@@@@B@B@B@B@B@D@@@B@B@BAD@DAD@DAB@@ABAD@@AB@@A@C@@BA@@@@AC@@@@@AB@DABABA@ADC@@@@@A@AA@@A@A@A@@@AA@@AC@@A@ABABA@AFA@AD@B@D@@@B@@@BCDC@AB@FEB@@B@BB@BABAB@@A@@@A@A@A@@BAB@@A@@AA@A@A@AB@BAD@@@B@@@BBB@BAFAHCD@BA@A@@DADAJAFABAB@DB@@@@AAAA@C@C@AACEE@@@AAC@@@A@ABC@@@A@@@@@C@@A@AB@BCB@@A@CAC@A@GB@BA@@BADA@EDA@ABCDABCBE@A@A@A@CA@@@@@A@AB@@@@A@@AA@@@@@A@@BA@@@A@A@A@A@A@@AA@A@CACA@AAAAAEACAAAAAAAACC@AC@@AAA@AAA@C@CBC@A@A@@BA@A@A@AAC@AAA@AAC@A@AAC@C@A@@AC@A@AAA@AACAABA@A@@@@@@@CAC@AAC@AAAA@A@AA@@@@@CA@@@@@AAA@A@AAAA@@A@AAAA@AA@@ABAAA@A@A@@AACA@AAAA@AA@@@@@@@A@AACAA@A@@@AA@@A@@@A@@@@@@A@@A@A@AAAA@@A@@AABA@C@A@ACA@AA@@A@AAC@A@CBABA@A@AAM@AAEAEAA@@@A@@AA@@@@@@A@@AA@A@@@@A@AAAAAEEEIGECBADEDEDABKFOFQDIF"],"encodeOffsets":[[117545,41680]]}},{"type":"Feature","id":"130705","properties":{"name":"宣化区","cp":[115.0632,40.609368],"childNum":2},"geometry":{"type":"MultiPolygon","coordinates":[["@@DAB@B@DA@@F@B@@@B@B@DA@@BABADADCFC@@@CB@@@@AB@B@BBB@@@B@@@@A@A@@@AA@@@AA@@@A@A@A@@@AB@B@B@@@@AA@AACA@@@@@AA@AAAA@@@@DA@A@A@@BABA@@@CBA@A@A@@@@AAE@A@A@AAEAAA@@@@@A@ADG@@@AAACCKE@@A@@@AC@CAC@A@A@@AAAAA@@AACAC@A@@BC@@@@@AAAAAACAC@@AAC@@@@ABADABAFCJCB@B@@ABABA@ABA@@BC@A@A@A@C@ACC@A@@BABABAB@B@@CB@AAACAC@A@A@@BA@@AAACAAAA@A@@@@@ACA@@@@A@AA@@C@GBE@ABG@A@A@@BA@@BADABCB@@E@A@ABABAB@@@B@BABABABAB@@ABC@A@@@@@AAA@ABABA@AAAA@AAAAAAA@AAAA@@AA@C@A@@@CAAC@@AAC@EAA@@B@@ABEBA@@B@BBB@B@DA@AD@@@BAD@BAB@@@BAB@@@@A@@@@@A@@@@DAB@BBB@DBD@@A@@@A@@@A@A@@@@DABCF@BC@A@@BB@DBBBBBBBAB@@A@CAGCA@AA@@A@A@A@CAA@@@@AEAA@ABA@@BA@@@A@C@@@A@@BA@@B@BAB@@ABA@A@EAA@E@A@C@CB@@E@ABA@GBA@@ACAA@@@ADA@CDCBABA@@BAB@B@BCDB@BB@@BB@J@D@D@BDFBD@BFFBB@@@B@B@@A@@B@@@@@B@BA@@@@@@@@B@@A@@@A@@@@B@@@@A@A@@@@@@@@B@@A@@B@@@@@@@@@B@@@B@@@@@@AAA@@BABB@@@BBB@B@@B@@A@A@@@@@@BB@@@@FB@@D@@@@A@@BAD@@DBFBBB@@@@A@AAABAAA@@@A@@@@@@B@@ABA@@@EA@@A@@@DD@BB@HD@BB@@D@@BBB@@AD@BABAF@@@B@B@DBDBBDDBB@@BB@A@@BABBB@B@B@D@B@@B@B@B@B@@@D@B@B@BBDBB@B@@@B@@@BA@@AC@A@A@@B@BAFBF@B@B@@@@@BA@AB@@AB@B@DBFBDBD@DBD@HDFDBBD@DB@@DBBBDBB@D@F@B@J@D@DAB@BADAFCDABA@@@A@C@@DC@ABAB@@AB@@@@CAA@@AA@@AA@A@@B@DBBBDBBB@@BB@@D@BBBB@@@BB@D@B@BBDBDBB@DDDBB@@@@@"],["@@@A@@FABABAD@D@B@FCB@@@B@DBB@B@B@HCFCDAD@@@DC@AD@@AB@@A@A@@DADCDC@@@AAC@A@@@@B@@ABBD@BAB@DBD@BBBB@@HBDBBB@@B@BBDAB@B@BBD@BBB@B@B@@BB@HHB@DBJDBB@@BB@DB@@BB@@BD@B@BAD@F@@@B@@@B@BAB@BCDC@ABAB@B@B@D@DAB@B@F@@@@@B@BC@@DABA@@BABC@A@A@ABAD@@AFCDC@AB@@AB@BABA@@@AD@@A@@@CBG@CAA@A@@B@@@FB@@BA@@B@BBD@@@D@@@D@BAB@@@@@BCBA@@@A@A@C@ABA@AB@BAF@@@JBBB@@BB@BB@@B@B@BB@BB@BBBB@@BB@F@B@DBBBBB@AB@B@@ABA@@AA@@AACAEA@@@A@@@@BA@@@AEEAA@A@@@ABA@@@A@CA@@@AA@@BA@@@A@@@@A@@AB@AABA@@@@A@@@AA@@BA@@@@@A@AB@BC@@AA@@@A@@DC@A@@@@@@A@A@@@@@@A@@@ABC@@@@@@A@@E@AA@@A@A@@BC@C@@BA@A@A@A@@AA@A@@BK@C@CAAA@@@AA@AB@B@@@BA@A@@@AA@A@@@AA@@AB@BA@@@AA@@A@A@ABEBABA@@BABBDA@@BC@@BE@@A@@AA@@@@@@@@@@@B@@A@@@@@A@@@@@A@@ABC@@@AB@@@BA@@@@@AAA@@C@@@A@@B@B@@A@A@A@@@@A@A@A@@D@BABA@@B@B@B@@@B@@A@A@A@A@A@A@A@@AAA@AA@@@AB@FAB@@A@@@AECAAAA@B@@@@@BABA@A@@@@@@@@@@C@@@AA@C@@A@@A@@A@ACA@AC@@@@A@A@@@@ABA@BA@A@@AA@A@AK@WNKLMROLKHEBGBIBEDGDIDKFOFGDGDCBULOFUNQJMHYNMHYPMDIDA@AB@BB@@@BD@B@@BB@BB@DA@@B@@@BADABB@BA@AB@@@B@BCH@BAB@@DDGDMFA@@@@BB@@B@@DBDBJFB@DBD@D@HAF@B@D@BAB@L@D@@@@@B@@B@BBB@D@@BB@BBFB@@BD@B@@B@BBB@B@@@BA@FB"]],"encodeOffsets":[[[118270,41662]],[[117735,41666]]]}},{"type":"Feature","id":"130706","properties":{"name":"下花园区","cp":[115.281002,40.488645],"childNum":1},"geometry":{"type":"Polygon","coordinates":["@@CAAA@AAC@AA@@@CA@@@@AC@@CCCACCA@CA@@CAAAAA@@@A@A@A@C@AA@@@CAAAACCAAAAAAAAAAAGAA@AA@AICC@AAC@CB@@CECACC@@A@A@A@@@GACACAA@CCA@AAA@ACAA@@AC@@BG@A@C@AAAA@A@C@E@ABA@EAA@CA@@C@A@A@A@ABCB@@E@A@ABA@@@EBC@A@@@@@AB@DAB@@A@ABC@C@C@A@A@C@ABC@A@A@AAC@@@A@ABABCBAB@@A@C@A@A@A@@@GFGHCCAAA@@AAC@@@C@@BA@@@A@AAAIKIC@AA@@CAA@ABABC@@@A@A@@AC@C@AC@A@A@CAC@@@@ACC@CACAAAAACAAA@CAG@C@A@AAA@A@G@AAAAA@AC@@AC@@AA@@A@@BABAB@DAF@BA@AC@@@@A@AA@@AC@A@ABA@C@ABABABA@CBABA@@BA@AAASACA@@@B@@@@C@A@@@@@@BC@A@@D@@CA@@@@@@A@B@A@@@A@GCCBE@A@A@CAA@ACEC@@@CDA@AAAIC@@@@BAA@@@C@@B@AAD@@AAA@@BGAAB@B@@B@BBBA@@@BB@@@CD@BA@@@@@A@ABDB@@@B@@F@@BGA@BI@@@@B@@AAA@A@@BAB@@AA@@@A@@A@A@CB@AB@@@@AA@@B@@ABBBA@C@A@A@@B@@DB@@@B@B@BABA@B@B@ABADABAB@BAB@@BB@@@F@@AB@BE@A@A@@@A@ABA@AB@@@@@BAD@@BBBBBDBFBBBB@@@@FBHBDBD@B@BB@@@BABAB@BA@A@A@A@A@C@A@G@CAA@ABA@CACAA@A@C@A@@@GAAA@@CACEA@@CAA@CCB@@AA@@A@AA@@A@AA@@@AA@@AA@A@A@@BA@AAA@C@@B@@BBBB@B@B@B@@@B@D@@B@@B@BBB@B@@B@@@@@@B@@B@BB@@@DB@BBB@@@@B@@@B@@AB@B@BAB@@@@B@@@BB@BB@B@@B@B@@DB@BB@BBB@D@@B@@A@@@A@A@A@@@@@A@G@E@CBC@CD@@A@A@CCCAA@@ACC@AA@A@@@CB@@ABAB@@A@@A@@AC@@@@A@C@A@@@A@@@C@@@A@A@A@@BA@@B@@ABE@CBC@CBA@@@AB@BCF@BBF@@BB@@BDPGD@DAF@DABBBB@F@BFFB@B@DB@@DBBBD@D@@@@B@@@@BDABA@@B@@BBBBDB@BB@FB@BB@@B@@@B@B@B@B@@BB@@@BA@@@I@A@@@B@BB@@@B@@@@@B@@B@BBBB@BB@F@D@DB@@FAB@@BD@@BD@@@BB@@@D@@@@B@B@DABBHBD@B@@@BDBBB@BB@B@@BD@@B@BAB@BB@@@@@DB@B@BBBFBD@BB@@A@BBBADDBBB@@B@@@@B@@C@@@@BAB@@@@A@@BA@@@@BB@BBB@@@@B@BBBBBB@BBBD@BB@B@@BD@DDB@@@D@DAJAB@@B@@@B@BBB@DBB@@JA@@@@D@@@BB@@@A@@D@@@B@@@@D@@B@BAB@D@B@D@@@B@@BB@@@@@DA@@B@B@B@B@@@@@@@BB@@@@B@@@B@@@@B@@BB@@B@FDFBBB@@B@@BAB@B@@BB@@DBDB@@@@@B@B@BBBDDDBBB@@B@BBB@BB@@BB@@@BB@B@B@B@B@D@@AB@@BD@@B@B@B@B@@@@BBFAB@B@@@@BB@@@B@B@B@B@@BHAD@B@BB@@B@@BBB@@FBDBB@@@D@B@DBB@B@BB@AB@B@D@BAD@@A@A@@FC@@BAB@@@@AB@B@D@D@D@B@@@B@@ADA@ABA@ABADC@A@ABA@AB@BADADCB@BC@@B@DB@BB@HAB@BAF@@@DAD@B@F@B@FBB@B@BA@@BA@A@AB@@AB@@@D@B@@@B@@AB@BAB@FB@B@@B@DBB@B@B@@@BBB@HDDBB@@@BAAAAAAACAA@@AB@D@@ADEBA@C@@B@B@@@B@@@B@@@AC@CAA@ABA@C@@B@@@@@B@@@@@BA@A@@BA@ABC@A@@BCB@@C@AAA@A@AB@FABA@@@AB@FBD@BB@@BDDB@@B@D@B@@BB@BB@BBBBBBB@BBBBBB@BABAB@BB@@@@B@D@BA@@BABABABA@A@A@@BABABAB@F@@@DABABC@AB@@AB@B@H@BA"],"encodeOffsets":[[118269,41538]]}},{"type":"Feature","id":"130723","properties":{"name":"康保县","cp":[114.615809,41.850046],"childNum":1},"geometry":{"type":"Polygon","coordinates":["@@@@@@BAAA@@@A@@@@@A@@@@B@BA@@@C@@@A@@AAC@AA@@@ABC@A@A@A@A@E@A@A@ADA@ABA@A@A@@AA@A@@CGBABE@@AA@A@ABC@A@AAAB@A@@C@A@@@AB@B@F@B@F@@@BA@A@@@ACA@A@@F@@@@ABGBA@ADABAB@D@@@@BBB@BBA@@@A@A@@@A@@DB@@@@@A@@AA@@@@@@DA@@B@@ABC@@@@BA@@@@A@@A@@@@B@DC@@B@AAA@@AA@@A@A@C@A@@EAG@C@@@E@@C@@B@BA@@B@B@D@B@B@DB@@@@BCBA@@BAB@@@@C@AB@@ABADAB@BB@@@B@B@@@@B@B@B@BBB@B@@BBABA@@BA@ABABCBABADE@A@A@@@@DG@CDKBC@CB@@C@ABA@CBA@AAA@A@C@A@ABCA@A@A@AA@@@@@A@A@ABCBABA@AAA@A@@@CBAB@BADC@ABAB@B@DA@@B@@A@A@@@@@A@@A@AABA@@@@BAB@D@B@@@DABA@@GCFE@ABAC@EAIBE@G@@@AA@@B@B@B@BAB@@A@@A@CA@A@@BC@@BC@ABC@@@A@@@@C@C@@@@@@C@@@@B@BA@A@@@@D@@AB@@A@A@@A@A@A@ABA@A@@A@@@A@E@AB@@AB@JCBABA@ABA@A@C@C@A@AA@A@A@@@@AAC@A@@DE@CCQ@KDGFIDGDCDEBEHKDE@AAA@@AAECAAEEAAAAA@AA@ACE@@AC@AAEE@A@EAA@@AAACCCAAAA@@@OAWKSFA@@@@AA@@@OB@C@A@ABCCCAA@A@@BA@@DAD@H@@@@AA@AAA@AA@@BAD@BIPSFEHEFKFGDKDK@G@C@GIS@IBKH[BIBI@GBE@MAUAKCS@I@GAGAIAG@IEEEIGEEACACCACCECEEEECEAGGAE@E@CBCDEHABEAIAIAI@GCIAOGKGKEGBE@UEOACGIEEUQMKOIIEOIIAK@iCQAQAQAiEiC_GUASEOAIAOCMEKCOE[EKCMCOAKAQ@OBM@M@OACECCAE@ICCI@IBIFOFMHKFCFCH@D@JCLEFIPGHAHIHULWHGFIHCFENEHILCHCFEDGDMBA@QRSTIL@@KFEBCBGF@@SPKHIACAEAAAAACACAAACCA@CAE@CKAECCIAEAAA@CAAEC@A@CBAEC@EAAC@EDCB@@KGA@ABC@AA@AF@BA@AAACB@@EAC@@@C@AB@@@BA@CAEAE@EDE@EAE@EBC@@AAABAAC@AA@CAC@E@A@ECC@AAA@AB@BDD@@EB@@A@AAAA@@@G@ABI@@@I@ACAAAA@G@CBMBCBEBE@D@@@@B@TBf@F@B@BCFABCJCFAFAB@@@BAD@D@DAF@B@F@B@D@@BBABBB@@B@FBVZ@BKTABCB@@@BAB@B@B@H@B@B@BBB@@B@DBLBTBZ@INOVCFGJEHADCDAFCBCFAB@BCDADCDADCFCF@@ABABABAD@@@B@@FDBBDBGJAD@BB@DHRGTDELCF@@DBD@ADGH@B@B@BB@CBABABA@MLCDCBABKLCBCDBBB@@B@B@@FDDD@B@@BDBFBD@B@BAB@@C@MD@@@B@B@B@@CB@@@B@@BDDFBD@B@@@BABCBA@@BADA@ABAB@@AB@B@D@BBB@@BB@B@@@BAB@@@B@@BDBDBBDBHDD@@B@BFJDDNLJJJLLLJHFFNLVRJFJHFFLHHJLNLNJNJNFDJJHJHHNJABCDAB@DA@@D@B@@@BD@B@B@@@A@ABA@AB@@@BB@@BD@FAD@DAB@H@B@BAB@B@DBB@BBBBB@BD@D@@BB@@AB@@A@A@A@AB@@@D@@BBDBB@@BB@@DA@@DA@ABA@@@@B@@BBBBDHB@BB@@DA@A@A@A@@@@@AD@BAB@@@B@BDB@@ABA@@B@BAHDD@@B@@AD@BB@BB@BB@@B@@B@B@F@FB@ABABAB@BADA@@@@@@B@@B@B@@B@@@@@@A@@B@BA@@F@B@B@DAFCB@BAB@BADAB@B@D@@@DADADAFADAB@HBFD@@BBdFF@FDFBD@B@B@@@BB@@FAB@H@F@F@B@B@B@@@@@AB@@AB@@@BBBDFBBB@BB@@@B@@B@@@@BBBBBB@@BBBBBB@FDFBDBB@FBD@B@DB@@DAB@B@@@BB@@@D@B@@BBBB@BA@@@@B@BBBA@@@@@@BC@@@@BABAB@@CBAD@BABA@@BABAB@@C@@@ABA@@@CAA@A@@BABA@AB@@A@A@AB@@ABABAB@B@B@@@@@@@BABAB@B@D@@@BB@@@BBA@@BAB@@BBD@@@B@B@@@B@@B@@CBCBCBCBGDA@ABADABA@@@@BC@AB@@@@@@@BHB@@@B@@@BA@ABABABA@A@@B@@@D@@@D@BBBDFBDBBBBB@BDDHBF@BBFBDBD@B@@BBBADA@@D@B@BABADA@@@@B@BAB@B@@BB@@B@@@B@B@@BBD@B@@@BB@BBBB@@B@@AB@@@B@BFN@BB@@B@@A@CDABAH@@BBBBB@BB@@@BBBBB@@BBABBB@@@@BFBBBBB@@B@B@B@D@@@B@F@B@BHDJDLDJBPFJDHFNHLFLBL@NANANC`OVKLGLAH@FAL@J@DBJBRHPHHBLAH@BBB@@BD@FBDAH@N@DAB@BA@ABCBABADBH@FBD@B@F@F@D@D@D@D@@@@AB@@@@AB@BB@@@@BD@@@@@@DC@@D@N@H@@@@BBB@@B@@@DBD@F@B@BBBBF@BBBBBBB@BAB@@NB@B@@B@@@@LB@@@AD@@B@@H@@@DNBJBDBH@@@@FBD@H@H@\\AH@HA@A@@@AACA@@A@A@@A@@AE@@AB@B@B@@A@@DEFEFCFABA@A@A@@DCDA@A@@@ABAB@B@B@@@B@BAAAAC@@BAB@@EBAB@@BD@@@@@AA@A@AB@DAD@B@B@AA@@@A@AB@@@D@@@AA@@@@DC@A@@B@@@"],"encodeOffsets":[[117618,43114]]}},{"type":"Feature","id":"130722","properties":{"name":"张北县","cp":[114.715951,41.151713],"childNum":1},"geometry":{"type":"Polygon","coordinates":["@@F@FADANADAH@B@BBDB@B@J@@AJ@B@H@@BBBBB@@@FA@@CC@ABAB@BBD@FDB@F@D@DBB@@BBDABBB@BD@FAF@FBF@FCF@FBDBB@@A@@BAD@@@D@FB@@DABB@BABE@@BBBD@BAB@LH@@DAFCD@BB@FFDAB@D@BFDBB@DBBFBJBDDBFDLF@DBB@DDBBDBDBBBBBFBDBJBLGTO@@HEDAFALE@@JKTSRQB@NAHCFCDEDGJKFGFMDEJGHEXGVKJGBGHGJOFEDK@I@CDGDELENGPEJEJAJ@DD@JBFDDDFPBN@N@PAR@LBPBNDLD\\FPFLDNFPDJBPBTFVB`HjDjFRBRBRBjDL@JBPJJFPJNLVRFFHJBDZEPAHAFCFGDI@KFEFALBN@Z@dCJAHCHAJALBPDFDFFAHMHIDGBG@K@KBEFCD@LBDLJJFLFF@FADEFIFEDCFCJCHAH@JDHJLFLFRFPBRDTBTAPAVENKDEFEFCJGJCH@L@H@pAXCH@HBLDHBJ@N@LBP@P@TGLCHEP@HCP@RCVCRALAJAJEFEFGHKLILCNGJIJKFKHQHGHGNCRALCJAJCRILA@@@@@@PANEJEHEHEFEHGHMHMNMFEHGHEJCJCFCDEDGBG@KBEBKBSDGFIBG@E@GBGDIDGAAAC@@@A@A@A@@A@@AA@G@A@@AA@B@@A@A@A@AB@@C@GDCB@B@BADCECGIGGCG@GGCIEWCEAIEMAIAODQ@MBIAICMKKGMAKAGDGD@H@PEJEFIFKBE@IAGEEEOEOAOAMBGBQAM@ODQDOBSEKEOGMCOCOEICGBC@MDIJKHKNGHIJGDGDI@GAIIGIKGICQCI@ODIBGFKBKEGEEIGIKIMKOMIIMQDIJEL@TFNBLALCFIBEKIKIEGOWYcGGKEUGC@GCEAAAA@CAAGAIAAAC@AACCECC@@ECGEEE@@GECAAAAA@CAA@C@E@GAE@C@A@A@@AE@@AG@C@A@C@AB@@AAAG@CAA@AAA@@A@A@@BABA@@@@AAAACC@@A@@@A@A@CC@@@@@A@A@@@@@AAAEA@ABA@@@CKE@A@@@ABA@@@A@@A@A@A@@@A@AB@@A@A@A@A@@BABEBABA@EBABCBEDABCDA@@B@@@@A@C@AAA@AGABA@A@EAC@@AA@@A@@@C@G@@A@AB@@A@ABA@A@AAEA@@@@A@ABA@@BOBA@@@A@AB@@@B@@@BE@E@E@G@C@E@AAGAGAA@A@AACACCA@A@A@C@EBE@CBABAB@@A@ABC@CAA@K@C@@AAA@CA@@@A@ABA@A@@@AA@A@@@AA@CAC@AACAAA@ACAAAAAA@A@CE@A@@BCBEBA@C@E@CBC@C@@AA@@BA@A@@BC@A@ABA@ABA@A@ABAB@BADAFEBAD@DA@AB@DAB@D@D@B@F@@AB@B@DCBA@AF@DAB@DAB@B@@@@A@@BA@A@A@@@C@A@A@@A@A@A@@AAA@@CC@@AB@BCDA@@@EACAA@@@@AEBAAA@CCA@AA@A@@AA@A@@@CA@@@@@CDABAA@@A@ADE@A@A@@JCFEFAFAHEHMHGFGDSJOHGDIBGBG@UASDQBGBIBMBcBIBKAKAE@ICEAKCMEICOEOCMCKAWEQCIAc@M@MBG@WCICECCAECECKECGOOGCGEIGGCGAOEUCMAOCELADGHKJIJKLSNGLGJKHEDKBMBOBQFMHKLEJAJCPCNBTBPDLBR@PAH@@BD@@@BA@@@C@A@A@A@CBABAB@@@@HDBBFBBBB@BCB@B@BAAAFAB@B@BCBCB@@AFFA@@B@@@BB@@DA@BBEDDDB@@@A@@BD@ABAD@BAA@@AAEBBDADDAD@@@@B@@@BE@ABKF@@ABAB@B@@@B@BA@CF@DAB@F@B@B@BB@@@BABCBA@@@BBBD@BF@@HB@BBB@@@BB@BBB@JDEFCDBB@BDBBBBB@BCBABABCBGHKJQJSLQHOFMLQNQRKVITETGPIZ@PBLRPTNPLLHHNFP@PELCJGLOLWPa^EHACC@KDAB@@@@ADADCDADCHAJAH@BA@UN@@C@E@GBGDAB@@@D@BAF@@KHDDHFB@BB@@@B@B@B@B@BDHGDA@JHEBGDBDFABDEDBBA@BBGDB@D@BBGBCBODFHTRIFMHEBQJECII@@IFIDBDBB@@ABADCB@@FF@BLGDBB@DDDDBBFAHFGHAD@@A@HFKHCDC@@BAB@D@BDDBBB@HFABFBD@FJFFBBHH@@D@D@B@D@FBB@F@BB"],"encodeOffsets":[[116971,42510]]}},{"type":"Feature","id":"130724","properties":{"name":"沽源县","cp":[115.684836,41.667419],"childNum":1},"geometry":{"type":"Polygon","coordinates":["@@@GBIDIDIJIFMFMFIHKDGDKFGFGDEDCHEFEDCBGBIFIFILIXSHEDEDGDI@ABC@C@I@EBC@@BAB@B@@A@@@@@@@@BA@@@@@@B@@A@@@A@@@@@BAA@@@@@@@@@@@A@@@@@@@B@@B@@A@@B@@@@@@@@@@A@@B@BADC@@BABA@@@@AA@@@@A@@AA@@A@@@@AA@@BA@@BAB@@A@@@@@AB@@@BA@@@A@@@@BA@@@@@A@@@A@@BAb@@LX@T@FAB@r@@AEGAEAACCAEGMEGAMEKGIIK[OMGQCKCGAECgaKMKISMMGICIEGCIGEEGEIEOGOGMGGCDGDKN]FMFOFO@A@@@AAC@@AA@@@AAC@A@@BAB@BA@@@ABA@A@A@ACCCAAAAA@A@A@IHCLAJCNILGNILOHKLMBG@QFIFS@GBK@OAEAECEAC@EFGTEJGFEFE@IDG@G@CDG@EFEHEH@PCFEHKDI@IFIDGDEFENCAAACABA@GA@@AAACAA@@@AA@AACAAAA@A@ACAAA@@AB@@ABA@@@ABA@@B@@A@C@AAAACA@@A@ACCAA@AAA@CAAAC@@B@BA@A@C@@@A@AAA@AAAAA@A@ACACCA@@A@A@C@@BC@ABE@@@@AC@@CEEEECCCAAA@@AA@ECAA@AA@GEAA@A@@@C@A@@A@A@A@A@A@A@CB@BCB@B@B@@A@@@CAA@E@A@@@AB@@A@K@AAAC@A@A@C@C@AAAAAAA@@BI@ABA@@AA@@AA@@@A@ABA@@@C@@@AAA@AAA@@CAAA@A@CA@@AA@@AAA@C@E@C@AAAO@B@@ABA@ADABCB@B@BA@@@A@@@@D@BCBAB@@A@A@A@@@@AAA@@AAA@AAC@AA@AAAA@@A@C@A@A@AB@@@@CBC@K@@@A@A@A@EBEBC@A@@@AA@@@C@@A@GEAAAAA@@@A@EBE@A@@@E@@AI@@@AA@@ABADAD@BCB@BAB@@A@C@CB@@@BADBBAB@@AB@@@BABADAB@B@DBDEBEBAB@BABEDCBC@@DABABBB@BA@@@A@CBCBABC@C@A@GDC@C@A@EBCBC@E@@@CAC@@AEE@@C@@@C@ABA@GDAB@@ADAB@B@B@D@@CF@@AD@B@B@B@DGBABAB@B@@EF@B@@ABC@@B@B@@ABCBA@@B@D@BBD@@@B@BA@CDAB@@@D@B@BA@@B@DAF@@ABCB@BA@ABCACBCBA@A@@@A@ABABAB@BA@@B@BADABIFA@A@A@ABABABAD@BAB@D@B@@@@EBA@EBCBAB@@AB@BA@ADAB@BA@@BADABA@EAA@A@CDG@CB@@C@A@A@A@ABAAA@EBA@AAA@@CA@@ACA@@@AK@E@SIOKEEECCCCICECKACCGACCCCAKEMEG@E@KAIAEAEAGAICGCCAGCQMGGEGEGGEIMGOACAACAA@A@@C@A@@CA@@A@ACEAA@@BA@ABA@A@CAC@@BA@@BA@A@GB@BCBCD@BABABCB@@@B@@ABCD@@@B@D@B@D@BB@BBBBB@B@@@@B@@@B@B@B@BA@ABA@@@AAAAC@AAA@E@A@CAC@C@C@A@@@@@@A@AA@@@A@A@AAAAA@AAA@ABAB@@CB@BA@@@CAC@A@ABA@@DA@CBAB@BA@@@CBCBABABA@@BA@@@@@AC@@@@@A@@A@AA@@CCCBC@CBC@EBA@C@@@A@@@EAA@A@@@A@@@AAAA@AA@AC@@@@BAACBA@@@AB@@@D@BAA@@@AAAAC@AA@A@@@C@AAAA@AAA@@@A@CBCBCDABA@A@CD@H@DA@@B@B@B@BA@B@@BB@H@B@@BB@@@@B@B@B@@BDBBCHCJAH@H@FAHEJCHATALAF@LAHCHCFEDIDIDGFGHEFMNGNGNGHEFGFGFIFMFOB@@@@@@KBQJIDIBKDQBMDGHGHGRELILIJMHKDKJGLEHEFIFIBKBQBUDQDO@GDO@GFKDSHO@O@KAM@I@GAKCGAG@WDoBG@K@G@IDIHEDEFCFMLUFOBSBSAQCOAQEKEKEGIICG@GBIDEDCDEFEJCFEBE@KEIEKIAC@KDCFELAL@H@HAJCNGBGEEECOCKAIBGBGDIBcDY@M@KAEBEF@LCJEHEDGBOBYFFP@VAFFHHLHLBPDJ@HBJBJBJAFNBF@DBFBJJJJDDHDLBRBR@PDRDPBL@PAfAR@RBL@VDH@RBREJCHEJCJCHCH@JBRHJJBDD@F@B@D@@RFBJ@B@B@D@B@DANGBAFABABAJAB@HDR@B@D@J@B@VI^IB@T@NALAHCHEDCDCFE@A@@@A@A@AAC@A@@@CBA@GAC@A@A@A@C@@JBD@B@LBFBNBHBBANBJBD@BBJBHBB@@BDBFF@B@@@BBBDDBF@B@B@BAB@B@@BB@B@B@BAD@B@@@B@BAF@D@@@BDFJJFDNFJ@JEDEFONWDCFCB@BCBAB@@AB@DBF@HBD@B@B@D@F@D@D@F@D@B@B@B@B@LBH@L@H@FB@@B@DBB@HDDDFB@@@B@@@@IHOLEHABCBEHCFCDEFCFADA@BB@BDDBFFFBDBDBB@D@F@@@BB@@B@B@@BBBBFD@BBF@DBBE@@B@@@@GFgFIPABEFIHC@CBHJHLFDHFFDLDJBVAHBJ@JBNFLBNBHBHDHBLDNBNDPDJFTJJHLFVLPFNHPJPDHDhFFDTH`TNNf^P@dFVJJJJFJDLD\\CHDLHDRFPBFPHNHJHJLHDN@TCHAJAFBLDDBDDBH@HAJBHBDDDFDHBJ@JEFANCF@NDJFNFJFLJJLDF`BJ`HHB@LFDDLBF@JEDELEFCL@HBNBNDNJRJHBFBJ@LBD@JBHC"],"encodeOffsets":[[118703,42950]]}},{"type":"Feature","id":"130725","properties":{"name":"尚义县","cp":[113.977713,41.080091],"childNum":1},"geometry":{"type":"Polygon","coordinates":["@@@@GLEFCFIFIHINGDEFAFFFBJAD@F@D@B@D@@A@@B@@@@@BAB@B@BBB@@@@@B@BA@@B@@E@CAAAAAAA@@@@A@CBCDAAC@CAGEAAA@@@IFABABAB@B@DABABABABA@ABAB@BAD@@@@ABEB@@CF@DABADABAF@@@F@@@BA@@@EDGDA@AB@@@@@B@BDDDBDFBBBBD@BDBBJBPFDJDJCFCDGDIDKDCF@D@BA@@B@@AB@@@@BBB@DB@@@@@BCBAB@DAD@B@F@D@B@BBB@BA@CFCDABABCDAB@@@BAB@L@B@D@F@@AB@@A@A@@B@@@@@B@@B@F@@@B@@@BB@BB@BB@@JBDBH@@B@@@BADA@AB@@ABEBEDC@GEA@ABMBCBE@E@ABC@A@E@CAC@ABA@@@EFABABCBAB@D@@@@ABABADA@A@A@AAAGAA@AAC@@A@ABC@CFADKLELEJ@L@DANCNGHKLMHQNKJMJIHONULKHKJKJKLILKLQPOLULaPIDIFIHDJPF`CNBL@NDPJLJHLDFNRHHFHLLJLDLBNHJLDJALAR@V@VBJBPDVLRPFJDJDJBLAR@PLHHIFDBDDH@DADGFIJBDABBF@B@BA@CBEDCDABAB@@A@@@@@A@@@AB@@@D@B@B@@@@AB@@BB@@@BA@@@A@BB@@@@AB@B@BA@@@@@@A@@A@AB@@@@A@A@@@@@@@@@A@@@@@@A@@@@A@@B@@@@A@@@A@@@CAA@AA@@A@AA@@A@@C@A@@D@@@@@B@@@@A@A@@@@A@AA@A@A@A@A@C@@@A@@@@C@A@A@@@@A@CA@@AAAA@@AB@@C@@@C@C@@A@@A@C@@@@A@A@EBAB@@AB@@A@AB@BABBP@BA@C@M@BD@D@@@@ADA@@B@FDB@BI@@@LBAFGABB@@FB@B@H@@@B@BABAD@@@DH@@B@@@BBDC@GFC@EBABC@MF@@A@YECFCDGCAB@@@BCB@@ABABBB@@ABADCFABA@ABAB@B@@@BA@@@AF@@AB@B@@BDFBBBB@DAB@B@@@BBDD@BBBB@DBFBB@D@D@B@B@@BB@@BAB@BBD@BBB@BABGF@@@B@BBHBBBBFB@DDFBDBBFBBBB@@F@@@D@B@@@D@BBBAD@BA@@@CA@@@B@B@BBD@@@BCB@@@B@@@B@@B@B@@@@@@B@@@B@BB@@@@BAB@@BBB@@@B@@@@@A@@B@@@@BBBBDBB@@B@BB@@B@@@BB@@@DA@@BBB@@B@@A@EB@@A@@B@@@@CBA@G@@AE@ADAA@BSJABEDC@_HKBoJ@@@B@BBDBFBFDJBBBDDFDDBBDBFDB@FBHBDBJBHDFBHDDDBBDBBDBDBBDLFTBDBH@DBDBDBBBB@@B@DBDA@@FADABAF@D@J@B@BBFFFFB@BBBBDBDDHDD@@BDDBB@B@@@BBD@B@@BBB@PBJDB@DDDBD@B@DBBB@@BB@B@B@BB@@@B@@@BBDANBB@B@DB@BBBB@D@@@DBB@@BBB@@DB@@B@DFB@@@@@@ABAB@B@B@B@B@@@@@AB@@@@D@@@@@A@@BB@@@@B@@@@B@@@@@@BA@@BBBFCBABABAB@@@@A@@@@D@BAD@B@@@B@@@B@@@DA@@BBB@BB@BBBB@@@B@B@@AB@@@B@B@@@D@@@@B@BA@BB@@B@B@DAB@@@B@@@B@B@@@B@@@B@B@@@@AB@BBB@@ADA@@BBDFB@D@@@B@@@BBBB@@D@BBB@D@@@BB@@BBB@B@FBB@DAD@BABBB@@AJC@@B@D@B@B@@@B@BBB@@BB@B@@ABABCB@B@@AB@B@@@B@@@B@BA@@B@HAD@DA\\CpG@@@A@@@@B@@@B@dEBAB@JC@ADAFEGGAAEEEIC@EABAGEA@AACC@A@CBA@AD@DCLGGEB@@@BCHGGEEBAACCCCA@CAKH@AEE@@DABCBA@@AAACJCJE@@JJFDRIFANGJESQEGPCDAHAAAC@A@HCAAB@AAFCACEBACHCFAIGB@HCCG@A@A@A@A@A@@AAA@GECCLG@@BE@A@C@@BAHCHAF@D@@@VMB@@ABGBIDGBCDCBCBC@@@@BALCD@BDFGb]XOPKHKDIFK@OEOGMKGOKSMQOAK@OJYHOFSJSLURQRMNKPERGTKRILIHGDABABADA@AAAAACA@AAADCFEICA@AAA@@A@@AA@AGA@@AEC@AA@A@@ABADAB@@A@@A@A@A@EBA@CDEB@@A@A@@@ABABA@@LEBAF@@A@@@A@@C@CBBCACFABB@@BB@ABCBAC@@AB@@@A@CCFCAAB@@CA@@A@@@AB@EE@BA@ADADA@A@EBBBABA@A@ADA@AAEAAAGC@@@@BABADAB@B@B@D@@@B@@A@@AC@@BG@OAQCKAOASDMDOBIFILKNGREPANALAFCLGHIHKTMLKJILIHGBCFKAAGCKIECEGEEEGCEAKCIEIEKAEEIEEGGGECA@@@@CEIEGEGGKCIEEEEC@CCG@EAEAIBQBOBCFIJQFIFGBEBGBIAICG@GCOAMAG@E@EAGEGIG[OECG@EAE@I@G@KBMBKDK@KDIBKFUJIBIBABE@I@G@EAYBMBE@IDKDMHQFGBK@UAGCEAGAICGEGAMCKCICEAGAGCCAGC"],"encodeOffsets":[[116874,41716]]}},{"type":"Feature","id":"130726","properties":{"name":"蔚县","cp":[114.582695,39.837181],"childNum":1},"geometry":{"type":"Polygon","coordinates":["@@@@@A@CAC@AAA@ABA@C@ABABABAD@@@B@F@BAB@BAB@BCB@DAF@JGFCPGFCDEBICICGEGEGEGCG@GDKRUJIFGDMBKAEBA@A@C@@BC@ABABADADA@A@A@@DA@@@A@A@A@@@A@@BCDABA@A@C@G@AAC@ABADCDC@AFABA@@BCBE@A@A@C@@@A@ADEBCBABABA@A@ABABCB@@A@A@ADA@A@ABG@CB@@@BAB@DA@@BABCBC@A@@@C@A@A@@@A@A@A@@@A@A@@@ACA@A@ABC@@@A@A@A@AAA@@@@@AB@BCHA@A@@BC@CBA@AAA@AACAAAA@ACACA@@G@A@EAA@E@C@AAEC@AA@A@@AAAAC@C@@@C@A@@@CAACC@@@AA@@@ACAAA@@C@@AAAACAAAF]IcGKKMCKES@KBO@SDSFMJQN_CKGQGQGQIUEOAIBSDMFOJUJKGQIIGKOD_DSCOIQIIAMBMAMCGGQKOIQGOIOKQMOKQWSIIMCQGEMFObQHUBeCQBMDQHOBQ@SAcJOCGGAOBM@KOEM@aE]BGPODKKEO@GAIAEAA@CCE@A@CAA@@CAACAAAE@AA@@@A@@@C@C@A@EDC@EBA@EBA@@B@@@DB@BD@@@@ABA@@@A@A@A@GBA@A@A@ABABABCDABAB@BA@@@@B@@@B@BABADA@ABE@CBA@A@@BAB@BA@@@A@A@@@AACAA@GCA@@AACA@@A@AACAAACAA@AAA@@AA@@@A@C@A@AACA@ACAA@B@BDJ@BBDBB@BDHEJKFABCAKCaM@A@@AEA@CA@@@@@A@C@@AA@@@@CBC@@BA@@AA@Q@AJADCDCH@DAD@BAB@B@B@@AB@@AFAB@@@BB@@B@D@BAB@@ABAB@@@BAB@DKL[JMB_EQBKAM@KHKTINEJGHENGJCPBNBJ@PAVBR@\\ALBL@XBRDlFLFH@B@DAF@D@@A@AAG@A@@@@FA@@BDHA@@@E@AF@@@AC@@@AB@DADABAB@BA@@D@DAJ@BBBA@@DEDADCDA@@B@@BDBBBBB@BBF@F@BB@@DB@B@@@D@@@BDBB@@@@B@BMPCH@BBD@D@FAB@FD@IVEAC@E@@@CBCBAB@@A@@@ACC@E@C@AAC@A@@@A@@@@@A@A@C@EA@@C@A@GAGACAA@C@C@A@C@A@A@G@ABGDC@A@C@AACAGCCCA@A@ABEAC@@@CDA@GBGAEAA@@AA@CAA@A@AA@@A@C@@BA@@@@BDB@B@@@DAB@B@F@@BB@B@@@BABCBA@ABC@A@C@@@AAA@ACAAC@ECC@CAE@EAE@A@CAGCA@CCA@C@I@A@A@CAI@A@@AA@CE@@@A@ABABA@@@A@@AAA@@BA@ADAFAD@D@BCB@@EA@@@@A@AFA@@@@@@@A@@@A@ABCD@B@@@@ABA@@BAA@@EDAB@BABAD@D@B@BBBBBBBBBBBBBHDHDDBDBHBBBBB@BB@@BB@@@DAB@BB@B@B@B@BABAD@@A@A@@@AD@@@@B@B@B@@@@B@@@BCB@BA@@AAA@@@@A@A@@B@B@B@@B@@@@B@@@BABABABEDA@@@A@AC@@A@@@@@@FAB@@@HBF@B@DB@BD@B@BAD@BA@EDABA@C@GBCBA@@B@B@B@@HLBB@BBB@BBBB@BBLDFB@@J@B@@@BBDBBDDBBBD@@@B@BB@BB@DAF@@@@A@A@@BA@@DAD@@@BA@@BABA@AAA@EBABC@A@E@@@AAAACCEAAAAAC@@@A@A@A@@B@DA@@D@HDD@L@BBD@DBFBHBD@DDD@DD@@B@@@D@D@FAB@B@@@B@@BDBFB@@B@BBB@D@B@DBBBD@DBBBB@BBB@D@D@FBB@D@D@DAD@J@B@BB@@@B@@@B@B@@@@BBBBBB@BDBB@DF@B@@@BAB@@@F@@ABA@@BAB@B@@BD@BBD@BAB@BB@DB@@@B@@@BDBD@B@DBBBD@DAB@@BB@BB@@@B@@CH@B@B@B@@@@HD@@DBFBDBDDD@DBD@HBB@BBBB@BBB@BHDBBBD@BBBBBFDB@FBD@H@B@D@BADADEB@@A@A@@BA@C@@@AAC@@@A@@@E@@AAAC@ABA@@AA@@@C@@B@@@B@BAB@D@B@B@B@B@D@B@B@BBB@F@B@D@B@B@BA@@B@@@BBD@B@BBBBHCRCTCRAJHLHNJBHDFBDDHDNDHNJJHNHN@P@LBNDLDLFJHHH@LAH@NBH@VBLHLHJJFN@HAJCJELCLCR@NDPBHBNDPFPNPNJFFHBHBLCNENCF@@@@ETCN@JDHFDNDHBFBJFFFNHZLL@J@F@Z@ZBPBNAHBFCFABCDGHIHGA@AA@AB@@@@ABAAA@@B@@A@AB@@@B@@@@@D@BA@@@A@AB@@@FA@@BA@@B@B@@A@AB@BAF@B@@@FA@AB@B@BA@AB@BAB@@@@@D@BAD@@@@@@A@A@A@@@@BAB@@@@A@AB@@@B@HB@@BBF@@@BBB@DB@AD@@@BB@@@@@BADA@@BBB@@B@@BD@@@BAB@B@@@BBB@BAB@B@@@B@B@BBB@B@@@BBBBBB@@@DB@BB@BBBBBD@ND@@BBBB@@DBDBBBDBD@DBBB@@@@@B@@@BBD@BB@D@@@DAD@DA@@@@@BBB@@D@BA@@BA@@B@BABA@@B@@@D@B@@@B@@@B@B@BA@@@@B@BAB@@ABA@@@@B@@AB@BAB@@@BAB@B@BABA@@B@@A@@AA@@@A@@AAA@AA@AAC@@ACA@@@A@@A@@@AC@@@@@@@DABA@@B@B@BAB@B@BB@@B@B@@@B@B@B@BAB@B@B@BB@@B@@@@BB@BBBB@BB@@BBB@BBB@@B@@@@B@@D@B@B@@@@A@@B@@@@@B@@@B@DA@@B@B@BBD@BDDD@@B@B@B@B@BAB@BAB@@@BBDAB@@BBB@B@@@@@D@@BB@@DB@@B@B@@@@@@ABA@AFC@@B@@@BB@@F@"],"encodeOffsets":[[117736,41139]]}},{"type":"Feature","id":"130727","properties":{"name":"阳原县","cp":[114.167343,40.113419],"childNum":1},"geometry":{"type":"Polygon","coordinates":["@@@@@A@AB@@A@@@BB@@@B@DA@BB@B@@@@ADAB@B@B@B@B@@@B@DD@@BADA@AB@D@@@@@@ABBB@B@@AB@BB@@@@B@@@BABA@@DA@ABA@@B@DADA@A@AB@D@BA@BB@D@@@DBB@@@B@@@@A@AB@DABAB@@ABCDCB@@@@AB@B@B@BAD@BADCB@DCBC@AB@DCDA@@AA@@@AB@@A@@@ABEBA@CBA@C@@@AA@@@AE@C@CCC@@@C@@@@@A@@B@@AA@@AB@@A@ABA@@@AA@@@A@BA@ABCBA@@AC@@@C@@@A@@@@@ABA@@B@@@BC@@BA@@D@B@@A@ABABA@A@@A@AAA@@@@@@@BC@@@A@@A@@A@AAA@ABA@@BCD@B@@@B@B@B@DAB@@AB@@@B@B@B@@AACB@@A@A@AAA@AA@@@AAAACA@@B@@ABA@@BEDCBADCBA@ABA@ABCIGAACBC@AABIB@BA@A@@BAB@@A@@AA@@@@@@@A@@@A@@@@@A@@@A@@@@@A@A@A@@@C@E@@@A@A@@@A@@BA@@@ABAB@@@B@B@@@@A@@B@@@@A@A@A@AA@@A@CB@@@@A@@@A@@BAB@B@BC@@BA@@@AAA@@BA@@BAD@@ABA@A@A@@@ABE@A@A@@@AAA@A@@B@@A@@@A@AAA@@@A@A@A@@A@@AA@BA@A@@@A@A@@AA@@BA@@@AAAC@AACAAAC@AA@@A@E@ABA@@B@BA@A@@@AB@@EB@@A@@B@B@@ABC@@@@@A@@@A@@B@BA@@@BBAB@B@@A@@BBBB@GHGJCHADEBEDGAMBOAYAY@E@I@K@YKMGEEIEEAGAMCECCG@IDMFS@@@@DEFMDMAKAGEGIEOMOMOEMCGAOAMCQ@KDKDIFIDGBM@IEGIGKAK@UAG@MBG@KGGIGKEKCMCKAO@M@MGIGMICGCMCGACCEAGMIKGIGQBSDQDGDAAAAA@C@AA@@A@@@ABA@A@C@A@E@A@AAA@A@C@A@A@A@A@C@A@ABA@@@A@@@@D@@BB@@AB@BBDBB@@@F@@@B@@BD@B@@@DAB@@@B@BA@CFCBABC@A@G@C@EAA@ECAAAA@AACAAGC@AAA@AAAAAA@GAC@CAC@CCCAEACA@@GC@@@@@A@A@ADG@@@A@@AAA@@AA@CBC@AACAA@C@CA@A@@@A@@CAA@@ABA@AAC@AAC@@@ABA@AB@BA@@@E@@BA@A@@@ACEA@CA@AAAAAAA@@@@@A@A@@@A@@AAA@I@C@CBC@C@A@EAC@C@A@AAA@AACAC@AACAA@C@A@AAA@@@EACA@AA@@@A@A@EBC@C@@@A@@@CCC@CCC@GAEACAC@AAK@C@GCC@@@CBA@@@@B@B@B@@BDBBBBDFBDBB@B@@@F@BADAB@FBB@BABAB@@AB@@C@CB@@AB@@@B@B@@E@CBA@@AAAA@@@C@AACAACCAAA@@A@I@@@EAKCAAA@AA@AAA@AAAGK@@@A@A@AB@DAHAD@B@BAFCB@@ABC@A@AACA@@C@AAE@G@AAACEACAAAACAEAGAI@GEIIEAA@IASB]DMBMDOFcJOBKAEAG@G@CBGFADGDEDCBEBG@G@E@EAECCEC@GTABITEL@FCNIN@PBL@JBPA@ABEFGD@@C@@@CAA@CDE@EBCCA@A@C@C@ABC@ABABA@EBI@MBABKDO@IBIDIBEBCFSDG@KGECQFGL@NLLLDRAR@NBPHHFJFNNJPBPBB@B@HBB@B@@DDB@@B@B@D@@@FAB@DAH@BAF@B@BBD@BABCDCF@B@BBHDHBD@DB@BB@@BBB@FAFBD@DAJANCD@DADAB@PGB@BA@@BCBABC@A@C@ADA@CJGDCDCBCBA@A@AAM@A@C@C@ADABCDABADCBA@@B@D@FBDBDDDBBBBBHDLDNBBBD@H@HBDBBBB@BBDB@B@@@F@D@D@F@BDHDDLLBD@@AH@D@F@BA@EFCHA@EDCFABABADAD@BABCPAB@P@BABAJAFA@@BA@@B@B@DAB@DAB@DA@@B@B@@A@@DGP@@ADB@LHHDPDF@FBDBBB@BB@@@DD@@B@B@B@BA@@BBB@B@B@@@BA@@@@B@DBB@@@DCBCB@DAB@@@F@B@B@B@@A@C@C@A@@@CCA@@@AB@@AB@D@DAH@DA@@BA@@D@RDRHPFRHTHNBLDXBVCRAJDJBDFBN@NFTLNHLLBXCLCjCTDJFHDJFPFVFZDPDNBLCZETATBLBJBNFXHPDRDHBNFLFNFLLXVPPPJPLV\\JNDPDJ@NPBPFPDJDTBRFTHLDLBNBNCJCNANDNHHDLFHFNJLBX@RBH@BCBAB@@A@ABA@@BA@@B@BBB@@@BB@@@@B@B@@@@AB@B@B@B@"],"encodeOffsets":[[117457,41342]]}},{"type":"Feature","id":"130728","properties":{"name":"怀安县","cp":[114.422364,40.671274],"childNum":1},"geometry":{"type":"Polygon","coordinates":["@@DEASPGd@nOG|O~]\\@pI\\@ZDN@lJ@@B@FBP@NF^DDBFdJZRLRVLhAdJV@JCRCHGB@FCFCDAHEHEACEE@@EENECACCICCAAAA@@A@@@CBA@A@ABB@@D@BAD@@AFG@CB@@BB@@@B@@@BC@@B@B@DABAB@BAB@D@B@F@FADABA@A@@CACAA@C@A@@@@A@A@A@@@A@@A@@@AAAAA@@@@@@A@@A@AAE@@@@A@@A@A@@@AA@@@@@AB@@@@A@@@AA@@@@CBA@@@@@@A@@@@A@@@A@@A@A@AA@AB@AAAA@A@@C@C@A@@A@@@@BA@ABADCA@A@@@@@@A@@@ADADCBAB@B@BA@CBABABABCBABA@A@@BE@ABCFEDA@@A@@AB@B@@A@A@A@CAAAA@@AC@A@A@@A@A@A@@@@@@A@A@@B@B@BEBAA@@ABC@A@A@A@@AA@A@@@A@A@ABC@A@AACAC@AAACA@A@A@A@@A@@C@AA@@A@@A@@A@@@ABA@AAA@A@ABG@C@ABAA@BABC@AC@@AAAA@@@@A@@AAA@@A@ABA@A@@@AAC@A@CBA@@AA@A@@@ABABAHAD@@BDB@@B@B@B@@@BABAB@DA@AB@@A@AAC@E@A@E@C@ABA@AC@G@@@EAEA@@A@@@AC@A@@AA@AB@@A@C@AAAA@AAA@ABA@@@CA@@CDA@@@A@CAA@E@A@A@A@AAA@@@C@A@AAA@A@CDA@C@E@@A@CAA@A@@BAB@@A@ABC@@B@BA@@B@BCBA@@B@@@@@@A@@@A@@@A@A@@@C@C@A@AB@B@@A@@@A@@CCAAA@@@@B@@A@A@ABE@A@A@@AA@CA@AAACE@ABEBAAA@AAA@@@@A@@@@A@ABABC@@@AAACA@AA@A@@@BA@AA@@@A@E@A@C@KACC@@@@AAAA@A@@@ABAB@BAB@BA@@@AA@@@A@CBA@E@A@C@CAA@E@@@@@@@@ABCBA@@@A@A@A@@GAA@@@E@A@A@AA@@A@A@@EBA@A@@@@AA@ABABCDAB@@A@AAC@@BA@ADADCFABCBADA@@BA@A@CACAAAA@@@CA@@A@@A@A@@A@@@A@ADEB@DA@@BA@A@@A@CEAAAA@A@@B@@@AAEA@@AAAAA@@@@@@BAAA@@@A@@BAAA@A@A@A@@B@@A@A@@@@@AA@@A@AAA@@@AB@@AB@B@BA@ABADG@QAW@KAMIGEKEGCMGMCMBIDMDMAKAKCSGQESAICOCOEOA@DCBEDIDKDIBI@KBOGICK@MBEBGDOLCJEHEFIFG@GAGEGCMAGAGCEAAACEECGCGAICABA@A@CAA@@BA@AB@B@@@@A@A@C@@@@B@@@F@B@BAB@B@@ABA@A@A@A@CB@@EAA@AAAAA@A@@@AB@BA@ABAB@@A@E@A@@@@@ABC@AB@BA@@BA@A@A@@AGDE@MCKAIAG@GBIFCF@FAHCFCLGPEJELCD@B@@AD@B@D@BABABEHABCB@B@B@DBF@BB@BDNFBBDD@B@@@FAF@B@@A@EBA@ABCBE@A@@B@@@@@DABAD@B@D@B@@@BC@EAEAA@A@@@ED@@ADCB@B@B@BBB@@@@@B@BABADAB@BBDBB@BDB@@BBB@BBBB@@AB@@@B@@@B@@@B@@@@@B@BAB@BB@@@BBFBB@@BB@BBBBB@@B@@@BAB@@CF@B@BB@FFBB@B@BBFB@AFBB@J@B@DAD@B@B@@BBFDDDB@BBDDBB@BBB@FA@AHAB@B@BBB@B@@CDA@AAA@A@A@A@CBG@@@A@A@@@A@ABA@A@CB@@AB@@@BBBB@@BAB@@@BB@@D@@DF@BA@@BB@@@DB@@@@@B@DABAD@@@BHLDNBDADCFEFKHMJEFGFG@ICGCG@K@MFID@FABABA@AB@@@BABABCBAD@@A@C@A@@@AB@BAFABB@BBBBDBFD@B@B@BABADABCBEF@DCLGJEJULKFEHCFAF@HCHEJGHEDIJW^ILKLGNHDDBHDHBFBJDLDNDHBHFJDHBFBHDVBL@HARENGLCJCF@NAZAFBH@J@F@BAJAJAVILEJALCL@LCNALAH@J@F@FB"],"encodeOffsets":[[117098,41710]]}},{"type":"Feature","id":"130729","properties":{"name":"万全区","cp":[114.736131,40.765136],"childNum":1},"geometry":{"type":"Polygon","coordinates":["@@BA@AACA@@C@@A@@@CCAA@A@@AA@A@AA@@@A@@@@AA@A@E@A@AA@@@A@@@E@@@AAA@A@C@AA@@@B@BA@@B@B@BBB@FBBA@A@C@A@C@ACA@A@A@A@CBCBC@AAC@A@A@A@A@@BAB@@A@A@C@@@@CAA@@@BA@AAA@A@@BA@AAA@@@ABAA@CA@@A@@@AB@@@@@A@@A@AA@A@@@A@AA@AAA@@A@C@ABA@@DA@@@AB@BABABA@A@@BADABABAD@@@@@@AA@@@BA@@DAB@FE@A@@@@AA@@@@B@@@B@@EBA@@@@B@@@@@B@@A@@A@@@@B@@AAB@B@BA@A@@BADCBA@AB@G@CAAAC@AA@AA@@AA@A@@A@ABCB@DCB@B@@@BADCBA@@@A@@@A@@BABA@@@A@A@@BA@ABA@@B@DAD@BADA@@@ABABA@ABA@E@@BA@@BA@ABCBADA@A@@@A@A@A@ABA@ABC@C@@BAB@@A@ABA@CBA@A@A@E@@AA@@CCA@AA@@@A@A@A@A@A@A@A@A@ACCAA@AEA@@@A@@@@AA@B@@AA@@@@@BA@A@CB@@A@@AA@@A@@@@C@@@@ABADEAABC@@BADEBABADGIA@AA@@ABABAQA@@@A@@@@@@@A@@@AK@@@@AAA@@@@ACABEIABGA@AGCFAB@JM@K@@DC@@@@IGFAAAAAAA@A@AB@F@@AACAA@AKDEB@@AA@@A@@AD@BA@@AAAEA@D@@GA@KCGBEDCBGFGFCBEDEDA@GHQDIDU@cIgBUKKQYQcIECA]CMEO@EAA@@@kIM@YC[@oJ[@}^{PHmPc@OHBTCFH@FD\\PJHFHBH@F@FBHBNDP@HDHBJAJAHAFEHEJIREJADAPARBJBF@FDH@DFDFFJFLDHHHFJFDF@@@@DBHFHHFFFJBFFLFJDJBLDFFHFFFHFDLJHDBBPDNBVDPFHBHDJHHFHDPPDHLFFDFDDBFDJDXDH@NAN@d@JBRDXFLBNDPDPFJDNFLDFBJDF@LBLBJAdANAJAHARATCVBH@HAJAHCPGTIHCHENGFGBGBEFEDE@I"],"encodeOffsets":[[117562,41949]]}},{"type":"Feature","id":"130730","properties":{"name":"怀来县","cp":[115.520846,40.405405],"childNum":1},"geometry":{"type":"Polygon","coordinates":["@@@@B@@@@@B@@AB@@@@@@AB@@@@@@@B@B@B@B@@@@@B@@B@@@@B@@AB@@@@@B@B@B@B@B@B@@@B@@@@@BAB@@A@@B@P@PCRCNARAPCHEF@H@LFPDH@HCFCHCHAHBHBBB@B@BBB@BBB@@@B@@@BB@AB@B@B@@AB@B@@BB@B@@@BB@@BBADBBAB@B@DADA@@DA@@B@BA@@B@B@B@@AF@B@B@DA@@B@@@B@B@@@@@@B@@B@B@@@@BB@@BB@DCBE@@@A@@@CAA@@BABC@@@@@A@@@@HAF@HBFFDJFJJJJHLBL@P@JEHCDGBSAMAKAOCIEICM@@BCBA@A@@BABA@@@A@A@@BA@C@ABABA@@F@BA@@BA@AD@BABA@@D@@@BC@@@AAC@@AACEA@@AB@@@DC@A@ADCB@@AB@@A@ABBA@BB@B@BB@B@D@D@D@F@F@BBB@DA@@B@DB@@DAB@B@DC@@B@@@BA@AB@BAB@B@BBB@@@B@DABA@A@C@@@@CCAAA@AC@@ACBC@@@A@C@AA@AA@AAA@@A@AA@@ACAC@A@C@A@@DEB@B@B@B@HD@@BA@@@AC@@AA@@AA@@@@A@@@@@@@@B@@A@A@@B@@AEDAAABAABABCA@@@@ABABAEB@A@@BAAA@@BC@@@@EA@AAA@@@AD@@@AA@@B@@BD@DC@@@@D@@B@@@@B@@@@@DE@@@B@@BA@@B@@CB@B@B@BA@@DEBCFB@@JA@CBAEA@BAAB@A@@AB@BA@BBGF@BGFB@CB@@@B@@AB@@@D@@B@@F@HB@CFB@AD@@C@C@@@AB@AFB@@@@@@E@AGA@@H@@AE@@AF@@A@AG@@@H@@AG@@@H@@AE@@@BAF@DD@CA@A@@@@ADC@BB@D@DBD@BA@@HD@AD@@CJB@C@@D@@ALBBABATBJBD@@AB@BALCB@@C@@BA@@@@@A@A@A@@BA@AB@@ABABABC@@@@CCA@@A@@BA@@@A@A@ABC@@@@BAB@@@DA@A@@@AA@@AAAA@CA@@@AB@BCBABA@A@@@@@@@@@@@@B@@BB@@@B@B@DABA@ADAB@@E@@@@@@BA@@DAB@B@DAB@@@@AAA@@@@@AAAB@AA@AA@@AA@@@@A@@B@@@BC@ADA@ABABA@A@@@A@A@@A@@A@@@AB@@@@EBBB@@@D@@@BA@A@@@@@AA@BA@@B@@A@A@A@ABAB@@AB@@@B@@CA@B@@A@@@@B@@AB@@@B@@@DA@@AA@@@@BA@ABA@A@A@@D@@@@@BABA@A@@B@BA@@DA@@@@AACA@@@CAA@@AA@@AAA@C@@AC@A@A@A@C@A@C@A@@A@A@@A@@@C@C@AAA@A@ABA@CBA@A@A@@@A@@@A@AAA@@@@@A@@@@@AA@@@@CA@@@AA@A@A@@@@@@@@AA@@@C@@AA@AA@@AAA@A@@AAA@@@A@@@@@@@@@@BA@A@@@AA@AA@@AABCA@@C@AA@A@AAA@A@C@ABA@A@@BC@A@EB@ABA@@ACCAAAAAAAAA@@@AAA@AA@@AAA@@@@AA@@@@@ACA@AACA@@@A@@@@A@@@@@@@A@@@ADA@A@@AAA@@@@A@ABADA@A@@AAAAAAAA@@A@A@A@@AA@AA@@@@@A@@@CA@BCAA@A@@CAA@@A@@@A@@@AA@@@@A@A@@@AA@AAA@C@C@A@A@A@CBCBC@ABA@@AAA@@CACACA@@JEBA@@@@ACA@@AA@@AAA@A@AAAAAA@@A@AEA@A@@@A@ABA@@BAB@B@BBB@@@@A@@B@@A@@C@AA@@@AB@BA@@@ABCDABC@@@AAA@@@AB@@A@@AA@@AAA@A@A@AAA@A@GBEBA@CBC@@@@@@ABABA@A@@AA@BA@EDED@@A@@@A@CBCDA@A@A@A@A@C@@@A@A@C@E@C@@@A@EHA@@@AB@B@@@@@@CB@@ADCBCDGF@BA@ED@D@D@D@F@AA@AAC@A@A@ABA@CACAA@A@@A@@AA@A@AA@ACAC@A@AAAAAC@CAAA@@GBABCAA@@@AC@A@A@AAACC@AAC@@@@BA@A@@BAB@DA@A@A@@@A@@@A@@ACAA@@ACCC@@AAA@@@AAAAAAC@AA@@@A@@A@A@AAA@AAA@AAA@A@C@CBAAA@CAA@ABABEBCBAB@@C@EBA@A@A@CACAG@A@@@BAB@BAB@BAB@B@B@B@DABB@AB@@A@@@@@AE@@@@BA@A@@@@@C@@BA@@@C@EA@@AAC@@@@BA@@@AB@@@@@B@@ABAD@@A@A@A@AA@@@@A@AACDA@@@C@A@@@A@CAGCEBGAG@CAC@C@@@@@@B@@CDA@@@CAEACAA@AAAAA@BA@@@AAA@@@AA@@AA@@A@@BCBA@A@@A@AAA@A@C@@@C@A@@BCBC@@@A@AA@@C@A@A@A@@@AB@@@BC@@@C@AACA@@CB@@ABA@A@ABA@C@A@A@A@C@E@A@ECAAAA@A@A@@@A@C@@@A@A@@A@@BA@@@@C@@@AB@AAAC@A@ABC@@AA@A@A@@AA@@C@CAC@@@E@ABC@@BABAB@@@B@@@BA@A@AAAA@@AA@@AAC@AA@@@BA@@B@@@@E@@@A@CCAAA@@@A@A@AEA@AA@@A@BA@CB@@CBAAA@C@@AAA@A@@C@@AAA@EAA@CC@@A@A@@@AB@B@@G@C@AAA@A@E@@@C@AAAAAAA@CCAAEAA@ACAA@@EAE@ABAD@B@@AB@@@F@@BB@@@@BB@@@B@B@B@BAB@F@BB@FBD@@@@B@@AB@DADA@AD@@ADAB@B@@@B@@AB@F@FAF@D@B@@@D@@ABAB@@@B@B@BAB@@CDEBABAB@BAB@B@@@B@BAB@@@DAB@@@@C@@@@BAB@D@@ABCD@BABA@@DAB@B@D@B@B@D@BBBBDB@@D@B@@CBCB@BA@@D@@ABA@ABA@@B@DBB@B@DA@CD@DAFAF@D@B@BAB@@CBAB@@BD@H@BB@@@DB@@@BBB@D@B@BAD@@BBBB@@@B@@@BDBBB@B@@@BCB@@@@@B@B@B@B@@@B@BA@EC@@A@ABC@ABA@@B@@@@AB@D@D@@@B@@AB@B@@AB@@A@AB@@GFCBABEHABABADA@AF@@@B@J@@BB@B@@ABAB@BA@BB@BBBHHBB@BBBBBDHBDFHBB@@@BBB@D@BB@BBBB@B@B@@@BAHADAF@BAD@@@BB@HD@@BAD@@@@@@@B@AB@BBBBB@B@@ADABB@@BD@B@BB@@@BA@@BB@@BB@D@B@D@BB@@BDBD@B@@@BB@@@LCB@BA@@B@@B@B@BDJDH@D@B@FB@@BB@@@@B@@@@CBABA@@@KBA@ABA@ABA@C@A@CDIBA@E@A@C@@ACA@@A@@@AB@BA@@@AAAC@@@A@A@A@CBA@AA@@@A@ABA@CFABCF@BA@@@@A@AA@AAA@A@CBA@@A@@@A@C@@@AA@@A@@A@C@C@C@A@A@E@@@AB@@@@@AA@@@@@@B@@@@@@@AA@@@@B@D@BAB@@BB@@AD@B@BABADABAB@BA@DBH@B@HBDBDBB@B@FAFDB@ABC@@@@@@BB@CBABA@A@@@CB@BAB@@AB@@E@A@GBE@@@A@@@BB@BA@CBAB@BA@IBABC@ABA@CAA@A@@@A@@@A@ADABC@A@A@CAA@ABGBAB@@I@EBA@CBA@GBGDA@I@CBGDE@IDABGFA@A@AB@@AB@BA@A@A@EAA@EDAB@@BB@@ABABEB@BA@AB@@AB@B@@A@CB@@AB@DCBABA@@B@BAB@BAB@BA@CB@@AB@BABCFEJ@@CBA@@BCB@@BB@B@@CDADAB@@@BAB@BABCBABAB@@AB@B@B@D@HBB@BAB@@ABAB@DABABAB@B@DAB@B@BBD@@BBB@@@@@BDB@@ABE@CBABA@AB@@@BB@@BD@@BDB@BBBBH@B@B@BBB@D@H@DBB@BBBDBBBBBD@DDD@B@@D@DBB@B@D@@B@DBD@@@B@B@@ADAB@BBB@DB@@BJDJLBB@B@B@@AB@@@D@@BD@BB@BBDDHGHE@@B@B@B@D@B@@@BADABABAB@@@D@BBB@B@D@BAD@B@B@D@D@D@BAB@@@BA@CBA@@@@B@D@FA@@B@BAB@F@@@DABAB@B@B@D@@@DBB@FBB@BAF@D@B@B@BB@B@D@BAH@@BD@@BBBDB@BBB@DDB@DBDBHB@@B@B@B@@@DDDBDF@@DAD@BBD@JD@BBBB@HBBBBBBBBBBBDBBDBBDB@@B@@B@D@B@B@B@@BBBBDB@@DBB@DDDBDD@@BD@@@@DB@@B@@BBD@BBBDBF@HAD@@@BBB@@@@@DB@B@@@@@BBBBBBDBB@@AB@@@B@BBDBDBB"],"encodeOffsets":[[118288,41554]]}},{"type":"Feature","id":"130731","properties":{"name":"涿鹿县","cp":[115.219246,40.378701],"childNum":1},"geometry":{"type":"Polygon","coordinates":["@@@G@C@A@ABA@@BABADABA@ABA@A@@BABCDC@@@AAA@@DA@AB@DA@@FIDEBA@ABA@@DAB@@ABA@ABA@A@AB@BADA@CBA@@DAB@@@@ABA@@BAB@@AFABABA@@AA@@BAFCB@FBB@B@B@@ABA@@BAB@B@HEBAJCF@HCDAJ@B@HCHAB@DAB@FAJ@@@BAHABAB@DBB@B@D@BABCB@@@B@@@B@B@DBB@BAD@BAJAB@@ABADAB@@AAA@@B@@@F@HAB@F@@@BA@@BA@ADA@@B@B@BADAA@@A@@@@D@BAA@ECEBA@A@CACAGAA@G@CAB@@ABABABCBA@A@ABC@@AA@@BA@A@C@A@@B@@B@@@@@@@A@@@@B@@B@@@@BA@@F@B@B@D@D@D@B@@@@BB@@B@@@D@B@@@BB@DAB@B@BBB@@B@B@@B@@ADEBADEB@BAB@@@B@@BAB@D@B@B@B@@BDBB@@B@@ABA@@B@@@DB@BD@B@F@B@JADCB@D@B@BAB@BAB@LA@@B@BADA@@@@@A@@A@@AA@@E@A@CCGCI@A@A@AA@@@ABA@KD@@A@@A@@@AACAC@@AAC@A@C@A@@AA@@AB@@A@@AAA@C@@AA@BABC@@@AAAAA@ABAA@@@@@@@C@AB@@GCA@@A@@BC@ABEBCBG@A@@@A@AAAAAA@@A@CAA@A@@AAEGACCGAAAA@AAAGGAA@AAAB@@ABABA@@@AAA@@@I@A@@BEB@BCBABAFGBADAHE@@BAB@@@BA@@@ABA@@@A@@@C@CBA@@@@@AB@BAD@BAB@@@FDB@@A@A@@@A@A@A@A@@@@DA@A@@@AAACA@A@@@A@@AAAA@@BC@A@A@CAA@A@@CA@@A@@A@GAC@@BADA@@BA@A@A@CBEBE@CDCB@@C@AAA@C@AB@BAB@BA@@@CB@@ADADA@@@A@CA@ACAA@A@C@A@A@C@ABA@CB@BA@ADCBA@@@CBA@A@@D@@@@@BA@C@@BA@A@A@@@ABA@ABABAFADC@@BA@A@A@A@@BABA@@@C@@@A@CBE@E@EBA@@@A@@@ABABC@@BCB@BC@CBA@@@A@@C@EAA@@A@EBA@A@A@A@A@@AA@@@@AA@@@E@@BA@@@ABCBA@A@@BA@@@A@@@AA@@AA@@A@AA@@@@AA@AA@@@A@@@A@@AB@@A@AAA@@@@AACA@A@@@A@AAECAAC@AAAA@A@AAAACCAAAA@EA@@A@@A@AAA@@EAME@@C@E@CBAA@@AA@@@@A@@@A@A@AAA@@A@@@A@A@CA@@AAA@@@CA@AACCAAAAA@@CA@AC@AA@A@@A@@BA@A@A@AB@@@B@BA@@DC@AB@@@@A@@AAB@@A@@@A@ABC@ABA@AA@ABAAA@@B@@ABA@A@CAA@@@AACAA@@AC@@AAAA@@@@@AAACCAAAB@@AAAAC@AA@@@@@@A@@@A@AAA@@@A@AA@@A@AAA@@@ABA@@@A@@B@BABA@@AAAC@A@A@@@A@@AA@@@C@@AABABABA@@@C@@BACAAAAAAEEAK[IS@ACMIOCYMEOCW@QA@A@AA@AC@A@AAC@@@@FC@A@A@A@@AA@@@@BA@@@A@AB@@A@@AC@A@@@AAA@AAA@C@@AA@@AAACAA@A@@CCCA@@@@A@CAA@@A@@AC@@AA@AAAC@@@AAAA@A@@@AAC@A@A@@@A@A@@@K@ABA@ABC@A@@@ACC@@@C@@@@EAAAAAAAEAAAA@@AAAAEAAB@@@DADE@ABE@@BABCB@BABAD@@@B@@A@A@@C@CACA@@EBA@CAKCA@E@CA@@C@AAEAA@@AA@BC@AA@@@EAA@A@@AAAEC@@AA@A@C@@CAAAAACAAAAA@AA@@ACA@A@A@@@C@AAAAA@ACC@@AA@AAA@AAAAAAAA@A@EAA@CA@@A@@AC@AA@@CAA@A@C@CCCAA@A@A@A@@@ABCAAAA@@@AB@BA@@@EACAAA@@@C@@AAA@IECGGIECWQCCSGMEE@ODM@C@AAACBGDKAWACEECAIAA@GBMFWNGHCDI@OFIHWJ]HaHOBi@QCSIGGGIILIVEPCNATBJFPJVHRHRHRDLM`IRENCT@TAP@LFTDLLNHLJdE^BBDBBBBB@@@DB@BBBD@@B@@B@@DDBB@D@@@B@D@@@DBDBB@BB@B@@BFDBBD@F@B@FBB@H@@@DBDB@BBBBBBD@BBB@BAB@DAD@@@BGBADA@@B@@@@BB@B@B@B@B@@AD@B@BDB@B@@@B@B@@@B@B@B@@@B@B@D@@@BADADAB@@CBA@AB@@A@@DAH@B@BCB@B@B@BA@ADAB@B@BABABABADCF@B@B@@@D@B@BAFAD@@ABEB@BCDCDAB@BBD@B@H@D@BABCBAD@@@B@@@B@B@B@@CB@@@B@BCBCBABAB@BAD@@@D@BABBFALCNEHIJQVCL@HDHFHFHFHDHDJAJCFEDOHEDIHE@CBA@ADA@ABA@ABE@A@@@C@ABABAB@B@DAB@BBB@BBD@D@B@@@BA@ABA@AD@DA@@B@BA@@B@B@@ABA@@B@@AB@@ABAH@BABA@@BAB@B@BB@@@@AB@@@BD@D@BDD@@DB@@@B@B@BCFABABA@ABABABA@@B@@ADA@A@@BA@@@@BAB@@@B@@C@@@@DAB@@A@CB@@A@@D@@A@C@@BA@EH@B@B@BCDA@@DABAB@BADA@AB@@@@@B@BAB@@AB@B@@@@DB@@ABA@CB@@A@A@@@BBH@B@F@B@B@B@@BBBB@BD@@B@B@@D@@B@B@B@DBDBB@BBB@BBD@@@@@@BB@@@B@B@DBJD@@B@@@A@ADA@CDA@ABA@AB@BD@DBBB@B@@BB@@@@BB@@B@@@B@@BB@@@@@@B@BB@@BB@@@@B@DAB@D@@@@B@D@BBD@B@@BBD@B@BA@@BAB@@D@B@D@@@B@B@BBBBB@@B@@@@@@@B@@BB@B@BBB@B@@@BBD@@C@E@AA@@@@AB@@BBBB@B@@@BB@@@A@@BA@@@AB@@CBAB@@@@A@AA@@A@AAC@C@C@C@A@@@ACA@AAA@CAC@A@CB@@@D@B@D@BBB@@A@ABABC@C@A@AB@@B@FF@@@BDB@B@@@BA@@@@B@@@@@@@@AB@@@@@B@F@D@B@B@@@B@@@@@B@@BB@@@BBB@BBB@@BB@B@@@@DB@@B@DAB@B@DB@@@@@B@@BB@DB@@B@@@@ABC@A@@@@B@@@@@B@@DBFBB@F@F@B@@@HBBAF@B@BAB@B@B@B@@A@@B@B@@@JAF@BAB@@@B@B@@@BB@B@BBD@@@@B@BAB@@AB@BAB@@@B@@@B@@@BA@@DAHAB@D@BAB@@@DDD@@AB@B@BBB@@@BB@@B@BBB@@@@BA@AB@BB@D@B@@BB@@@@BBAB@BAB@@AB@@BBB@@@B@BBB@@@@CD@BAB@BB@@B@@@B@B@@@BA@A@@@@D@BBB@DB@@B@B@@@B@@@B@@F@@@BBB@B@DBB@B@BBD@BBBBB@DBB@FFBB@B@@@DAD@@@BB@BBBDBB@@D@BAB@@@BABCDCD@@A@ABA@@HED@D@@@B@B@B@@@@C@@@@BA@@CA@@@@@AB@@@B@BBB@BAB@BA@@@@AA@@@A@CBEBAB@BBHDBBBBDF@@@B@@@BDDBB@BBB@BBB@@@BBB@BB@@@AD@@BBBB@DBBBB@@@DBD@BBBBD@B@@ADA@CDABABA@@@@B@@@B@@@@ADA@@BBB@BB@@B@@B@D@@@BAB@@A@@BABBB@F@BBB@BBB@@@@B@B@@D@BBF@BB@@B@@BA@@B@D@@@DBD@@AB@@@BABAD@@BB@BAD@B@@@@@B@B@@@@FDBBD@DBBBB@@@BA@@H@@@@@@BB@@BB@@@@BB@@BB@@@@@BA@@BAB@B@@@D@D@@@BB@@@F@B@@DB@B@D@@@B@D@@CBAB@@BBD@@@@B@@@@DBDBBBBB@@BBD@BB@AD@B@BBB@@AB@B@B@@BB@@B@@BBB@@@BBB@@@BB@@DA@DBB@DB@DFDB@@BBHB@@B@D@B@B@DBDBB@BAB@DBH@B@D@B@B@B@B@B@@ABABA@A@@AAA@C@CAGAEA@@@@AAAAAEACAAAA@@BC@A@@@@BAB@BAB@@@B@B@F@@ABA@@@E@@AA@@BA@ABABABCBAA@A@B@BA@A@A@A@@CA@@@AB@B@D@B@AABA@@@AB@@B@@A@@BDAB@B@@@@B@@BB@@BA@AB@B@BB@@@A@@J@@AHB@AE@@@@A@@CABAB@@@@@B@@ADC@@A@@A@@ABAAA@@@@ABAHB@AB@BB@@BC@B@AD@@@B@AB@@@@JDBB@BCB@D@@FDBDB@DBB@B@F@DAHDB@@@B@A@B@@@@@@@DB@@@CB@D@@A@@@@B@D@@@@@@A@@DBTB"],"encodeOffsets":[[118058,41423]]}},{"type":"Feature","id":"130733","properties":{"name":"崇礼区","cp":[115.281652,40.971302],"childNum":1},"geometry":{"type":"Polygon","coordinates":["@@A@@A@@@E@@@AA@@AA@A@@AE@IAA@@ACAI@SACACAK@EAE@CAC@CAC@E@AAAAAAA@A@CA@AAA@AAA@@CAGEEGEECGACAE@GBEFEDGDCDEJOBCJSBE@K@EBGFCDAHEBEDM@EAGEEEIIOGOCIEEEGCGCIEG@EAC@OFCBAJGBA@ADG@CAG@CACOUB@CE@CAGCGAEAEBOAG@I@EAEAECCAC@ECG@CAGCEAC@EBQBEBEB@B@B@BBB@BBBBDBD@B@B@BBB@BA@@HEDCBAB@B@@@BA@@BAB@F@@@B@@ABA@A@@AA@@@AAC@A@@@@F@B@B@@A@@BABA@@B@AAA@A@AA@AA@@@A@@@AA@AAA@C@@AA@@C@@@BCBCDC@@DGBC@A@@@A@@CA@@AA@EAA@@@A@CAA@ABA@@@A@A@AA@@A@@@A@@AAA@C@@AAA@@AA@@A@@@ACCAECECKIGEICGCIEGEKEIEIKCEEKCEAGAC@KAWCICGCE@GCI@C@GEO@E@GCBA@A@A@C@A@AAA@A@AAAAAAGACAC@C@CACAAA@@C@E@@@A@@ACCA@A@A@E@AAA@@E@@@@MAA@E@C@A@CBGBA@ABCDABAB@B@@A@A@@@@@@B@BA@@BE@ABGHA@@@AAA@@@A@C@ABCB@@C@@@CB@@ABA@@@AAE@@A@@@A@@@@A@E@EAC@ABC@ABC@@@CBA@E@A@C@@B@@AD@B@@ABC@ABABA@C@CBA@ABA@C@A@GAABCBA@@@ABABA@@BE@A@ABAB@@A@@@A@AAAAKKA@@AC@AC@@CAC@GAC@CAA@AA@BC@CB@B@@A@A@A@CCA@ECA@AA@ACBC@C@ABEBABM@E@C@CAA@@@@@A@A@A@ADA@@@A@C@C@@@CB@@GBC@GBA@C@AAA@A@A@A@ABA@E@@@AA@AA@C@C@AAA@A@C@AB@@ABABABC@EDCDA@@B@DBB@D@@@@EBEAC@C@CBEBABABA@@B@@C@A@@@EBCBEBC@EBA@@@@F@@@@CD@@@DA@ABABA@@DA@ADC@ABA@EC@@ABC@@B@ACAAAC@AA@@@@@AAC@AA@AAAAAA@@IEA@E@C@@AA@CCA@EAI@A@I@C@@@CAAAGAC@CAA@CAIBEAA@A@CBA@ABCBAB@@A@CBA@@@BDA@A@A@CB@@CD@@ABAAE@@BADA@@@C@@BCBA@A@CAGAA@@@@AA@CB@@A@@@A@@@@@GCABI@AA@@@AAA@ACE@@A@CAA@C@C@C@QHCBABA@EDC@A@ABABEBA@CDGBA@ABABA@CA@@A@@@A@C@AD@BC@CB@D@@@@@B@@AD@B@B@@BD@B@@FFBD@B@D@DBBBB@@@@CAA@ABEBIBCBCB@@@BABC@GDEBABA@AA@@A@@@C@ABA@@B@B@BBB@@@BA@AB@@@B@B@B@@@BA@ABABA@@A@AA@EFA@@BCDAD@@A@@@C@A@C@@BEB@BABAB@B@BD@@BB@@B@@@B@B@BB@@B@B@@@@CD@BABABCBA@@B@@@@BD@@@@AB@@@D@BA@@BC@AB@BA@CBC@CBC@ABA@A@@@C@A@A@A@A@A@@@@@ABA@@@AA@@EDC@@@ABA@@@A@@AA@C@ABA@@DAD@@@B@@@BABA@AB@@ABA@CBAB@BAB@@AB@DCB@BADA@@B@@CD@@AD@DAB@BAB@@ABEH@@AB@@AD@DBB@B@BB@@B@BABAB@@BBBADC@@@@B@@D@@@BBB@@@BBBB@DDB@BBFA@B@@B@DBFB@@B@DC@ABA@@DD@@BB@BB@B@B@@@@B@B@D@@@B@BAB@@@B@@A@A@CBA@CBE@@BABCDA@A@@BE@A@C@C@A@CBA@@BCBC@ABEFCBABA@AB@B@BAB@BAB@B@BAD@@@BAB@@BB@@@DAD@D@F@DABAFAD@@@BDFB@B@BBBBDB@BBBDBBBD@DBB@@B@@@BBB@@B@B@BAB@@@B@@DBB@BD@L@B@DBD@BAB@@@BABADAF@FAD@B@B@B@DDDBBBB@B@HBHBBBF@D@H@F@F@F@@A@@@A@@BAB@@@B@PA@AB@BAB@@@@@FBBBB@B@BAB@@@BAB@@@@H@D@@@BB@@BD@FBB@B@BABHB@BBD@B@@@@@@AB@DCBAFCDABAFAB@BAFABA@AB@B@B@B@@@BAB@@@B@B@B@@@@B@@AB@B@@@BLF@D@@AB@BFBBB@B@@@@@B@B@@@@DDB@B@@@B@@@DDBBBB@@@@ABAB@@@B@BB@BBB@DBH@BB@BA@@B@D@B@DBH@@BF@@@B@B@DBF@H@F@DBB@DBBBBDBHF@@FFHFFD@@DDDFBD@BBDBBBJBHDBB@BBFBHDD@VHLFHHZdPXFHLJLJAFEJKDKBMASEK@IFCJNRJJPNNLLJHJFJHFLFLAHEJAPCJ@RDJDLHHJJJHBJ@HCHCJIHGLMLGJINCD@HAJDPFPDNDPHLFTFPARCPCN@RBHANAPBPBPFFFHFJBF@LAJEFEFI@O@GHCHCLBNBLHNLJDJBNAR@PCJBNBJFFBXDJFHD@HDHHHHJFDDADAB@@@B@BBB@BB@B@D@@@BBBD@BBBB@@B@ABC@@@A@@B@@ABBDAB@@@@BDB@@BBBBB@@B@@@B@B@FB@@B@@@D@B@FAD@DAD@DADD@@BBB@@@@B@@@@BD@@@@B@@AB@BABADADA@@B@@ABADAB@@CB@BAB@D@DB@@B@@ADA@@BABAB@BBB@BBBBB@B@@@B@@B@B@@@@B@D@D@D@DBB@F@B@BBD@BBBB@@B@BAB@@A@A@A@A@@@A@@A@A@AAAAA@@A@C@A@C@A@@DCBA@@@A@@DABABA@ADCDA@AHAB@B@@AB@@AD@DBB@B@BAB@@A"],"encodeOffsets":[[118347,42250]]}},{"type":"Feature","id":"130732","properties":{"name":"赤城县","cp":[115.832708,40.912081],"childNum":1},"geometry":{"type":"Polygon","coordinates":["@@RCL@NANCJELKLAJ@NANAN@`BPALGPEJEBABAB@B@@@BA@@B@@@B@@A@@BAB@@AB@B@BAB@@@B@@@BA@@@ABABADA@@BA@ABAB@@AB@@@@A@@@C@C@@@AB@@@BAB@F@B@B@@@B@@@BABABADA@@BA@@@A@@@@@ABA@@@@@AB@B@BA@@@@@@B@@AA@@A@A@@BA@A@@BA@@B@@@B@B@BAD@B@BAB@@@B@@@@@@@@@@@@@@AA@AAA@@@AA@@@A@@@A@AA@@A@AA@@A@@@@@A@@@A@@BA@@@@@A@A@@BA@@@A@@@@@A@@A@@AA@A@@AA@AA@@CA@@A@A@@@A@@A@@AA@@@C@A@A@@@A@A@@@AA@AAA@A@A@AAAGBK@IFIBIDG@IFKDGNUFKROHGHGDEFEBA@MEEKOECEI@C@KDGHEHEH@F@JAFG@EAEBMCMGICEIKDEBEDGPMJCHAHEHCBAB@B@BA@@BAD@@A@@B@@AA@@A@A@AB@@CB@BAD@BA@@BA@AB@@AB@B@@@@A@@@A@A@@@A@@@A@AAA@@@A@@@A@@@AB@@@BAB@BADC@@BA@@@C@A@@@@BA@@BAB@B@BAB@B@@ABA@@BA@A@@@A@@@@@@BABA@AB@@A@@@@@@A@@@AAA@A@@@A@@@AAA@@AA@@@A@AA@@A@AA@@A@@@AA@AA@@@AAACAAAA@@AA@@A@@AA@@A@@@AAA@@@@@AA@@A@@A@@@A@@@A@AAA@A@@@@@@@AAAC@A@@@@@@@@@A@@@@BCBA@@@A@@@A@@@@B@@A@@B@B@@@B@B@@@@A@@BA@@BA@A@@@@@@@A@@@A@A@@@@@A@@@@@A@@@@@A@@B@@A@@@@DAHGDCFGBEBMAIDCFEFCHCNAh@J@HADEFE@GDKBIJIFCNKFELI@A@@@@@A@AA@A@@@AA@@AEAAA@A@A@A@CBA@EAAA@@AA@@AAA@C@CA@ACCAA@AAC@AAAA@CC@@@A@@@A@C@C@@BC@A@CAE@A@CFCDAB@DC@@@A@A@@DA@A@@@ABAB@B@BA@A@@BAB@BAB@@AB@BADCD@BAD@@A@AB@@@DA@@DC@A@CB@@AFEDAB@DA@@BABABC@AF@@ABA@AB@D@DAD@BAB@@@@C@A@@BEBABAB@B@@@DCDCB@@ABA@@BA@A@@BC@ABABCB@@CBE@A@A@@BADCB@FAB@BA@@BA@ADABABADA@@F@B@FAD@BABBB@BAD@@@BA@@@G@@@@DA@@BA@A@CAA@@@ABABAB@FABABADABA@@BA@@AA@A@@DA@@F@B@@@B@@ABAB@@A@E@A@@@ADA@A@A@@@C@CAA@@BABC@AB@BA@A@ABAB@AC@AA@AAAAA@@@EAA@AAAAAAA@A@ABC@EBABA@A@C@A@AAAAA@A@CBE@A@EAE@ABA@@@ABC@A@C@A@@B@@@DAB@B@@AB@D@B@@ABA@EBA@AB@@AAAAA@A@A@A@@BCAA@AACBA@C@@@ACA@A@ECA@C@@@A@AA@@@AC@AAG@G@A@@@CAA@CBA@@@A@EBAAAAA@GAA@A@@@ABEBA@CBA@A@C@@AA@@BA@E@C@A@@@C@ABA@A@AAA@GAA@@BA@A@@AA@@@A@@@A@A@@AA@A@AA@AA@AC@@CCAA@A@ABA@@@C@@@ABABA@A@C@AAAA@ABA@@BABABA@ABE@A@A@CDA@AB@@AB@@@BABA@AD@@A@A@@@AA@@A@@@A@CBA@A@AAA@CA@AABABA@A@@@@B@@@B@B@@ABABAB@BA@@B@B@D@@@B@@@B@@@B@@CBA@ABAB@BA@@B@B@@@@C@@@A@@@@@@B@BA@@BC@@B@B@@@@A@A@A@@BABA@@@ABC@EB@@@@AAACAAA@C@AAACA@GC@@B@@A@C@E@CA@@AAACAAABCA@@A@@@A@A@A@@AC@AFABA@A@@@@CAECA@AAA@CAAA@@AA@CA@AA@E@A@A@@@AAAA@AAAAC@AAABCBCCC@A@A@@@@A@A@@@A@@@AB@@A@A@A@@CAAA@A@@CAAACA@@EA@@AA@@A@A@@AAC@AAAECAA@@AA@@@A@@BA@@@@AAGA@@@@@A@A@@AA@@CC@@@A@AAA@AAA@A@AAAAA@@CA@AAA@@@@DC@C@E@@@CAAAA@A@A@@@AACA@@@AA@A@@AAB@@@AC@EACACAC@@@E@@@AA@A@A@@@C@IBA@A@A@@@A@EBCBA@A@@BA@@@C@A@CBA@@@@@A@A@AA@@@AA@AAB@@A@@@@@@A@@AAACECCA@@AACA@A@@@A@CA@@CCA@@AC@AAC@@@AA@AA@BA@A@CBC@ABABABADABCB@BA@ABABAAA@@CAA@CAC@C@A@A@C@C@A@C@A@A@A@@BA@@B@B@@@@A@@@A@CACAC@A@CAAA@@ACA@AAC@ECAAC@AA@@AA@@AA@@@@@A@AAA@A@CA@@AEAA@E@A@C@A@@AA@AAAAA@C@IAA@AAA@@AC@@@ACA@A@AAC@EAA@A@ABA@@AA@AA@@AAAA@BA@@@@BA@BBBB@@@B@@@D@B@@@BA@@B@@A@@@@A@@AA@@A@@D@@@@A@@A@AA@@@@@A@AAEEA@@@CA@@@@AAB@BA@A@@CA@AAAA@ACAA@@AA@@@A@@A@A@AA@AA@AA@A@@@A@AA@CBE@C@A@@A@@@A@A@@@AAAA@@@ABA@A@AA@@E@A@C@AAA@A@AB@BAF@BA@AB@B@BA@AB@BAB@F@B@BAB@B@BCD@B@@@B@@A@@@CAC@A@A@@BDB@B@@BBAB@@@@EBAB@@A@C@@@A@@@EBABC@C@@@A@AAA@@@EDA@A@ABC@A@C@@@CB@@ABA@A@C@A@CAA@@@ABA@A@@@@@ABA@ABABC@ABC@KA@@A@ABAAAA@@@A@AA@AAA@CCAAAA@@AAA@CAAAA@@A@A@@AAAAAA@@@AAA@AAACAAA@@ABC@A@@AA@@@G@ABA@AA@@A@A@EBA@@@AEA@AAA@EAE@A@@@AAA@C@GBEDCCA@GAA@CAIA@@C@CA@@ACAA@A@A@CAA@AAE@AA@@A@A@C@@CE@@@@@ABC@@@CAC@AAA@@C@ECA@C@A@EBA@CB@@EAC@A@A@EF@@A@C@C@CAEAAAECAACACAAA@CAAAA@@C@@@C@ACAAAAA@@AA@@C@@AAEACA@@CBABA@@ACAAA@AB@@ABABA@A@C@@@@C@@@ACCAAAAA@ACC@CA@ACAA@A@A@AAAAAC@C@@@ABABC@@BAB@@ABE@@@ABAB@B@DAB@@@B@B@@ABAB@@@BABAD@@DNFJDJBPBLBNATCHGDIFO@K@KAIGIIEICIEEGAE@GB@@@@@B@@@@ADAB@@BB@D@@@B@@AFCDA@@AA@@A@@A@A@@@@A@@@@A@A@@@A@@@CBA@A@E@@BA@A@A@@@ABA@@@CB@@CBCBA@A@ABCAAB@AA@@A@@@AAA@@@ABA@@@A@ABAA@@A@@@A@@AA@AAA@A@AAAGAGAGBGDEDGDG@OCKEG@E@GFODQBMBQDODO@A@@@@BA@AB@@@@A@@@A@A@A@A@A@A@@@@@A@@BA@@@@@@AA@@@@@A@A@A@A@@@@@@@A@@B@@@@A@@BA@@@@@A@@@A@@DA@A@ABABAB@@@BDD@B@D@B@B@BAD@@AB@BABAB@BA@A@IDEDABCBAB@B@@D@BB@@BDBDBBBB@B@@@@AD@@@BBDBD@BB@BBBB@@@B@BBD@DBD@@B@@@LFDDBB@B@@CH@B@B@@@@BBFBBBB@B@F@BB@@@@@B@BAB@D@@ABAB@@@B@BCB@@@@BBBBB@@B@@@@DBBBB@@B@@A@A@A@@B@@@B@B@B@@BB@@B@@B@@@B@B@@A@@@A@AAA@A@@B@@A@@D@@EDCDCBABAB@@CBA@A@@@A@E@@@CBA@A@CBBB@B@@@BAB@B@B@B@@BBBBB@@B@@AB@@@@ABE@@BABA@@@A@ABABABBB@B@B@BAB@@@BB@BB@B@@@B@B@@B@@D@BBB@BAD@@@@FF@B@@BB@F@BAD@B@@@BCB@BABA@ABA@CBABAB@@G@C@ABCB@BC@@@CBA@@BC@A@C@EDCBA@CD@BA@@D@BA@CBCBCBABABC@A@@BA@@H@D@B@@BB@BBD@@HDB@@@BBAB@BBD@@BBDF@BBFBDBB@B@@@BCBA@ABCHAB@@A@A@A@CAG@A@C@CAIB@H@FFP@H@DDJ@HDFDHDJBX@LBDBHDFFLDFJLJFLFHFJFHDJDHFLJFDFDDBBD@@B@@@BB@@BB@BD@B@BB@@@B@@@BB@@B@B@B@@AB@BBB@D@B@@BB@FBB@@DB@@@B@@@BADCH@@CDADAD@@D@@@BB@@@DBB@BBB@@B@@@B@@BBBB@B@BBA@@@ABAB@@@BA@A@E@@@@@@BBD@B@@BB@@@BAB@BA@@@E@A@AB@@AB@@A@A@ABCDGF@@ABA@AAA@A@C@CAAAAAA@AAA@A@A@AFAFAR@FBDDFBH@DDH@FBDDDBFBF@F@JBHAPBFBFDHBH@DDFA@PVBD@DBH@DCH@BABIHABED@PBD@FFHDJDHFHFFDJHPJPFJFFBH@FCNAFGFCBEDAH@F@LAFITADIPCFCDCHEFAF@HBFBDDHFFFHHFDB@@BB@BBB@BDBB@B@BBBBBBF@D@DBD@DBF@FBL@DBDBTBJ@DB@BB@JBF@@BB@B@@BB@@B@@@F@@@BB@B@FBBDB@@@DB@@@B@DB@B@DBBBBDHPJNHFFHFHHHRNHDDBHDJDHBFBFBJBLBF@H@NFLFDBDDBDDHBDDLDFDJDDFDFFPLTJF@L@@B@@DB@BB@@DB@BBB@FAB@BBBAB@B@B@D@@@DAH@DCB@B@FBB@BABC@AB@@ABABCB@@ABA@@BADAFAB@FA@@@@@A@CBA@ABCBABABAB@B@B@JEBABC@A@AB@@ABABABAB@@@B@B@DADADBBAB@@ADABA@@BE@C@AB@@A@A@C@@BADCB@@A@A@@AC@A@C@AB@DABA@@@A@AD@BA@@@AFE@@@ABABAHA@C@A@A@ABC@@DE@@@C@A@ABABC@@BAHCB@BAD@@@D@@@FF@BD@DB@@F@D@DAFAB@D@D@HCB@D@D@BADADAB@@@B@@AAABABA@CD@DAFCBA@ABAFAFAAC@C@ABABCBA@A@@BA@@BAAABC@A@@DAD@B@@@BA@ADA@ABCBCBA@@BB@@J@@BF@@@B@F@FAB@@@B@BBBBHFB@@@@D@@BB@@B@D@FAFAB@B@B@@@L@D@DA@@@@BAB@B@D@B@@@BBBBB@@BBD@BBB@BB@BB@@@@@B@B@BA@ABADC@@@@@@B@@ABA@A@ADCB@BAB@BA@P@BB@B@D@F@DBB@BB@@BB@@D@BBBDB@@BB@BBB@B@@@D@@AB@B@B@@BB@@BB@@AB@BAJ@@BBBBBB@B@D@D@B@BBDBBL@B@@@BA@@B@F@B@DB@@B@@@@A@ADA@ADAB@B@B@B@B@B@@@@B@D@@@BBBHFB@@BBBFDB@@BB@BBDDFDFFDF@@BD@@@@AF@BAD@@@D@B@BB@DDDB@B@BBBBB@BBB@B@B@@@D@BABA@@@BDBB@DBB@BBBDD@B@BB@BDBB@B@D@BA@@@AB@B@@AB@BA@@BB@BBBDB@B@BBDBBBB@@B@@BBBDBB@@HBB@BABDBB"],"encodeOffsets":[[118834,42384]]}}],"UTF8Encoding":true}