{"type":"FeatureCollection","features":[{"type":"Feature","id":"533321","properties":{"name":"泸水县","cp":[98.854063,25.851142],"childNum":1},"geometry":{"type":"Polygon","coordinates":["@@@ABA@A@ABC@C@CACAC@EAABA@ABAB@BADADCBABCBABE@ABC@ABABCBABCDABA@A@A@AACCECGEICGAEAA@E@C@C@CDC@C@A@E@G@E@E@CAE@A@C@ABABABCDA@A@A@A@CAA@E@E@IBC@CAAAAACEAAA@A@A@A@AAA@C@ABABABEBC@C@E@E@G@EAC@C@C@EBE@CBCBCBE@C@C@E@CCCAC@@AACCAE@C@ABA@@BAD@FCDAFCDADCDAB@BABAB@@A@@@AAAAC@A@AB@@ABABC@A@A@@AACAAACAACAC@C@E@C@ABA@ABA@C@C@E@C@C@E@AAAAAAAAAAA@A@A@A@CAC@CACAA@C@ADEBEBCBABAB@B@@A@A@A@C@EAEAEAE@ABABABAB@@CBAAA@A@C@EACACCCCCAA@A@A@AB@@@H@DBBA@@BA@A@C@E@A@ACAAAOKAA@@@A@A@CAAA@AAA@A@AAA@AA@AACAAACAGAEBE@ABAB@DC@A@@@AAAACCA@A@@BA@ABA@A@A@@AE@EAE@AAAA@C@ACAG@C@C@C@A@ABABA@A@ABABA@A@A@AAC@E@A@@@@@A@@@ABA@@@A@@@@@A@@@@@A@@@@@@@AB@@@@@BA@@B@@AB@B@@@@@@@@A@@B@@A@@@AB@@@@A@@B@@A@@@@@@@A@@@AA@B@@A@@A@@@@A@@@@@@@A@@B@@@@A@@A@@A@@@@BA@@@A@@@A@@@@@@@A@@@@@A@@@@@@@A@@@@@@@A@@@@@A@@@@@@@@@@@A@@B@@@@@@@@A@@@A@@@A@@@@@A@@A@@A@@AAAAC@AAAAAAAA@A@A@@BC@A@ABCBC@A@CBE@E@E@EBE@E@A@CBC@CBC@@AI@E@A@@B@B@DBDB@@DBH@DAFAHED@JBdNFDBBB@BABA@@FEFI@AB@BCDEBEFIBEDEDEDEBCDEBEBCBCBEBCBC@CBE@CBC@ABCBE@CBC@C@C@C@C@ABCDEBEDCBCBABEBE@A@CBCDE@CBCBCBC@CDCBCBCBCBA@EBEBEBEBCBCDE@ABEBEBE@CBCBCBEBEBEDEBCBC@ABCDC@ABAAAAAAAC@CDA@ABA@CAE@C@EBE@C@E@CB@@C@Q@C@EAQEKCCAA@GCC@EJGTCLAH@BBDDBFDBB@BBB@@ABA@@BABA@C@EBEBE@E@A@CACAA@AAABABCDEBGDA@GACA@CAEBGDEBG@G@GCECAECAAAAAAAA@@@AB@B@B@@@@@B@BABABADCBCBE@CBEBADCBCFCFCDADADABABABE@CBEBCBC@C@AAAA@A@EBC@C@C@E@C@ABEBABC@@@AA@A@A@CAC@CACAAAAAAC@C@C@C@A@EACAEAC@AACAC@EBC@CBGBEBEBEBEBCBCDCDC@C@CAA@AD@DABCDCDCDEBCDCBC@ABAB@DCBABC@AAAC@AC@AAC@A@ABCB@@CDCBCBE@C@CBC@CBA@ADADAB@B@D@DBB@F@B@D@BADA@ADA@ABCACAC@CCC@CAC@E@E@C@C@G@C@C@C@C@AAAA@CAAACAA@GAE@GBCB@FABCBEBC@CBCBA@ADAB@BAD@BAD@F@BAH@ACAEACACCCCCCACAAA@@C@@ABE@CBGDE@A@C@CACCKCAAA@I@I@EBCD@F@BABABCAG@I@E@E@ABCDAD@FCBCBA@C@E@C@C@E@C@CAAACA@ACC@CAA@CDEBA@E@AAEAAA@CBA@A@ABAAABA@ABCDCBCD@DABAB@FCDCFCBC@A@C@CACAAACAAAA@AECCCAA@A@CBADEBC@E@CACEIAEA@A@C@E@AA@CAC@G@EBA@ABA@A@@@AA@A@ABA@ABA@CAE@GDG@C@C@E@E@CBC@EBEBCBC@GBC@CBG@I@C@GACACCGECACAIAC@EBGBA@EBE@CBC@CBAB@D@D@@@J@B@BA@@@A@A@C@C@CDCDAFCFAF@FBFBHBFBHBHBFBFBF@FBDDJDFBHBHADADCDCDEDADBD@FBHALAD@FDDBDBBBDDFBDBDBD@FBB@FAFCBCDABCDCDABAFADEBABCBCBAB@D@DBBDDDDBDDB@D@D@DAFAD@DABBFCDABCBCBCBABC@CBCB@B@BBDBD@F@DABAB@DBDBFBDDFBD@BDFCBCBEBA@C@C@CBADCBCBABCDCBABAD@DAD@BADADADAD@DCBABAB@DBBBDDBB@FBBB@B@DBBDBDB@DBD@FBDBD@BBDBD@BADABCBABCDABAB@DAB@DAD@DABADC@ABCBC@C@A@AFAD@FDD@DBFAF@FAFAFADABADBDBD@DCFCDCFCDCDCDCB@BAFAFAF@D@F@HCDAFCDADCBEDEDCDCDAFCDADCFEDA@E@CBA@A@EBCB@FAD@B@DADEDEBE@C@CAGAC@G@E@C@EAA@@D@F@FAF@DAF@DCDADADBBBF@BAD@BAD@BBB@B@B@@ABA@AB@@@D@D@B@@B@B@BB@@@B@BA@@BA@ABA@@@A@@BAB@B@BAD@DAB@BAB@DBF@D@F@D@DAD@B@D@DBD@DBBAB@DABADADCFADCFAD@B@@CACAGBAAE@@@A@@@BB@DBB@D@D@@@BD@DBBBBDAB@B@BAD@@@@A@@B@J@BAB@@@@CDADADAHABAD@DAD@DAD@@@@@D@B@BDDDBDDB@BFBDBD@D@BADAF@BD@BBDADADABADADABADCBADCBADBB@BBDBBBDBBB@BDDDBD@DBD@BBBBBDBDD@BBD@D@FADAF@F@FAB@DADAD@BABADCBABA@CBABA@C@CBABCBABA@CBC@A@CAA@AACACAAACA@AAAAAA@AAE@A@C@CBCBCBC@ADAB@D@B@DB@BBBBBBDBBBBD@B@DBB@BBB@BBBBBBBDD@BBBDBDBDB@BBBBBBB@D@BAD@B@@@@DBB@BDBBBFBB@DDDBBDDBBDDBBB@B@BAB@D@D@BABAD@BABABC@A@ABABABAB@DBD@D@BBDBBBBBBD@D@D@F@DBD@BBBDDDBDBD@FBFBDBF@FBF@DAD@BABABCBCDADCDAD@DADBD@B@D@DADADADCDCDCDADAB@DAD@B@DABA@ABABADCBAD@@A@CBA@ABC@A@@AAACCCEAAA@@@A@ABCBABC@CBEBC@CBC@@B@@@B@BBHBDBDBDBB@DBDBD@DBB@D@D@DAFABADAD@D@B@BBD@BBDBBDFDDBDBB@D@BA@ABAB@BAD@DAD@D@D@@B@BA@@B@@BB@DBDDDBFDDDFBDDBBDBDDD@BDBB@DBBBBBBBBBDBBBB@BD@BBD@BBBDBB@BBBDBBBBBDDB@BB@BBBAB@DADAB@DABAB@B@B@@AD@B@D@BBD@BBD@D@B@BBBBBDBBBD@DBB@DBBD@BBD@B@D@D@B@DAD@D@BBB@BBBD@BB@B@B@BAB@BAB@B@D@BBB@BB@BBBBBB@BBDAB@@@BABA@ADABCBCB@BAB@BAB@BBB@BBBBBBDBDBD@B@D@BAD@F@B@DBDBDBDDDBD@B@D@BAD@D@D@DBDBB@DBDDDBB@DBDAD@F@BADABABCDAB@DAB@B@@@D@@BA@@B@@@BB@@BBBBB@HBD@BDHD@@DBB@D@B@@BBB@BBD@BBBBBB@D@FBD@@AB@@ABCBE@CBC@ABABABA@@B@F@DBDBF@F@D@FBB@D@DAD@DADABAD@DAF@DADADAD@FCBAD@BABAB@D@D@B@D@BBBBB@D@DCHCNEPEF@HBJ@FAH@B@BA@A@A@CBAB@D@@ABABCAC@CACAAAAACAAAEAC@C@C@@@A@@@@@ABA@@B@@AB@BA@C@@@A@@BA@@B@DBLD@@DFDDDDDDBB@@BDDBFBDB@@F@@@FBDBD@@@B@DAD@B@H@B@FBDBB@@@B@BBF@@@B@B@BABABAD@FABBF@DB@@BBB@@@@@BBBABBDAF@D@FBLBDBBAB@D@D@B@B@@AB@@@"],"encodeOffsets":[[101380,27114]]}},{"type":"Feature","id":"533323","properties":{"name":"福贡县","cp":[98.867413,26.902738],"childNum":1},"geometry":{"type":"Polygon","coordinates":["@@BABCBAB@B@B@BADCBCDEBCDCBABA@C@ADCBABA@AAA@C@C@C@A@CBCBABEBC@CAC@ABCBC@C@CAEAE@A@CBC@C@ACAACACACAEAEAEAEACCCAA@C@CBC@CBCDCDCDADAD@D@@CBAAEBEBCBCBCDCBA@C@E@EAE@CBE@E@AAEACACAAAABADAFBJ@D@@@B@DBDBBDBB@DB@B@BAFA@@DCD@DBDBDADCBABEDCDAFCDADBFBFBDBDBFBD@D@DAB@DADBB@BBBAB@BC@ABEDCBCBABABABEBC@EDG@EBE@C@E@C@E@EAC@E@C@EACA@AAA@A@A@CACACAA@A@AAAACCAAACBCAC@A@A@C@ABADCDA@ABA@AACAECEAA@C@CBE@EBEBEAEAEAC@C@ECEACAAACACCACAEACACACACC@C@EBCDABCACACECCAACAE@CBEBCBCD@FAD@DED@F@F@D@BA@E@CAECCAA@A@A@C@A@A@CBE@AAAACAAACAA@C@E@C@EBE@EAE@C@EDEBAAC@GCEAECE@AECCAAC@A@CBCBEDCBEDCBCDCDCDCBCDC@A@CCAACAA@C@@BAC@CCAAAAAAACAA@CACAA@CAE@C@C@AACACEAAAC@AA@A@E@C@E@CAEAC@A@ADCBCBABCDG@ABABCBABA@ABCBC@ABC@CBC@C@ABA@C@A@A@CBC@C@C@CBCBCBCBC@CBCBABCBA@AB@@CAA@CACAC@CAECCAC@A@C@C@CBA@CBC@AAA@AACAAAAACAC@AAC@C@C@A@C@CBEBA@EBCBCBC@ADCBCBABADEDA@AD@B@DBB@@@F@DBD@@@@A@@@@@A@@B@@CHEBCBCBABCBCDA@C@A@EBABEBE@CDIBCBABADCDADCBA@A@CBC@A@ABADABAB@@CBA@E@CBEAKACAACCAACC@A@C@GAEAAAAA@CAA@CCEAAAAAAA@E@AAG@AAC@A@@@ABABCBCBABAD@B@JAH@B@@A@@@A@CAAAEAE@AAAAACCCC@A@C@A@ABCBCDCBCFCFABABA@A@@AACAACCAAA@C@CACAC@C@A@CBEBEBABEBCDCBABA@C@ACCACCCAA@ABABCBABA@A@C@A@C@A@AB@BADABA@ABA@AAAACCCCGAG@CACAAACAAEACAAACCCAACAA@A@AB@BAB@DABABA@A@A@C@A@CBABC@C@A@AAAAAAAACAECC@CAABA@ABADABA@A@AAAAAAE@C@C@G@G@C@E@E@A@AACAC@C@C@C@C@E@EAAAA@A@A@ABCBCBA@CAA@CCA@A@A@@@A@@BCBA@C@C@C@E@A@A@ABA@CBABA@A@C@AAAAECACCCACAAAAAAA@A@A@@A@@BA@A@C@C@A@ABCAKAEAC@E@CBAAABAA@@@@A@AA@@CAE@AAEBC@ABABABA@A@@@E@AAA@@@A@CAEAA@G@A@C@CBA@@@C@CAEA@@E@@@CAEACAAC@@AACCCCCCCE@@KCCAA@@@AB@@@B@@@DABA@@BA@@@AB@B@@@@@B@@@D@DBDBFBBBDBBBBBD@DBDADAB@BC@A@AB@D@B@BABA@G@EBI@GAE@OFMFGDCDC@A@AAAAC@A@C@C@A@ABABC@ABEDC@CBCBCBE@CBC@ABCBCBC@CBC@A@EAC@E@E@CACAE@A@@@ABABAB@BAD@DAFAD@BA@@BC@EAC@A@AAAA@AAC@AAA@AA@C@A@CA@@GCACC@GAA@AAAA@@AA@@A@@@AB@BBBBBBBBB@D@B@BBB@D@B@B@B@F@B@BAB@B@B@BBD@DBF@BAD@B@D@D@F@D@FAD@B@BBDBDDDBBBBDBD@BBB@D@BBBBBB@BDFBDBBBFBDBF@DBDBDBD@DBD@D@B@B@DABADAD@B@DBBBB@BDB@B@B@DABADABADAB@DABABCDAB@BADAF@DAD@DAB@D@BABAB@DADCFAD@B@BBDBBBBDBBB@B@BABAD@BADBB@DBBDBBD@DBD@D@BA@@@ABA@C@CAA@C@C@ABA@ABA@CBABEBABA@A@@B@BABBD@DAB@DAB@B@BAD@B@DBB@DBDBBBD@BBD@DBDDBBDBD@B@B@DAB@DBBBBBDBBBBAD@F@D@F@D@B@D@BBBBB@DBB@B@D@D@B@D@DAFBD@B@D@FBD@DBBBD@D@D@BAD@BAFAB@DAD@BABA@ABABAB@BADAD@BADADABABADCBADCDEDCFCDAFCHAF@B@BBDBDBDD@BDBBBD@@BBBBDBBBDBBBBBD@BBB@BB@BBBBBBDBBBD@B@D@DAD@BAD@B@D@D@D@B@DABAD@B@B@B@B@D@BAD@B@D@D@DADBB@B@D@BA@ABCBABCDABAB@B@B@D@DBD@DBBAD@B@BABAD@D@D@BABA@ABABAB@BAB@BAD@D@D@D@BBB@BBD@BDFBF@BBD@DBF@DAB@DADCD@B@BA@CBA@A@A@@B@@@D@B@BB@BBBBBDDBBBDB@BBDB@BBD@FBJBD@FBDBB@BB@D@DBD@D@B@B@D@DBDBDBD@D@BABAB@DBD@DADABCBEBABCDCBCDCBAFADABCDCBCBABA@C@CAECCAE@AACBCBC@CBABCFABCBA@@D@B@D@D@BBD@BBF@DBDAB@DADABCD@B@D@D@D@D@BBBDDBB@DAD@DAFCFAF@D@D@DBBBBDBBB@BABADCD@DADBD@BBDABADAFADAD@B@D@F@D@DADAF@D@DAB@DCDADCBEDCD@DADAB@BBB@BD@B@@B@B@D@B@D@DBB@BDBBBB@B@F@BB@@BD@@BBFBD@F@D@B@FBD@@B@@@D@D@B@BABEDCB@B@@BBBBBBBDBB@BBB@BBDB@BBBAB@B@B@BB@D@BABABA@CBC@CDC@CDCDAB@BBB@DBD@B@B@D@B@F@B@BDBB@BBBBD@BABBBB@DBBDFBBDDDD@B@BADAD@D@BADBDBBBB@B@BBD@DBFBFBD@DBD@D@BABBDBD@D@DABCBCDCBCD@B@D@D@B@DBDDDB@ABABA@C@C@EBE@C@CBCBABAB@DCDABE@CBA@@BADADAD@DAFAB@FAB@D@B@@BBBBD@@B@B@D@DAF@F@DAD@BAD@D@DBB@D@D@D@BA@ABABE@ADCB@B@BABCBC@ADAB@B@D@B@D@BBBB@BBB@@B@BABAB@DAD@DBBBDBBB@BBB@FBFAD@B@@BDD@BAD@FBD@F@BCBABCDCBABAD@D@BABCBCBABAB@B@B@BCBCD@B@BBBBDBD@@BFDFBFBDBB@DABABCBAB@@BB@BD@FADAF@DAD@F@D@FBDBH@@@BBF@D@FAB@B@D@D@DCDAFAD@F@D@DAB@D@DAB@B@DAFADAD@BDDBFBDBF@F@DBB@B@@@DBB@@@BBF@D@B@F@DBB@DB@B@BD@D@BABABA@A@@@@@@B@@@B@DBB@@@FADADBFBD@DBB@DAB@B@@@@@F@FADBFAFADAD@H@FBFBHAH@B@HAFADCDC@AFCDADCDAFCDCDA@@"],"encodeOffsets":[[101265,28151]]}},{"type":"Feature","id":"533325","properties":{"name":"兰坪白族普米族自治县","cp":[99.421378,26.453839],"childNum":1},"geometry":{"type":"Polygon","coordinates":["@@BBB@BA@@DA@A@@BA@C@A@@DG@A@@@@B@@@@B@@B@BBB@B@B@B@D@B@BBB@B@D@FAB@@@B@@@B@@AB@BABBB@@@B@@@B@@AFAB@B@@@B@@AB@@@FAD@@@B@@ABAB@B@B@BA@@B@BAD@B@B@BAD@FAB@B@@BB@@@BAB@B@@@@B@B@@B@@B@@B@@@BA@@@@B@@@@@B@@B@@B@@BB@B@@@BBDBB@@BB@B@B@@@B@BDDBBBFBBBB@@BB@@BBBBBB@BD@DBBBDBBBDDBBBB@D@@@FBB@@@B@BBFDBBBDDDDDDDBD@B@D@BBDABADCDCDADAFADADAD@DAFAD@BADADABABCDAF@B@FBFDBVDH@DAB@DABAF@D@D@B@B@DCDABCB@B@D@BABABCBGBEDAFCBADCBEBABEBCDEDCDC@CDA@CBA@AAC@ABABCDCBGBEDGBGBCDCDCFEDABADGFEBCDC@ABABCACAC@A@ABABAD@BCBA@@@CACA@AA@ABABADADCFCBABC@A@AAAAACAAAAC@A@CBCBABCBAFCDCDADCBA@A@CBA@ABABABA@A@CACACAC@CAA@ABC@@BAB@B@DBFDBBB@BBFBJFJDBBDDD@RF@@FBFDDBB@B@BBBBABC@EBC@CBCBEBCBCBCDABADCD@@ADABAB@D@@BDB@BBF@D@D@DB@BBBBFBDBBBDBDBFBD@BBBBBBBBAB@BCDCDCB@@CBCBC@ABABA@@BABD@@DDFDHDFBFDFB@@B@@@B@B@BADADADCHEB@D@HBJBH@HBHBF@F@D@BABABCBA@ABE@CBC@EBC@EBCBA@ABAD@BADABCDABADABC@CBA@A@A@CBCDCBABEBABADCBCBABABAD@D@HBL@FBB@BAD@BADAB@BALEFEAGCG@IBC@@@A@@A@@@@A@@A@@AA@@@@A@A@@AA@@@@@A@@@AB@@@@@@AB@@A@@@@@AB@@A@@@@BA@@@@@A@C@@@AA@@@BA@@@A@@@A@@BA@A@@B@@A@@BA@A@@@A@@@A@@B@@AB@@AB@BABA@@@@@AB@B@B@@@B@DBD@B@BA@A@@AC@CCAACAAAA@AAC@CBC@AAAAAA@CACBE@CBCBA@ABCBAAAA@AAA@ABA@@BAFADAFAD@D@D@DBBBD@DBF@B@D@B@BABAA@AC@A@A@ABA@ABC@AAAA@AACAAAAA@AB@@AB@B@@A@@@AAA@CCCAAAC@A@E@CBCBGBEFIFIBCBC@C@@BCFSFODUFIFGFIBC@A@A@CAG@E@EBC@EBCBEFANELCD@D@BAB@BAD@BCFCDCFEHIHICACCGCGCECCC@AAA@AAC@A@A@C@A@ABA@EBC@A@AAA@@AA@AAA@C@A@G@EACACACACAAACECAA@@A@C@A@C@CAA@A@@@A@ABEBCDC@@@A@AA@@CACCAAA@A@@@A@A@A@AAAAAACCCCCCA@SGKCMEMEAAGEECEAA@EAA@_K@ACAECICCCAACAGAECAA@A@@@CBC@A@CAC@A@C@A@ABABABCDCDCBABABCBA@A@CBA@CBC@A@A@A@AAA@A@CBCBM@C@C@C@AACAA@CCCB@@A@@BA@ABCBC@C@CBC@CAC@C@@ACAAA@CAAA@AAA@A@ABA@AB@BAB@FCB@DADADABCBABABE@C@A@A@C@ABEBABABABABA@A@AAAAIACAEACAAACAC@CACA@@@AAC@A@CAA@@@@ADIA@@@A@@AA@G@A@GEACAECCCCGGAAAA@ECMCCOOCAA@CAI@GEAC@A@CAACAAA@AAC@CCAAACCA@CACAC@A@A@EC@ABABC@@@AAAGECCC@A@A@@@C@A@C@C@CBCDG@SAC@ABAD@BA@A@G@E@CAA@AAA@@CBA@C@AA@A@AACACAA@AAAA@AAC@AAA@@CAA@CCEAEACAA@A@AACAAAAACGEIAAA@C@A@AD@B@D@BA@@BA@E@CBABCBA@@@EAGC@BA@A@A@@AA@@AAAAC@A@AAC@C@C@AAAA@CAA@ACCGCCACAAACAA@A@CAA@EAA@C@AAC@A@CACBA@ABCBADADAFADALADADADABA@A@@@A@AAA@CAACCA@A@AAE@CAA@@A@AAA@A@A@CAC@AC@EBC@C@CAA@AAAAAACCAC@AA@A@@@ABUBGBE@A@AAA@AACCCAACCACC@AA@C@A@A@CBC@EBCBE@A@A@@A@A@AAGAC@AAAA@GCAAA@@ACEC@E@EAE@CACACEACCAEAEAEAAAACAGAE@@EEA@EAC@A@AAAAAACCAACCCCAEACCCAAA@GCGAICA@@A@ABABANQDEBECIBCBCHGTOR@PEFA@A@CAAACACCCCAC@C@C@CBA@ABCBABADABADABABE@CBE@ABA@ABAB@BC@CBCBABC@E@A@A@C@ABABCBCBCBA@CBABCBA@AB@BCBC@CAC@ECAAC@AC@AAAABA@C@E@C@E@A@A@AAAAA@@BCB@BAB@@QBCBA@AB@BDBD@D@HAB@@@B@@B@B@BBBBP@D@B@@AB@BA@A@A@A@C@E@Q@I@G@E@C@C@CBCBCBC@CBIBG@CBA@AA@@AA@@AA@AA@AA@BA@AB@@A@@@AA@@ACCAAACCAAC@AAA@AA@A@@CAG@@@A@@B@B@BBBDDDDBDBD@F@D@BBBAB@DA@ABABAB@BBFBFBF@F@D@B@B@BA@A@ABABADAFCF@B@DBBBD@DBD@D@B@B@BBBBBBBBBBB@B@F@D@D@F@D@DAB@BAB@B@D@F@DBDBDDBBBDBBB@@@B@BADAB@BA@@B@BBDBB@B@@@BA@ABABA@CBCDCBEDCBEDC@AB@@AB@B@DBFDDBB@@BDDD@D@F@D@DAFADAD@DAF@F@D@DBD@F@H@F@F@DADAFABAB@B@DBB@B@B@B@BBBFBBDBBBB@DAD@J@F@FBB@D@B@B@BCBADABAB@B@D@BBF@D@F@F@H@F@B@DCD@D@D@D@FBBBFDHFJDHDFBD@B@B@BABCBADABADAB@BAD@BAFABADABCDCBABA@AB@BABBB@FBDBD@D@DAD@B@BAB@B@B@BBBBBBBDBDBDDDBBFBB@B@D@BABAB@DAB@B@B@B@F@D@D@DABAD@@@B@@@B@BDB@DBB@DABADAD@B@B@BBBBB@F@F@D@D@D@DBDBD@B@B@F@F@D@H@H@D@DBFBBBB@B@BABCBAB@BABBB@DDDBFBDBBBBBB@B@B@DADAB@D@B@D@B@BABABCBA@ABA@@B@BBBBDDBDDBBDBFBBBBDBBBD@DBHDHDDBDBB@BAB@BABCBABA@@B@B@D@B@D@BABABADAB@BBBDDBDDD@B@DABABCDADAFABAFAF@D@B@DBDBD@D@DBBDBBDDBBB@@@BABABEBEDADCDADAD@B@B@D@BDDDDBBBB@BBFBFBB@D@B@@@BA@G@IBA@C@ABABADADAB@B@@@BBD@BBH@B@FBBBBBBFBDDB@DBB@BBBBBF@H@D@BDDBBDDBBBDBLAF@D@FAB@DA@ABCBAB@B@BAD@D@BABCDCBCDABABADCJ@DAFAFAB@F@B@DCBADADABADADGF@DA@@@@B@@@@@B@@C@CAE@@@A@CAA@C@@BCBCFABABADCD@BADADAD@FABAF@D@D@B@D@DBD@BBDBDBBBBBD@BBB@BAD@DAB@D@D@D@BBDDDBF@DBDBD@DBB@DA@@BABADABAD@DADADADAD@D@D@DAD@D@B@B@DAB@B@DAD@DAD@BADAD@BABABADAB@BCHADABADCD@B@BBDBF@D@F@D@F@BBBD@BBFBBDBD@B@D@DBF@DBBBD@DBBBDBBBBBBDDD@BAD@DAB@BADADCBAB@DADADA@@B@F@F@D@FBFD@@JDD@D@@@@AAAEECAAA@C@A@EAEA@@A@A@A@@A@@@@@ABA@@@CBE@A@C@A@@BA@A@A@ABA@@@A@@@@AA@@ACMAI@@@CB@@AB@BABA@ABABI@IBC@@@A@@@@D@@A@@B@@@@@@@B@@@B@@@@@B@@@B@BB@@B@@@B@@@B@@@BB@@@@BBB@@BB@BB@@@@BA@@@@BA@@@A@ABAB@@AD@DABALAF@B@@@B@DAFCFCB@D@D@FBLFDDD@F@PABAD@@BFDDBD@D@DBB@BB@@DBBBBDBDDDDB@@B@BBBBDDBBB@DABABADC@@FCBA@@BABABAB@@AD@DA@@@@BA@@B@@@BBB@B@@@B@B@@@B@B@@@B@B@@@BBFBDBDBD@B@B@FB@@B@"],"encodeOffsets":[[101527,27650]]}},{"type":"Feature","id":"533324","properties":{"name":"贡山独龙族怒族自治县","cp":[98.666141,27.738054],"childNum":1},"geometry":{"type":"Polygon","coordinates":["@@DBHBF@F@DAHAJ@J@@D@BDDBDDHDDFBFBJDHHHDHFBB@F@BCDADABADDD@BB@B@BBDB@@@@BB@@@BBB@@B@@B@@@@B@@BBA@@B@@@B@@@B@@@BBB@B@B@B@B@@@@@B@@@B@@@B@BA@@B@@ABB@@B@@@@@B@BAFCBABCFCFCDADBF@FDFBDDDBDHBHDDFDDFDDBB@F@DDBHDHFFBFBD@D@FBJDJDFBBAHAFAFAD@FBD@HDF@B@@@@@@@@@BAB@BADABAB@@@@@B@BAB@@@BCB@@AB@@@@@B@BA@@B@BB@@@AB@BA@@B@B@FCJC@@B@@@B@@@B@@@@A@@B@@@B@@@FAB@B@@@D@DA@@@@DFBBB@@B@@@B@B@B@B@@B@@@@B@@A@@@@@BB@@@B@@@@@B@@BB@@@@@@B@@B@@@BBB@BBB@@B@@BB@@B@@B@@B@@@B@@BB@@@@@@BB@@DDBBBB@BB@BB@@DD@BDB@BD@B@B@B@BBB@BBB@BBBBBBBB@@@B@@BB@@@@B@B@@@D@B@LAH@F@DBDBFDJDDDB@B@B@@A@A@AAC@CACBCAA@CACCCCEECCCAA@A@@BABABABCBC@CBCBEDEBE@C@A@AD@DAF@B@BA@A@AAA@C@C@EBC@C@C@E@CBE@EB@BAD@D@BABABC@C@CBAB@B@B@D@B@FBD@D@@AB@@@@A@A@EAK@A@CBABCDEBA@ABA@A@C@K@AB@RBH@D@DABABABEBC@CBCFGBE@EBC@A@@@A@@A@@@GFABA@A@C@@A@@CACA@A@EBABAB@B@BADAJ@F@B@BABA@@@A@EBABCBAD@F@F@F@D@BA@ABEBCBABCBADCBA@ABC@CAC@E@A@CB@B@D@BAB@@AAAACACACAE@C@C@CBGDE@A@E@EBABC@C@@@A@ABC@@AA@@@AAC@A@@@A@@@E@CAE@CACAC@AAC@C@C@CBC@C@C@C@E@C@AAECAAE@C@ABCBABABA@@@ACCAA@AAE@EAC@E@C@ADC@CBAACAC@C@C@ABEDCBA@CBC@C@A@E@CBCBADCBA@@BAD@B@BAB@BA@@AG@CBGB@@AAACCACAAAA@E@A@AB@BAB@@@BCBCDCBAFABCBCB@BCBCDCFAFAD@B@FDJHFJFDFBD@FABABADC@EAA@AAE@EAEAE@E@C@C@CDEDCFCDCDCDCBCBC@CAEAA@E@CBCBCBE@CAABCBABAFADCBCBC@CBC@E@EBCBC@CACACAAAECCECCACCGAEAE@EAEACCGACCCAA@ACAA@EBCBEBCBEBCBCFCDADCDADEBCDCDCBCDAB@F@DBF@DC@ADCDCFEDCFCFCFABCDCDABCBCDCDCBCBABABAD@BA@CBC@ABCDCDADC@C@C@CDCD@D@BABA@ACAACCCCCAC@AACCCACEECC@AAC@C@E@AAACAC@AACCCCCEAC@CAE@CACCACAAAAAAA@C@C@CDADAF@DADCBA@C@CAEAC@C@AD@B@DCDADABCBE@ABAB@DC@CBE@GBCBEBABCAAAACCCAACAC@E@CAEACACCCCEACAEAC@A@@@@CBCDEDCBCDCBED@BCDCDEBGBA@G@GBEAEAG@C@CBEBEBCAEBE@@@@@A@A@CBA@CAC@EACACBEB@@A@CAA@@@A@@@@@@@@BABABABC@C@@A@ACAA@CAE@A@C@E@AA@@A@CA@@A@A@CAE@E@CAEACAACC@CBEBCBA@A@CBC@A@CBC@E@C@EBCBCDC@C@A@A@EBC@E@AA@@G@CAEAC@E@C@CBE@CBEBC@B@@DDBBBDBF@B@D@D@B@BBAD@B@DAD@DADAFCDAF@B@D@D@D@DBDBDDDDDDB@BAF@DCDCBC@AAC@CAEBE@ABCDCDCDCFADAFCFADABCDABCBEBC@C@EACACCCCAC@E@C@EAAACCCAACAA@CD@@ABABCBCBEBEDEBE@CDC@A@A@GAE@C@CBCDABCAE@CACCAA@CBCBCA@CAC@AAC@A@CBABEHBD@F@DBHBFBDADEFCFADAJABCFAFCDEJ@DAFADAFCF@F@DCFADADCFABEDC@A@CAAAAAACBC@@AAC@EAA@C@CAAAAA@CAC@A@C@ABE@AAA@AE@C@EAA@CBCDCDCBC@CAE@E@A@A@ABBD@B@DABABABAAC@C@EBCBEBC@A@AAA@C@C@CBGAC@CBCDEBADADABCBAB@DABADCJABCBC@CDCBABCDABCDA@A@E@CACAE@@AAABAAA@CAA@A@CBCBABCBA@C@CAA@CAABA@@BABCDABCBA@C@CAA@E@CAAAAAACAAC@A@@AA@@@ACCBA@AB@BABC@A@A@C@AAC@AACAAAE@A@A@ADCBA@C@C@E@ABE@C@C@C@C@CAC@C@ABCAAACAC@A@C@CACGAG@C@C@EAC@CAEACCCACA@AACAEAC@AAACC@CACAE@ACCCCCCCAA@CCCACAECC@CACBE@E@CBEBCDCBE@CBCAC@CCCAAAEACBCBCBABCDCBCDEBGBCBABABBF@DBD@DAFADADEDADCDAFAD@FAF@D@D@B@FBBBDBD@D@D@D@D@D@D@DBF@BADCBCFAFCFAF@F@DAD@DCF@F@F@@@FBDBDDD@B@DABCDABABC@EAE@A@AB@BA@@BAD@DAD@D@F@F@DADADADCBADCB@@C@AAAAE@C@AACB@B@F@BBB@BADAD@B@BCBA@@B@B@BA@@BCBCBE@CBABCBADGDCDEBCBCBAB@@@DBD@DADAB@F@BAB@BCBCDEDC@C@AB@BBBBDBBBBDB@D@BA@AB@BABBBDBDBDBB@BB@B@D@@B@B@B@BADBD@BBDBDBB@@B@B@BAF@BADABABCBC@CBABABC@CBC@CBC@ABAB@B@DABABCBAD@BAD@DBBBB@B@B@@@DAD@B@BBFBDBB@FBB@BBFBBDD@FB@ABAB@BAB@D@DBD@D@D@BAB@BC@E@EAA@C@CBCBADCBCDABGDCBIFABCBEBEDGDC@ABAD@BCFABBD@DADADCHBBDBBBDDBBABABAD@BB@@BDBB@B@BB@D@D@BBBBB@BD@D@D@D@D@F@F@D@DDBB@B@DAD@D@DBBDDBDB@AB@BCDADAB@B@D@DBDA@@DCD@DCDADADAD@D@D@DADABCDCD@B@B@J@D@BA@ABC@C@E@CAC@A@C@EAEACBE@E@C@CBABABCBCDCBADABCBEF@D@BAD@B@BAB@BAD@BAD@D@D@D@D@D@D@BABADCD@B@D@D@BBDBBBBFBDB@BB@AB@@BD@D@DAD@DAD@BBBDBBDBBBH@DAFCFADAD@D@H@DAD@BABBDFFHJFFBDBBBBBD@DBD@D@D@BBFBD@BBB@B@BBBBDBD@DBFAF@D@BBF@D@B@DADCBCDABCBADCBAD@BBDBB@B@D@BCBABAB@DAFADCFCJAD@DA@HHDBFDBFBD@DD@DAD@DBBBBDBFDBD@DADAD@FBBDBD@DAD@FCHED@@BJ@F@HAH@D@D@N@BBBLLHDBBB@F@B@F@F@DBHDHBF@DABCBCAAFAFAHBDFDFFFDDDFFBF@FDBBFDDDHBJDJBLBFBBBBD@D@DADABABADADCBCBC@@B@BBD@B@BABABAB@BADBBABCBABCBCDCD@D@B@BBDAB@@CBABAB@D@D@HAFAJAFAHCFEFGFGDIFIDGFEFADCFAH@JBHBJDHBBBBDAD@BAD@DABCJGFCDA@@B@@B@D@B@DBFBLDPB@DBDADBBBFDBDFBBBFAH@F@FBJ@HDDBFFDHBFBDBDD@D@DABAB@BBB@B@BA@ABAFCHCBC@CBC@CCEACBC@CBCBEBC@CBC@@DADADABABADABA@ABABAHABABE@C@CBC@EAEAEACACCA@C@CBCBCBCD@FAD@DCBEDEDGDEFEBAB@D@FAF@HCFA@AAC@C@CDEBCDIDEDEDADCBC@EBEBCBEDADADA@A@C@CCACCCCEA@CBABAJADCBC@C@GAEBE@G@EAICICICKAK@CBCDABAFAH@BADEBEHGBC@CACCCBABCBM@GAGAE@CBCDCBCFCBC@C@CCEAACECC@ABABCFGDADADAD@"],"encodeOffsets":[[100764,28780]]}}],"UTF8Encoding":true}