{"type":"FeatureCollection","features":[{"type":"Feature","id":"320213","properties":{"name":"梁溪区","cp":[120.296595,31.575706],"childNum":1},"geometry":{"type":"Polygon","coordinates":["@@CB@@A@@@AAA@CAA@@@C@@@@AA@@@A@@@@B@@@@@BA@@@@@BBA@ABA@@@@@AAB@@A@@@@AAB@B@@AE@@AB@FAA@@@AADACCABA@EB@B@@B@B@AAD@@F@@@B@@@@E@@DA@@@A@A@@@@CBB@AB@@AA@@@A@@@A@ADEHDB@@@BCB@@AA@A@@BC@@A@@@@@AA@@@@A@@BB@A@BBC@@@BAACD@@AA@@AAB@@A@@A@@B@@AD@BD@@B@@AB@@@@C@@@@@A@AH@BA@@A@@BC@@AA@@@@@@AD@@CB@@AA@@A@@@A@@@@@@@AA@@ABB@A@BBAA@@@A@@@@@@AA@@AFBBE@@@EBGDCAA@@JGHG@AHGNKBCABA@EBG@@@AA@@A@AAA@@AAA@AA@AA@A@@@A@AA@@A@@@AA@@B@@AAA@AAA@AA@@@A@@@@AA@@@A@@@@@@A@@@@BA@@@@AC@@@@@@@A@@@@B@@AAC@A@A@@@EBCDCB@B@@@B@@@BBB@@DA@@BB@B@@B@A@@B@@AF@@@B@@AAAA@@@@C@C@@@A@AAA@A@A@A@@@@@AB@@A@A@@@@B@@@BBB@B@BBB@BE@AB@@CF@@E@A@@B@B@DAD@@@DAF@@@B@BAD@BB@BB@BBBBB@BBD@@ABCDCDCFABABAB@B@B@D@D@DBBCB@@@@@B@@CBIAADAA@@A@@@@@@@A@@AB@@A@@@@A@A@@@A@@@@@@@A@@@@@A@@@A@@@A@AB@@A@AB@@A@@@A@@@A@A@@@@@AB@@@@A@A@AB@@A@@@@BA@@BA@@@AB@@A@@B@@@@A@@@AB@@@B@@@@AB@B@@@B@@AB@@@B@B@@@@@BB@@BDF@@@B@@B@AFAFAF@DCJBB@B@@F@@D@@@@@@BB@BCBAD@BB@BBF@D@D@B@BAB@@ABAB@BADABABAB@B@@BBBBHHJBBBA@@@@@@B@B@B@@@DAB@B@D@B@B@@@@@@@BAA@@@@A@A@@@@B@B@B@B@@@B@@@B@@@B@@@@@B@@@B@@@BA@@@@@BBAB@@@LAB@@@@@DADALEDAB@B@@@AC@C@A@ADBB@B@B@B@B@B@RCJAJ@B@B@H@@@D@B@B@@@@@FE@C@A@AAA@@E@C@G@C@@@@@@A@@@AAA@@B@BC@ABABADG@KBG@CAAACBA"],"encodeOffsets":[[123235,32334]]}},{"type":"Feature","id":"320214","properties":{"name":"新吴区","cp":[120.352782,31.550966],"childNum":1},"geometry":{"type":"Polygon","coordinates":["@@@B@BCD@B@B@BA@@B@@A@AB@BCBB@@BB@A@@BCBABCB@B@@A@A@ABA@ED@@@BBD@@A@@BB@@@D@@BAB@@BF@@@@@@@BGDC@GBE@@BBH@B@BAFG@E@@C@C@C@G@@MA@B@@AAI@ABA@@FAL@B@@AJJB@DHMNDJBFDFDABEFEGCFKJLHIJEFABABCDABCDIHEFEDADMLGH@BGHIH@@BBCDAH@F@@AFEA@BB@@B@@@@B@@@B@AB@A@BAA@BB@@B@@@@@@@B@@@BB@@BA@@DC@@B@@@@B@@BD@@AB@@@ABG@@B@B@@@@@D@@A@@BA@@@ACC@@BA@@@@BB@@@BA@BB@@BC@BDAB@@D@AAB@A@@AB@@@@@BB@@@@B@@@AD@@@BBB@@DA@A@@CAFGBCB@@@B@@@B@@BA@@BAA@D@@B@B@@@B@@CF@@@@@@A@@@EC@BBA@A@@@@AFAB@BADDCBBB@@B@EBA@@BF@@BA@A@BB@@@@@BA@BB@@@@B@BAB@AA@@@@B@@A@@@@@A@@B@@@B@@B@@D@@@B@DBB@BB@@B@@@DA@@DAB@@C@AAACAFG@@@@B@@@@DB@B@D@BBF@D@F@DBB@B@BBBDBB@@D@DBJB@@D@@@DAFAB@B@@ABCDA@@BADA@A@@B@BBBB@@BBCDAB@BB@AFB@DBBBBBBBB@J@DBBA@@@@B@J@@BBD@@DABABAB@D@B@B@DCB@DADAB@B@B@@@JC@@@@@BH@BB@@BCDADE@A@AD@BA@AD@@BD@BCBCFB@BH@@BD@@@@CHAF@@E@@@@@@D@BAB@@AHBBA@EAA@@DABBB@@BD@HBFA@@DAF@BABAFA@A@@@AB@@A@@@C@ACCBADAB@AE@@AADADEB@BAFCDABAB@@AD@@AD@@@B@@D@@BAB@@@B@B@@@@@@@@@@AB@@@@@@@@@BB@A@A@@@@B@AAGEACAA@@@ABACCFCCA@@@@@ACBC@A@@A@@@BB@@CB@@CB@@A@@@B@@@CB@@EA@@@CE@@DABDB@BBABB@@@@@@@@@@@@@BABA@A@CHC@@DCDIDEL@F@BABBB@@A@@@@BA@@D@@@BAB@BAAC@@@@@@@A@AB@@@BEBA@AA@C@@@@BA@AAECCCAAAAC@EAA@@A@@A@C@AAC@ABA@CBA@C@A@AAECC@AA@@@@@@BA@@@@AABA@@@AA@@@BA@CA@@@AAAB@@@AA@@@@@A@@BAA@@A@C@@@ABAAA@@BAB@A@@CA@BA@AAAAEG@@A@@A@@@A@@BAAA@@@@ABA@@@BAA@@@A@@B@@A@@AA@GB@AA@@@@AA@@B@@@B@@B@@BG@@@@@@BAA@@@@@AA@ICA@[AK@SDMBG@A@A@JKC@CB@BA@@@@@@@AB@@A@@BA@@A@@@BA@@AC@@@A@AB@B@BA@@@A@G@YM"],"encodeOffsets":[[123296,32197]]}},{"type":"Feature","id":"320206","properties":{"name":"惠山区","cp":[120.303543,31.681019],"childNum":1},"geometry":{"type":"Polygon","coordinates":["@@@E@A@C@CBCBCBABADALAB@@AB@@A@@@@@A@@@A@@AACACCECAAAAC@AACECCGECC@@@C@@A@A@@@A@EB@@@BA@A@@@@@AA@ACA@@@@A@CAAB@@C@A@A@A@A@C@@@A@@C@@@I@CBC@A@@@C@@BC@@@@@A@@@@@@@@A@A@A@A@@@A@A@@A@@A@@@A@CBA@A@@@@@@@A@@@@B@BC@ABA@A@CCGAEAEACC@@@AAG@C@G@A@CA@A@CBKFCBCB@@@@A@KB@@A@AB@A@@@@AB@@A@@@A@@@@@A@@@A@@@A@@@A@A@A@A@@@@@@B@B@@B@AB@@@@@@A@A@C@A@A@CB@@A@A@A@@@@@@@ABAAGIAGAA@AA@A@ABABCBABA@AB@BA@ABA@C@C@E@AAA@@ABCDA@AAA@@@@@@@CE@@@@AAADI@CBEBEBEA@@@@A@@CE@AA@@A@@@@@A@AA@A@@@GBCBA@EBEAA@CAC@AAA@C@A@E@A@@A@@NW@@@A@@@AA@@A@@@@A@@@A@@@A@CAA@@@@A@@A@A@@@A@@AWI@@A@@@A@@AA@@A@@@AB@@@BA@@@@@A@@@AA@@AAA@@A@@@@@A@CBAB@@IF@@@@@@A@A@AA@@@A@@@@@A@C@ACCAAAAAA@@A@A@@BA@@@AL@@@BAB@@@@@@A@E@A@ABIF@@@@@@@B@B@@AB@@@@A@A@@@A@A@AB@@@ACAA@A@ABA@@B@B@@@DB@@@@@B@@@@BB@@BBB@B@@@BB@AB@@@@A@@B@@A@@@CAAA@@AA@@A@A@ADA@@@@@A@G@CBA@A@@@@@A@@BA@@@A@AA@@@AAAAA@@CAC@E@CAC@AAAEA@AAE@@@@@A@@A@@@A@@BEBADADABABAAA@@@@@@CACAEAAAA@AAAA@AAA@AA@GBABCBCBA@@@AAACA@@@@AAAEA@AC@I@GFEDE@C@ECIFGFCBCF@B@BDDBFBDADABCD@BAB@@BDBBB@HFFHHFDBBBFFBP@F@BHDJFFDFDHDFHDBFFBDBBJBPBFBDNBFDNBTBb@JDL^QDBPNGDKDBD@DBF@DFBHBD@AFFBBBARADB@BFALBHEb@RBHHDBBH@LDFEN@@@@@B@@AFGBGDBJBD@B@FBHBBC@C@A@@BA@A@ABE@A@A@A@A@A@AAA@@@A@C@A@ABA@@@A@@BABA@@BAB@BAB@D@@@B@B@BAB@B@D@D@D@B@B@BBB@BB@@BBB@@@BBD@B@B@B@B@D@B@B@B@D@DAB@D@B@BAFADAB@@ABA@CB@@@B@@@D@@BB@FDB@D@D@BBB@B@B@B@B@B@@AJYDMBCD@DABAD@DAD@D@D@HBH@JBJ@H@PALCB@@A@@DCTGB@BABA@@J@DAD@@@B@BA@@BBD@B@FBJFHBB@BB"],"encodeOffsets":[[123267,32455]]}},{"type":"Feature","id":"320211","properties":{"name":"滨湖区","cp":[120.266053,31.550228],"childNum":1},"geometry":{"type":"Polygon","coordinates":["@@FCFEJGDCBADCBABAFEJIKGLIDEFHFEBAECECIAMCGN@CIABI@@@ABK@EB@BAJ@BB@@@ANB@@@H@D@D@DF@H@BE@A@AAG@AF@HAD@HC@A@@@@@@AE@@BA@AC@@@A@@AB@@@AC@A@@FCB@BAB@B@@@@ADABADA@AB@A@@AA@DA@ABAB@@@@AB@@A@A@ADC@A@AQKW}acSSI¯wiEEokC\\O¶@HGZEBFYFEDAHA\\JxVzLLdTRHDBB@BAfPGN@DFVDHNRPPFH@@CBCBACCBCDBPM@GEE@GB@DFHADAB@LEDBXED@HQB@BFBBB@B@@B@BDBB@@B@DADABAHAB@@BBB@BBBBBB@BBFBDBDB@@@@@@BBABABCBCBABAF@@@B@@@BB@@@@@F@BBB@BFBBD@DBF@D@DB@@BBBB@B@@BBB@@@B@@AB@@@@@B@B@DAH@B@@@@@B@BCB@B@@@BB@@BBDB@@B@@@@AB@@@@@BAA@@A@@@AAA@AA@@A@@A@@@@@A@@C@@@A@AB@BAB@B@DB@B@@BAB@B@@@B@B@@@@@BA@@@A@A@@@@@@JEBAB@F@B@@@@@@@BA@A@@BK@@B@@AB@B@@@BBBBBBDD@B@D@B@@@@@B@@BBB@B@@@@@@@JE@@BADAB@@@@@B@@@BB@BB@@B@@@B@@@@AB@@A@@B@@@BB@@BB@@@B@@@XJ@BB@@@B@B@@@@B@@B@DBB@@@B@@@B@@@@@@BB@@B@@@B@@MX@@@BB@F@B@D@B@BBD@DBB@FBFAB@DAHA@@B@B@@@BA@@@A@@@ABA@@@@@A@@BA@@B@@@@@@AB@@@BA@@B@@AB@@A@@B@@@BAB@B@@@@@BA@@@@B@B@@@B@@@B@@@BAB@@@BAB@@@B@@@B@@@@@B@@@@@@@B@@@B@B@@@@@@BA@@BB@@@@@@@B@@@BBBCJBDA@@@A@@@@DAAA@C@C@C@A@ABABABADEDCDCBA@@AC@AAAAA@AAAA@@ABC@A@A@@BE@C@@BC@C@A@AB@F@@@DE@@BAF@@AAA@A@AAA@A@@@A@@B@B@@@BA@@@@B@B@B@B@BBB@@@D@D@@@@@BBBB@@@A@@BE@@@AB@A@@@@AAA@@CB@@AA@A@@@A@@@ADADCFA@@B@B@D@BB@@@A@@B@@@@@@@D@@B@@B@@A@@B@@@@@@@@B@@BB@@@@@B@@BBB@BBB@BB@@@AB@@B@@@BB@@B@B@@@BBBB@@BBB@BB@BBB@@@BB@@H@FAB@BA"],"encodeOffsets":[[123236,32284]]}},{"type":"Feature","id":"320205","properties":{"name":"锡山区","cp":[120.357298,31.585559],"childNum":1},"geometry":{"type":"Polygon","coordinates":["@@BMDEBGD@F@BALED@DCAEACOKEICCKCC@I@KGCIFE@GBGEO@CQABADCH@N@XGF@LCDIDAIKCCDAHGCGACPOBACAAAAAA@AACAA@A@A@EBA@A@ABC@A@E@C@GCECEABC@AAC@COACAGLMAEC@ADaDCAGDEDCB@D@HD@@@@BBFBBBD@HEF@DBCDEJB@DBFBLAJ@FCDEHEBCBABE@C@@@@BKDQ@MHCD@AC@@@@AC@A@C@A@ABAB@@A@A@@AE@ABA@EBC@AGIA@A@AA@AAA@@C@AB@FALABABA@CAGCQOGEGCICGAGAAACICCCCAA@EBC@C@CDADABE@CBC@A@AAAA@AF@@A@@B@B@@@@@@BDABA@AB@@C@@@AB@@@@@BA@AAABE@K@CFCJCD@@GD@D@BABAB@@@@@@@@@@@@A@BAAAA@ACCB@@DF@@B@@FA@@D@@@A@@@BA@@DA@@DA@@A@@@BB@D@DA@B@@@@DBEDDDAB@B@@BBBDHFBBA@@@@@@B@BAA@@@@@@@@A@@B@@@@@@@@A@A@@@A@AB@@@CA@@@C@@BC@@BA@ABCBEDABA@CFCBBB@@BFA@CBABDD@B@D@@@BA@@B@@@BEBABABE@CB@@EBGAC@@AA@AACB@@BB@FABGA@BA@ABC@@@@@@@@FE@GB@D@@C@@AG@@AEAADADC@@AC@@BABC@@B@BCFCBAD@@AAG@@A@@@@ID@@A@A@A@CBCBA@CDA@A@C@A@ABABCB@@AC@AI@A@@@@@ABCAI@A@AAAAAACAA@BEA@@ABADCAA@@AAAAA@@@@BCBAB@@CBAD@BA@A@EBCB@@C@@@IACAC@@@AAACAAA@A@CAE@C@E@AAC@A@A@@C@@A@@@@@EHDBBB@B@DA@CB@@ABBDBB@DAH@LCHABAB@BADA@@@BB@B@@@B@@@@D@H@D@F@@@BB@B@B@DEF@@@@A@A@C@@@G@A@A@I@IBQDA@A@A@A@A@A@CA@B@B@DBD@@@D@B@H@DBH@B@@DDFBFBHBDDB@B@BAD@@A@A@@B@@@@@@@B@B@DAB@@@B@@@@BB@B@@@B@B@B@B@@@@@@@@@@B@@@@AD@@@D@@@BAD@D@J@@@DB@@@D@B@B@B@B@D@@@BADBB@@@@@DB@BBB@@@@B@B@@A@@FAB@@@B@B@@@@D@@DDHFDDDFBBD@BBBBFDDDDBBB@@@B@@@B@@@@@BA@@BA@KBCBABABADAD@D@D@B@FD@H@DBJJB@B@B@B@HC@@@@B@@B@B@@B@B@@@B@@@B@@@PHJBH@FAD@B@@AD@@@FDFBT@@@HBH@@BBD@BBBB@@@DA@@B@BB@@@BBB@@B@@@B@@BB@BB@@@BB@@@BADALCF@TBDDD@DABA@@@A@A@@@@@@A@@AA@@@@@B@@A@@B@B@B@B@BBB@@@DFJ@B@@@BLDJ@@BB@@TT@@VQLIHDF@LFJBTGF@F@FBJDJ@BD"],"encodeOffsets":[[123476,32490]]}},{"type":"Feature","id":"320281","properties":{"name":"江阴市","cp":[120.275891,31.910984],"childNum":1},"geometry":{"type":"Polygon","coordinates":["@@C{FMDOBE@@@@BCVKHGBGACQOAECA@ATCHAD@D@FCHCJA\\K@@HCD@TCNEFA@@@@F@JAXA@CFQJCVEDCHADKJIJO@MBIJDLCFEJGNEFGCKBI@EGCECAGBIFKB@FC@@BKZ@@DBBBB@BF@B@HBDB@A@@@@@A@E@@@@@A@@@@@CBAB@ZP@@TQHEBABGDIBC@GAE@ANCDGBA@EDOACGCCEGEGBAAAGAEA@ACI@ICEAE@E@SHIAKEE@GCKJUR@@SS@@AA@@CIAK@@A@I@CE@@A@AAA@A@A@A@@@@BA@@@@@B@@BB@@@@@@@@B@B@@ABCBC@CCSAE@KDCBAB@@A@@A@@AAA@@AA@@@A@@@AA@A@@AAA@@@CB@@A@AA@AAC@AG@GA@@S@EAEC@@C@@BA@C@EBG@IAOG@@A@@@A@@@A@A@@@@A@AA@@@@@GDA@A@A@A@IICAG@C@AAA@GAIEEAA@C@AA@@ABA@@@C@CBI@@@ABABA@SHCD@@@BA@KDOBG@I@IAG@GAC@C@C@CBC@ABCBC@ADCNIZ@BA@A@A@A@A@A@AAC@C@A@ECA@@AC@@@A@@@A@@DAB@BA@CBEBABA@C@A@CBC@A@A@A@C@A@A@A@A@C@AA@@A@AA@@AAA@AAA@A@C@C@C@A@A@ABA@A@@@C@A@ABA@AB@@ABAB@@@B@@AB@B@B@D@B@@BB@B@B@B@B@B@BAF@B@BAB@@@B@DAD@D@@@BAB@@@DA@@BAD@BAB@BA@ABA@AB@@AB@@@BADAF@BCF@B@DADA@@B@@@B@B@BA@@BABAD@BAB@@AB@B@@A@@BA@@BA@@BA@@BA@ABAB@BDLBFDF@@ABCBC@C@ABA@@B@@DJ@B@@CBID@@AB@B@B@BAB@DB@FFFBFDAFJFFJHNBJCHMLA@KAABUEKGKACGk@IGG@]B[EIKiYGABCC@CAAACCCCCCAC[H@DCHABGACEAC@AAAA@@A@A@@A@@@EDC@@@A@A@@A@@A@@@@@@@@@@@@B@BA@@B@@A@@@@@EA@@AB@A@@A@@B@@A@@B@@@B@@@@@@@@@B@@@@@B@@@B@@@B@@@B@@@B@@@B@@@@@B@@@B@@@B@@@@@@A@@@@@A@@@@@AA@@A@@B@@@@@@@B@@@@@B@@@@@B@@@@@@@B@@@@@@@B@@@@@@@B@@@@AB@@@@AB@@@@A@@BA@@@@BA@@@A@@B@@A@@B@@@@@@A@@@@BA@@@@B@@@BA@@@@@@B@@@@@B@@B@@@B@@@B@@@@BB@@@B@@@@@B@@@B@@B@@B@@@B@@@@BB@@@B@@@@@BB@@B@@@@@B@@@@B@@@@@BB@@@@@@B@@@@@@BB@@@BFD@H@BDHFLDBEBEBADCHA@A@@@@@A@@@A@@@AB@@@@@@@B@@@@A@@@@B@@@@AB@@@@AB@@@@A@@BB@@@@B@@B@@B@@@BB@@@@B@@@@BB@@@B@@@BB@@@@@@B@@@@@BA@@@@B@@@@@BA@B@@@@B@@@@BB@@@@@@B@@B@@@@@BB@@@@@@B@@B@@@@BTFNJCD@@@@A@@@@B@@A@@@B@@@@@@BED@@CDEDABCFAF@BBFAF@DBNDBHBP\\WÐaI~EDNDhNZ\\LjdT"],"encodeOffsets":[[123260,32759]]}},{"type":"Feature","id":"320282","properties":{"name":"宜兴市","cp":[119.820538,31.364384],"childNum":1},"geometry":{"type":"Polygon","coordinates":["@@D@B@DBB@DABBD@D@@@@@@B@@B@@B@@@@BB@@@@@B@@B@@@@@@@@@BB@@@@B@@@@@@B@@B@@@@@@@BB@@@@@@B@@@@@@B@@B@@@@@BB@@B@@@B@@@B@@@@B@@B@@@@B@@@@B@@B@@@@@@B@@B@@@@BB@@@@@@@@@B@@B@@B@@@B@@@@BB@@@@AB@@@@@@@B@@A@@@@B@@A@@B@@A@@@@B@@@@@@@B@@@@@@@B@@@@@@@B@@@@AB@@@@@@@B@@@@@@@B@@@@@@@B@@@@A@@B@@A@@@@@@B@@BB@@@B@@@@@B@@@B@@@B@@@@@B@@@@@@AB@@@@@@@B@@@@@BA@@@@@BB@@@@BB@@@@B@@B@@@@BB@@@@B@@B@@B@@@B@@@B@@@@@B@@@B@@@B@@@@@@@BB@@B@@@B@@BB@@@@@B@@B@@B@@@@@B@@B@@B@@@@@BB@@@@B@@@B@B@@@@@B@@@@@B@@B@@B@@@@@B@@@@@@@B@@@B@@@BA@@@@B@@@B@@@B@B@@@BA@@@@@A@@@@BA@@@A@@@@@A@@B@@A@@B@@@@@BA@@B@@@B@@@BB@@B@@@B@@@B@@@B@@@B@@@@AB@@@@A@@@@BA@@@@@A@@B@@A@@@@@AB@@A@@@@BA@@@@@A@@B@@@@A@@@A@@B@@A@@@@@AB@@@@A@@@AB@@@@A@@@@@A@@B@@A@@@A@@@@@A@@@A@@B@@@@@@AB@@@@@@@BA@@@@@@@AB@@@@@@A@@@@@A@@@@@@BA@@@@@@@A@@@@@@B@@@B@@@B@@@B@@@B@@BB@@@B@@@B@@@@AB@@@B@@@BA@@@@@@@A@@@@@@@A@@@@@@@A@@@@@@@A@@@@@@@A@@@@@@@@@A@@@@@@@A@@@@@A@@@A@@@A@@B@@A@@@A@@@A@@BA@@@@@A@@@A@@@@@A@@@AB@@@@ABAB@B@F@BBB@BBBBFDBBB@HBB@D@BABAF@F@FAB@BAB@BANAB@@AD@BAD@DAJ@@@@@B@@@@@B@@@@@B@@@B@@@B@@@@@B@@@B@@@@@B@@@@@B@@@B@@B@AB@@@B@@@B@@@B@@@@@B@@@B@@@B@@@B@@@@@B@@@B@@@B@@A@@B@@@B@@@B@@@@@B@@@@@BA@@B@@@@@B@@@B@@@@@BA@@@@B@@@@@B@@@@@BA@@@@B@@@B@@@@@B@@@@AB@@@@@B@@@BA@@@@B@@@@AB@@@@@BA@@@@BA@@@@BA@@@@B@@A@@B@@@@AB@@@BA@@@@BA@@@@@@B@@A@@@@B@@A@@B@@A@@B@@@@AB@@@@@BA@@B@@@@AB@@@@AB@@@B@@A@@B@@@@AB@@@@@BA@@B@@@@AB@@@@@BA@@@@B@B@@@B@@@B@@@B@@@B@@@B@@@B@@@B@@@B@@@@@B@@@B@@@B@@@B@@@BB@@@@B@@@@BB@@@@@BB@@@@@@BB@@B@@B@@B@@B@@@@BB@@@@@BB@@@@B@@B@@B@@@@BB@@@@B@@B@@@@@BB@@@@@BB@@@@@B@@B@@B@@@BB@@@@B@@B@@@B@@@B@@@@@@@B@@@@@B@@@B@@@@@B@@@B@@@@@B@B@@@@@B@@@B@@@@@B@@@B@@@B@@@BB@@B@@@B@@@BA@@B@@@B@B@@@B@@@B@@@B@@@B@@@B@@@@@B@@@B@@@B@@@@@B@@@B@@@@@B@B@@@@@@@BB@@B@@@@@B@@@@@@@B@@@@@B@@@B@@@B@@@B@@@B@@@B@@@B@@@@@B@B@@@BB@@@@B@@@B@@@B@@@B@B@@@B@@@@BB@@@B@B@@@B@@@B@@@@@B@@@BBB@@@@@B@@@B@@@B@@@BB@@B@@@B@@@@@B@@@B@@@BB@@B@@@B@@@B@@@B@@@B@@@@@B@@@@A@@B@@A@@B@@@@AB@@@@@BA@@@@@@BA@@@@@AB@@@BA@@@@B@@@BA@@B@@@BA@@B@@@@@B@@AB@@@B@@@B@@AB@@@B@@@B@B@@AB@@@@@B@@@B@@AB@@@@@@@B@@@BA@@B@@@B@@A@@B@@@B@@@BA@@@@B@@@@@B@@@B@@@@@B@@@@AB@@@@A@@@@@A@@@A@@@@@AB@@A@@@@@A@@@@@AB@@@@E@@@@@EAMPGBAPOHGFC@H@D@B@@@@@@@@@B@@@@@B@@@@@@@B@@BB@@BA@@@@BA@@@@B@@@@A@@@@@@B@@@B@@@@AB@@@@@B@@AB@@@@@VDDAHEF@LALEBCPI@ECCBCDGCUKAQEOMSMs@QFSPWTMhMPEjGVFPµD[ǅÿ@@A@@@@@CA@@A@C@Q@I@GEICKCCAIA@@EDQLA@E@E@ABCBA@AACACAG@EBC@IJGAC@ABCBA@@@AAEI@EHCDC@EKISGGAG@IPEBGCEBCF@D@BFHBDAD@BCDG@@BCDCBEB@BG@EA@@MIG@EAGCCBKCE@CDCD@@C@@@ICA@QCKBCAEC@@EQEICACAE@CBKHMDEDCD@DCF@@ABK@QEAA@C@EEACCAAKACAEEGEA@CGAG@G@AA@@AMEMA@@A@@@@@A@@@@@@@A@@@@@@@A@@@@@A@@@@@@@A@@@@@@@A@@@@@A@@@CAGKMWEEOBUAIBEHCV@JONGJKFKFEBGHIJCB@@AB@@@@A@@@@B@@@@@@@BB@@@@B@@@@@@@B@@B@@@@B@@@@@B@@@@B@@@@B@@@@@@@B@@B@@B@@@@@@@BB@@@@B@@B@@B@@@@BB@@@@@@BB@@@@@BB@@@@@@BB@@@@B@@B@@@@@B@@@BB@@B@@@@@@@B@@@@B@@B@@@@@@@@BB@@@@@B@@@B@@@B@@@@@B@@B@@@@@B@@@@@B@@@B@@@B@@@@@B@@@@@B@@@@@B@@@B@@@@BB@@@@@B@@@@@B@@@B@@@B@@@@@B@@@@@B@@@B@@@@@BA@@B@@@B@@@B@@@@@B@@@@@B@@@@@B@@@B@@@B@@@B@@@@@B@@@B@@@B@@@B@@@B@@@@@@@BA@@B@@@B@@@@@B@@@B@@A@@B@@@@ABB@@B@@B@@B@@@BB@@@@@@B@@BB@@A@@B@@@BA@@@@B@@@@@@AB@@@@A@@@A@@BA@@@@@A@@@A@@@@@AB@@A@@@@@A@@@@B@@A@@@@@AB@@@@@@AB@@@@A@@B@@A@@B@@A@@@@@@BA@@@@@AB@@@@@@@B@@@@@@AB@@@@@B@@@@A@@@@@A@@@A@@@@@A@@B@@A@@B@@AB@@A@@@A@@BA@@@A@@@AB@@@@@@A@@@@B@@B@@B@@B@@BB@@@@BB@@@@BB@@@BB@@@@@B@@@@AB@@@B@@A@@@@B@@@BB@@B@@B@@@@B@@B@@@@BB@@@@BB@@@@B@@@@@B@@BBA@@B@@@@@B@@@@@B@@@B@@AB@@@B@@@@@B@@@B@@@B@@@@@B@@B@@@@@BB@@@@B@@B@@@@B@@B@@@@B@@B@@@@@B@@@B@@@B@@@@A@@@AB@@@@A@@@A@@BA@@@@@@@@B@@@@@@@B@@@@@BB@@@@B@@@@@B@@B@@B@@@@@B@@@B@@@@@@@B@@@@A@@@@B@@@@@@@@@BB@@@@@@B@@B@@@@@@BB@@@@@@@BBA@@@@@@B@@@@@@@B@@A@@@@B@@@@A@@BA@@@A@@@@BA@@@A@@BA@@@@@AB@@@@AB@@A@@B@@A@@B@@@@@B@@@BA@@B@@@B@@@@@B@@@@@@@B@@@@@B@@@@@@@B@@@@@@@B@@@@@@@B@@@@A@@BA@@@@@AB@@@@@@@B@@@@@H@BHHFJFDBB@J@HADAF@B@@@@@B@@@B@@@@@@@BA@@@@B@@@@@B@@@@@B@@@@@B@@@@@B@@@@@B@@@@@B@@@@@@@B@@@@@B@@@@@B@@@@@B@@@@@B@@@@@@@B@@@B@@@@@B@@@@@B@@@B@@@@@B@@B@@B@@@B@@@@BB@@@@@B@@@BB@@B@@@@@B@@B@@B@@@@@BB@@@@B@@B@@B@@@@@B@@B@@@@B@@@@@B@@B@@B@@@@@B@@@@@B@@B@@B@@@@BB@@@B@@@@BB@@@B@@B@@B@@@@@BB@@B@@@@@B@@BB@@@B@@@B@@@@@B@@@@@@@B@@@@@B@@@@@@@B@@@@@BA@@@@@@B@@A@@B@@@@A@@@A@@@@B@@A@@B@@@B@@@@@B@@@BA@@@@B@@BB@@@B@@B@@@@@@@BB@@@@B@@@@@BB@@B@@@@@@BB@@@B@@@@@BB@@B@@@B@@B@@B@@@B@@@@BB@@@B@@@BB@@@@B@@@@B@@@B@@@B@@@B@@@B@@@B@@@@@@@B@@@@@B@@@@@B@@@@@B@@@@@B@@@@@@@B@@@@@B@@@@@@@B@@@@@@@B@@@@@@@B@@@@@@@B@@@@@@BB@@@@B@@@@B@@B@@@@@B@@@@@B@@@B@B@@@@AB@@@B@B@@@B@@@B@@@B@@@B@@AB@@@B@@@B@@@@@B@@@@@B@@@BA@@@@B@@@B@@@B@@@B@B@@@B@@@@@@@@BB@@@@B@@@@@@@@@B@@@@@@@B@@@@BB@@@@B@@@@@B@@@@@BB@@@@@@@B@@@@@@@B@@@@@@@B@@@@@@@B@@@@@@@B@@@@@@@@@B@@@@@@@B@@@@@@@B@@@@@@@@BB@@@@B@@@@@B@@@B@@@B@@@@@B@@B@@B@@@@B@@@@@B@@@@BB@@@@@B@@@B@@@BA@@@@@@B@@@@@@AB@@@@@B@@@@BB@@@B@@@@@B@@B@@B@@@@BB@@@@@B@@@@@B@@@@@@@B@@@@@@AB@@A@@@A@@@@@@B@@@B@@@@A@@@A@@@@@A@@@A@@@AA@@A@@@A@@@A@@@@@A@@@A@A@@@@@A@@@A@@@A@@@A@@@@@A@@@A@@@AA@@A@@@@@A@@@A@@@A@@@A@@@A@@@@@@B@@@BA@@@@B@@@B@@@@@@@B@@@@@B@@@@@@BB@@@@B@@@B@@@B@@@B@@@B@@@B@@@B@@@@@B@@@@B@@DR@@@BA@AB@@@DAD@D@@A@@@AB@@@@A@@@AB@@@@@@@@AB@@@@@B@@@@@B@@@@@B@@@@@B@@@@@@@B@@@@@@@@@B@@@@@B@@@@@@@B@@@@@@@@@B@@@@@@@B@@@@@B@@@@@@@@@B@@@@@@@B@@@@@@@BB@@@@B@@B@@@@@@@B@@@B@@@@@B@@@@@B@@AB@@@B@@@@@BA@@B@@@@@BA@@B@@@B@@@B@@@B@@@B@@B@@B@BD@BBD@B@B@DBBBD@DBDBFBBB@@BBD@B@@@@@@BB@D@B@@BDBBBBB@BBDDB@@@BB@@@BBD@DBB@@@B@@@BBB@B@@BBBB@B@@BBBBDDB@@BB@BBB@@@BB"],"encodeOffsets":[[122487,32317]]}}],"UTF8Encoding":true}