{"type":"FeatureCollection","features":[{"type":"Feature","id":"371102","properties":{"name":"东港区","cp":[119.457703,35.426152],"childNum":1},"geometry":{"type":"Polygon","coordinates":["@@IBABED@BDF@BEHAFCBIBAB@NBJABGF@BBFBJHH@BABGFEBSEEBQDIBKJE@KAEDADADA@EBAAOEGCIEC@A@GB@BBJ@DCHEHCFOFEBCAAAAEC@GFMHCAC@GOEGABEBOFAFADC@CBCH@BAB@@ABBF@BAB@FABAB@B@BF@JCBDBJBH@D@DA@@DBL@DAF@P@FCDCDCD@DBB@DDBBDBBDBFDFBLDJBDD@DBD@D@BBBDDH@DBFBFBDBFDDDBBFBFBDBDDBBDDBBBBFADDHEDADEHCJCD@DAFAFAFCDAFAJBHBHBFDDFBD@BB@NDDBDHB@ADGDAB@B@BFHBBD@BCB@D@HHLD@B@BBDB@D@FG@EAGGAAC@@JMB@@BB@DLBJ@DAF@BB@D@B@B@HADAD@FAHCHAHCF@F@FAHAFADABEBCBEBC@EFGDADAFAFEDCDEBCDCDCBCBCBEDAFEFAH@FDDB@B@@BB@@BD@@BB@B@@@@H@DBFFDBJDDAFDFBBDFFDDFF@DDFDFDHDDBDBDDFDBDDFDD@@@@@DBFEBE@CAE@C@CACBCDCDEDAD@DAJAFBHBFBDDFBJFHDDBHDDDFBHFDBF@H@F@FAHAD@HCF@DAFEDEDCFCHCF@DDDDDBBDDDFFBDDDBFHJBDAFBBDDDBDBDBFBJ@F@JADBDBBFDDBBB@HAHAFAH@LAH@D@DCBAFGDAHAD@BABCD@F@HDF@LBF@B@FED@BBD@DCBCF@FABBAFAFB@DBH@DDDDLHD@HC@ABIDED@LDDDFL@JBBFBB@JIF@L@B@BA@CBABABABADAD@@@FCNGD@F@D@HBFOBKAKEMYsUyGICCC@CAAAAMCOMuCICECCYKEEIOIUO_CU@IBKJEFGFC@GAIAGEEIEOEQC]EICEMCEAG@E@ADAZ@D@BAACACA@SAC@AAAC@qAAAAC@ABAD@F@BCBABABIAGBCHCTMHM@QEOGSMsmu}MWKWMy[D@@@@C@@KBANETEFaNGBOCG@MRADBDFJAFADGFBBFDNHBHAF@DDRCLBFNNJFBBVCZGf@LBDRAJ@BBB^LHBDP@fExBB@FMA@@C@@CA@A@@@@@A@@@A@@@C@@DAA@B@@AB@@A@A@@@@@@@A@@BEAB@@@CAB@@@@ACB@@@A@@BA@@@@A@@@@@ABA@BB@@B@A@A@@AA@@B@AA@@@B@AAAB@@@@@@@@@@A@@A@@@@@@@@@AA@@@@AC@C@@AC@A@@@@@@@A@@@AA@@A@@AA@BBA@A@@A@@@@@@@@AA@@@@A@@A@AB@B@@@@@@@AA@@@@A@A@@@@BA@A@@AA@A@AA@@@AA@A@A@A@A@A@A@@@@@A@@@A@@@ABE@@BAAC@@@CA@@@@A@@@@@A@@@@A@A@@AB@@@@@B@@C@@@AA@@A@A@@@A@@@A@@@AAB@A@B@AA@@A@@B@@@@A@@@@@@@A@@@@@@AA@A@@@A@@@@AA@A@@AA@@@@AA@@AA@@@@@AB@@A@A@A@@AA@@@@@A@@@A@@@@@@@AB@@@@BBAAABAA@B@@@@A@@@@@@AA@@B@@A@@@@@@@@@AA@@@CAA@@@@@@@@AA@A@@@A@@@AA@B@A@@@@@@@@@@@@@AA@@@@@@@@@@@@@@A@@@@A@@@@@@@@@@@@A@B@@@@@@@@@@@@@@@B@@@@@@@@@@@@@@A@@@@@@@@@@@@@@A@@@@@@@@@@@@@@@@A@@@@@@@@@@@@@@@@@@@@@@@@@A@@@@@@@@@@@@@@A@@@@A@@@@@@@@B@@@@@@@@@@@@B@@@@@@@@@@@@@@@@@@@A@@@@@@@@@@@@@@@@@A@@@@@@@A@@@@@@AB@@@@@@@@@@@@@@@@@A@@@@@A@@@@@@@A@@@@@@@@@@@@@@@A@@@@@@A@AAA@A@C@CAE@@BC@@@@@AAA@CB@B@@A@@@A@BB@@CAB@A@@@BB@B@@@@DB@@B@@B@@@@B@@B@@@@A@@@A@@@A@@@@@@AAB@@@@@@A@@@A@@BAA@BC@A@@@@@A@AA@B@@@@C@@@EA@@@A@BA@@@@AA@@C@@@@@@@A@@CA@@ABBAA@BAA@@AA@@AA@@A@@B@A@@A@ABBBAC@@@@@ABAAA@@A@@@@@A@@A@@@@@@AA@@B@@@AA@@@@A@@@A@@@B@B@@A@@BB@@BAB@D@@A@@@AA@@A@BB@@A@AAA@A@@@@@@@@@@B@@B@@@@@A@@@@B@@@@@@@B@@ADB@@@@B@@AB@@AB@@A@@A@@A@@@@@@@A@@@A@@AA@A@B@@A@@@@DBB@@AB@@@@AA@@@@@@A@@@@@@@A@@@AB@@@@@@AA@@@A@A@@B@A@@@@@@A@BBA@BBA@@@@@@B@@A@@@@@B@@AA@@@@@@B@A@@@@@@A@@A@@@A@@A@@B@@@@AB@BAB@@A@A@@@@B@@@BAAA@@@C@ABC@ABABA@CA@BC@@BAACBBBA@BBA@A@@BCBEF@@AB@BB@@@BBDDBABB@@@@@B@B@BABABA@BBABAB@B@B@B@FABB@@@BB@@@D@@@DDDBDDBBD@B@@A@AF@@A@@@@ACB"],"encodeOffsets":[[122061,36235]]}},{"type":"Feature","id":"371103","properties":{"name":"岚山区","cp":[119.315844,35.119794],"childNum":4},"geometry":{"type":"MultiPolygon","coordinates":[["@@BABAB@DBB@@@@AAAAACB@@A@A@A@A@C@A@BBDBBBB@"],["@@@AABA@@B@@@BD@@@BAD@@A@@C@A@"],["@@@A@@@AAAC@C@C@@F@@F@DBB@@AB@"],["@@HED@BFBBDBFAPEDEFGDG@CAI@AHAB@D@JFHDPFBBFAB@BCBCFCLBF@LIJARCFATFFAHEBA@AGGAIAE@AHEBAAI@MBAJADABEFG@ACE@AFCBAJADA@B@@B@@@BEB@@@@AACCAACCC@C@@@C@@AA@@A@BA@E@A@A@ABABAAAB@BABA@A@A@A@@@@AAABCCAA@@A@@ABA@@FEDA@AB@B@AAB@AADABB@AD@@ADBB@BABAD@BAD@@@B@BB@A@@@A@@B@B@@@BA@ABA@@@@@AB@@@@B@@@BB@@@@@@@@B@A@@@@B@@BA@@@@@B@@@@A@@@@B@AAB@AAB@@@@@@@@B@AB@B@@@B@@B@@@@A@@B@@@B@@@@@@@B@@@@B@@B@@A@@BA@CA@@@@@BA@B@B@@BB@@@B@@@@@@@B@@@@BB@@@BA@@BA@@@A@@A@BC@@@A@@@@@@@A@@B@@@@@A@@@@A@@@@@@@@B@B@BBB@@@AAB@@@BB@@B@@@@CBA@AA@@AB@@@@A@A@@@B@@@B@@B@@B@@@AB@@B@@@@B@@@@B@@@@@BB@BBBA@@@@D@ABAA@B@BB@A@@@@BB@@BB@@BB@ABB@ABBA@@DB@@@B@@@@@@@DB@@B@@B@@A@B@@FB@@D@@@@@@ABBB@@@@@B@D@@ABB@AB@@@B@@@@@@@BA@B@@@@B@@@B@@@B@@@@@@AA@@@@@@AA@@@CA@@@@@AAA@@B@A@DB@@AAB@@@B@@@@ADAB@BB@@@@D@@AF@DBD@B@B@BBB@@@@@@@@B@@@@@@@@@@@@@@@B@@@@@@@B@@@@@B@@@@@@@@@@@@@@@@BA@@@@@@@B@@@@@@@B@@@@@@@@@@@@@@@@@B@@@@@@@@@@@@@@@@@@@A@@@@@@@@@@A@@@@@@@@@@B@@B@@@@@@@@@@@@@@@@B@@@@@@@@@@@@@@@@@@@@@@@@@B@@@@@@@@@@@@@@B@@@@@@@@@@@@@@@@B@@@@@@@@@@@@A@@@@@@@@@@@@@@@A@B@@@@@@@@@@@@@@B@@B@@@@@@@@@@@@@@@BB@@@@@@@@@@@@B@A@B@@B@@@B@@@BBB@@@@@@@@BB@D@@BB@@@@@@@@B@@@@AB@@B@@@@B@@@@@@ABBBABBAA@@@@BA@@@@@@B@@@B@@@@@B@@BB@B@B@@@BA@@@@B@@BB@@B@@B@@BB@B@@B@@B@@@B@B@@B@@@@B@@@@@@@B@@@@@@AB@@@BBA@B@A@BB@@B@@@B@@@B@B@@@BB@@D@@@@A@@@@BA@@@B@B@@B@@@@@B@@@@@DB@@D@BB@AF@BA@@B@@@B@@@@@B@B@B@B@B@B@B@@B@@BBB@B@@BB@B@@A@@B@B@@@@@BB@@@@@@A@A@@B@BB@@@@@BB@@@@@@@@@BB@B@AAB@@BB@@@BB@@B@@@@@@@B@D@@BD@D@@B@@B@@B@@@@@@@@@BB@@@@@@@@@@@BABBA@@@B@@B@AB@@BB@B@A@@@AAB@BA@@@@B@@@@@AB@@@B@@DA@B@@A@DB@@A@FB@AB@@@@@@@B@B@@@BA@@@ABB@CD@@@B@@@B@@@@@B@B@@DD@@@NB@EAAFw@eCOGA]KAA@ABICQKAe@YHUDAAIEMMAEDKCQ@CBEAGMGECAAHEBCBEEIACBCNQH@PDHAbMFEFSBMLA@D@@@@@\\CKwIA@DGFE`MHCBE@ECEGC]MAGDYCEUCAECAQM]EKHGHM@MGbA@AD@B@BA@ABA@ABABABAD@B@B@D@BA@@B@@AB@@@B@@AB@@A@ABABAB@@A@@@AB@@A@GACBA@C@A@@@A@@@@@AB@@A@@@A@A@A@A@@BA@@@A@@B@@A@@@@@@@@B@@A@@@A@A@@BA@A@@@@@A@ABA@@BA@A@@@A@@@@@@@@@@@A@@@CBAB@@AAC@EAE@CACECCCAEAEAAECCECG@G@EBGDEBKTAL@H@@A@B@CDAFCBCDCBE@M@G@IBEBCDADAF@DBHBFBBHFHBA@AB@@A@@BA@AB@@@@AB@@AB@@A@A@AB@BABAB@@@B@BAB@FA@@BABAB@B@D@@CBABADAB@BGBA@@@AB@AC@A@@@A@AAC@@@@@@@@@@AIJ@D@DBH@BBBDBH@LBH@H@JBFBFFFHBFDHBH@F@F@BHFBFDFBF@J@L@FDBFDDDABABCFABAH@HAHAJCJABABC@E@G@G@GBCBCBABBDBBDDADABIJIJEDCBABAD@B@FBBBBB@DDBBBBBB@D@FADA@@@CBA@E@G@G@wIGCKCA@CB@BANABCBADAB@D@HAH@FABABCBC@CDABBD@DADCBE@ECGBaNEFCFCBIDKDEDIFIBIBG@O@A@C@AACAKC@AGACACC@C@@BEDEBEDE@CBC@CAE@CCEECECCEGECEECCCCAEAC@@@A@C@CBC@EBC@EBCAA@A@AAMGAAC@CBIHABAF@F@B@DAFA@EDA@CBIFEBEBG@G@IBE@ABC@EDKF@@GDA@ADAB@B@@@DBDBBBD@BBB@BA@@BBB@B@BAD@BBD@BAD@BABABB@B@B@D@@@@B@@@@@@BB@@@@B@B@DB@B@@@@BB@@@@@@@@BAB@@@@@@B@BBB@@BBB@@@@BBB@@B@HA@BABDA@@@@@DB@@ABBDAB@@@B@DBFB@@@@@@@@@B@@@@@BB@@@BB@@@@@@@@@B@@@@BB@@@@@@B@@BB@@@DDA@@D@@B@@@BB@@DBFD@A@A@@@C@B@@B@B@@A@A@@BA@ABA@@@AB@DAB@@A@@@A@@@A@@@A@@BA@@@AB@BAB@BAB@@B@@BB@@@B@@@B@@@@BB@@@B@A@B@@AB@@@B@@@@B@@@@@B@@@B@@@@@@@B@@@@@B@@@@@@B@@B@@@@@@@B@@@@@@@@@@@@@B@@@@@@@@@@@@@@@@@@@@@@B@@@@@@B@@@@@@@@@A@@@@@@@A@@@@@@@@@@@@@@@@@@@@@@@@@@@@@@B@@B@@@@A@@@@@@@@@@@@@@BB@@@@@@@@@@@@@@@@B@@@@@B@@@@B@@B@@@@@@@@@@@@@@@@B@@@@@@B@@@@@@@@@@@BB@@@@@AA@@@@@@@@A@@@@B@@@BA@@@@@@@@@@@@@B@@@@@@@@@@@B@@@@@A@@@@@@@@@B@@B@@A@@@@@@@@@@@@@@@@@@@@BB@A@@@@@A@@@B@@@@@@B@@@@@@@@AB@@@@@@@@@@@B@@@A@@@@B@@B@@@@@@B@@@@@@@@@@@@@@B@@@@B@@A@@@@A@@A@BAA@@@@@@B@@@@@@@@@@@BB@@@@@@@B@@@@@@@@@@@@@@@@B@@@@@@@@@@@@@B@@@@@@@@BAB@@@@@B@@@@@B@@@A@@BB@@@B@@AB@@B@@@@@@@@@BB@@@B@@@@B@@@@@@@B@@@@@BBBAB@@@B@@@B@B@@@BAB@B@@B@B@B@B@@B@@BB@@@B@@@@BABBB@@@@@@@@@BB@B@B@@@BAB@@B@@BA@B@@@@@@A@@@@@@B@@@@B@@@@@@@@@@@BB@@BB@@B@@@@@@@B@@@B@@@@@@A@@@@B@@@@@@@@@@@BB@@@@@@BA@B@@@@@@@@B@A@@@@@@@@@A@@@@B@@@@@@B@@@@@@@@@@@@@B@@@@@@@@@@B@A@B@@@@@@@@@@@@@@@@@@B@@@@@@A@@@@@@@@@@B@@@@B@@@@@@@@@@@@@@@@@B@@@@@@@@@@@@@@@@B@@@@@@@@@@@@@@@AB@@@@@@@@@@@@@@@@@@BB@@@@@@@B@@@@@@@@@@@@@@@B@@@@@@@B@@A@@@@@@B@@@@@@@@@@BA@@@@@@@@@A@@@A@@@@@@@@@@@@@@@@@A@@@B@@@@@B@@@@@B@A@@@@B@@@@@@@@@@A@@@@@@@@@@@B@@@@@@@B@@@@B@@@@@@@@@@@@@@@@@@@@@@@B@@@@B@@@A@@@@@@@@@@B@@@@@@@@@@@@@@BB@@A@@@@@@@@@@@A@@@B@@@@@@@B@@B@@A@@@@@@@@@B@@@@@@@@BB@@@@@BBB@@@D@@@BBA@A@@BA@B@@@@@@@BB@@@@@BA@@@B@@@@B@@A@@@@@A@@@@@@@A@@@@@@@@@@@@@@@A@@@@@@@@@@@@@@@@B@@@@@@@@@@@@@@@@@B@@B@@@@@@@@@A@@@@@@@@@@@@@A@@@@@@@@@@@@@@@@@@BB@@B@@@BB@AB@@@B@@B@@AB@@B@@@@B@@A@@@@BB@@@@B@@B@@B@@B@@@B@@B@@@@B@@@@A@A@ABA@B@@BB@@@@@B@B@@@BAB@D@BA@@@A@@@AB@BA@@@B@@B@@@@ABB@@@B@@@@B@@A@A@A@@B@@@@@@@@AB@@AB@@@@BB@@@@@BA@@@BB@@@@@@B@@B@@@@@@@@@@A@@@B@@B@@@AA@@@@@@@AB@@@@@B@@@@@@B@@B@B@B@@@B@B@B@@@B@@@B@B@@@@@B@@B@@B@B@B@@@@B@@@BB@@A@@@@@B@@B@@@@@@@@@@@@@@@@@@A@@@@B@@@@@@@@@@@@BA@@@@@@@@@@@@@@@@B@@A@@@@@@@@@B@@@@@@@@@B@@DA@@B@@@@A@B@@@@@B@@@@B@@@@@@@@@B@@@@@BB@@@@@@@@@@@@@@@@B@@@A@@@@@@@@B@@@@@@@@B@@@B@@@C@@@@@@@B@B@@@C@@B@@@@@@B@@@@@@@@@@@BB@@@@@@@B@@@@B@@@A@A@@B@@@@@@@BB@@@@@@B@@@@@@@@@B@@@@@@@@@@A@@@@@@B@@@@@@@@@@@@B@@@@@@A@@@@@@@@@@@@@@@@@@@@@@B@@@@@@B@@@@@@A@@@@@@B@@@@@@@@@B@@@AB@@@@A@@@@@@@@@@@B@@@@@B@BABA@EBA@AAEBA@@BA@ADGDAD@BCBEPEFABAFHHPD@DBNG"]],"encodeOffsets":[[[122793,35985]],[[122704,35834]],[[122778,35850]],[[121933,36314]]]}},{"type":"Feature","id":"371121","properties":{"name":"五莲县","cp":[119.206745,35.751936],"childNum":1},"geometry":{"type":"Polygon","coordinates":["@@A@@BA@A@EEBA@CCAAA@@@CDEBC@EACAADA@AAC@CAEAC@AEA@A@@@@@ABA@AAA@AB@B@B@@A@@@@@A@CBGBAHEHG@E@GAMBSACCC@A@CBABAECAK@@E@AABADADABAKIAC@C@I@EBCHEPGLABABM@ECC@AC@GBCBEHABCDC@G@KBG@EBGBGBA@AACCAECACAIBE@I@EACACACACCAABEACGIAECCACEECCACCACCCCE@GDEDCDCFEFCBE@GDC@GBEBE@G@E@CAGEEACCGCCAGCIEEACCEAGAEAIBCBC@CBCFCDADBD@D@DBF@DAFEFCA@@@@C@ECCCCACEACACCCCGCECE@CEECCEEACEAECCBICCAEECAG@@@@@@AAA@@AC@@AA@@@ACAECG@EBEFCBAFADADCDCDADCFCDEFEBCBCBEH@FADAFADAFCBEBGBEBE@E@GDGBGDEBC@CBGBA@A@C@A@@ABE@CAICKA@@AA@IN@@BDHBBH@FEHC@A@AC@A@AKCGGC@A@ADC@AAEG@A@ABAHCBCA@CGCAMCA@@AACCEECGAGAIAEBCBEDEBEBCBC@IDGDCFCBGFCCEBAAAACCAACCCAEAEAAACCECCAEAEACAG@YxERAF@F@FADBFBF@DDDBFDDFHDDFBFDFBD@FAF@J@P@@B@BCDAFADBDBBBBDDFHBFBFBFDFTHDFBDABKFGH@BRNBD@BBD@FAFCDG@MDABABBD@B@BCBEAEBABADCDEDABCBEDCDCF@B@H@DABCDCDADEFEHGHEDKJCDABDLADABA@ABIBI@KBG@G@IBKBKFCFCFEDCDEDCDGDEBI@EBGAGCEAAAGCCCEAE@IBGDCBCBEBCBGHEHAJ@D@F@D@DAH@D@HBDBDBFBDDDBBDF@DBDFPRTHFLHHBH@FCBCBADEHCD@FBHBH@FBFCJCFANBFDJHDBHBH@F@DBFBFFBFBF@BADAJADEHEL@F@JAP@DBBB@D@D@HGFABADEB@BB@BBB@@HADBBB@FBBD@BEDBHLAFIHIFMP@BBBNHDN@VEN@DBFDBB@B@DEB@BBD@F@FBH@JFH@NHD@HAH@L@J@L@L@HBRJNBNDJBDMHDHBFBJBFBD@F@DCDA@E@E@C@E@A@C@E@EAE@CBC@CCG@C@A@EAE@A@@BABADG@C@AA@G@I@G@KGWOMAQOCCBCJARGNIFABDBD@NBBHBH@DADCLKXMDAFAXBTBNDLBLBJBDDDDFBHDFBHFDBHFFDDDFDHFFBFDHBFBF@FAFEBC@CAG@C@CBGHEJCRANBNFLFL@H@LGFAFEDCD@BABGDEBEDEBA@EDC@CBCCGACACCCECECCCDEBCRMHK@E@C@EBGACAC@C@E@G@EAE@E@CAC@GACAE@EAC@C@CBCJ@D@FBFBHFDBFDDFFDFFDDDBFDFDHBJFFDDBHBDBJ@HBF@F@DBJDFBHDH@D@F@LEFADCJEDAFADCDCFCDEBCBCBCBCAEGCCAECACCG@EDGBMDADADAF@FBH@B@DAB@@AFCBC@CBCDABCDABA@@LGLCBA@AA@C@AAAD"],"encodeOffsets":[[122395,36589]]}},{"type":"Feature","id":"371122","properties":{"name":"莒县","cp":[118.832859,35.588115],"childNum":1},"geometry":{"type":"Polygon","coordinates":["@@IEG@EAE@C@AAA@CFA@A@CAAE@CFM@UCMMGAA@ANOJEJGBEGKCAAFC@AA@EAACAGB@@AA@AAAA@CFABEBGHC@C@A@AA@CBO@I@EFKFGBCBIBC@AAEAEEEEACAE@G@GACAIGECMAEBIDEDEAG@GAEAC@GDCFABADEDG@GAKGGEQSEOAC@CCEAACCACAEACAC@G@CBG@C@C@E@CBIFGHGDAFADADAHCJAF@FBDDHDBBFBHDHBFAJ@FAHCDCFCDCFCDEDELELAJAH@H@LAJ@JABAB@BABCCKBADCLIFCHGFGFEBCDCDCBA@C@G@ADEDCFCDABAFCDCBCBAFAFBDA@A@AACBABANCH@DCBE@EAC@AACQM@AHGLEBAACCESGCEAEAEAEEGCCAAAAACBCBEDC@A@AO@I@E@EBC@EAECEACCEGCCAECC@CAEAEBC@E@EBEFQZwCCAA@A@CAC@CCCIAKCEAECCAAAACCA@CAA@CDCDCDC@E@OBE@CAK@CB@@C@CAGAIACIDE@@A@AA@@@@@A@@@@@@@@@@@B@@@@@BA@@A@@@@@@@@@A@@@@@@@@B@@@@A@@@@@@@@A@@@@@@@@@@@@@@@@@@@@B@@@@@@@@A@@@@@@@@@@A@@@@@@@@B@@@@@@@@A@@@@@@@@@A@@@@@@@AA@@@@@@A@@@@B@B@@@A@@A@@@@@@@A@@A@@@@@@@@@@@A@@@@A@@@@D@@@A@A@@@@@@@D@@@A@@@A@@@@@@A@@@@@@@@@@B@@@A@@@@@@@@@@@@@@A@@A@@@@@A@@@@@@@@@A@@A@@@@@A@B@@@@@@AB@@CA@@@@@@@@@A@@@@@@@@@B@@@@A@@@@@@@@@@@@@@B@@A@@@@@@@@@@A@@@@@@B@@@@@@@@@@@@@@@@A@@@@A@@@@@BA@@A@@@A@@A@A@A@@@@AA@@@@@A@A@@@A@@@A@A@A@@@A@A@A@@@@A@@@@A@@@@@A@@B@@@@@@BB@@A@@@@A@@@B@@@@@@@@A@@@@A@@@@A@@A@@AB@@@@A@@A@@A@@BA@@B@@@@@@A@@@@B@B@BA@@@@@@A@@AA@B@@A@@@@A@@ABA@@B@@@B@@ABC@A@AB@@A@A@@@@@A@@AA@B@BAB@B@@@@@@A@@A@@@@A@@@AA@@@@AA@@@@@AA@@@@@BA@@@@@@AA@@BA@@@@A@@BAA@@A@@@AA@@A@@@@@@@@@@@@@@@@B@@@@@@@@@@@@@B@@@@@@@@@A@@@@A@@@@@@@@@@@@@@@@@A@@@@@@@@@@@@@@B@@@@@@@@@@@@@@@B@@@@@@@B@@@@@B@@@@A@@A@@@B@@A@@@@AA@@@@@@A@B@@AB@B@AA@@C@@@A@AA@@@@A@@A@@@@@@A@@@@@@@@@B@@@@AA@@@@@@@A@@@B@@@@@@@@@@@B@@@AA@@@@@@@@@@@@@@@A@@@@@@@@B@@@A@@@@@@A@@@@@@@@@@@@@@@@@@@@@@@A@@A@@@@@@@A@@@@@@@@@@@B@@@@@@@@@@@@A@@B@A@@@@@A@@@@@A@@@B@@@@@@@@@@@@@@@@@B@@@B@@@@@@@@@B@@A@@@@@@@@A@@@@@@@@BA@@@@@@@A@@@@@@@@@@@@@@@A@@@@@@@A@@A@@@@@@@@@@@@@@@@A@@B@@@@@@@@@@@@@@@A@@@@@@@@@@@@@@A@@@@@@@@@@@@@@@@@A@@@@@@A@@@@@@@@B@@@@@@@@A@@@@@@@@@@@@@@@@A@B@A@@@@@@@@@@@@A@@@@@@@@@@@@@A@@@@A@@@@@@B@@@@@@@@@B@A@@@@@@A@B@@A@@@@A@@A@@@@@@@@@@@A@@B@@@@@@@@A@@@A@@@@@@@AA@@AA@@A@@@@@@@@@@@A@@A@@@@@@@@B@@@@A@B@@AA@@@BA@A@@@A@AAA@@@@@@@@A@AAAB@@@@@A@@AA@@@AA@A@A@A@@@@ABA@A@@@A@A@@@A@@BAAA@A@@@@@A@@@@@@@A@@A@@@A@@A@@@@@@@@@AA@@BA@@@A@@AB@@@A@@@@@A@@@@@A@AB@@@@@@@@@A@@@@@@@@@@@@@A@@@@@@@@@@@@@@A@@@@@@@A@@A@@@@@@@@@@@A@@@@B@ABB@@@@B@@B@@@@A@@A@@@@@@@@@@@@@@@@A@@@@A@@@@A@@B@@@A@@@@@@@@@@@A@@B@@@@@@A@@@@@@@@A@@@B@@@@@BAA@@@@@@@@@@@@@@@@@@@@@BA@@@@A@@@@@@@@@B@@@@@A@@@@@@@@@@@A@@@@@@@@@@@@AB@@A@@@@@@B@@@@@@B@@B@@@@AA@@@@@@@@@@A@@@@@@@@A@@@@@@@@@@@@@@A@@@@A@@A@@@@@A@@@@@@@@@@@@@@@@@AA@@@@@@@@@@@@@@@B@@A@@@@A@@@@@@@@@@@@@@@@@@@@@@@@@@@@B@@@@@@@B@@@@@@@@@A@@@@@@@@A@@@@@@@@@@@@@@@@@@@@A@@@@@@@@@@@@@A@@@@@@@A@@@@A@@@@A@@@@@A@@@@@@@A@@@A@@@@@A@@@@@@A@@BA@@@A@B@A@@AA@@@@@A@@@A@@AA@@@AA@ABA@ABA@@B@@AB@@@B@@@B@@@B@@@BA@CBA@@B@@AB@BAB@@@B@BA@A@@@@A@D@@@B@BECCA@@AA@@A@@@@CB@CC@@A@@AA@@@@@@@AA@@@@@A@@@@@@@@AA@@A@@A@@@@@A@@@@@@@@EACAA@@@A@CBAA@BA@@C@@@@CBBA@AGBA@@@AA@A@@A@AA@@AA@A@A@@@@A@AB@@@@@@@@AA@@@@@ACAA@A@@@@@AA@@@@@@@A@@C@A@A@A@@@ABA@A@A@AAAACGACCGAACAECGCCACCCCA@AAA@A@EBC@CBA@A@A@E@A@AAEBA@C@CBA@A@CAE@E@EAC@ECC@C@MBE@E@A@@BC@CDABCDC@AAAA@G@@AA@@ECE@CAC@A@C@AACACAA@C@C@A@CAECAAC@A@IDABABEBEDEDAACAAACAEAA@C@@B@B@B@@A@@B@@@@AB@@@BA@A@ABA@@BA@A@CBCFCBABAB@B@BA@@@A@A@AAGEEEAAACACA@AA@@C@@@A@CBABABC@EBA@A@A@A@A@C@KBEBC@A@C@EAMAECGAA@C@EBA@@B@B@D@F@J@B@B@D@BAB@@@BC@EBC@C@E@CBE@CBAPAPCFAF@DFB@@@@@@FDHBHDHFF@D@HAHAHBF@DBBD@DCBCBEBCB@DAFBHAF@BED@D@DJDF@H@D@HBDBBDDFDBFBHBD@DADADED@F@F@F@HDDBH@F@F@BADED@D@F@JDB@@BBB@BFDDBNHDDFJJPBFBBEFCDADCFABCBGBCD@@@@ABCBCDEBGDCDEDCDBH@FAHAFADBBDDFDFFHDHJNHJH@D@DADAD@DBDDDB@DBHDDDDFBDDFBD@DCLAB@BCH@D@HBDBDDlFLJLDBDFFFFDBDHFDDFDBDDFFFDDDD@@@@BBHFDDDFDFBDBDBFBD@DBFBDBDBDBFBDBDDDDFBFBFDB@FBF@FADCFEBC@E@E@EAG@E@EAGAG@E@C@GAE@G@E@EBC@EDE@K@C@EBG@E@GBIDE@CFE@CDCFCD@F@FBFBFBH@F@D@DCFADADADAF@DAF@FAFDHBBFFDDDBFFDDDDBDFFBDDFDFBFAD@D@FADAD@FBF@DFBDHDDFDHBH@F@D@H@FDDFBFBD@FBF@D@DAF@D@H@FBDBDDD@DDFBDDF@DH@D@HAD@BDCFAJ@F@H@D@DDDFBF@H@H@F@F@DBJBFD@B@FAFAB@F@F@DBDBFDDDBHBHBD@HAN@N@RDZD\\DVFTLDFDD@DBHADADADCDCDEBCBEDCDCFNNTNRBf@T@P@`BVFPFNFLJT`@@@ABB@BLGJ@FBDARIBC@CABECA@AAGIAEBEDAF@F@DABOQO@CDKDQBCD@DAFBZDH@PBF@FADAFEBGBE@EDAHCFAJC"],"encodeOffsets":[[121937,36823]]}}],"UTF8Encoding":true}