{"type":"FeatureCollection","features":[{"type":"Feature","id":"652301","properties":{"name":"昌吉市","cp":[87.304112,44.013183],"childNum":1},"geometry":{"type":"Polygon","coordinates":["@@GAABQ^MXW`AHEB_HEBTAEBGBIBCBEBAAAGCACDABEBAHKDIHM@CA@K@s@Y@K@G@@B@H@H@DCBI@ABCDE@ECA@M@QBFaDOBAAAC@C@AAAACFEFCNAJABCDAHAF@D@@CBCD@DBBAFCFABAAE@GACACBEFED@BA@ADCBAAAECDE@A@CBADBD@BACCECDEDCDCDDFBFABCCCAA@GEA@CDAH@H@BA@CAACBAADAFCF@ACCCCB@B@BCAAA@CBCHGHCDCBODIDGBEDECEAEDG@EGEACBC@I@EGEE@GCGEAG@EBEBA@C@C@E@E@E@E@A@A@ABCACAG@CBAB@BAA@AAECCA@CBAB@BB@A@AEECC@AB@@AAA@AB@B@D@@AAC@A@@B@@@DAD@@AHCn]XQNKRKHIAAC@CAAA@@C@G@CA@ADABA@@AAC@@B@@AA@CB@B@BBB@@@AC@AAAAACBA@@@@@@ABA@@@A@ACE@AFALCJCXUB@@AB@HG@@@@DCFE@@@@BABA@@BADEB@B@BA@@@C@AC@BA@ABCBAA@@A@CBAB@@@D@@A@ABA@AA@@@AA@@BAB@@@BAB@A@@A@@@@B@@A@AA@A@@@@B@A@@BAB@@AAACB@@AA@@@AB@B@@@@A@@@AAAA@DI@@@ABEBCAC@AAE@AA@A@@@@@AAA@@A@AAAAA@@@AB@B@B@B@@A@@AAA@@AAAAA@@@@AAB@@A@@D@@@@@BABAA@AA@@AAA@A@@@A@AA@@AA@@AB@@@BABA@@@AABA@@@A@AF@BA@AAAAA@@B@D@@A@A@AAAA@@G@@@A@AA@A@AAAA@A@@AAB@DA@C@AAARQJE@@AC@@IIIKCCBE@CBA@CGGCEAAGMIICAFERMHEBC@AAC@@@@BA@@@@@@@@@A@@@@@@@@@@@A@@@@@@@A@@@@@@@@@A@@A@@@@@@@@A@@@@@@@A@@@@@@@A@@@@@AA@@@@@@A@@@@@@@A@@@@@A@@@@AA@@@@@@@C@@@A@@A@@@@A@@@@@A@@@@@@@@@A@@@@AA@@@@@@@A@@@@@A@@@@@A@@@@A@@A@@@@@@@@A@@@@BC@[TA@@BCBA@IB@Ca@ABAABAB@CC@A@CCEEE@@A@A@@@A@@A@@E@A@C@@BA@@B@@AAA@CCAA@@AB@@KC@@KGC@GCA@@@AAA@@AC@@@@@@@@ADA@@@AA@A@A@@@AAA@CAA@AAA@@AB@@@@AA@@AG@@@A@@@@@A@BBA@A@@@@@A@@@AA@@A@@BAA@@@@@@@AAAA@A@@@A@@@A@AB@A@@@@AAC@A@@@ABCB@@AA@@A@A@@AA@ACCAAA@A@@@@AA@@A@@@@A@@A@@@@A@@A@@@AAA@A@A@@AA@@@@AA@@@AA@@@@@@@A@@@@@@@A@@@@@AA@@@@@A@@@A@@@AAA@@@@@A@@A@@A@@@@@@@@AA@@@@A@@A@@@@A@@A@@@@A@@A@@@@@@AA@@@@A@@@@@@A@@AA@@A@A@@@@@AB@@@@ABA@@@@@AA@AA@@AA@@@@@@@@AA@@@@@@@@A@@@@AA@@@A@@@A@@AA@A@@@@@@@AA@@@@@@@A@@@@@@A@@@@@@@@@@@@AA@@A@@@A@@@@@@@@@@AA@@@@A@@A@@A@@@A@@@@@@@@@@@@AB@BBB@@AAA@@A@C@CA@@A@A@AA@@A@@@AA@@AA@@A@@AA@@@A@A@@@@AA@@@@AA@@@AACA@@A@AA@@AA@@@@AAA@@@@AA@@@@AA@@A@@@@@A@@AA@A@@AA@@AA@@AA@@@A@@AA@@AA@AA@A@@A@@@@@@@AA@@@@@@@AA@A@AA@@@@A@@@@AAAA@@A@@A@@A@A@@@A@AAA@@@CA@@AAA@@A@@@@AA@A@@A@@AA@A@@@AAA@@@@A@@A@@A@@@@CC@@AA@@AA@@@@@A@@AA@@@AA@@A@@AACE@@@@@AA@@A@@A@@@@A@@@AA@@@@@AA@@@@AA@A@AA@@A@@AA@A@@@@AA@@BA@@A@@@@A@@@AAA@@@AA@AA@@A@@@@A@CA@@@AAA@@A@@@@@AB@@@@AB@@A@A@AA@@A@@@A@@@A@@BA@A@A@A@@@AAA@@@A@@@A@ABABA@@@AB@@@@@@A@A@@BA@AB@@ABC@A@C@@BC@@@AB@@A@@B@@A@A@@@A@@@A@@B@BA@@@@BA@A@@@A@A@@B@@A@@@A@@@ABA@@@@@@@A@@BA@@@A@@@A@A@@@ABA@@@ABA@ABA@@@A@AA@@AA@@A@A@@@A@ABA@@@@@A@@@A@@@E@@@A@@@A@A@A@@BC@@@@@A@@AA@@BA@A@@@@B@@A@@@@@A@@@A@A@@@A@@@A@@@A@@AA@A@@@@@A@@B@BC@A@@AA@A@@@A@@@@AA@@@A@@@@@AB@@A@@@@@@@AA@@ABA@A@A@@@A@@@A@A@@@A@A@@@A@@@ACAA@@@@A@@@@BAB@@A@@@@@A@@@AB@@@@@@A@@A@@@A@@@@A@@A@@@@@A@@@A@@@A@@@AA@@@A@@@@B@@A@@@BB@@@B@@BBA@@B@@@@A@@A@@@@AA@@@@@B@@A@@@@A@AA@@A@@A@@@@@AA@@@@@A@A@@@@@A@@A@@@@@A@@A@@A@@@@AA@@@@@@A@@@@AA@@@BA@@@@@@A@@A@@@A@@@@@A@@@@@@@@AA@@A@@@@AAA@@@@A@@AA@@@@@AA@@@@AA@@@@@A@@A@@@@A@@@@A@@@A@@@@@@@@AB@@@@@@@@@@@A@@@AA@@A@A@@A@@@A@@@A@@@@@A@@A@@@@@A@@@@@@AA@@A@@@@C@@@@A@A@@CCAAAAEC@@@@@@@A@A@@AAA@@A@@AA@@AAAA@A@@AC@AA@@@A@@AA@@AAAAAEEEC@@@A@A@ACAAAA@AA@@@@@AAC@CA@AA@AEI@A@G@@@@AAAA@A@A@ACA@AA@@A@AAAAA@@@AAA@@CA@AA@@AAA@AAA@A@A@CAE@@CA@@@@@AA@@AE@@AAAA@EAEACA@@EA@A@A@@A@A@A@A@@AAA@AIC@@AAAAA@A@AA@@AAAAAA@@@C@A@@A@AAAAAA@A@AA@@@@AA@@@@@AA@@@A@@@AA@@@A@@@AA@@AAAA@@@AA@AA@@AA@A@@AA@@@A@@A@@A@@@AAA@@AAAA@@@@EA@@A@@A@@@A@A@AA@@AA@@A@A@@@@@A@@@A@@@@@@AA@@A@@AA@@A@@@AA@@@@A@@A@@@@@@@AA@A@@@AA@@A@@@@AA@@B@@AA@@@AA@AA@AAAA@@AA@@AA@@@AAAAA@AA@@A@@@@@AA@@A@@A@AAAAAACA@A@@@A@@AAA@@A@@A@@A@@AA@@@@@@@A@@@@AAA@@@A@@AA@@AA@@AA@@A@AA@@@@A@@AA@@AA@@AAAA@@AAA@@@@@CA@@AA@@AAC@A@AA@AA@@@AA@@ABA@AAA@A@AA@@AA@@A@@A@@A@@@@AA@@@@@@A@@@@A@@@@@A@@@A@@@@AA@@@@AA@@@@@A@@A@@A@AA@@@@@@AA@@A@@@@@A@AAA@A@@A@@@@A@@A@@@@A@A@@@@@A@@@@@A@@@@AA@@@@@A@A@@@@@AA@@AAA@@@AA@@A@@@AA@@A@@@AA@@A@@A@@A@AA@@AA@@@@@@@AA@@@AA@@@@@A@@A@AA@@AA@@AA@@@@@AA@A@@@A@AA@@@@@A@@@@A@AAA@@@AAA@@@@@A@@AA@@@@AA@@@@@@@@A@@@@@@A@@@A@@@@@AA@@A@A@@@@A@@A@@A@@@@A@CA@@C@@AA@@A@@A@AA@@@AA@@AA@@@A@A@@@@A@@@@A@@@AA@@A@@A@@@@@@@AA@@@@@A@@@AA@AA@@@A@@@A@@A@@B@@A@@@AA@@@AA@@A@@@AAAA@AEA@A@@AC@CAE@A@C@@@A@AAAA@@A@AAABA@A@@@AAA@ACA@@@AA@AAAC@@AAAA@A@A@@@@@@@A@@AAA@@@@A@@BAAA@@AA@AAAA@@A@@A@AA@@AABA@@@@@@@A@@AA@@@@AAA@@@@@@AB@@@@AA@@@@@@@B@@A@@@@@@@AA@@AA@BA@@@AB@@@@A@@@@@A@@AA@@AA@@A@A@A@@A@@AA@@A@@@@@@@@BA@@@@@@@A@A@@@@@A@@B@@@@A@A@@AA@@@@A@@@A@@BA@@A@@@AAA@AA@@@A@@@@@A@@@@A@A@@@A@ABA@A@AA@AA@AA@AA@@@A@A@AB@AA@@@@@@A@@@@@@CAA@@@A@@@A@A@AA@@@@A@@@@@A@@@A@@@@A@@@AAA@A@@AA@@AAA@A@@@A@AA@@@AAA@@@A@A@@AA@@AAA@AA@AAA@@AAA@@@@AA@@@A@@@AAA@@@C@@A@@@@@A@@@@@A@@A@AA@@@A@@@@AA@@AA@@A@@AA@@@@AA@A@@@A@@@@A@@@A@@AAA@AA@@CAA@AA@@@A@ABA@@AA@A@@@A@@@@@A@AAA@@AA@@BCA@@ABA@@@A@AB@@A@@@A@A@A@AA@BA@A@@@A@ABA@A@@AA@ABABABA@A@AB@@@@A@@@A@A@@B@BA@@D@@@DADA@@BA@@B@B@B@@@BA@ABA@@BAF@FCBAFA@@DCBAB@BA@AB@B@BC@ABC@@@AB@BA@A@A@AKKACCCEIGECKACAK@IDE@EEEGGIGECIEGGCAAA@ALQAG@AAIAQ@IAAACEAG@M@G@EE@K@ICGEGGGGEAACCCCAC@IAKAGB@A@@CAC@ACAAAAA@AA@A@AAA@A@AAA@AAAAC@AA@@AA@@A@@@@@@A@@@A@AA@@AB@@@@A@@@@@A@AACACAA@@@AA@A@@AA@A@A@@@AA@@AAAA@@CACACAA@CAAAAA@A@A@A@A@AA@@A@C@@B@B@DAH@DAB@BA@@@@B@DAB@B@BA@@BABAB@@ABAB@DAD@@@B@BAB@@@@A@@@ABGBEACCC@@KEIAKAIAEAAA@@AA@@@A@@@A@A@E@@AC@AAC@ACCA@EAEA@@GECE@@AE@@ACCAKCSCA@GASGE@EAUCQAWF[NKLMDSDOEOOIE[KGAQAWHYTKFaJSFUDaF]DcBgJ@FCB@BEDGAK@KB@BG@CDCB@HBNBFEHKJMR]\\IHGHEHEJEH@FDFBD@J@HGPCNFBFALBHHBDAJAFEDCFEFADABBD@DFHAFEFADAFFFJJNHDD@B@FIFKFIDIFQNCDCFAHADBFBHANCN@D@BBBDBDAHALFNBF@FDDBBDFBDDDFJP@HBLBHDDDFAFIHAHBL@LBHABAFAFADCBIFMHKHIHADAF@F@B@F@FBDAFCD@DBHFNFDFDBFHJFHF@FBFALCH@H@FBHBHFHDBDAB@DAJ@DDDDFHDHDBBDDDDFJBDAF@BBBFDFBHDFBTDDDB@DBJBJFHDHBFDDDP@FBDDHBFFDDBLCTBNBHDBJBB@TDFDFD@DDFFDNHNDJ@FADAJCF@NBBDJDNBJBFBFDFFDDFBTFRDHDFBBBBHBFBFLLFHADADCFAD@DBBDDHFDFBFDDFFDDFBFBHHFDJFFDLRHLFFJFH@HD@@@DAFAFAFGFOLKFCFCDEJ@FBJDJFHJFJADAHADCF@HBDFDDHL@FBD@JAHBD@F@DEJCF@DGFKDGDGBABEHCLBLBF@F@@@@BD@@@@@BDJFHDDJHDBH@FAP@FBJBHDFBLCHAF@DBBBDDFFHFB@PBBB@BADCFCH@D@DDDBFHJBJDLBFDLBFBFDDFDFDXLHHH@JBLBLFJ@JAL@V@N@HBN@JAPBPBNBJBJBD@@@BB@@BD@B@B@@@BBF@@BD@B@@B@@B@@@B@BB@BB@B@B@B@B@BB@@B@@@D@@DB@B@@@@AD@BB@BB@B@BA@@B@@BB@@@B@BBBBB@@@@AB@@@@BBBB@B@F@@BD@B@BBB@D@@AD@BB@BB@@@@ABA@@@@B@@D@BB@@@D@BB@BDBBFBBBDD@B@B@B@@@B@B@B@@@B@B@BB@@B@BBB@B@B@B@D@B@B@B@@AFA@AD@D@F@@AB@B@B@B@B@@@F@@@D@B@D@BCD@B@DADAD@D@B@BABAB@BAD@D@B@DAD@B@B@BBH@BAD@@BBBBD@@@AB@B@@B@BB@@@DBB@BBBBFBB@@DDBBB@BBBBBBBB@BB@@@BB@B@@B@@B@@@@@@BBB@BBB@@@A@@@@BB@@BB@@@@@@@@BB@AB@@B@B@B@AB@B@@AB@BAB@@@BA@@B@@B@@BBB@@@@ABB@@B@@@@BBBB@BB@@@B@@BB@BBDBBDD@@@BB@@@@B@@BD@B@B@DBBBB@BBB@BBB@BBBBFBBBBB@BB@BBBDDDBBBDB@@BBBBDBD@BBBBBBBB@BB@@B@BBB@@BBBB@@@@B@B@@BB@@DFB@DB^THFFFDD@B@DCDBBABEDAFAFEHFL@@B@@B@@@BDJFN@B@@BB@@@B@BDH@@BBBDDJ@@DJBDDH@D@DBBBHBD@F@D@BBB@F@B@@@@@D@@@@@@@B@@@BBBBD@B@@@@BD@D@@BB@BHRBFRFDX@HBH@@BF@@@@@B@@@@KNOT@D@FAF@B@FABBB@FAB@D@B@D@BBBAB@B@BBFJRHR@F@R@x@R@R@R@R@x@d@R@f@R@T@d@R@f@R@h@x@J@BQtERERSvWCNGRAF]EPERGRERERERGRERERSvQtUAN@˞˨A@ˡ@@BCXalXeNSPW^oV_bsNWDCLSNUXaVa^mJQDA@AbsduVaLQ@A@A@@@AB@@A@@@A@@BA@@@@@A@ABCBA@A@CB@@@@A@ABABC@CBA@A@ABA@A@AB@@C@@@@@AB@@A@ABA@CBA@ABA@CBC@A@@BA@A@ABA@@@A@ABA@ABA@ABC@ABA@CBA@CBA@A@ABA@@@ABA@CBA@ABA@AA@@@@@@AA@@@@@@@AA@@@@@@@@@@@@@A@@A@@@@A@@@@@@@@@A@@@@@@@@A@@@@@@@@A@@@@@@@@@@@@A@@@@@@@@@@@@@@@@@B@@@@@@@@@@@@@@A@@@@@@@@@@@@@@@@@@@@@@A@@@@@@@@@B@@@@A@@@@@@@@@@@@@@@@@@AA@@@@@@@@@@B@@@@@@A@@@@@A@@@@@@@@@@@@@@A@@@@@A@@@@@@@@@@AB@@@@@@@@@@@@@@@@@@@@A@@@@@@@@@@A@@@@@@@@@@@@@@@@@@@@@@@@A@@@@@@@@@@@@A@@@@@@@@@@@@@@@@@BA@@@@@@@@@@@@@@@@@@@@@@@A@@@@@@@@@@A@@@@@@@@@@@@@@A@@@@@@@@@@@@@A@@@A@@@@@@@A@@@@@@B@@@@@@@@@@@BA@@@@@@@@@@@A@@B@@@@A@@@@@A@@@@@@@A@@@@BA@@@@@A@@@@@@@@@@@@@@@@@@A@@@@@@@@@A@@@@A@@@@@@@@@@@@@@@A@@@@@@@@@@B@@@@A@@@@@@@@@@@@@@BA@@@@@@@A@@B@@@@@@A@@@@BA@@@@@A@@BA@@@@@@@AB@@@@@@AB@@@@A@@@@@@@@@A@@@@@@B@@A@@@@@@@@@@@AB@@@@@@@@AB@@@@@@@@@B@@A@@@@B@@@@@@@@@BA@@@A@C@A@@BA@@@A@@BA@A@A@@@@@A@@@@@@@ADA@@@A@AAG@@@A"],"encodeOffsets":[[89694,45603]]}},{"type":"Feature","id":"652302","properties":{"name":"阜康市","cp":[87.98384,44.152153],"childNum":1},"geometry":{"type":"Polygon","coordinates":["@@@Q@[@¿@m@@[@¥@[@S@{@g@o@e@uAq@ĉBA@e@_BÃA@MKKGGEEAACAAGCCAIECC@@B@@A@@@A@@B@@A@@@A@ABA@AB@@A@@@A@ABA@@@ADA@@BABABABABAB@BA@A@ABAB@AABCBA@@BADABABA@@@A@@BA@ABA@@@@@AB@BABAD@B@BA@A@@BAB@@A@A@AB@BA@A@@@@BC@@@C@@@A@@@AAA@@@A@@@A@@@@@AA@@@BC@A@AB@@A@@@@@A@A@A@@@@AA@@@A@@@A@@@@BAA@@@@@@A@@@AB@@AB@@@@@@A@@@@BA@AB@@A@A@G@@@@BADA@@BA@@BABA@@BABC@@BA@@BA@@@A@@B@@A@@@A@@BA@@@@AAB@@A@@@A@@DAB@@A@@B@@AB@@A@@@A@@@A@@BA@@A@@A@@BA@@@AAABC@@@@@@@A@@@@@ABA@@AA@A@@AAAA@AA@@A@A@@@A@A@@BA@A@@AA@@B@@A@@@@BA@@BA@A@@@ABA@@@@@A@A@@@A@@@A@@@A@@AA@CA@@@@@AAA@AAA@@@AA@@@A@@@A@@@@@A@A@A@@@@@@@A@@A@BAA@@A@@BAAA@@@AB@@@AA@@@@@@@AB@A@B@@AA@@A@@@A@@AA@@@@AA@@@AA@@A@@AA@@@A@@@@@AA@B@AAAA@@@@@@AA@A@A@@@A@@@@BA@@@@AAB@@@@@@@@A@@A@@A@@@AAA@A@@A@BAA@@A@AA@@A@@AA@@@@@A@@A@@CA@@@@A@@@@AA@@@AAAAAAA@@@@AA@@BA@@AA@@@A@ABA@A@A@CAA@@@@@AA@@A@AB@@ABC@@B@@@AA@C@@@AAA@@ACAA@@@ABA@@AA@AB@@C@A@@@ABC@@@A@A@A@@@@@ABE@ABA@@@AB@@@@A@@@A@@@A@A@@@ABA@@@A@A@A@@@A@@@@BA@A@@DC@A@A@@BAAABA@A@A@@BA@@@A@@B@@A@@@AB@BCBA@@B@@A@@@A@@BA@A@A@ABCCE@@B@@AA@@@BA@@A@A@@AB@@@AA@@@A@A@@A@AA@A@A@A@@@A@AA@@A@@A@@AA@@@@@@A@@A@A@@@AA@@CA@@@AA@@@A@@AAA@@@@AA@@@@BA@A@@AAA@@AA@@@CA@@@@CA@@AA@@A@AC@A@A@A@A@@B@@A@@A@@A@@@@@@@A@@@A@@@@@A@@@@@AA@@A@@@@@A@@@@A@@@@A@@@A@@BA@@@@AAB@@@B@BAA@@@@@@@BA@@B@@@B@BA@@@AB@@@@@AA@@B@@@BA@@@@@A@@@@@@@A@@@@@A@@AA@@@@AAA@AACC@CCGEGAA@@@A@A@EA@A@C@AB@A@CAE@AEACAACAAA@AEACAE@EAAEAACAA@@AC@E@ABC@ABA@@@A@@@@@@A@AAA@A@@@BAB@@A@@@ACA@A@AB@B@BABAB@BABC@A@@@A@@EAAAA@@AAAGCAAA@A@A@@AA@@AAA@E@@CCCA@@AAABCAA@AACCEEAAA@@AE@C@AAECAACCAC@AAAA@A@G@AAA@ACCCCAAAACAAEEA@AACAC@CACCA@AAC@G@YCKGMEA@C@A@C@@@AA@@AAKCA@C@E@A@A@@@AA@@@A@A@@AAEAAAC@A@A@C@C@C@CBCBA@@@ABABCBA@CAA@GCEEEAGA@@CA@@AAA@@@AA@@AAA@E@GEKECEAEAG@@ACCACCCC@@AA@A@A@AAE@A@CAC@AA@AAEEAAAAA@CAAACAAAC@A@@AA@A@@@AAA@A@A@A@G@C@CBC@CBCBCBA@@BAA@@ECCECCEAEC@@A@CAGGCAAECAEAE@GBABABCBABCBC@C@CBA@C@E@C@C@@@M@EBG@QAM@MDGBABA@A@A@@AA@A@CACAECC@@ACA@@CAA@CCC@CAC@@BA@AD@B@B@DBDAB@BA@A@ABA@A@AD@F@BBBBB@@BBBB@HCFEDMFEBEBCBCDABEBC@E@AAAACGEGEGCCAAA@A@A@A@CDCDA@C@C@A@A@AAAEAABEAC@ACAAABCBAFA@AFEFG@CDE@CCACCCCAACCACAAECCACA@AA@AA@@ACCCCCABABCBAAC@CBE@GBCB@@C@C@A@A@A@@C@E@C@EECEBCBABCDCDCBC@EBE@GBGBEBEBCDC@A@AAAAAA@CBEBC@CEAG@GBIBIA@@A@A@CAEAAAC@BLBH@B@@DB@@@BBB@@BB@B@B@@@BAB@@@B@@AB@@BB@@@@@@@B@@BB@@@F@@@@ABA@AB@@@@@@@B@@AB@@B@@BA@@@@@@@@B@@A@@BBBA@@@BD@@@BA@@B@BAB@B@B@@AD@B@BAB@BAB@D@BAD@BAB@B@D@B@@A@ABA@A@A@CBA@A@A@@@A@@@@@@BA@@@@@@@A@AB@@@@@@A@@AA@@@A@@@@@AB@@@@A@@@ABA@ABA@CA@@AAC@@A@AAAA@A@C@A@CA@A@@@A@A@@@AA@@@C@C@A@C@@B@@A@@B@BA@@B@B@@@@AB@@@@A@AB@@@@A@@@A@A@A@AB@@@@@@@@@@@@@@@B@@A@@@@@@B@@AB@@@@@@@B@@@@@@@B@@@@@@@B@@@@@@@@@@@@@@@@@@@@AB@@@@A@@@@B@@@@@@@@@B@@@@@@@B@@@@@@@@@@@B@@@@A@@@@@@@A@@@@@@@@B@@@@@@@@B@@@@@@@@@@@B@@@@@@@@B@@@@@@@@@@@@@@@@@@@B@@A@@@@B@@@@@@@@@@A@ABAB@@AB@@@@@@@B@@@B@@@B@B@B@@@B@@@B@D@@@B@@@@@@@BAB@AA@@@A@@@@B@B@@@@A@AB@@A@@@@@@B@@@BA@@@A@A@A@@BA@@@ABA@@@A@ABAAA@@@A@A@A@A@A@A@@@A@@@A@AB@@C@ABA@ABA@@BA@@@@B@@@BA@ABA@@@CB@@AB@BAB@@AB@@A@A@@@@@ABA@@@A@A@AB@@@@@@@B@@@@ABAB@@ABA@CB@@A@@@@B@@@B@B@@@@@@@BB@@@@BA@@@@@@B@@@B@@@B@B@@@@@@ABA@@B@@@@A@@B@BCB@@@@@B@@@BA@@B@@@B@@@BBD@B@B@B@B@@BBDBBB@@BB@BB@DBFBB@@B@B@DAB@@CBAB@@@BAB@@A@@B@@@B@BB@@B@@@B@BAB@@@B@@AB@B@@AB@@@@@B@@@B@@AB@@@B@B@@@B@B@B@@@B@@B@@@BBB@@@@@BB@@@@@BA@@@@@A@@B@@AB@B@@A@@B@@@@A@@B@@@@@@AB@B@@@@@@@@@B@@@@@@@B@@@@A@@@@B@@ABAD@BA@@B@@@@A@@B@@A@@@@B@@@@A@AB@@AB@@@BA@@@@@@@A@@B@@@@@@@@@B@@@BAB@@@@@B@@@@@@@@@B@@@@A@@@@@A@@B@@A@@@@B@@@@@B@@@@@B@@@B@B@@AB@@ABABA@@@@@@B@@@@AB@@@B@@@B@@@B@@@@@@@B@@@@@B@@A@@@@B@@A@B@@@@@@B@@@@@B@@@@@@@B@@@BAB@@@B@@@@@BB@@@@B@@@B@@B@@B@@@B@@BB@@@BB@@@@B@@@@@B@@@@@B@@@@@B@@@@AB@@@@AB@@@@@B@@ABABA@AB@@@@@B@@@@A@BB@@A@@B@@@@@@A@@@@B@@@@A@@@A@@@@@@BA@@@@@A@@@ABA@ABA@CBC@ABCB@@@@@@A@A@@@A@@@A@@@@@@@A@@AA@@@@@A@@@@@A@@@A@@@@@A@@AA@A@A@@@@@@@A@@@@@@@A@@@A@@@A@@@AB@@@@@@@B@@@@@@@@ABA@@@@@@@A@@@A@@@A@@@@@@@A@@B@@@@@@@@A@@@@B@@@@@@A@@@@@@@@B@@@@@@A@@@@@@@@@@@AB@@@@@@@@A@@@@@@@@BA@@@@@@@@@@@@@@@A@AB@@@@@@A@@@@B@@@@A@@@@B@@A@@@@@@@@@@@@@A@@@@@@@@@A@@@@@@@@@@@@@@BA@@@@@@@@@@@@@@@@@@@AB@@@@@@@@@@A@@@@@@B@@A@@@@@@@@@@@@B@@@@@@@@A@@@@@@@@@@@@B@@@@@@@@A@@@A@ABA@@@@@A@@@@@@@@B@@@@@@@@@@A@@@@@@@@@@@A@@B@@@@A@@@@@@@@BA@@@@@@@@@@@@@A@@@@@@B@@A@@@AB@@@@@@@@@@A@@@@@@@@@AB@@@@A@@B@@@@A@@@@@@@@@@@@@@B@@@@@@A@@@@@@@@@A@@B@@@@@@@@A@@@@@@@@@AB@@@@@@@@@@@@A@@@@@@@@@@B@@@@@@@@A@@@@@@B@@@@@@@@@@A@@@@@@@@@@BA@@@@@@@@@@@@@A@@@@B@@@@A@@@@@@@@@A@@B@@@@@@A@@@@@@@@BA@@B@@A@ABA@@@AB@@A@@@@BA@@@@@A@@@@BA@@@@@@@@@A@@B@@A@@@@@A@@B@@@@@@A@@@@BA@@@A@@BA@@@@@@@AB@@AB@@@@A@@@@BA@@@@@A@@@@@@@AB@@@@A@@@@@@B@@@@A@@@@@@@@BA@@@@@A@@@AB@@@@A@@BA@@@@@@@@@A@@@@B@@A@@@@@@@AB@@@@@@@@A@@@@@@BA@@@@@@@A@@@ABA@@@AB@@@@@@@@A@@@A@@B@@@@@@@@A@@@@B@@@B@@@@@@@B@@AB@@@BA@@@@@@@@B@@@@@@BB@@@@@@@B@@@B@@A@@@@B@@@@A@@B@D@@A@@B@@@@@@A@@B@@A@@B@@@@@B@@@@@B@@@B@@@BBB@@@@@B@@@B@@@@@@AB@@@@@@@B@@@B@@@B@@@B@@@@@B@@@@B@@B@@A@@@@@@B@@@@@B@@@B@@@@AB@@@@@B@@@@AB@@@@@B@@@@@@@@A@@@A@@@A@@B@@A@@@@@@B@@@@A@@B@@A@@@@@@@A@@BA@@@AA@@A@A@@@@@AB@@@@A@@@A@A@@@A@AA@BCAAB@@A@@@A@@@@@A@@B@@@@A@@B@@A@@@@@@BA@@@@@@BA@@@@BA@@BA@@@@@@B@@@@@@@BA@@@@@@B@@@@@B@@A@@B@@@@AB@@AB@B@@@@@B@@@B@@@@@@@B@@@@A@@B@@B@AB@@@@@B@@E@AAG@C@GAC@C@EAA@A@E@AAC@C@C@EAA@A@C@C@CAE@E@C@@@BDDJHRFPHRFNJX@@@@BFFPFNFNHRFNBDFPFN@FAT@T@TAT@TAXCHCJGNGPEJGPEJBJ@@@B@B@J@B@B@D@H@F@H@H@B@DJTDLRzT~\\NpJZXVRzXLjFP^ VRzVLhJ`ZZT`׼@"],"encodeOffsets":[[90851,46083]]}},{"type":"Feature","id":"652323","properties":{"name":"呼图壁县","cp":[86.888613,44.189342],"childNum":1},"geometry":{"type":"Polygon","coordinates":["@@@˝BMVRsTuFQFQHQFQFQFQHQFQFO^BEHQDMXTuFQFQRs@A@I@w@g@Q@e@Q@c@S@Q@e@Q@c@w@Q@Q@Q@Q@w@Q@EGQIQAE@A@ABAAA@A@C@A@CBA@EAABA@E@ABE@E@CPSLM@@@@@A@@@@AE@@AG@GCWQEAEGQ@AAA@@@CAC@@@@@AACAA@A@@@A@@@@@@@C@@@@@A@EAA@A@C@EACAGAA@C@CCGACCI@@CIACAA@@CG@A@A@@AA@@@AEMCI@A@@@AA@@@EKFGBEBEFCBAAADC@C@ACCEEGE]SCAA@CE@@AA@@@A@A@@A@AA@AA@AAA@@@AAA@AAAAAA@AACACAA@AA@ACAACCACAAA@@AAAAAEAAAAAA@AAA@AAA@AACAA@A@C@@AA@@@@@AA@@C@ACCAAAA@@AA@@@A@@AAAAA@@@@@AA@BA@@@@AA@AA@@@@AB@@A@@BA@ABA@@@ABAA@A@A@@@BAA@@A@@@@@@A@@AA@@A@@B@@@A@AAA@AA@@@@@@@AA@@@@AAA@@A@@AAAAAAAAAA@AACC@@AAAEAA@AAA@C@@AAA@@@@ABA@@C@AAAA@@BC@AAG@A@A@ABC@C@A@CBC@ABABA@A@A@CBCBC@C@ADC@A@C@A@C@@@E@@@A@A@A@ABA@@@E@CBCB@BE@@@A@A@A@C@A@A@AAA@A@AA@@A@A@A@@@A@A@A@@@A@A@ACCAAEAAAACA@@A@C@@AAC@@@@A@@B@BA@@@@AAA@@ABC@@@CAA@A@AAC@@@E@AAAAA@@@@BA@@@@AAAA@A@A@@AA@@@AB@@A@AAAA@@ABC@@@@@ACA@@@C@@@AA@@A@A@A@A@AAAA@@A@A@@@AA@@@@AAC@@AE@A@@@A@AAC@@AA@@C@IAIAMAOAOAIBM@GAM@U@K@IBI@KEKAIAG@GGWKECECCCAEAECKAECKAIGIAECC@C@CDGDEBC@AAAOAA@GEEECCAACAE@GBKDEAGCIAEAO@EBG@CAIGCCEGCI@A@@@@AC@@@@@EAEAKDKFGBAHAHCLCHE@CDEFI@C@EACBG@IAC@EGKCCCEGAE@CDGBCBIBIEEGCIAI@EFIDCDELEPKHEBEBEBE@C@@GCG@IEEEGKKQECIEECGGEAEACCEECCAECEGECCAA@CBCDEBCBCEGKKAEAEAGAAEAGCQCSEEACCEEECEAIAMAICACMAE@IDCBEBI@MCMGECCE@CECECSCA@IACAAGAMDSAKCCEEGACCEAO@CCECGAGCIEIACAA@CCSCEAGCEAECAA@ABEACEICCCCAAGCGCCECC@CBI@CBAACGCGEGAEAG@G@KDEBEAE@EGGIAEECECEMAG@CDCBEAC@E@E@A@EBEBCJGLGNGJEDABCBEBEBAAG@KAKBGJGBECECCAGAK@GIOCECCEAACCAECE@MAKEGBCBCAAA@A@CDMBMAGAEBCBGDEDCRMJEJCLEJE@E@ACCMGIIEEBEBCFEBEEG@CACBABCFEDEFCBEBIACGGKAEBEADMHO@G@IACCE@EFGFIFGHGJG^[NQLIFGAEAM@GA@ADABABADABABAD@BA@AB@DA@@BABAB@BA@@B@@A@ABA@A@A@@@@@A@CACBA@A@AB@@@B@@AB@B@@@BAB@@ABA@A@C@A@A@ADA@A@@BA@@BAB@BKFADCBAB@B@@AB@@ABABAB@@ADA@CDABABABCB@BAB@BA@ADCBADCBA@ABCBABCBABAB@BABCBABEDABGDEDABA@@@A@AB@BA@A@CB@BA@A@C@C@GBEBC@C@ABCB@@CBC@CBA@CBC@A@CBA@ABEBA@EBEB@@A@@@GDA@A@C@E@C@@@E@@@A@ABA@ABGDA@A@G@C@EAC@EBC@@@CBCBIFEB@BE@A@@BA@AD@@@@AB@@A@@BBB@DA@@@@B@BA@BB@BB@ABB@@B@BADAB@BA@ABABABE@A@CB@BA@A@ABC@@BABA@A@AB@@AB@@@@@B@@@BABIHGDI@K@I@MDUHQFSBI@EDQHQFGDCFAF@FBHHJAHIDEDEDBHFL@FAPEFMDUFMBKDAD@DBDDJ@DADAFIFEBGDCFAFEBEBEBGFCD@D@HAJCN@T@BEN@DBHBNDFDFJHFDFDBD@N@JBFDFDBDJBF@DBBBHDFDDHJDDBF@HAH@FDDFFHDD@HBLCbGLCDBB@@JHJBFFLBBLBL@DBDD@F@HAHAFAH@DBBBBD@F@FH@@FDFBJ@JARBB@DDDDHFFBJADBDDDDBF@D@FADIJCFCF@F@HBDCDCFBDDFDDBDFBDDDDFDFFDHFFADDDPHFBF@LHFBTJLHFHDFDDBD@DADAFAF@DADGFIJCDEL@JCFEFEBSDKDGBIBM@KBCDEBAF@FDDFDJDFFDFAFAFBLBHFHBDHDDFDDDFHFFFHJBFDHBJBLBHBFFLBDDFHHDFDDBDBBAFCFFBF@DDBFDH@^BHCFALAH@F@HFJDDNFPBLDLFB@JDHHFLFJFJFFFHDDDHFFBHBDAHEDCDALALAFEDCDEDCDADBBBHHFJDDFFBFBBBBBBD@@B@DBBBBBDB@B@@BBDB@BBB@@DBB@@BDBD@@BD@B@BBDDFBBBBB@@D@FDBBD@DBFBHBH@B@B@DBD@LBB@DBB@DBBBB@BB@B@@CBEBIBC@CBA@CAK@@B@DCDABAD@B@D@BADABCB@@@B@B@B@BAB@BABB@@@B@BA@AB@BBDBB@@@BCD@B@DB@@DBBB@@B@@BB@B@@@BAB@D@B@BA@@DBB@DBD@DBB@B@BBB@DAB@B@B@BD@@D@B@B@B@@@B@BB@AB@BDBB@BBBBB@@ABCDAB@B@B@BBB@DBB@BDDBB@@ADDBB@@BDF@B@BA@AD@B@DB@@D@B@FAFAD@B@D@FA@CDAD@@@B@@BBDB@@BDB@DD@B@@@B@@BDBDBBBBBBDBBB@@BBBBBBBB@@DBB@@@F@@@DH@@B@BB@B@@BBAB@BBB@B@B@@@B@@@@BBDBBBBBBDBBBDBB@B@@@B@@FBBB@@@BFBHDDDFBBF@BBBB@BBJRDHBDSlITBB@@@B@BAB@B@@BB@D@BBD@B@@@B@@@BB@@@@BB@@B@B@B@DADAB@B@@@D@B@@AB@BA@@B@B@@AN@F@F@N@TBL@\\k`BBHFFD@BCJ@D@B@F@B@@B@@DB@BD@B@BA@INCDGHCDAFCH@BEL@BIVTHfRPBAD@@@D@@@B@BAF@BADAB@BAB@@ADADBH@@BB@B@B@@ABCD@BAB@BB@BBHDBBAB@FFD@@@DB@@B@B@B@DBB@DB@AD@H@B@D@@AD@BAB@@@B@@AD@B@BNHx\\@F@@@B@BB@@B@D@D@@@BB@@@BB@@@DBB@B@FBB@@@BB@BBBBDFBB@B@B@B@@@@AB@D@@@B@B@@CAABC@ABA@@BB@B@D@B@B@BBBAB@@@@D@B@@@@@BB@@B@@@@@BAB@@@@A@A@AAAB@@A@C@@@@@@BB@@BB@AB@@BB@@AB@@@B@@@B@BB@@@@BCB@BABADADAB@@A@@BCDA@@B@@A@@@@BBBAB@@ACCAA@@AC@@@@BA@@@BBB@B@@B@B@@@BA@ABAB@@BBBAB@B@@@@B@@@@@BBB@@A@A@CAC@A@CB@AA@A@A@@BABCAE@EBGEEAC@A@CDCFADA@B@DB@ADABCBA@@DBB@@AB@@B@@ABA@@B@BC@CBC@CB@B@@@BA@GBID@B@@@B@BA@A@CB@BA@@BAB@@BBA@A@A@ABA@@@BB@@AB@@A@A@@@@B@@@@@BB@@@@@@@@A@@B@@@@@@@@@@B@@@@B@@@@@@B@@@@B@@AB@@@@@@A@@B@BB@B@@@@ABA@A@@@A@@B@@AB@DA@AB@@@@D@@@B@@B@@@@ABB@@@B@B@@@@@ABA@@@A@B@@B@@B@@@@B@@@@@BB@@@CBA@A@@@@A@@B@@A@@CAA@@@@@@@BB@BAB@@AAA@@@@@@B@@A@@@@@@@@B@@A@@B@B@@B@@@DA@@A@@AB@@BB@BA@@@B@@AB@@@@@BB@@@B@@@A@@@A@@@@@@B@@A@@@@@A@@@@@BB@@@@@@ABA@@@A@@@A@@@@@@@BB@@A@@DB@BD@BBBBB@BB@@B@BDB@BBB@B@@BBBD@@BB@BBBBDBB@@BB@BBBBBFLB@@BDD@BDD@B@BAB@DA@@DA@@DAB@@@BAB@B@@KZQpEPENGVENADAJAFCHK^CNAB@HCRAT@@@DAB@B@B@BCR@BAD@BAB@@AB@BCHA@Ah@BlzFBPRFZHDBLBDBB@DBF@DDV@D@H@d@x@n@H@J@@@dAf@dBf@d@dAd@°@@|@^@NѤA"],"encodeOffsets":[[89093,46420]]}},{"type":"Feature","id":"652324","properties":{"name":"玛纳斯县","cp":[86.217687,44.305625],"childNum":1},"geometry":{"type":"Polygon","coordinates":["@@@@@BA@A@C@A@CB@BA@@@@BBB@@@@ABA@A@E@CBA@AB@BA@@@@BBDBB@BBBB@@B@@BB@B@@AB@BAB@B@BA@@B@B@@BBD@@BBBBFDBDDBBBB@B@FB@BBB@FBBADAB@D@DBB@B@B@B@@BBB@FBB@BB@B@B@DAB@B@D@@B@BB@@BBB@@CJB@@BBBBBHBFDBBBBDFB@BBBBDD@BBBB@LDB@BD@D@BA@BD@BB@B@F@@@B@DBBB@B@BBBBBFBBBDB@@@BAB@@@@NBBBD@B@@@B@B@DA@@DA@AB@@AB@B@D@D@B@B@DAD@H@@@BBB@BBB@B@FDBB@D@@@D@BBB@@BBB@FBB@@@BBBBB@DDBB@B@@@BABAB@B@@@DBB@@DDB@@B@@AB@BB@@BB@@D@BABAB@@@F@BAD@BAD@BBBBBBBBB@BBDAB@@CD@BAB@DDBBBBBDBBB@@@DBDBBBDHD@@BB@BAB@DBDBDB@@B@BBBBH@D@BAB@BCBABA@@@@BBDBBBBB@@B@BBB@B@B@BDBBBA@ADA@@BBB@@D@HADBBAD@BABAB@@@BBB@@B@@ABABAB@BB@B@BB@@BB@@@BABAB@BA@BB@@@@BBFAB@B@DBB@A@ABAB@B@B@@@BBBFD@@BB@B@B@B@@BBB@FBBBB@@BB@BBBB@@B@B@B@@@BB@BBB@B@@AD@B@B@BBB@BA@@BAB@F@@BB@@AD@BA@@B@B@@@BCBABABA@@BABABAB@B@B@DBBBH@D@B@B@B@@BB@BB@@@DA@@B@B@BB@B@FBDA@@B@@@BB@@B@@@BA@@B@@BBB@DBB@B@@B@@BB@@BBB@@@@B@@ADA@@BB@@BB@@F@B@B@D@@BB@D@BA@@B@BBB@BBBBBD@BB@@B@BBB@BBB@@B@@ABA@@DB@@@DB@@B@BAB@@@B@@B@B@@B@JABBB@@@BB@B@@A@@B@B@B@@BBBBBB@@BBBDDBLDBBB@BB@BB@AB@BBBADB@BBBB@B@D@@DB@BBD@@B@@BB@D@@@B@BBB@@BB@@B@@EB@B@B@@BB@@BBB@@BBB@@BBB@D@B@@B@@@BB@BBB@@@BAB@B@@@B@B@@B@@BB@BD@BBBBBB@B@@@@BBB@B@B@BB@BB@B@BB@@BB@BBB@BB@DAH@@BB@@@@BDF@B@B@B@@B@D@@BB@BB@@BDB@F@@@BBB@D@D@B@BB@@@B@BB@@@BBD@DBBDB@@@B@@@AA@A@@BAB@B@BBB@@BDD@@BBB@B@DA@@B@@@@@@BBB@@B@B@DAB@@@B@@@B@@B@@@BA@ABC@A@@B@@B@@@D@F@B@H@D@F@B@F@@@D@B@FAF@F@D@@@D@B@@AB@B@BBD@FAD@B@B@DBB@B@BB@B@@ABAB@@CBC@AB@@@DA@@BAB@@A@A@AB@B@BAB@BBBDB@B@B@@AD@F@BABA@A@CA@BC@CBAFABAB@@BBD@B@DBBB@@@BAB@B@BB@BB@BBBABAB@B@BDD@B@BBD@@ADAB@BBBBBD@D@@BB@@BAB@B@BBBB@@B@BBBF@@BB@@BA@@BA@@B@B@@FFHHNJLFJFJHNJLLLJNLHHLFHHDJJLJNNPDJJJ@@@BBB@BB@BBBBB@@BB@BBB@BBB@BBBBB@@BBBB@BBBBBBB@@BBB@B@@BB@B@BB@BB@BBBB@BBBBBB@@BBBBBBB@BBBB@BB@BB@@@BBB@@BB@BBB@@BB@BBB@@BB@BBB@@BB@BBB@@BBBBBBBBB@BB@BB@BB@BBB@BB@@BBB@B@@BB@B@@@BAB@B@@@B@B@BA@@BAB@@AB@B@BA@@B@BA@@B@B@@@B@@@B@B@BB@@BDDDFBBBDBBDDDDBHDF@BDLDP@BAF@DAFAH@B@FAD@F@BABAD@BBJBBB@@D@DAF@HBF@B@BADAJ@DADBD@BBL@D@BBBFDDFBBBD@B@B@DB@DD@BBDFL@B@D@D@DAD@BBDBF@H@DBH@DCDADAFGVCHAFBHAH@B@HADAFAB@B@@@DABAR@J@LBBADAF@FAFBL@DADEFADCFCLADAFB@@BBD@@@B@DB@@B@BBBBDBDBBBBBBDDJLBF@B@B@BCBCB@@A@C@A@A@ABA@@BADABA@ABABA@CB@@IAABBB@D@@A@C@CCAA@A@A@AA@@A@AAA@@A@CBABAB@B@B@@@BABADEB@F@BBB@BABABABA@A@ABABAB@B@BFDDBBB@BABA@ADABABADABADCDCH@@BD@B@DADEFAB@BBB@BAD@D@FBJAB@BABCDCB@BAB@BBBBBBF@BEHCDAD@B@DB@@BABBBBBBBDBBBB@@B@BBB@D@BBDDD@B@BABCB@@GDED@BAB@B@B@B@@@BADAB@@@B@@@@BBBA@@BABA@AB@B@BB@@@@BB@@@@AB@BBB@B@@AB@@@@AB@@@@@@@@ABA@C@A@C@EAC@EAA@AAA@@@@@@@A@@@@@@B@@ABADA@A@AA@@@A@A@AA@A@A@AB@B@B@B@BA@C@@@AAACBABC@C@@AACAABC@CDA@EAA@@BABBB@@B@DB@@B@AB@@@B@B@BA@ABA@A@AACAC@A@A@AB@B@BAB@BA@C@ABCBAB@B@@AB@D@@BBBBB@FB@BDD@@CBCAEACAA@@B@BDBDB@B@@ABA@CAEACA@@ABAD@B@B@BABGB@@GDEBEAABE@ABAB@BBB@BB@BA@C@AD@@ABBB@DDB@@D@BA@A@AAC@AA@B@B@BBB@BA@A@EGA@A@C@A@@D@BA@A@@@@A@A@@C@A@@@A@@DA@ABCBA@AA@ABA@A@@AAC@CBE@@B@FAB@B@BBDAL@B@@BBB@@@DA@AB@@@BB@B@DABEBC@CBED@@@B@B@@E@E@ABABAB@B@BAB@BA@A@AA@@@C@@C@CB@@@BBBDBF@BBB@B@BBB@@@@B@D@B@BA@A@@AAAACC@A@@B@BAB@DBBB@F@J@B@BBA@ADA@ABG@@@A@@BAB@@E@@@@B@B@BBB@BABABADCBABA@A@AA@AIC@AA@ABA@@B@BB@@BB@BADB@@BF@B@B@@BB@@D@BBBB@B@@@BABA@A@AA@CA@A@A@CB@@@@@BDBB@ABABCB@BA@@@@AAA@A@A@AA@@BA@ADABA@@AA@@@@A@@B@B@BA@@@AA@A@A@@BA@@B@BDD@D@DA@CBCBA@@B@@DBB@B@B@BAB@@ABAB@D@BBDBBB@@ABA@ABABABAB@B@@A@@AAAA@A@@@@BB@@B@@@@ABA@BB@FAJ@@GDCBHDPJVNVNFDGTCJKLSVeZEFCBEFEFAFEN@FAD@B@F@F@@AD@DCFEJAHAD@BGJGJCFCDKHOLEDOJGBKHEDGFEFCDEFADCFGHCDGDQJKDE@KDħG@@Z@T@F@B@H@H@F@H@H@H@F@H@H@F@H@HBH@F@H@H@F@H@H@H@F@H@H@F@H@H@H@F@H@H@F@H@H@F@H@H@H@F@H@H@F@H@H@H@F@H@H@FBH@H@H@F@H@H@F@H@H@F@H@H@H@F@H@H@F@H@H@H@F@H@H@F@H@H@F@H@H@H@F@F@HAF@F@D@H@FAH@FAH@FAHBF@F@B@HAHېB@M@]@{@@¯Bc@c@cAe@cBe@c@@@I@G@m@w@c@G@CCU@CAE@CAAACAKGCEYOQEAky@ABgB@DG@ABA@@BA@ABC@ADQ@A@A@ABA@C@@BSDQ@GBADML]DGBEBIBCFMHUFMFORoLY@@@ABA@A@@BA@CB@@CB@@CBA@A@ACC@ACC@AA@EKAAAA@AAA@@AAACAA@AAA@@ACAA@@@AAA@ACA@A@AA@@AAAAA@AACA@@CB@@@AA@@@@@@B@@@B@@@B@BA@@@@@@AA@@@@B@@@@@B@@@@A@@@@B@@@B@@@A@@@A@@A@@@@BA@@@A@@ABA@@AA@@BB@@@CB@@A@@@@A@AB@@@@A@@@@@@B@@@@A@@@@B@BB@@BA@AAA@@@@@@B@DB@@@BA@@@@B@@B@B@DA@@A@@A@@@@@A@@A@@@@AA@B@@@B@BA@@@@A@A@@@A@BA@@@@@AA@@@C@@@@@BAB@@CBA@@@AB@@@B@B@BA@@@@@AAAA@@@@B@@@@A@@BA@@@@@@A@@@@A@@@@@@A@@@@@@@@A@@@@B@@@@@@A@@A@@@@@A@@B@B@@@BA@@AA@@B@BAB@B@B@AA@@BA@AB@@ADAB@B@@A@A@@@AJCHAB@@A@@@ADAD@DAD@@A@AB@BA@@@AA@@BA@CA@@ABADCB@BCAA@B@BCDEDCB@D@FBHFFAF@DBBA@AB@B@B@@BDAB@D@DBB@B@@@AA@A@@@@@A@@A@A@ABAA@@BABAB@@A@@@A@AA@A@AA@@B@@A@@D@@BB@DBBD@@BAAA@A@@B@@@@AB@DC@AB@@@BABCBCBA@ADA@A@@A@@A@A@@@A@@BA@@AA@@BAA@@AA@@A@@@@D@B@@@BABBB@B@@@@@BA@A@@@@@AA@@A@@@@@A@C@@A@ABAAA@A@C@A@A@@AB@BAD@BADB@@@A@A@@@CBA@@@@@A@A@AAACEAAAAA@@A@@AA@E@AAA@C@@AA@@A@@A@@@C@C@AA@@A@A@@@Ew[MG@A@ABC@@@A@@BA@ABC@@@C@A@GBCA@@CAA@C@A@A@AA@@C@@EC@EBAAAGCAAA@@ABA@ADCBA@@@A@AAA@@AGBCBC@@BA@ABABC@ABE@A@A@@@C@@BCOAeQSGJU@AFK@ADGBEDCHGDCJMB@@A@AACA@@CA@@@@A@E@A@CDI@AECGEAAl_@[AK@S@M@E@EBM@@@A@AB@@ABA@@@A@C@@@ABABC@C@A@A@AA@@A@@A@@A@@@A@@@AAC@A@CAA@@@ABA@A@A@@AAJSTkACCGIQAAA@AA@AAEEACCGCEA@A@@AAEA@@@A@@@AAAACAAACAAAACAAA@@@@@A@@@A@AAA@ABAAA@@@AAAA@@@CG@@E@@@A@CA@@AAAAAAAA@@AACAAAAAAAACAC@@@A@@@ACCA@AC@@CAAA@@@A@@BCDCB@@E@C@ABCBE@E@A@CA@@C@ABCB@@A@ACE@AA@CABC@@AACC@AAA@CAA@A@A@ABADCBA@@AAAA@AAAACA@@BAAA@@@A@A@A@C@@@ACA@A@A@CBA@AAA@A@CAC@CAA@CA@@ABA@C@A@AB@@A@A@@AA@@@AACA@@CAA@C@AD@@A@CAAAA@@BABA@@@A@BA@ABA@A@A@A@A@@DABABC@A@C@ABCBADC@C@AL@DBB@DAD@JAFADA@@@AAAA@AACAA@CAA@KAC@CAA@A@G@GAEACAC@AAECC@@@AAAAEACCAAA@C@@AC@CA@AA@CA@@AA@ACAAA@@@ACAAAAACAA@@@ACAAAAEAEACEICGEAGAABCDCFCDCFCBEBKBKDCFCBGACAGEECGCCEGEEEIEIEKGGICA@KEKCOAMECCEI@G@EBGBKDEAG@]CGAECCE@EADEBEAAACCCCEGGCEACEKAEAGAKAICGAEGIEEGECECCCEGCACEGAGAKBEBECEEEICECCC@EBEFADCLAN@JAHALCTCFAFEDE@IFKDCJIHEBC@CBEBEBC@CACCCCEEGKGSIEAKGE@EAOGCCBCEECGEEECCCCCEAACCCCEACDEDCAC@G@EDEDEJIBC@E@CAECCCCCAIBEAGECCCCA@QAIBI@EAEC@@EGE@C@AAAA@CBGBEBG@G@ECCCAK@KAAAEKAEGI@IA@CAKDaHKDGAC@GCEECC@EBG@GAECCGICCCEAGAA@CAECICACEAE@I@MACECECIGCECEAMAG@CFMC@@@A@CACAAAA@A@@@A@ABA@A@@@A@@@@C@@@@AAAAKCA@C@A@@@ACAAAAAACCEACAC@C@E@CBC@EBA@@@AA@E@@CAC@CACAA@C@CAAAAA@AA@@@GBCBADA@@BCBGDABABA@A@A@@AAA@@A@AAA@ACAA@A@C@@A@A@CCGEAACBE@A@CBEFGF@@A@A@E@AAABA@ABCBI@A@EBAB@@@B@@@B@B@@AD@@CDABA@G@A@E@C@EBCBAB@BABCFABA@CAAAE@MAA@CBCDCDGFA@GAC@ABCBAB@BA@A@G@A@A@ABABA@A@EA@@A@CBCBCB@@ABAAC@ABEDA@@@A@AACCC@AAAA@AA@A@E@CAC@CAA@A@A@@@A@A@@BCBG@EBABIBCBABABCBABA@E@ABIBIDC@A@A@CAA@@@CAGBA@E@C@@@ABADABA@A@ADAD@@ABEBAB@BAB@@A@GBEBA@A@A@A@EBA@EDGDEDABA@C@A@ABA@A@@@CBCBCBABCB@@CBC@ABA@A@CDADA@@AA@AAEAA@E@E@ABEBABA@ABA@A@GCA@A@A@A@A@CBCB@@ABAB@BC@ABABA@CBABA@@BCBABAB@B@B@BABEBGHCF@BCB@BAD@DA@@@ABC@A@A@@BAB@BAF@BA@A@C@CAAAI@A@C@C@@@ABABA@A@C@C@A@CBA@CAAA@@ABA@C@AB@AEAC@AA@@ICM@GBEBE@CB@@@@DBBD@BB@F@B@@@BB@BBBBB@B"],"encodeOffsets":[[87652,44576]]}},{"type":"Feature","id":"652325","properties":{"name":"奇台县","cp":[89.591437,44.021996],"childNum":1},"geometry":{"type":"Polygon","coordinates":["@@BBB@@B@@ABEF@BAB@B@@BD@@@B@@BBAD@B@B@BBB@@DBD@B@@B@@ABCDC@@B@@@B@@BB@B@@A@IFAB@B@B@BAF@DABAD@@BD@DAFAFAFAB@BCDAB@B@D@@FFHFBBDBBDJJDDBBDBFBDBFDBB@DBBAHBD@B@BB@DDDDDDBD@BBH@DBD@BDFBDBB@@@FDJBDDJFJDH@FBDFLHRFF@BBBFFBHBBFD@B@@BBBBBBBBHFDB@@DBBB@BDB@BFDDDDD@BDDJFFFDDNLPLDDDDDB@BDBDFB@BDHJBBB@@BDDBDBDFFBBDHDJBBBDBDDF@@BB@DB@BBA@@D@B@@BBB@@B@BAB@B@BBB@DB@BBFFBBDBDFDDBDFHJJFFHH@BB@@BFHFFFHDHBBFFFHDDLPFFHHFHDFDFDDFFBBFFFFJLFHDDBDFFHH@@BB@@@B@@B@@@@@BBBB@@@B@@@@@@@B@@@@B@@BBBDFBBBB@BBBBDHPBD@BLDBBLDXH^LJDLDjPNFZTHHDLD\\JLDPF^LHDZSL@PENINAZI^OfUPKNMBABM@gXqDKXkNYNYCoKUvLpQnUhEMwdYCItD®PXHjV^DXE~MzNfD\\GfFbOtQAODKLUdavERCVapCtEjCrA\\O^K\\IECCIgEKEIM]K_MkEQKeAEAECMAEI]AGA@@@CA@@CAA@@@@AA@@AA@AAAAAAAAAACAAAA@A@CA@@@@AAAA@@AAA@@@A@@B@@A@A@A@@@A@@@@@A@@@EA@@@@@AC@A@A@@@@@@@A@A@@@@@@@A@@@A@@@@@C@@@A@@AA@@@@@A@@@@@@@AA@@B@@@AA@@@@@@@AA@@@@@@@@@@@A@@@@@@A@@AA@@A@@@A@@@@@A@@@@@@AA@@@AA@@B@@@@AA@@@A@ICSKKE_QECEA[OQIUKg[KCACAAAA@EAA@EAICCAC@ICC@@@@AA@GICECECC@@A@@@BG@CAA@AAAACEEAAIEEAAAA@@ACC@A@@A@@@CAA@@C@@@@@ABABA@A@@@@GIGGACACIICEA@ACAAGIACEE@@AACEACAAAAAACEAA@@@A@@CGCCA@EE@@@@@AA@A@@@@@@@ECAC@@AACA@@AA@@A@@AA@CAC@CAAACAA@A@@@A@@AA@@@CACACAC@@@@@AAA@@@@A@@@@AAACAC@@@@ACA@@C@@@AAA@AAA@A@@AAA@@@@ACA@AA@@@@AA@@@AA@@@@@A@@@@AAA@@AA@@@@@@@AA@@@@A@@@@A@@A@AAC@AAA@@@A@ACAA@@A@AAA@@@CA@@@@@@AA@@@@@@@AA@AAA@AC@@AAACAA@AA@@@@@@@@A@@@AA@AC@@A@@A@@@@A@@AAAAAAAAA@AAA@@@@@AA@KCCACAA@CAA@A@AAA@@@@@@@@AAAAA@@@@@AAACC@A@@@@@@@AAAA@@@A@@@@@A@@@@@A@@@AA@@A@@@A@@@A@CCAAA@CA@@@@CAAAAAA@A@AA@@A@@@@@@@A@@@@A@@A@@@A@@@A@@@@@@@AA@@AAAC@@@@A@@@AA@@CAA@AAC@A@@@AA@@C@@@A@CA@@@@A@AAC@@@A@CAAAA@@AA@@@C@@AA@A@@@CA@@A@@@@@AA@@@@@@A@@AA@@@@@CA@A@@@@@@@@A@@@@@AAA@@@AA@@ECAA@@AAA@AA@@EECCAAA@@AAAAAAAAA@@@ACC@@ECACA@AA@AAA@@CAAAA@C@C@@@A@@AA@A@AA@@A@A@@@@BA@@@@@AAA@@@A@@@A@@@@@@@A@AAAAA@@@@@A@@@A@@@AAA@@@A@@@AA@@@@A@@@@@@@ECA@@A@@A@A@@@@AA@AA@@A@@@@AA@@A@@A@@@@@CAA@AA@@@@A@AACAA@AAGC@@A@@@@A@@AA@@A@A@A@@@@@@@CA@@@@A@@@@@@@A@@@A@@@@@AAA@@@@@CAA@AA@@@@AAAA@@@@A@@A@AA@AA@@@@AA@AAA@@A@@@A@A@A@A@@@A@@@@@@@AAA@AAAB@@A@CB@@@@AA@@@@CCAAC@@@@@A@@@CA@@@@AA@@@@A@ACA@@A@@@@@@@@@A@C@@@@A@@@AA@@A@AA@@@@A@@@A@@@@@@@@@AA@@AC@A@@AAA@A@@@@@@@A@AAAAA@@@@@CAECC@AA@@@@@@AA@@A@AA@@A@AAA@@@@AA@@@@@@@AA@@@@AAAAA@@@A@AA@@@@A@@@AA@@AA@@AAC@EAA@@@A@@@@@A@AAA@@@@@@@@@@@AAAA@@@@A@@@@@A@@@CA@@CAA@A@@AC@CAA@A@@@A@@@@A@@@@A@@@@AC@@AA@AA@AA@@@@@@@AA@@@@@@A@@A@@A@@@AAAAAAA@@@@A@@@@AAAA@@@@A@@@GGAA@@@@@@A@@@@AAA@@AAA@@@@@@@@@@@AA@@@@A@@@@@@@@AA@@@@AA@AAE@@A@@A@@@A@A@E@@@EB@@A@@@A@@@C@A@@BA@@@A@AAA@C@@@@@A@@@A@A@@@@@@@A@A@@@@@@@A@@@C@@BAAA@@@A@A@@@AA@@A@@A@@A@AAAA@@@@CA@@A@@A@@A@AA@@A@AACAA@@ACAOGCAAA@@A@CAIECACACAGCECKEGCAAEAKEEAQCIACAA@E@C@A@IAAAA@C@ABCAC@A@C@C@AAEAA@E@IAGAC@CACAEAC@AAA@AAA@C@C@GAAAC@E@EBE@CAGAEACAC@C@UEGAIAICQAM@OAA@C@AAA@C@@@IECCA@ACACEEAAAA@@A@A@A@CCCACAIEUECAGCC@GAGCA@AAAACAEAC@AAC@@@CA@@CACAA@@ACACA@@CEAAAA@CAAA@AAACCCACAAAACC@C@AAAM@A@E@CAM@E@K@EAC@GAC@A@AAA@AACAI@C@I@KACACAA@EAC@A@AAMCC@@@IAEAEAGAMEIC]OEAECMGMGIEA@AAAACGAAEIAA@AQ[CE@AAAACCKCI@CA@@@CA@@CCCECCCE@CAAAC@@@@@ADG@A@@@A@A@A@A@@@@@@ACAA@@@@A@@@@@@A@@BEBA@@@@CC@C@@@@@@@@@@A@@@@@AA@@A@C@AAA@@@AAA@@A@A@A@@@A@@@A@@@@@AAAC@AAA@@@@AGA@@@@A@@@@AAAAAAAAC@ABA@@@@@A@ABA@A@@@C@A@@@AA@@A@@@@@A@A@@AAAE@C@@@@AA@@@A@A@@@A@@@C@AACCA@AAAAACA@AAAAA@@CI@AA@@AAAAC@C@CAC@AAAX_RUTWZaDE@WHE@@DGFCNSFKCCBCKIECAA@AAAEAACGECCCCAAAACACCAAAAAAAAAA@@CCECAAECAC@@AAAACACCII@@@@@@A@@AGE@A@ABA@A@A@@@AB@@AA@@A@@B@@ACA@@@A@@@AAC@A@@@ABA@@B@A@AC@@AA@ABA@ABAA@@AB@@A@ABA@A@@@A@ABA@A@@@A@CB@BA@@@@@AACA@@A@A@@@C@@@A@@AE@A@AAA@A@AB@@ABADG@A@A@@@A@A@@@A@A@A@@@C@@AC@A@@@@BA@A@@AC@A@@@AB@@C@A@A@@BA@A@AA@@AAAA@AA@@@AA@@AC@A@ACA@@A@@@AB@@AB@BA@ADA@A@@@AAA@ACAA@A@CA@AC@CAC@AA@@AA@@@A@@@ABA@A@E@@@@@A@AA@C@@AAAAA@@BE@@BA@A@A@A@@@@DBDB@@BA@@@C@@@A@@@A@A@@@A@@BC@@@A@@@@AEBAA@A@AA@@AA@AA@C@@@A@@AAA@@CCA@AA@@@AB@@@@@@AB@@AB@@A@@@@A@@@A@@AAA@@BA@A@@@EB@@A@A@A@@@AA@A@@AA@@A@@@@A@@A@@A@@A@@@A@@CAAAGAGEAA@ACCKCA@@@@EAADE@E@CAEACAECACCAGFMACAAEEAICIBABC@A@A@A@E@@@AA@@AAAA@C@@@AAA@@@@AA@@BA@A@AA@@AA@A@AA@@AA@A@@@AE@@@CGG@ACCAAAAACCCCE@A@A@@AA@@@@@A@A@@A@@A@@AA@@AAAAA@CA@@C@A@@@CAA@AA@@@@B@@@BA@@@A@A@@@@C@AAAA@@@AAA@@B@@@@A@@AA@@AA@@@A@@BAA@@AA@@A@@@A@@@AC@@@CC@@@A@A@A@@@A@A@A@@BA@@BA@AA@@AD@@@@@@@AA@A@A@@BA@ABAB@@A@@AA@A@AAA@A@@BC@CBGDKBIDGBEB@@@ACBKAI@CBG@CAC@ABAAGAAAAACCABA@@AA@CAA@@AA@@@AFE@@@G@@BAAC@C@ABA@@FABADA@@@@AACAAA@@@AAA@@AA@@BABA@A@A@@BA@@@@CAAA@A@ADABA@@DAFA@@BBB@BBF@@@B@@@@AB@B@B@BABABAB@@AB@@@BAB@@@@A@@@C@@BABAB@B@B@BA@@@A@AB@DABA@A@@@A@@A@G@A@A@AA@AA@ACC@@A@@@@DCBA@@BCBAF@@ADADABADA@@BAD@FFD@@C@CACBCFABABEDCHEBGBEBAAAB@B@FA@@@B@BB@@ABGBC@A@E@@@A@EDEBABA@A@A@ABAAADAB@@A@AA@@A@@A@@CB@BABAB@BAB@BA@@@@@A@@A@A@@A@@@C@@A@@A@@@@@A@AA@@ABABABABA@A@@@@@A@AA@@@@@@AAA@@@@@A@@@A@A@@@@@@BAB@@A@@@AAC@A@@AA@@A@C@C@@@A@@@A@@@AAA@A@@@C@@@A@A@@@A@@AA@A@@@A@@@@@A@@@A@@@@@AA@@A@A@@@A@AA@@ABA@@@AB@@@@A@@@@@A@A@@@@@@@A@@@ABA@@@A@@@@@A@@@@@A@@@@@@@@@A@@@@@@@A@A@@BA@@@AB@@@@A@AA@@A@A@@B@@A@@@A@@@@B@@A@@@@@@@AA@@A@@@@AA@@@@AA@@@A@A@@@A@@@@A@@@@@@B@@A@@B@@@@@B@@@@AB@@@@A@@@@AA@@@@@@@@B@@@@@@@B@@@@@BA@@@@@A@@@@@A@A@@@@@A@A@@@@@AB@@@@@@A@@@@@A@@@AA@@A@@@@@@A@@@@@@@AA@@@@IEKEKCIEKC@A@EAE@@@@A@@@A@A@@@A@@@A@@@@@A@@@A@A@@@A@@@@@EAA@A@A@A@@B@@A@@B@@A@@B@@@BA@@@A@@@ABA@@BA@@@ABA@A@@BA@@@AB@@A@@BA@@@@@@@A@@@@@ABA@ABEB@@AB@@A@@@@@A@@@A@@@A@A@@@@@A@AB@@A@A@@@GBIBAA@AA@@@A@@BA@@@A@@@@@C@@@CAG@A@E@A@A@ABA@@@A@@@A@A@@@A@A@@@A@@@A@@@A@@@A@AA@@@@A@@@@@@@@A@@A@@A@@@AA@@AA@@@@A@@A@@@@@A@@@@AA@A@@@@@A@@@A@@@@@@@@@A@@@@@@@A@@@@B@@A@@A@@A@@B@@@@@@@@@@A@@@@@A@@@@@@@@@A@@@@@A@@@@@@BA@A@@B@@A@@@@@ABA@@@@@A@@@A@@A@@A@@@@@A@@@@AA@@@A@@@@@@A@@@@@@@A@@@@B@@A@@A@@@A@AAA@@@A@@@A@@@@@@@A@@@@@A@@@@@A@@@A@A@@@A@AB@@A@@@AB@AA@@@@@A@@AA@A@@AA@@@A@@@@@A@@@A@@BA@@@@B@@B@@@@@@@@@@@@B@@@@@@@@A@@@@@@@@@@@@@A@@@@@C@@@A@A@@@A@@@@@A@@@@@@@@B@@@@@@@@@@A@@B@@A@@@@@A@@@@@@B@@@@@AA@@@@@@@AA@@@@@@A@@A@@@@A@@@@@@@A@@@AB@@@@@@@@@@A@@A@@@@@@A@@A@@@@A@@@A@@A@@AA@@AA@@AA@@AA@@@@A@@B@@A@A@@BA@@@A@@BA@@BA@@BA@AB@@A@@B@@AB@@A@@@A@@@A@@@A@A@@BA@@@A@@A@@@@@@AA@@@@@@BA@@BC@EACCEEEAEEC@CBE@A@@A@@A@@A@AA@@@@AA@@@@AA@@@A@@@A@@B@@AB@@@@@@@BCBCCC@AEAEBC@@@@@AB@@@@@@@@@@AA@@@@@@@A@@@@A@@A@@@A@@@A@@@AA@@@@@AAA@GBEBE@AA@CCCC@AB@@A@@@A@@@@BA@A@@@A@@BB@A@@@@B@@AB@@@@EFEBEB@@@@AAA@@@A@C@AB@@AA@@A@A@A@@@A@@@A@@BA@@@@AA@A@@@A@@@@@@@@A@@@@@@@@@@@@@A@@@A@@@AB@@AB@@@@@@@@@@@@A@@@@A@@@A@@AA@@@A@@@@A@@A@@AA@@@@@@@AA@@@AA@@AAA@@@AA@@@A@@@@@A@A@@BA@AB@@@@@@A@@@@@A@@@A@A@A@A@@@A@@@A@@@A@ABA@A@@@@@A@A@@@A@A@@@A@AB@@A@@@@@@B@@@B@@@D@@@@@@@BBB@B@@@BB@@B@@@@@@@@@@@@A@@@AA@@A@A@A@@@@@AA@@@@@AA@A@A@A@A@@@A@@@@@AB@@AB@@@@@@A@A@C@A@@@@BA@@@A@A@@@@@A@ABA@@@A@AB@@A@AB@@A@@@A@@@A@@BA@@@A@@@A@A@@@A@A@A@A@A@A@A@A@@@@@A@@B@@@@A@@@A@@@@@A@@@A@@@@@A@C@@@@@@@A@A@@@A@@@A@@@@@A@@@A@@@A@@@@@@@@@@@A@@@A@A@A@A@A@@@A@@@@AA@@@A@A@@@A@@@C@CBC@A@A@ABA@A@A@AB@BA@@BA@@@@@@@A@@B@@A@@@@@@@A@@@A@@@AB@@@@A@@@@@A@@@A@A@@@A@@@A@@@AB@@A@A@@@CAAAA@A@C@AAA@A@A@@@AB@@@@AB@BA@AB@@ABA@@BAB@@@@AB@@AB@@ABA@A@@@A@@BA@@@A@@@A@A@CAA@@@AB@@AB@@@B@@A@@@@@CB@@A@@@ABA@AB@@ABA@@B@@A@A@@@@@A@A@A@A@@@A@@@A@@@@@A@@@A@@@A@@@A@@@@@A@@@AA@@A@@@A@@BA@@@A@@BA@@@A@AB@@A@@BA@A@AB@@A@A@@@A@@@@@ABA@@@@@@@A@@@@@@@A@@@@@A@@A@@A@A@A@@BA@@@A@@AAAA@@AAA@@AA@@@AA@@@A@@@@@A@AAA@@@A@A@@@A@@@A@A@A@ABA@C@ABA@AAA@CA@@@@A@@@A@@@A@A@A@A@@@A@A@@@A@@@@@A@AB@@A@A@@@A@@@A@ABA@@@AAA@C@EAA@@@@@A@@BAB@B@@ABA@@B@@A@@@ABA@A@@BA@@@@@A@@@A@A@C@@@CA@@CBA@A@@@@@ABA@A@@@A@A@A@A@AA@@AA@@AA@AAA@AA@A@@@@@A@@@A@CA@@AB@@@@@BA@@@@BA@@B@@AD@@@@@B@@@B@@AB@@@@@B@@@@@@A@@@A@AB@@A@@@ABA@@@A@ABA@@@A@@@A@@@ABA@AB@@AB@@@B@@@@@B@@@@@@@@@B@@@@@BA@@B@@@@@@@@@B@@@@AB@@@@@BA@@B@@@B@@AB@@BB@B@@@B@@@@@@@@@B@@A@@B@@@B@B@@@B@@@B@@@B@@@@B@@@@@B@@@@B@B@@@@AB@B@BAB@@@@AB@@A@@@A@@@@@A@@BA@A@@@A@A@A@@@AAAB@@A@A@ABC@@@A@@BA@@@@@A@@@A@A@A@@@A@A@A@AB@@A@A@ABA@@BA@@@A@@@A@A@AA@@A@A@ABC@@@A@@@A@@B@@A@@@AB@@A@A@A@@@ABA@A@AB@@@@@BB@@@@BBB@B@@@B@@@B@B@@@@@@AB@B@@@@AB@@@@@BA@@B@@@@AB@B@@@B@B@@@@ABBB@@AB@@@BABABA@@BA@ABA@AB@@@@ABA@@@@BB@@B@@@B@@@B@@@@AB@B@@@B@B@@@@@B@B@@AB@@@@ABA@@@A@A@E@C@ABA@A@A@@@AB@BA@A@ABABA@AB@@ABA@AB@@ABA@ABA@A@@BA@A@A@@BA@AB@B@@A@@B@@AAA@@@A@AAABA@A@A@AA@@A@A@A@A@A@C@@BA@A@A@@@@@A@@AA@@A@@AA@@@A@A@AAA@AAAA@AA@@@@A@@@AAEAIAACAEACAAEAEBEAECCCGCI@ID@@A@A@A@B@@B@@@BBB@BAF@BBD@DBBBBB@@@B@B@@DFDBF@BBB@B@FBBFBFBBBDJBDFFDB@D@B@@CD@BBDBDAB@DBF@F@JBDBBBDBF@DBHBB@@DLBFCPADAD@D@BPLDD@@DD@BBD@DCBEDAD@JADAD@BA@CDAB@B@FBF@@@@@@ADCF@BA@ADBB@DBD@B@@@@@DBDBBABAD@F@D@TCJAHAD@BAH@FBFBB@BAD@DDHBDBDBBDHBDHHFH@BBBBFHHB@FFDFDHD@BDBBLTBD@BBD@B@BBB@@@B@B@@@B@@@@@B@@@B@@@B@@@BB@@@@B@@@@@@@@@B@@B@AB@@@BB@@DBFAP@@BD@B@B@D@@@B@@@@@@AB@@@B@@@B@@BB@@AB@@@B@@@DA@@B@@@B@@@@ABADA@@BADAB@B@@BB@@@B@BB@@@@B@BBB@B@@@@BBA@BB@@@B@DAB@B@BA@@BA@AB@BA@@@AB@@BB@@A@@BABB@AB@B@@BBBB@BB@@BA@@@@BB@@B@@B@ABBB@@@B@@@@@B@@@B@@@B@@@BB@@@@FB@@B@@@B@@BBBB@BB@@B@BAB@@BB@BB@ABB@@@@B@B@B@@@B@@@B@@@D@@@@BBA@B@@B@@@@@@@B@@B@@B@@@@@B@@@@@@@@@BB@@@@BA@@FBL@LBLBF@FBB@B@@BBB@@B@@BB@B@@B@@BB@@BB@@B@@@BB@B@@BB@@B@B@@@BBB@@@BB@@B@BB@AB@BBB@@@@@B@@@@BB@BAB@@@BBBBBB@FB@@BBDBB@D@VBLDJBFB@B@B@BBBHBJBPB@@BAnCF@FA@B@B@@AD@BBH@BCD@FAD@D@BAFIJ@B@BBB@DPrXH^JjBRDRLvNCDABABCD@BEDIJGFIHCDIJCB@D@D@B@B@BBDBF@BAB@DABA@ABEB@@@B@@@DBD@@AB@BBB@@@@AB@B@HBRBF@ZBJBF@DAF@FAD@NBDAJAH@NBJAJANBJATBFBDBJDJBHBRBP@DDHDJBF@DBD@DBHBHBJBF@FDBLJLHFFRRJLFHBBDFBB@B@DABABEFCDAFEB@BABABABCBCDCBADCBA@CBCBCD@@ED@BABGDEFIDAB@@ABGBC@CB@@CB@B@BA@ADCB@BAFCD@@@B@BCF@D@@ADCJ@DAB@@ADADCDCF@@AD@BGJCDADAD@BEJCDABAFAHAFABABCDAB@B@B@@KTCFGJCDCDEH@BCDABEFADRXHJZ`NRZbZb@BPTjtNR^d\\dPRFHVZBF@@ABBB@@FFBBBD@DBBBBB@DBDB@BBB@B@BAB@BCD@B@BBBDFBBBBB@BB@BBB@F@BADABA@@BBH@D@F@B@BF@BBFHDBBB@D@BB@BBB@@B@FB@BDBBDBBB@BDBHDBBBBB@BBBBDB@Ŭɴ@Ϫ@"],"encodeOffsets":[[92404,46082]]}},{"type":"Feature","id":"652327","properties":{"name":"吉木萨尔县","cp":[89.181288,43.997162],"childNum":1},"geometry":{"type":"Polygon","coordinates":["@@HBFBFFHDB@DBB@DABABA@@B@DADAD@D@D@B@B@D@BBFBBB@@@B@B@@BB@@B@B@F@D@B@LDBB@@BB@@D@B@D@B@NFLHZDH@D@BBB@DDDBD@DBBBB@FFBBBDBBDBDDBDB@BBH@B@B@BB@BBDDDBBFDBBD@F@@BB@BBFFDDBBB@DBBABB@@DBDD@@@FBB@BB@@BB@B@B@BBHDBB@BB@BBFB@@@B@@@BADABA@ABABA@A@@B@BDB@B@@@BA@AB@@B@B@BBB@@@@@@@@B@@AB@BAD@B@FBD@@BBBDFBBB@FBFBDBFB@BBBDDBFB@BBF@D@BBAD@B@B@@F@B@B@@BBFHDH@DDDBBB@BB@@@@BB@@@B@@@@@B@@@@@@@B@@@@AB@@A@@@BB@@@@A@@B@@ABA@@@A@@@AB@@@@@@B@ABA@@@A@BB@@@@AB@@@B@@@B@@B@@@@@@B@@@@@BB@@B@@@@@B@@@@@B@@@B@@@@@@@BB@@@@BA@@@@B@B@B@BBDB@@@BB@@DB@@@@DB@@B@@BB@BB@@@BAB@@@@BB@@@@BB@BB@@@B@@B@@DB@@BB@@B@B@@@@B@@@@B@@BB@@@@BB@@B@B@@@B@B@BBBB@@@@B@B@@BB@@A@@BB@B@@@AB@@B@@BA@@@DFAD@B@B@BAB@@@B@@@BA@@@ABADA@@B@@@BA@@@@B@@AB@@@B@BABBBAB@@@B@BCD@@@BAB@@@@@B@@@B@B@B@@AB@B@@@B@B@@@B@@@B@@A@@B@@AB@BAF@B@@@@@B@B@B@@AD@B@@@B@DA@@BBB@@AB@B@@BBBD@@BB@B@@@DBB@@A@@@AD@BA@@B@BB@@B@@@@BB@D@B@BAB@B@B@@BB@@AB@@BB@@@@BBBBBB@B@@BB@@@@@B@@B@@DB@@@@B@@@@BB@@@BB@@B@BB@ABB@@@@BBB@B@@@BB@@@@B@@@@@@A@BB@@@@AB@@@@@B@@@B@BBB@@@@@@BBBBA@B@@B@@@@@B@@BB@@@BB@@B@@BB@@@@BB@@@B@@@BB@@BA@B@A@@B@@@@@@BB@@A@@B@@BBAB@@@BB@ABB@@@@B@@@@@@@B@B@B@@@@@B@@@B@@BB@@B@BBB@BB@@@@B@@DBB@@@B@@@B@@@B@@@B@B@@@@AB@B@@@BAB@@AB@@@@@BA@@@BB@@@BAB@@@B@B@@@B@BB@@BBBBB@@@BBB@@AB@B@@@@@B@@@@@@ADBB@B@@AB@@@BB@@@AB@@@B@@@B@@@BA@@BA@@@@BA@CB@@@B@@@BA@BB@@@@AB@@@B@@@BA@@@@B@@AB@@AB@@ADAB@@ABAB@@AB@@CBAB@@@@@H@B@BA@@BAB@@@@@B@@@@A@@BA@@B@@@B@@@@B@AB@@@@@B@@@B@@BB@@@@@B@B@B@@@@@BA@@B@BAD@@B@@B@@@@@B@@@B@@BB@B@@@B@@@D@@AD@@@@@BABA@@B@B@BA@AB@@@BABA@C@ABABA@@B@@@@AB@BAB@@@B@@ABABCBAB@@ABADBBA@AB@B@BABA@ABABABABAB@@CB@B@@AB@B@B@@@BA@@BAB@B@B@@@BA@@@@B@@@BA@@@DDJFDBHDBBBDFBHFLHNLB@AÄ@`@fBA@ĊBr@v@f@p@h@|@T@\\@¦@\\@@n@À@\\@RT@ٰA@ūCAAAAAA@AAAAGCCA@AAACAAAACA@@E@AA@AAA@@A@CAACAEGAAE@@A@A@E@CAG@AB@BABC@A@EAA@AAAA@AAAACEAA@A@ADC@ABA@A@AAA@ACACAA@AAAA@CACAAEE@@AABA@@AEUYEGOQ[c]cMQisOS@AYaYaMQY_GIQWBCFEBADC@AFGDCDCHIDELS@@@A@ABADCBABABEBGBEBADCFI@ABCBCDCHI@ABC@@DEDCBCBC@@BA@CDIBC@@@CDE@A@A@@DCBE@ADABCB@@A@ADA@@DAD@HABA@@BAJCFEHCBA@AFC@@DCDADAB@DABCDADCDABABABA@AFABEDCFEBABA@C@AAACEAAEGIKQQEEKGKICA@EAEAIAGAG@CAC@CAECICG@CAOAQAGCIAIACAEBSAIBMBIAI@MBGBIAC@MBC@EBE@CAEAI@YAEAQ@G@ABA@@@@AA@ABA@@AC@C@@@A@@FABAB@BA@CBA@AAEAC@A@A@A@C@CDAJIDCJGHEJIFC@ADCBABADCMKuCQAQIiG]WOq@CAA@A@AJIBE@A@CBC@EDC@AAG@ABC@@@A@AEBE@mDAB@@OAIAGAAA@A@A@AEAIAKCUAC@A@CAAA@@EAA@AAAA@A@@BA@AAA@@@@@A@@@@AA@ABAA@@A@AA@@A@@AA@A@@@A@AA@@AA@A@@A@@@AA@@AA@@AA@@@@AAA@@@AA@AA@@@AAA@EAEAK@KAK@EB@@A@@A@@A@@@@@@@@@A@@@@@AA@@@@A@@@@@@@AA@B@AA@@@@@C@@@A@@@A@@@A@A@A@@A@BAA@@AAA@@BA@A@AA@@AAAAA@@@A@@@AA@@E@@A@@A@@@A@@@A@@@A@@@@@A@@AABAA@@@@AA@@A@@B@@AA@@AAAAA@@@ABAA@BA@AB@@@AA@@BA@@B@@ABAB@@AB@@A@ABA@C@A@@AAB@AA@@@@@AAA@A@A@@A@@A@A@@AA@@@ABABC@AB@BCBA@@@@@A@@@AB@@C@@@A@@BA@@AA@@@A@@@A@@BA@@@@@@@A@@@C@A@AAC@@BOAE@CA@@A@@BAA@@@@A@@@@@@@@@A@@A@@A@@@A@@@A@@@A@@@@@A@@@A@A@@AA@A@AAC@AACKSAAACC@CGCEEEA@GGAEAA@AEGGGACCGAAACACCG@CBC@AAAAE@EBG@ABCBGDI@S@C@EBCBAAAAC@C@@@@@AAC@CAABCB@@ADEBC@@@@@@AE@E@ABADCB@@ABCBC@IBCFCDA@CAC@ACC@@CCOK@A@CBCBCDOAECK@@AAAG@CAEACAAAC@I@EAE@CBAACAC@ADC@@@A@CCAEEACCIAAEAEAAA@E@AAA@AAEEC@CA@A@@@A@AAAA@CAC@ABE@AAA@A@@@AA@@@@@@B@@@B@@@BAB@D@@@BAB@BA@A@@BA@A@@@ABA@A@@BA@ABA@@@BBDHBHAFBDDF@DCFCFCBCBGBGDAF@D@FDDADCDEDEDEBGDGDCDA@GBEBEDG@EBCBG@GBE@G@GAGBGBE@EAGCE@GBIBKBIACAACCCG@EAEBC@IDG@GBEDGFE@G@KBGBCBADCBEDEBCAE@EAEAGAI@GAG@CBABADAD@BC@G@EBC@CDEBEBC@E@C@E@EBEBEBCDAFCDCFC@CBC@G@I@@@@B@@@@A@A@CBA@@B@@@B@@@B@B@B@BB@@B@BA@@@A@@BA@A@A@A@ABC@C@A@A@A@A@A@AB@@A@@BAB@@A@@B@@A@A@A@A@@@AB@@@@@B@B@@@@@B@@@B@@@B@BAD@BABAD@@AB@BAB@D@@AB@B@@@B@@@B@@@BBB@BBB@B@@@B@B@@AD@B@@@BAB@@@@ABA@A@A@C@CAAAC@AAA@A@A@@@ABA@AB@@ABA@@BCBAB@@ABABABABCBABA@@BA@@B@@@B@@@B@B@@@@ABA@@@C@A@@@A@A@@BA@@@AB@@@@@@AB@@@B@@@@A@ABA@AB@@A@@@AB@@A@@@@@@@@BBB@@BB@@@B@@@@@B@@AB@@@@A@ABA@AB@@AB@@@@@@AB@@@@@@A@@@@@A@A@EAA@A@AAA@A@A@@BA@@@@@@B@DBB@@@BAB@@@B@BA@@BA@@@A@@@C@C@AAA@@@CAAAA@A@@@A@A@A@@@A@A@ABA@@@@@A@A@A@A@ABA@@@ABA@A@@@A@AA@AAA@@A@@A@@A@@@A@A@@@C@A@C@@@A@@AA@@@AA@@A@@AA@A@@AA@@AA@@@AAA@@AA@A@A@CBC@A@@@C@AA@@AAA@@@C@@@A@@@C@AACAA@A@CAA@A@@@@@A@@@@@@B@@A@@B@@@@ABA@@@A@@@A@ABA@A@A@A@@@A@ABAAE@@@C@@BA@A@@BA@C@ABC@CBA@A@A@ACA@AA@A@@A@@@A@@@A@AAA@C@CAA@@@C@A@C@A@A@AA@@A@@BA@@@@@@@A@@BAB@B@B@B@@@BB@@B@@@B@BA@@B@BA@@B@@@B@@@@@B@@@@BBB@B@B@B@D@BBD@BBB@@@@@@B@@BB@@BBB@@BB@@BDBBB@@@B@@@B@@AB@B@B@B@@@B@@@BB@@BBBBB@B@@@@ABA@A@A@CBA@A@@@E@C@C@AB@@A@ABA@AB@B@@A@@BA@A@ABA@A@@BAB@@@@AB@B@BA@@BAD@@@@@@@@@@@@A@@@A@AB@@A@@@@@A@A@@@AAA@@@A@C@A@CBA@ABCBAB@@ABAB@@AB@@A@A@@@C@AA@AA@AA@AA@CAAAA@@@A@A@A@A@@BA@@B@BAB@@@@ABA@A@ABA@A@ABABABA@@@@@A@@@C@AAA@CAA@AAA@@@AAA@E@C@CBA@A@ABABA@A@C@@@AB@@@@@@@B@B@@@B@B@BBB@@@B@@@@ABA@@BA@@@A@@B@BA@@BA@ABABAB@BAB@BA@@BA@@BA@ABABA@CB@BA@@B@BA@@B@D@@@B@@@BB@@B@B@D@@@B@@A@A@A@AAC@CAAAC@A@@@E@A@A@A@A@A@CBA@A@@BAB@@@@@@A@@@A@@AA@@AAAA@AAC@AAA@A@A@A@A@A@ABA@A@A@ABA@@BABA@@@@BA@A@@@A@A@@@A@A@A@C@A@@@A@@@AA@AAA@@@@A@@@@@@@A@A@A@A@A@@@A@A@A@@@A@@BAB@BAB@BAB@@ABAB@B@B@@@BBBBB@@BB@BB@BBBB@@@@@B@D@BBBBF@BAFABABCBC@EBEBCBABAD@DAD@BAB@@@D@BBD@B@D@B@@@BA@@BA@@BAB@@A@@B"],"encodeOffsets":[[90637,44911]]}},{"type":"Feature","id":"652328","properties":{"name":"木垒哈萨克自治县","cp":[90.282833,43.832442],"childNum":1},"geometry":{"type":"Polygon","coordinates":["@@@B@BA@CBBBAB@B@B@BABABCF@F@B@@@F@BADAH@BA@@A@A@@EBA@A@BBABAFAHGFCDAFABEBADBD@D@DC@EEC@AB@@CBABCBCB@BE@ABAD@@ABCD@@@@@BD@BDB@@BBBB@B@H@B@@@@B@@@BABCBA@@B@B@@ABA@A@A@ABAB@@@D@@@B@@A@AB@@A@@BA@ABABABA@A@A@@B@@A@@@E@AAA@AA@@EBCB@@ABCB@B@BBBDB@@@@AB@@@B@BABAB@@BB@@BB@B@@BBDBBB@@@@CBABEB@@AB@B@DBDAB@@@H@@EF@B@@BB@@BB@DBB@@ABDBBDBBBBBHAB@BBD@DAH@DBJALBD@@A@AFCHAJCLAH@DAD@@@BBB@B@BBB@@@BA@AB@BAB@@@B@BBB@@@@@@C@@BB@@BAB@@AB@@@B@B@B@@@B@B@B@@DD@@D@@B@@@B@@@BB@@BB@AB@@@B@@BB@@BB@@@B@@A@@@BB@B@@BBBBD@@@@@@B@B@@AB@@A@@@@@BBB@DB@@B@D@@@DBB@BBBB@@BB@@@BB@@@@B@B@@@@BB@@@B@BDFDDBDBBBBDD@BHH@D@@BF@@B@B@@BB@@B@BBB@@BBB@B@@AB@@B@@B@BB@@D@B@BB@BB@@B@@@F@B@B@BADABDJBJFFBBBDENBHDDDBBFBDBF@D@FCFBB@F@@B@LDDD@BBBHFHBBBDB@@@B@@@BB@@@@BB@@@@@@BB@@BB@B@@B@@@B@B@BA@@F@@@BAB@@BB@BB@@@B@@@@@@BA@@BA@@B@@@@A@@B@@BBB@DD@@BB@BB@@@D@B@@BBB@@BBB@B@ABBF@@@@@B@@AD@@@B@@@B@B@@@B@@@D@@AB@@CACA@@@@@B@B@BAB@@AF@@BBBB@BD@B@@B@B@@@@@F@BAB@B@@@B@@BB@@BBD@DBD@@BDBB@B@DB@BBB@B@@@BCB@BABA@@BA@@B@@@BB@BDB@D@@BB@@B@@BBB@BB@BB@@B@BAB@@@B@B@DA@@B@@@BBD@@@BAB@@@@@BBD@@@D@@@B@B@B@@@B@B@@@B@BCHAB@BA@@B@BBB@B@BBF@@@B@@@D@@@B@BB@BD@B@@@@ABA@@D@B@@@BAB@B@B@@@BAB@B@BA@@BB@AB@BAB@BBB@@BDB@A@@@AB@B@@@BBD@B@@@B@@DB@BA@@@@BB@@BA@@B@@@B@BAB@B@BHF@BB@@@@@@@JJDDDBBBBB@@BDFDBBFDDD@@BBBBBBBBBBDDDBBBBBDDDDHFBDFBBB@BBBFDLJADDDELMTEDCH@@GF@XCFYbSXQVW`BB@BBD@D@DBDBB@BB@@BDJ@@BBBB@BDBBBBB@BDBBD@B@D@@@B@@@B@B@@BB@@@@@DBFBB@@@B@B@@@@@BB@@B@@@B@D@@@BAB@B@B@@@@AB@BBDBBBBBB@B@@B@@@@@HB@B@@B@BBD@BB@B@@@@@B@@@B@@@B@B@BB@BB@@B@BBD@B@@@BB@@@@B@@@@@@@@@@@@DDD@@@@ABAF@@@B@@@@B@@@@@BBBD@@@@@@@B@B@B@B@@@BCH@B@@@@BDBB@DDFDDDFDD@@DB@@B@@DDJDLBDBB@BDFR\\@BBBFJBBDHBBBBB@JFNHNHFDFB^PJDNFHBFBFBJB@@D@NDBBB@D@FBB@DBDBLBJ@D@J@DBBBB@BBB@D@HBD@FBL@F@N@DBF@B@N@BB@B@DDDBBBBBDDDBDBBB@BB@DBBBBDF@@DBDB@BB@DBDB@@DB@@D@BBD@FBDBBBBBB@HDHBD@HDDBVFJFDBDBDDB@B@B@@@BBBBFFBDBDB@DDJF@@D@B@BBD@B@PBN@RBJDJBHBVFD@D@DBFBHBDBF@FAF@D@BBHBD@D@B@BBB@BBD@FBDBDBD@HBJBF@B@FBBBD@D@B@D@DBBAD@B@BBJBB@D@F@B@DBJBRDFBLFFBBBHDLFFDHDDBDBDBJFDBB@@@BBDBPHDB@BB@DBBBB@@@BBB@@@@BB@@@DB@@@@BBBBB@@@@BB@@@BB@@B@B@@@B@BB@AD@@@B@@@@@@@B@B@@@@@@@B@B@@@B@@@@@D@B@BBB@@@B@@AB@D@@@B@@@B@@@FA@@F@B@B@@@B@@@@BF@BBB@@B@@B@@B@@@@@@B@@@@@BB@@@@@@@@@@B@BB@@BB@B@@B@@@@@@@BBHH@@B@@@@@BBBB@@@@@B@@B@BBBBBB@@B@@@@BB@@@@@@@BB@@@@@@B@@BBBB@@BD@@B@@B@@@@@@B@@B@@@B@B@DBD@@BB@B@DB@@DB@@B@@@@@B@@@@@BBBB@@@@@@@@@@B@BBB@@@@@B@@@B@FBD@BB@@BB@@BB@@B@@@@@BBB@@@B@BBBB@@@@BB@@@@@@B@@B@@B@BBB@@@BBB@@@BB@@@@@@BBD@FDDB@@@@B@BBBBB@@@@@@@B@B@BB@@@BBD@@BB@@@@@@@@B@@@B@@@@@BBB@@@BB@@B@@@@@@D@B@@@@@@@@@BB@BDB@@@@@BB@@@@DB@@B@@@@@D@BBDD@@@@BB@@@@DAB@@@BABBB@BB@@@@@@B@@@B@B@B@B@@@B@@@BB@BBB@@@@BBB@@B@BB@@@@@BBBB@@@@BBB@DB@@@@B@BB@@@@B@@@B@@@@@@@B@@@@@DB@@@@@@B@B@B@@@BB@@@B@@B@@@HDBBB@DBBBB@@@@@BBB@DB@@@@B@@@@BB@@B@@B@@@BBB@@B@@B@B@@@@BB@FD@@@@@@B@@@@@BB@@B@@@B@BB@@B@@@B@@@@@B@BBBBB@@@@@@@B@@@B@@@B@BB@@@@B@@A@@B@B@@@BBB@B@@BB@@@D@D@B@BBDB@@BB@BBBB@BDFD@@DD@B@@BBBBBBBB@BB@BBDDFF@@BBB@BB@@BBFD@@BB@@B@BB@@@@B@@@@@@@@@@BDB@@@@B@@BB@@@@@@@BB@@@@B@@@DB@@B@B@@BD@@@B@@BB@BBDBB@@@D@BBB@@@@@DBB@@@D@@@BB@@B@D@BBB@DB@@BB@@B@@@@@BDBB@@BB@@@@@@B@@@B@@@B@@@@B@@B@@@@@@@B@@@BBB@B@BBBBDB@@@@DBB@BBDDB@@@B@@@B@@@BB@@B@@@@@B@@@@@B@@@B@BB@B@@@@@@@BDDBB@B@@@@BBBB@B@@@@@@B@BBB@B@DBB@DBDBLDB@@B@@@@BB@BBBBBBBBB@BB@@@@@@BB@@@BDB@@B@@@B@@@@@@B@@BBBBDBB@@BDB@BBB@@B@@@@@@BB@@@@@@DB@@B@BBB@@@BBBDB@@@B@BBD@BBB@@@@B@@B@@@@@BB@@@@@@B@@BB@BB@@@@@B@@@@BB@@B@@B@@B@@BDB@B@@B@BB@@@BBB@BBB@B@@@DB@BD@@@@BDBDBB@@@@@B@@B@BB@@@@D@DBDBDB@@B@@BB@@@B@B@DBBBDBD@DBB@@BB@@@BB@@DBBB@@BDFD@@@@@@B@B@@B@@@@FFB@DDDH@@@B@@BBDFBBBBBBBDDFBB@@FFBDHJBBBDB@DFJJBDBDHHHJ@@@@@BABAB@B@@@@@DB@DB@@B@@@@BDD@BB@BBFBJFBBFFBDBB@BBB@DAH@@B@@@DDDFDFHJB@@B@@D@JDD@DBJDFBB@FBB@BBDBDB\\LhVLRJ\\PFBFD`RLFTLJDB@@@B@@B@@A@@@BB@@B@@B@@@@B@@@@@B@@@B@@@BB@@@B@@@@B@@@@@@@@@@@B@@B@@@@@@BB@@A@@@BB@@@@@@B@@@@@B@@BB@@@D@@@@@B@@@B@@@@@@@B@B@@@@@@@B@B@D@@B@@@@FB@@B@@@@@B@@@B@B@B@@@@AB@@@B@BB@@BBBB@@@@DBB@B@BBDBBBBBBBBBBBB@@BB@@B@@B@DB@@DB@@B@BHJ^BFDNBFBFLfFRNlL`N^FJFLhDJFDZHC\\t``Zh@VQZU`WZkPGVEIAECCAAAACAC@CAA@A@CAA@ABA@C@E@E@GAC@C@G@A@E@AAA@E@E@E@AAE@E@C@CAC@A@A@@D@@ADAFAJEDCB@BCBABC@CBEBCBABCBA@@@C@A@@BABABAB@HKFGB@DEFGBABABCBA@@AAAA@@CA@@A@@ABCBE@@@CBCDC@AB@@A@CBA@AB@BADCDCDCBA@ABCBA@@@C@EAC@E@G@E@A@C@A@C@@BA@A@@@G@A@A@A@CAA@A@@@ABC@ABABC@ABADADABABAB@@ABABA@A@A@ACC@AACAACCEE@@CEAAAC@A@A@A@AB@@A@A@C@C@@AAAACEGGCEEEAAAA@@@@A@A@A@@BCB@@ABAB@@@@C@C@A@@BA@@AC@GCGCOG@@@@@@BC@@@@@CAA@AAAAA@@AA@@A@A@A@AA@@CA@@A@@@@@A@EC@@@@OKKGia_YUOMKi_ECACA@AAACACAAMOIOCEAA@@BC@@@ABA@AB@@A@CBA@@@C@A@A@A@AAA@@@A@@@@@C@EBE@A@C@@BA@ABA@ABA@@B@BA@@BC@A@A@@@AB@@@@AB@@@@@AAAA@@@ABCAA@@ACAA@@@@@AB@@@AA@A@@@A@A@A@ABA@ABA@ABCBA@C@A@CBA@A@@@@BC@C@ABC@A@A@CAA@@@A@ABAACBI@E@K@G@IBC@A@C@@AAAA@ACEEIKSGOGOGKCCAGCEAACGEIEKEGKCMCAMAMAU@I@K@O@K@@AI@K@UAG@IIUCGGESKMKIEGEIEESG_G[COCOAEFIHQN_HMDG@@HQHQLWJSHQFO@@BC@I@E@K@Q@O@]Bk@M@k@KBEAK@@Aa@QAG@E@CAEAI@AAIAK@G@CAIAGAKAI@GAIAMCUAO@IAECMI_GUAI@@@@DCJEDBB@@@B@@@B@@@BAFC@@@A@@BAB@B@B@BA@@B@BC@@BA@@BAB@@@DA@@B@@@BC@A@@@A@AB@BCBABA@@@@A@A@@AA@A@@A@@@@B@BA@@B@@@B@BA@A@@@@@A@@@@B@BA@@B@D@@AB@@A@@B@@@@@B@@@@@@AB@BC@@BA@@@@AA@@@@@A@@BAB@B@@@B@B@@@B@@@@C@@B@B@B@@ABAB@@AB@@A@AB@@A@AB@@A@ABCBABAB@@@B@@@B@BABADAB@BAB@@@B@B@@@D@DAB@@A@AB@@AB@@@B@@A@@@A@@@@BABAB@BA@@@@@@@@@AA@B@@AD@@A@A@@B@BAB@BAFABAB@@@B@B@B@@@@@@@B@@@@AB@@@BAB@@ABA@@@@@A@@B@BBB@B@B@DCB@BA@@B@@A@@@A@@BA@A@@@A@@@A@@@@BAB@BAB@@@B@@@@@BAB@BC@@BABAB@@A@@BABA@AB@BABA@@@@@@BAB@B@@AB@B@@@B@@@@A@@@A@@@A@@@@B@BAB@BAB@BA@@B@B@@@B@@AB@B@@@B@@@B@@@B@@@@@@@@@@A@@@@@A@@@@BAB@BAB@@AB@@A@@B@@@BA@@B@@@BAD@D@BCB@@AB@@AB@B@BABABA@@DADALEDABABAB@B@@@DAB@DABABAB@@@@AAA@@@@@A@@@@B@B@@@B@B@B@D@B@B@B@B@B@@@B@@A@@@A@@@A@@@A@@@A@@@@BAB@B@BAB@@@@@@AA@@@AA@@@@@A@AAC@@@A@@@ABA@@@AB@@A@@B@@@B@@@BA@@@@BA@@@A@@@I@E@A@ABA@ADGBCBA@@@EAC@@@ABABI@@@A@@@CBA@@@ABAB@@@FIFG@AB@@@BAB@@A@@B@@CFGDG@@BCDCFIDCBC@@@ABAA@BA@A@@@@BABAPIBA@@B@@A@@@A@@AA@CAA@A@A@@@E@A@ABA@CB@@A@@@E@C@C@@A@@AA@A@AA@@A@AAA@A@@@AA@@@A@@@A@@@@AAA@AAA@CAA@A@@@@@@@@@@A@@@@BA@@AAAAA@AA@@A@@@A@A@@@@AA@@AA@AAC@A@AAA@A@@AA@A@@@A@@@A@A@@@@@A@@@@@A@@@@@@@@@@@@@A@A@AAA@A@EA@@@@@@A@@A@@@@A@@@@@@@@@@@@@A@@@CB@@A@@@@@CBA@C@A@C@@@EAA@A@ABC@A@A@A@@@A@@@@@A@@AC@AAA@A@A@A@@@A@@@AAA@@@C@AAA@A@@@C@CAA@CA@@A@@@A@@@A@A@@@C@A@@@CAA@@AA@@@A@A@A@@@A@A@@@A@@@AB@@A@A@AAA@AAA@@@A@@@AAA@A@@A@@C@A@@@AAA@@@C@A@A@A@@@@@@@@@ABAAA@@@A@A@A@C@@@A@A@A@@@C@C@C@C@@@AAA@A@@@A@AAA@ABCAC@@@A@@@A@@@A@@AC@@AA@AA@@A@A@A@A@@@@BA@@@C@ABA@@@A@AAA@A@@@@@A@@@@BA@C@AB@@A@@A@@A@AA@@AAAAA@@@A@@@A@A@@@@A@@@@@@AA@@A@C@A@A@@A@@@@@@D@@@DA@@B@@@B@@@BA@@BA@@B@BAB@B@BAB@@@DAB@F@D@D@B@BAB@BAB@NABAHAB@DAB@BABAB@FADAFCDABADAB@B@@@DBD@F@D@D@BAB@DAB@B@F@BAB@JEBAFA@@B@@@@@@@@@B@@@A@@@@@@@@@@@AA@@@@@@@@@@@@@@B@B@@@BAB@@@BBBA@@B@@AB@B@@@H@B@@@B@@@@ABABAB@BABA@@@A@A@@@@@A@@@@@@@@B@@ABABA@@@A@@@@@@@@@@AA@@@@@@@@@A@@@@A@@@@A@@@@AA@@@@B@@@@@@@@@@@B@@AB@@@@@@@@@@A@@@@B@@@@@@@@@BB@@B@@@@@@@B@@@@@@A@@@A@@@@B@@@@@B@B@B@B@@@@@B@@@@@B@@@B@@@@@@@@@@@@@@@@@@@@A@@@@@A@@B@@A@@B@@@B@B@@@@@B@@@@@@@@@@A@@@A@@@@@@@@@AB@@@@@B@@@@@@@@@@B@@@@@@@@@@B@@@@@B@@AB@@A@@@@@@@@@AB@@@NAD@B@B@@@B@@@DB@@@@B@@@B@B@@@@@B@BA@@B@@@B@@@DBB@B@B@@@B@@@B@B@BA@@B@HAD@BAB@B@B@B@@@@@FAB@@@BA@@@@@B@@@@B@@@@@@@@@B@@@B@@@@@@@@@@ABAB@@@@@@@@@D@@@@@@@@@A@AAAAAA@@A@@BA@A@A@@@A@@AA@A@A@C@A@C@A@A@A@A@A@A@C@A@A@@AA@A@A@C@A@AAA@@@C@AAA@A@@@A@@@A@@A@AAA@A@@A@A@@@A@AAA@@@@@A@@AA@A@@AA@@@CBA@@@A@AAA@@@AA@@@@A@@@@@A@@@@A@@A@AA@@A@@@AA@@@AA@A@@@AAAAAA@AA@@@@@@@@AA@A@A@@@A@@@A@CAA@CACAA@@@@@A@@A@@BA@C@ABC@@@AB@@A@A@@@@B@@@@AA@@@@@BA@A@@A@A@C@A@E@C@A@AAC@A@CAA@@@A@@@A@@@A@A@AAA@@@AA@@A@@AA@A@@@AAA@@AA@@@AAA@@@A@AAA@@@A@AAA@A@@@A@A@A@A@AAA@A@A@A@CAA@AAA@A@@@A@@@AA@@AAA@A@AA@@A@AAA@@AA@A@A@A@C@A@A@AAA@A@A@@@A@AAA@@@A@A@@@A@@@A@@@@@A@@@@@A@@@A@@@@AA@A@A@A@A@A@@@AB@@A@@@A@@@AAA@@@A@@@A@@BA@A@A@@@@@A@@B@@@@@@@@@@A@A@A@A@@@A@@@A@@@A@@@C@A@@@AA@BA@@@A@@BAB@BA@A@ABC@@@A@CAA@C@AAA@A@@@A@A@A@@@AAA@A@@@A@@@A@A@A@A@@@@@A@@@A@A@@@A@A@A@@@A@@@A@A@@@@@A@A@A@@@A@@@A@@@AAA@@@@@AAAB@@A@@@A@@A@@@AB@AA@@@AA@@@A@@@A@@@A@AA@@A@@@AA@@A@BA@@@A@@@@C@AAA@@@A@@@A@A@@A@@AAA@@AA@@@@A@A@@BABC@@@ABA@A@@@@@@@@@A@@@@A@@@A@@AA@@@A@@@AA@@@@@A@@BABA@@@@@A@@@A@@@@A@A@@A@@A@BC@AB@BAB@@A@@@@@@A@A@A@AAA@AA@@AAA@AA@@BA@@@AB@B@@@@@@A@@@@@@CAA@A@A@AA@@A@ABA@@@A@A@@@A@AA@@A@A@A@CB@@A@A@A@@@@@A@@@@BA@@@A@@@A@@@A@@BA@A@A@A@@@A@@@A@A@@@A@A@@@@@@@A@@A@AA@@@A@A@@BA@@@A@@@AB@@A@@AA@A@@@A@AACAA@A@AA@@@@@ABA@AAA@@@@A@@@@@A@@BA@@@@@A@@@@@A@@AA@@@A@@@AA@BAA@@AB@@A@@@A@@@@@AB@@A@@@A@@B@@AA@@A@A@A@@@@@@@AA@A@@A@AA@@A@@@@A@@@@@@AAA@@AA@@A@@AA@@AAA@@@@A@@@A@A@@@@E@A@A@@@A@@@@@AA@@A@A@A@@@@AA@@@A@@BABABABA@@@@@A@@@A@CA@@A@A@@@A@@@@AA@@CA@A@@AC@A@C@A@A@AA@@@@A@@@@@A@A@A@A@A@A@A@A@A@AA@@A@@AA@@@@AA@@@A@@@@A@@@A@@@@A@@A@@AA@@@@A@@AA@@@@@@A@AAAB@@AB@B@@@B@@ABA@@@@@@@AA@AA@@@A@@AA@A@@@AA@BABA@@B@@A@@@@@ABABA@A@@@A@@@A@A@@@@@@AAAAA@A@A@@AA@@@A@C@A@@AA@A@A@AAA@@@AA@@A@ABC@A@C@C@C@@@AAAAAACA@AC@AAC@A@A@@AA@A@@@@@A@@BA@@@A@@@A@AAC@@@A@A@AB@@A@A@A@@@A@CBCDABABABABCDAB@@CBA@A@A@@@A@EAA@A@A@C@A@ABA@@@A@@@AAA@A@A@C@C@C@A@A@A@@@A@@@CAC@@@A@A@C@AAC@AAA@C@CAA@AA@@AB@@@@@B@BAB@B@@A@@@CBAB@BA@ABA@CBA@A@@@A@A@A@@@A@A@A@A@@@A@@@AA@@EA@@A@@@A@A@@@A@AAA@A@AAA@A@A@A@A@@@A@@@AB@@@BA@ADAB@B@B@@@@@@@@B@@@@@B@@@@B@BAB@B@BCBA@ABA@@@A@AB@@ADAB@BABA@A@@@A@A@A@A@@@@B@@@@@@A@@@A@@AAAA@A@C@C@A@A@A@AA@@A@A@A@AAA@@@AA@AA@AA@@AA@B@AA@@BAAA@@AAA@@ABAAABAA@BA@@BA@@@A@@@@@A@@@A@@@@@@BA@@@A@@@AB@@A@A@AA@@A@@@@BA@@@A@A@@@AAAA@A@@@AA@@@@@A@AC@@A@@@@@ABC@@@A@AB@@@@AB@@A@C@A@@@@BA@@@A@@@@@@@A@@@@@@B@@@@@BA@A@A@AB@@A@@B@B@B@@@@AB@@ABA@@@A@A@@B@@@BA@@@@@ABA@@@CB@B@A@@A@@@@@A@@@A@@AA@A@A@@@@@A@@@B@ABAB@@A@@@@@A@A@A@C@A@A@A@A@A@A@@@A@A@@@A@@@A@@@A@@@A@A@AB@@@@A@@@@@BB@@@@@B@@@@AB@B@@@B@@AB@@AB@BA@@@@@@B@@A@@@C@ABC@A@ABA@@@A@@@AAA@AACA@@A@@@A@A@@@A@A@A@A@AAA@A@C@@AAACAA@@@@@A@A@AB@@A@@@A@@@A@AB@@A@@@C@A@C@@AC@AA@@@A@A@@@A@@AA@@@@ABA@A@C@CBA@A@A@@@A@AA@@@@@@@A@@ABA@A@A@@@@@A@@@A@@@A@@@@A@@A@@@@BA@@@A@A@A@AAC@A@A@@@AA@@A@A@C@A@ABA@@DAB@@@@A@@@ABC@A@ABA@C@C@ABA@A@A@A@A@A@AAA@A@@@C@A@@@A@@@A@@@AB@@A@@@A@@@AA@@A@A@@@A@@@A@@AA@A@@@@AA@@@@A@@@@@AA@AAA@@ABA@@@@A@AAA@AAC@A@A@A@A@A@ABA@A@A@AA@@@@@A@@A@@@@@@@AB@@C@C@A@A@A@@BA@A@A@A@A@A@AAA@A@@@CAA@@@C@A@A@A@@@C@C@@@A@A@@@A@A@@@A@A@@@A@@@AA@@@BCBCBABA@C@@@A@@@AAAACAA@@@A@A@ABABC@CBA@ABABCBC@A@@@@@A@A@AAAAA@CAA@@@A@@A@AAA@A@@@AA@A@@@A@@@A@A@@AA@AAAAAA@@A@A@@@AA@@@@AAA@A@@@A@ABA@C@@@A@@@C@@@A@@@A@A@AAC@@@A@A@A@A@@AA@A@@ACA@@@@AAAAAAA@@AA@A@@@A@A@A@A@A@ABA@@@AAA@@AA@@@CAA@A@C@C@A@C@A@A@A@AB@@@@@@@@@@@F@@@@A@A@A@C@ABCAC@A@A@A@CBA@A@AAA@A@A@A@@BABA@@@@@A@@AA@A@@@A@AAA@EAAAC@A@@@A@A@E@C@@@@@@AA@@@@@AAA@@@A@CBA@A@A@@@@@@@A@@@A@A@A@@@A@@BA@A@@B@B@@@@BBB@@BDB@@@B@B@BABCBCDABA@@B@BABA@@@A@A@A@ACC@CAA@A@@@EBCBA@@A@@@@@A@@@A@@@A@@@ACA@@A@A@A@A@@@A@C@CACAC@AACAA@A@@BA@A@A@@AA@@@@@A@@BA@ABA@@@@@C@@@A@A@A@C@@BA@A@ABCBABA@ABC@A@@@A@@@A@@@A@@@A@@@@@C@A@AAA@A@@@A@@@A@A@@@A@A@A@A@A@ABA@A@@BA@@B@B@BA@@B@BA@@@@@@B@@AB@@@BA@@@@B@@@@A@@@@@AAA@AAA@CAC@AAA@A@@@A@@@A@@@CAAAAAA@@@@@A@A@A@@@A@@@AB@B@@@B@D@B@@AB@@A@@B@@@@AB@@AA@@A@@BC@AB@@A@@@A@@@C@A@A@A@@@A@@@A@@@AAAAA@@AA@A@A@@AC@AAA@AAAAAAC@@AAAA@AC@@A@@AA@AA@@A@AA@@@@AA@@@@@A@@@@AA@@A@@@A@A@@@AAA@@@@@@@A@@@@@@@A@@A@@BA@@@@@@@@@AAA@@@AAA@@@@AAAA@AAA@@A@C@C@CBABABA@AB@@A@ABA@@@@B@@@@BB@B@@@B@BABADA@@BC@ABCBABA@A@@BA@CAC@@@C@C@AAC@A@CAC@A@A@C@A@ABA@A@A@@@A@A@AAA@A@A@A@A@C@A@@AA@AA@@@@@A@@@@@AA@AA@@AC@AA@@@A@@@A@A@ABABABA@@BA@ABA@ABA@ABABA@A@A@A@A@@@AB@BA@AB@BAB@@@@A@ABA@ABA@A@@@C@A@A@A@A@A@@@A@@@@BA@@BA@@BAB@@C@CB@BAB@@A@@BA@@BAB@@ABABA@@BA@A@E@A@A@A@ABA@ABA@@BA@@BA@A@C@C@@@@@A@A@A@@@ABA@@B@@A@AB@@AB@@@@A@@@@@CA@@A@@@A@@@A@A@AB@@@@A@A@A@@@AACBA@@@A@A@C@A@A@@@C@C@@@AAA@AAAAACA@@@AAA@A@A@C@@@A@ABA@A@A@A@ABCBADA@@BA@CB@@A@A@@@C@A@A@A@ABC@A@A@A@ABA@@@@B@@@BABA@@BAB@BAD@BABC@@BA@A@@@CAA@EAC@@@CAA@AACAAA@AAAA@CAA@A@A@@@A@@@AAAB@@A@A@A@A@A@A@AB@@A@A@@@A@@@A@A@CAAAC@@AA@@@AA@AAAAA@@A@AAC@@@A@A@AAA@@@AA@CAA@A@AA@@A@@@A@A@@@@@@@AA@A@ABA@CBA@ABABAB@BA@@BA@@@A@A@CACAA@CAAA@@A@AAA@A@A@A@@AA@@@@@A@C@CBA@A@@@@A@@@A@@@A@@AAAAAA@AA@@A@@A@@@AAA@A@@@A@A@ABA@@@A@@@@@AAA@CA@@A@C@@@A@A@A@@@AB@@ADABADAB@@@BA@BD@B@@AB@@A@@@@@A@@@@@AA@@AAA@@AA@@AA@@@C@CAA@@@A@@@@@A@@AAAAAAAAAA@A@@@A@@@A@@@A@@@ABA@@@@B@@@@AB@@@@A@@@A@A@A@A@AAA@A@@@A@A@C@A@@@A@A@"],"encodeOffsets":[[92172,44569]]}}],"UTF8Encoding":true}