{"type":"FeatureCollection","features":[{"type":"Feature","id":"530302","properties":{"name":"麒麟区","cp":[103.798054,25.501269],"childNum":1},"geometry":{"type":"Polygon","coordinates":["@@AB@@A@@@@@A@GDKDG@CCGIAICA@C@CBAAAECAAACDI@C@@AAEAA@AA@CBAB@DBBBBA@CBAB@BA@AAAEAC@A@AC@CCAEB@D@BCAA@@A@CBCCCAAA@BAB@DBJ@B@@AAAAEDC@@@@BAB@B@D@B@B@B@@A@@D@D@DB@B@BAD@DBDFBBABCBABBF@BBB@B@BAB@@@@A@@AA@@@AB@@AB@AC@ABAD@DAD@F@DBDBBDDBFAD@BA@E@GACEQ@@@@A@EM@ABAFABAACCGCGACAA@ABG@C@G@C@@BAFEDEBCAAC@A@A@C@A@AA@@@@AAGAKACACAIIAABCDEHIHGFABA@AAAECK@CAAC@CDAFABBB@B@LDB@D@H@F@DAFEFAJAH@HC@C@C@@EBC@A@@CAEIKCIAIFEBKBCB@B@D@D@BCDCD@BBFDBHBHBFBFBHFHNHBBBFB@@BB@P@J@F@B@@@@B@B@B@B@BF@@@@@FBD@DBHBDB@CBABAA@ACBAD@D@@@B@B@D@B@BCBEBCHAFCDBBDDFBFDFDDDADCFKBGJAFAFBDADEDCB@D@BBADBBDABCB@B@D@B@@BBB@F@L@BBBDD@@BBF@L@TAHCDENCTENA@@BC@@@A@@@AAAC@AAABCA@ABC@E@CBC@CDCD@DABA@AAAAAACACC@C@AAEAACAECCACCAC@AAAC@ABECCGGGCGAE@C@C@C@AAAE@CCAC@C@CAAGBC@C@A@EBE@@AC@CBEBABCBA@@A@C@A@@AAA@AA@AB@A@CAAC@ABE@C@ECCBEBEBCB@BA@A@A@@@@@CAC@AAA@CAACAEBE@GDGFCBA@AAA@@EAKEA@ECECCCCECC@C@AA@A@A@@AAC@@A@ADADABEB@@A@C@EAEAIGC@A@C@ADCF@B@@A@A@AA@A@CAI@AAAKECA@A@A@K@AACASAGBA@ADEJEFAFABE@C@CA@AA@E@@A@A@ABAD@BEDABA@C@AAC@A@C@A@CAA@CCCCACAEBEDCDCDA@EAC@ACAACA@E@EBADAFABC@@@@CAAC@ADC@C@C@ABC@C@@BE@C@CB@DABA@G@K@IAIBGBC@CCCEAEC@ABABAB@ACA@A@@ABABBB@@@B@B@B@B@BA@AB@BB@B@@@@@BBABBB@BDB@BB@@B@B@@A@AB@@@B@@D@@BBBA@@@A@AB@@@@@BB@B@B@DBBABB@@@BA@@B@BB@@BB@@@@@@B@@@B@@@@BB@@DD@B@@ABABA@CDAB@@C@C@CCEAEACAEAEACAEAAAEAAAAA@@EAIDKFIFODIFILGJQJQHIDC@C@EAKWE@I@E@GE@@AA@E@GHIBG@@@AAAA@CAAAA@EFCLERGLOFEBG@ABEBK@M@A@CBABAD@J@JEFCDABCDCBCDCDCDADCDAB@D@D@F@F@DBDBD@BAB@D@@B@B@B@FDFPBPBJADBB@D@D@B@DADADADCDAB@DCBABA@C@A@C@@@QFMLINCFGBG@KCMKGCEDADEFGDC@AD@BA@DF@D@@@D@FCFAD@HDT@BGDIBEJEJMR@DBHFL@B@B@DEBG@EGEGC@KJKRAHBJFHDBHGHIHCFBDF@JEHGLED@DBDFD@@@@JHFHALEJIDO@GCEKOMC@K@MFMJKHEDCD@BBB@BBD@@@B@BA@@B@B@B@BBDBBBD@@DDDH@B@BB@BBB@@@BB@D@DBBBFFH@B@@@@BFDJFLJFLB@@@@BBJL@B@D@H@F@@@@@B@DABABABGBGF@FDJHP@H@H@@ADCD@BABAHFHBLEFKDK@G@E@ABCBAD@DBDDPDHHFBB@@@@D@JJBDBB@FAH@J@@BBDBJBDDBB@B@B@BC@ABA@@@A@AB@@AB@BBHD@B@B@HGB@DCF@B@DDD@DAJGFEFAHA@@BA@@BA@AAA@ACAGGACACBCJEFE@AACAEBCJAJ@HFFFB@H@H@F@LDJ@HCDCFAFAFABCBK@@HAR@VFJDH@H@FADA@@@@BAHI@@@@HE@A@@@@@@@@@@FCDEDCLIFAZID@B@D@DDDDFDLJXDVJF@LDLFDB@BB@@B@B@@@J@FAH@@BHBDJHFJHLNHBBFHBBB@D@B@BA@A@@@EBMLWDIF@H@H@LEPGNIZ]LMBM@KAMDIHIFADA@@BAB@@A@@@@BCBA@@@@@A"],"encodeOffsets":[[106512,26112]]}},{"type":"Feature","id":"530321","properties":{"name":"马龙县","cp":[103.578755,25.429451],"childNum":1},"geometry":{"type":"Polygon","coordinates":["@@AG@ABA@@BAB@@@B@BAD@@A@A@AAACCIACAAA@@@IBG@EAAACIIC@@@@@AAGECGCOAC@CBCDABAF@H@L@LCFEAKEGBGBA@ADCBC@@@G@GGOCI@EHEHABABABA@C@A@@@@@E@G@C@AIKAA@@@@KAIEEKCIAE@@@@@AEGAEAA@C@CAA@@A@AAA@@A@ACGCC@@ACAAAC@A@A@A@AB@@A@A@@AC@AAA@ADCFCLGNINEL@D@PNFLHDP@JCFIBKEGIG@@@@ECAC@CFCHKFG@ICEEAGDGJGHCAEGAIBGLQLID@FHFHH@FA@C@A@AEKAG@CNQFIFIJAHC@ACS@GBCDE@E@C@@@CCEECKI@@ACEGCGAA@AB@B@FABAEEGIKKEEIGIKA@GAAAC@C@@AAAC@AACBA@A@A@CAAAAACEACCECACAAACAAAA@A@C@C@AAA@@@AAAAAACAEAA@@@A@@B@N@DABADCBE@A@AA@EAGCAG@G@AAAE@O@AECECCCECEACCEAEAA@ABGAEAAAAAAAAC@EACACCCA@CEECAAC@AAC@ABC@C@CBA@ABADABABCDABEDABEDC@CBA@CAC@EAA@A@C@ABABA@A@@@A@AAAACCACAAAA@@@A@A@@AA@E@C@CACACAACAEBA@ABA@A@AFADCBABA@ABA@AB@B@D@BAB@BABCBA@ALE@EFA@C@E@EESUGK@A@CGCCA@BABADAF@B@D@@A@AAA@CCA@EB@BABAAC@C@CBE@ADADADE@GA@EA@ABC@CDEBA@ABCDG@CACEAEGAGC@C@@AA@A@EAG@C@CCCAABADABABAA@B@@@AAC@@A@@@A@@BCBA@CAAA@A@IFA@A@@@@AA@@@@C@CCBEDEHABCHMHM@a@WDI@GAECA@AAAA@E@C@EBECG@C@C@A@@AC@AC@GHIDGDEF@HDHDDBD@BAD@DAL@FCFCBA@A@CAA@CBABABCDCBE@C@@B@@@@@B@@@B@@@@AB@@@@@@@B@@@B@@@@@B@@@@B@BB@@BB@@@@B@@B@@@B@@@@BBB@@@B@@@BBB@@@@B@@@@AF@@@B@@@@@@@@@@BB@@@@@@@@@@@BA@@@@B@@B@@@@@BB@@@@@@B@GDC@CBEB@ACAAAABCBAD@@CBEB@@@@@@A@@@@@@@@A@@A@@@@@A@AB@@@@@@@BA@@@@@@@ABA@A@@@@@A@@@@@A@@@@@A@@@AB@@@B@@@@A@@@A@@@@@A@@@@@@@A@@@A@@@@@A@@@@@@@AB@DBHBFBDBDBFDDBDBDBB@D@DBDBDBBBFBD@DBFF@D@D@D@BBBDD@F@F@BABBB@@B@@AHCD@BAB@BABAB@@AB@@@FBFDHD@B@F@FDFFFRBJ@B@DCBAB@BBD@D@@B@@@B@BAF@B@DDDBDLDF@BADEBGBG@E@EAECC@EBEDKLBHABAFCBE@C@CCA@E@@DBDBFBFBDBD@B@DBDAB@B@BBDFDHBBFBF@@DDBDBBBDB@@D@B@B@D@DBBBBBBDBBBBB@DAD@BBDBBDDBBBBFDDBHDLFFBDDFBDBDBDBFDBBD@BBD@BBDBBDBBBBBB@B@B@D@D@BDBDBBBDBDD@BDBBBB@D@BBBBBBDBBBDB@DCFADCD@BCBABABABBB@D@B@BCBCB@B@@DBB@B@BB@@@D@DAD@B@@@@@B@@B@BAB@@@B@@BB@BF@DBBBBB@@A@E@ABADBDBDBBDBBDBDAFABAD@B@B@DIDAD@FBDJDDF@HAHAFEFCFBDFAH@D@DHDBD@F@HHH@@@D@D@BCBCDCBADAB@@CBGDAJBHNNLPBFAFEFEJCJEDEDADDHFHF@J@HCLOHIHEF@H@LCFGJAH@HAJ@H@BBD@DBHDDBDDD@D@BB@BB@DB@@DDDDDFDDDBB@F@DCH@H@F@B@B@@@@BAF@BBBDFFDHBB@D@@@@@BABAD@LBHDB@B@@@@A@C@E@@@AD@DBB@B@BA@@DAD@B@DBBBBBBABADABAD@DFDDF@DDBFBHBJBHDHFBFDHBF@F@DA@CBAF@D@@@@@@@B@DCDGFAD@B@DDBDDBFBDBD@BC@C@AB@B@BBBD@BD@DADAD@DBDDFFBBB@DBB@D@F@H@F@DBB@BABA"],"encodeOffsets":[[106174,26221]]}},{"type":"Feature","id":"530322","properties":{"name":"陆良县","cp":[103.655233,25.022878],"childNum":1},"geometry":{"type":"Polygon","coordinates":["@@B@@ABCD@HCFEBCFCHDNLLDH@HADEJMNKRE@@D@B@D@B@BADA@CBADCBCBCBC@C@A@C@CAABCAIAOEOECA@A@A@@@@CBA@AACAC@C@E@E@C@CBADCBCDCDCDCDADCBADCFE@I@IBCBADAB@N@L@FABAH@FAPEHKFQDKFEB@BBDBB@BB@B@@AHGJ@H@FBB@@HFF@J@F@LXFBD@D@JCRGRIHIJKJEPCJELEJCFB@@BBBBFBBBFBDBFBFBDBFBFBDDD@D@@@BADCB@BABA@@@ACC@@AA@@@@@A@@@A@@@@A@@AA@@A@AB@@A@@AAABCAA@A@A@@A@@@@BAB@@@B@AA@AC@@@@A@@BAB@@@@A@AA@@ACA@AAABAAA@@@@A@A@@ABAB@@A@A@A@A@A@@AABABA@@B@BAB@@@@A@@@@A@AAA@@ADA@AB@BB@@B@B@@@B@BC@@DAB@@@BABC@@@A@A@AB@D@B@B@DB@A@CBC@AB@DAB@BA@A@AAA@ABCBAB@BA@@DBB@B@BA@CC@A@@A@@DAB@@A@A@C@A@AB@B@B@BB@B@B@BBB@B@@DA@A@A@A@AAA@@@ADA@@BAAA@A@ABCBA@ACA@AAAB@D@DAB@@A@AA@@A@A@AB@B@@A@@@A@CCCA@AA@@CA@@AC@AAA@@AAA@@AA@@A@@AA@@AAAAA@@@@AAACAAC@@A@A@C@A@A@CAEECCCEA@AAA@C@A@E@AAC@AACAAAEECACCEAAACC@AC@CCCAAACAA@CAACCCCCACCCAAAC@AAAB@@CECECECICKAICGAKAEEEGGGGECEGIGOIKIICMGGCCA@@@@@E@EDG@ECAAEECAA@CBCACCCG@@@@@@AEEGMQKKIGGEMGSIECECAA@EBIDMFGBCBCAGEEMKMEKCG@GCCCAABCBCHIFCACCEEIAE@AGEKGICMEGGAG@@EAE@@B@DABABA@CCEACACA@CBC@CBE@C@CAAAAAAC@C@@B@D@BA@CBA@C@@AAABABABABCAAAAA@ABA@@A@A@ABACACAE@C@@BC@A@AAAA@C@ADABCBAAACCCCCEEG@A@CCAECEAC@@B@DCBABA@G@EACC@@AEAA@AACAAACAACCAACF@@KL@B@BJNFPBDDJBD@DCBEBCDAFAF@BCDABADABADAD@@@@FHJJDF@J@NEPEJGFCHAXDLDTDdAHCFEFGFGDKDG@I@GASIGCG@G@CFAH@FAFC@CBI@GAA@@@@@CEAC@@@@A@@AA@@AAGCKAC@CCa@GEAE@GBEJC@CBCBA@ADAB@BABA@@DCDEBGAEC@GEU@ACA@AAA@AAC@AAACC@ACAA@A@C@ABA@A@@@A@@ABA@ABA@@@AA@A@A@AAA@A@@@@@A@@B@B@@C@C@EBA@C@AAC@A@ABGA@B@DABGFA@@@A@@AA@A@AA@@A@A@@@AB@@BD@@BBBB@B@B@@@BABAB@@CDA@A@AB@FBNAFEBA@A@EDEBEB@@CHCNCHEBIFGDCD@DFP@F@B@F@D@B@B@@BB@B@F@BABABADGDABBD@@BDBA@@D@D@@@B@FBB@@BB@BBB@B@BBBDBDBDBB@BB@B@B@@DAB@B@D@B@BBB@F@FAD@JDDFDDBDBD@BB@@@B@@CB@B@@DB@B@BA@C@C@CBABAB@NAD@BCBBBCD@FEFCB@DBB@BEDEBABA@A@AB@@CBAD@B@F@D@BCBE@EDABCB@B@BDBFB@BAFCDEDEDCBADADEDABA@KFM@EDAD@H@L@JPLLHXFNBL@HAHAFBBB@BBBBBDDBBDBBDBDBBDBDBFBBDD@F@F@DABAB@D@DB@BB@FH@J@HCFQPGBK@C@CD@@ADADBBADBBDFBF@F@@LFBD@DGHKFIHCD@@BBBDBB@DBDFHCLDBHD@D@BHLTVFFF@D@B@FEF@BKB@DABA@ABA@A@C@ABAB@BAB@BADABCBEB@B@BAB@FADBBBBDBD@D@D@FBB@@@B@B@@BBBBBDDDBBBBB@@@B@B@BABAD@B@B@FBD@DBB@DAD@FCBAFCBADCBABABCBAB@DAD@D@BAD@BBD@BBFDDFB@DDBDBD@FBDBBBBBBFBHBBAB@FBFBDDFBFDDDFDFD@B@PBFBBH@H@DBBH@FBBB@F@DABCBA@C@M@AB@@@B@FBDBBBBBBB@@B@BBD@D@B@B@BBDBBBDBDBDFBDDFBBBBDBB@B@B@DABBD@BB@BD@D@BBHBB@JLJHFFLLHJFFABEBA@A@@BBBDHFHBD@@LJFD"],"encodeOffsets":[[106228,25900]]}},{"type":"Feature","id":"530323","properties":{"name":"师宗县","cp":[103.993808,24.825681],"childNum":1},"geometry":{"type":"Polygon","coordinates":["@@DAB@BCBAD@BAD@DABADC@@@@@@DCBCBADCBADAD@BAFAD@D@D@D@B@B@DAD@@AD@BAFCDADADE@EBADBDBD@DAFAD@F@JDHDF@FABABECG@EDEnODEDCHBJDJ@DCHKRGZCJ@J@@@DBD@@DDDDBDDBF@D@DBDPFRHNFB@BB@@B@@@H@D@FCFCBCBCBE@GCECC@C@CBABA@ECE@EBG@CEKCGAEAG@EBABABCBA@EMQ@CBABABAB@B@@@BABABA@A@A@@B@@ABABBB@D@D@@@BA@@B@BBB@BBB@B@B@DB@@@@B@@BBBB@@A@C@C@ACACAGECAAE@CAAAAAAAC@AAACAAAC@@ABAAAAA@ACAEAAGCKEEGCG@EACCCA@@CEGEEAI@MDEAEC@CBEDCFABC@E@EE@I@KECC@CBAHGHEHCJ@B@@A@CEAGECE@EBCDEFABC@AAAAE@CFAFAF@HFJBHDHDFBFA@CBEACBCBE@E@ADBDBFFDDFBBBBDB@BCD@D@B@@D@DBBDB@B@B@B@BD@DCFBJFRDPAPAF@FADCFC@CFCD@BA@@@@@AB@@A@@@@@CAEAEB@@@F@@AAEBC@GBCD@FADBBD@FB@BADCDCBA@ACBC@@CBCDCHADAFEDGDEFCFADBF@H@JCFAFCDGDCDAFCF@H@DAFCFIDEFCDCB@@EBEFADABC@EBC@AAC@ADCBCCECIAIBEFCDBFBDABE@CDEHAFBH@D@@CAE@EDEAE@EDCHEDCFCFBDDDFDBB@DEFAHCBCDCDAF@BAAACCBADADCBGCGAEBGBC@@ACAGA@AAEE@@ACAAAA@AACAA@C@@AA@A@CBC@A@E@C@C@A@@@E@G@G@IBGD@@EAECC@IAECE@EAE@AFCHAJ@NDNFDDFAJAJ@HAH@FDJBH@HDFFD@H@FBB@ADCDBFCB@DBBDAFGFCDADCJCLGDAB@J@LHXTFJBBDBD@AA@C@CBC@CB@@CBCBAAC@A@@BAB@D@@AB@BA@ABAD@B@B@BBBB@DB@@@B@@ABA@ABADCBABA@@BEBADAD@DABABA@A@CAC@CAA@A@AC@C@C@AC@A@@@A@ADADC@@BCAABCBC@C@AAA@ABADABABC@@AAB@BEBABABABA@AFADAB@D@B@DA@AE@ACEEEQCECCKAI@I@ODEBCAAC@EBEDGDGAE@AE@CBCBE@E@ABCBCBEBCBE@EAE@GAE@E@E@EAGAEAEAA@ABAD@BA@C@C@C@CAA@ACCACAEACAC@AAEAC@A@AACACCEAEACAC@E@CAAAAABCBC@A@C@CCAAAC@C@AA@ABABA@CBA@A@@HIDC@G@GKIG@I@K@ICGAG@O@IAKAIDOAIEGC@E@E@EGCK@QCC@CCACCACACACBEBC@C@EAAAGGCEE@GBIFKNEDIHIDI@GAEGAECA@BABC@AAC@ACAAAAA@CBADEBADC@CBEAG@C@@DADA@CAEAAAACACC@ABCBADCD@BBD@D@D@D@F@@JHJFRX@HCFEFGJCHCDGDGDGPMXEFEFCDEF@BC@ABAB@BADEBA@EACACAC@A@G@_KI@AF@FGDEBAAAACCCAAAC@AAA@EAA@EAC@EACAEACAA@CCEACCGAAAA@A@C@CACAE@@AC@CAEAECEACACACAECCAA@AAE@E@C@C@ABABADADADADA@ABCBCBADAB@@ADADABC@A@CBEBA@EDCBEBCBC@BFBDBDD@FCF@@HGLGDGDCJBFAF@B@@@@@DBBBBB@FABDBDBBDBF@DDFDFDH@FADB@HAFBDFBDDA@A@CBBBBBBD@DADAFADBHAFCBE@ECEBCDAD@D@HGJCJKPIJGBCCCEABAB@FAFEDCHEFCJAH@DC@GAGAEA@F@HCF@DBHDHDJFJDHLDJDBFBDAFCFC@EB@FBD@DEBE@EDBHDH@HAFEFIFGBIAIGCIEM@GCACAEBIBOJIFCD@FDDHBBB@J@DCFGFSJIBI@CAIGIAKBQHIJGHGFABC@GFIDEAGACB@DFHFFBDA@CAGEEAE@G@CBCHCHEHEHAHEBCBC@CBCB@DCDABCBBD@DAAE@C@ABECEEICCD@FEBC@@DBD@BGEIIGIIMAM@I@EC@EACCBECAE@IBSHMJKJCDIDEDC@C@@DDHDFBJDHFFDHD@D@DGFEB@@H@HDDFBFFDLBFDRADABE@ECQOGE@@G@GDGBG@G@K@ABADCB@B@DBBBBB@D@@AD@F@DBDBAB@B@B@BB@BAB@BBBBADABABABBB@BD@B@DAB@@A@C@AD@D@BBBBBB@D@DAF@DAD@DDBDBFBDDB@BABA@C@AF@FB@@BHHHNFJDLHHF@BBFFJDFBDEDGJADADBBDDHDH@LDNFNLFFBHADADEHCNAJ@FBBFDFDTJNHHFJHLLNRFHBF@@@@@@DHDDDBDAB@DBFFBBFDH@FCF@@@@@B@DDHHDNJJJLHPHJDFHFHHFHFFLBHBJDLBJDFDFDFD@DA@BB@BBDBBDDBDDDDDBDDBB@DBBBDBDDD@@B"],"encodeOffsets":[[106467,25619]]}},{"type":"Feature","id":"530324","properties":{"name":"罗平县","cp":[104.309263,24.885708],"childNum":1},"geometry":{"type":"Polygon","coordinates":["@@DBD@DBB@DABADA@CBCBAD@B@@AHAH@DB@F@FBDDHBBF@B@HIBAD@D@FBD@D@F@D@DAD@PAVC\\ANAJ@DD@BEDEFAJBLBFDDFBFB@@DBD@DBB@BBBB@D@D@D@B@B@FBBBDBBBFBBBB@DBD@B@BBDBBBDBD@BBDBDD@BBB@@DBD@B@D@B@BBBBDBD@B@B@D@BBB@B@@@B@B@@BB@B@BB@@@B@BBDADADABAB@BA@@D@@@B@BBB@B@D@D@FABCBABAB@BABABA@AAC@AAC@AAC@ABCBE@C@CBC@@@A@AB@BADABEB@BAD@@ABA@@BA@A@C@AAA@C@ABC@A@@@A@AAA@AAC@A@C@A@A@@BABA@@@A@@ACBABEBAB@BCBCDA@ABA@@AA@A@A@A@@@EAAAA@AC@@ABA@@B@BA@@@AA@@ABA@A@@@A@@@A@@@@@C@@DA@@AA@A@AAC@@@CA@ACAA@@A@@AAAACAAA@@@CA@AA@A@B@BA@@B@@AB@@ADCBABCBA@ABA@C@CBC@AB@BAF@DABCDGBCDC@A@ACCICEGAGCICQGEEEEEGGAAAC@A@@CAEAA@BCA@@A@CBG@AB@BA@AB@DAFCD@@AB@@@DA@A@@@GBABC@A@C@ABC@A@ABAD@B@@@BDBBAD@B@B@HBHDDDBBBDBB@BE@ADAB@@AFGHEFEDCFGBG@G@G@EBKDAHABAFIDODGDE@EBEBE@AACDEBI@A@@@EAA@AA@CCCCAEAC@CDAFAFABAACBCAGBGBGAEBCDEBCAECEGGCGAE@EBABACCAABAFAHCFCFCHBLBHBNBFBFBFBD@BCDABADAHBF@D@B@B@@CD@F@J@F@TBXBRBTBPDNDJFLDBBBBB@BE@@BCDADBFBFBDBDBD@FBFBD@B@B@DBB@@@B@B@B@B@B@DA@@B@BA@@@@DAD@D@B@B@D@B@D@DBB@@@DBBBD@DBD@F@B@B@B@DAD@@@FBB@D@B@D@BAB@B@BADAB@DAF@BABCBCBADCDAFEBADCBABABA@A@AAA@C@ADEBABABA@C@ABAAA@A@CBC@EBEBADEBABABA@EBA@A@A@AEACAAAA@C@A@@@A@@B@@A@A@C@ACCCAAA@CAABCAAAAAA@AA@AACBCBABCBA@A@@AAICCAIAA@ACECCAA@C@AA@AA@@A@A@CBE@A@A@EAC@@ACCAECCCAAAAA@A@@AAABA@@@C@A@ACEACCECA@ACA@@AA@ACCACAC@CAC@@@C@A@AAC@@@CAAAAAAA@AAA@AACAAA@@CCA@AAA@CAA@G@A@A@A@A@AACAAC@@CCGAAAAAEACCCEEGAAACCCACACAA@CAAACACAAA@AAA@AA@A@ABC@@@AAAAAACAAACACCACAA@CAA@@CACAAEECAAAAA@CA@CAA@CAAAAC@A@CAAA@ACCAAA@A@@@C@A@A@ABA@ABA@ACCACAC@C@C@A@ADCBABA@C@CAC@A@ADABADA@C@CACAAAAACAA@C@EDC@A@C@CCCACECCAAEACCCCE@C@C@CBCA@EAEACAAA@AAA@C@C@CAEAAACAA@C@EAEAEEEAEACCACA@CAC@A@C@C@CAEAGAC@AAECEACCEACCCACAACAA@C@C@GAEACCAGEEEACACBGBGDE@A@A@AGBCFAFAD@BADAACB@HBFBHBDHBF@FFBFAF@D@BABE@C@ABADADAD@BADCDAD@DADC@C@A@CAC@C@C@C@CAC@A@A@EBCAABC@AAC@AAA@C@C@EBAB@BABA@C@A@@BA@A@C@A@C@CBC@ABADABABCBABC@A@C@C@CBA@ABA@A@ABAC@CAAAEIWSKGI@A@CBKHIDCDCBEDEHCBAA@CDAAEDCBCA@EAG@C@EEGCG@IAECG@GBI@IBEBCCMEMCI@GBED@BBF@FDFBF@JDDBF@FC@AH@J@H@H@F@@@B@D@D@F@BAD@D@BBB@@@DBBBD@BBBBBBD@@FFBBB@BHBD@@ADAHBFDHAHCDCBABDDBBABE@CBCDADGDEBCFA@CACECCEAEDCDGFCD@FBFCF@FBF@DC@G@EAGBCF@DAFCBEACAEDAFBJDJDFADCD@BBD@BAD@FADCBEBAF@FA@CDEDCFEJEDCBG@E@EDCBCDCHEDEBIDG@E@CAEBEDCFCHEFCBGBCDAD@DD@DA@BABCDCDABA@@EACCAEBC@AD@HADBF@BE@@@A@BFBF@D@@@@@BA@@B@@@@ABC@ED@DEDCDEBE@OBOBQCIEEACDC@@A@A@A@ACAAA@C@CA@C@C@ADA@ACAAEACCEECACA@B@FAFADBDAF@DEBEAGCGCIAGEE@EBEB@DBFBB@BADEBCFAD@FDFHFFB@D@BA@I@GDGFGHAB@DDDLFJ@F@@F@FADEBCDAF@DFDFBNCJ@FBHFDF@@DBDDFBH@HDFFDLBHFBDB@BBBBBAB@BD@BBDBBB@BBDBBBBBB@DBFDBHFDBDB@B@D@D@BA@AA@AA@@@@@CAA@A@A@AAA@AAA@@@AB@@C@C@A@AAAB@BA@@@@B@BABABAB@@A@A@ABABAB@DNR@FABADABAB@FBHBFDHFL@DAH@FDF@FABAB@D@DDDDF@HAFADADEDEDC@G@@@A@@@AAA@MEQGOEAC@C@CAECCCACC@CC@CA@@I@I@YDQHGLCDI@ICGACDCFmPCF@FDHAFABEBE@GCICE@C@EBCBC@CACAAB@FCFCBCBEDABC@@BC@CBA@A@C@C@C@C@EBABC@CBABCDABADCD@@@@@@CDABCBC@ABC@ABADA@CBDDBBFBDDDBFFBBDBBBD@BBF@B@D@B@BBB@DFDDFFDBB@B@D@B@B@@@BDDBBB@B@@B@BBBB@@BB@@@BB@@BB@BB@@BB@BBD@@DB@@BBB@DD@D@B@@@BA@A@@B@B@BB@@B@BA@CBC@A@BB@BDB@BABAD@B@BBBAB@@CB@B@@BB@B@B@B@BCB@@@AAA@A@A@AAAA@A@A@@B@B@D@B@BA@CB@@@BB@D@@DABA@A@CA@@ABA@ABAD@BBB@B@BABA@CBA@@BAD@D@BCAA@A@C@A@@B@B@B@@ADAB@@A@CB@@ADA@@@A@A@@@AAA@@BCB@BB@BBB@@@@@@B@@A@ABA@@BDB@BBABABAD@BFDFDDD@HAJAJBL@H@B@BA@CDAD@F@@AD@D@BAD@D@D@BCD@BB@D@@D@BABEBCFAF@B@BDDB@BBD@FCBCDCDAFBFBDDDDDB@DBB@D@B@D@BBD@B@BAFC@ABCBAB@B@@@@FBBB@@D@DAFEBEBIFCF@BABBHBTBD@B@L@B@BDBLFBB@BBJ@D@BBBB@B@@@@ADEBCD@B@D@JHFBFBD@B@@@FABABCBCB@@@BD@BB@B@B@@B@DDDDFDDFDFDB@LFFB@@BB@BABEDCH@HAFBFBDDBB@BBD@DB@@@@B@B@B@@ADAFAFADAFDD@F@BAD@BB@D@BBAB@@BBB@BB@D@B@@@ABADABAF@DBD@@AF@F@B@DADBHDBD@D@DB@DBFBBD@D@D@F@HBHDHHDDAF@BBDBBD@DBBDDDBFBDFBBBD@D@BDBDBBBB@BABCBC@CD@DAD@D@FAD@BDBBABBD@BB@B"],"encodeOffsets":[[106723,25930]]}},{"type":"Feature","id":"530325","properties":{"name":"富源县","cp":[104.25692,25.67064],"childNum":1},"geometry":{"type":"Polygon","coordinates":["@@A@A@C@EAEAC@CACAEAEACACBAD@@AFA@AAAAKCIEMCOCSAQAWASAE@I@E@C@@DA@A@C@E@GACBABCBADC@EAEAEAMAGAKAGAEDEDGDEBABBBDDABAB@FBFDHHHDFBFADCFADBFAHAHBHADBDABEBEBCB@DBDBFDDDDB@@BBB@F@@@BAJCFBD@BAFAF@FCFCHCPEJABGBCBAL@F@H@HAHEHCDEFGFEH@BA@CB@BAFA@CAAACACCAG@G@A@ABCAAAC@@A@C@AB@B@BAD@B@D@BADAB@H@@@BCB@@A@@BC@EDCBA@@BABA@@BAH@D@BB@ADB@FBDB@@@BBDBBHHFFFFHFDRDJBHFHJDDD@B@BCDADCHADCBE@ABA@@BAD@D@DAB@BABADABCD@BA@@BA@@@ABA@B@B@@BDB@@B@BBBDBB@BB@@@BBBDB@@D@@BD@B@BBB@@CB@@@D@@@@@B@@@B@@@BAB@BB@@B@@ABA@@@AB@BD@@BBBBB@F@@@B@B@BBB@@AB@BCBADADA@ABAFABBD@@@B@@ABAB@@@B@B@D@BBD@BBB@B@B@@@BAD@B@DBB@B@D@BAB@@AB@BC@ABA@AFCBABA@@B@B@@AD@D@DAFAD@BBD@BBD@BBD@BABABABA@ABABADEBC@C@A@A@AAA@@@C@@@ABA@ABCBCBCBAAA@@@A@@A@AAA@@@A@A@@@AAA@A@C@A@AACACAA@A@A@C@AAC@CA@AAC@ACAC@AACACAAAC@A@AAC@CAAAAAEAAACAA@E@A@A@C@C@CAAAAA@CAC@CA@@EAEACCAEAKBIFEFC@ACCI@MB[BUDOBC@CBC@E@C@C@EAC@C@ABGJA@E@AACGAC@E@ECAG@GB@BA@C@ABAD@DCBABCBA@CAC@CA@@@B@@AD@@MBSFMDCFGDSBK@E@AA@@CCAA@A@K@EAA@AA@C@A@A@ADCBAABCAAC@A@CDCFCBEAEBIBAHELCDCBCCCEAECEACCAEDGBADAFADA@C@A@A@@@C@C@ABBDB@ABAB@DCAGACAC@EA@@@@E@@A@A@A@A@A@@A@E@I@O@A@@AA@AEAAMGEGAGAEAEAGAGECAAC@CDADC@C@A@A@ADALEFBJDJJLBF@DB@D@FA@@@D@DGDG@IBEBEFCBE@G@C@A@KCA@A@AAEBCB@DBDDBL@FDBB@BABEBGHGJCFADBBJJDBDBLBHBBB@@@@BBB@D@B@B@D@BBADCFEFAB@@@D@H@DAH@BBBBDDHDHBDABEBAB@BFNB@@@@@FRBD@H@FABC@EBCAACCACAE@C@CBC@AB@BBDA@@BA@@B@@BB@@@B@@A@ABA@A@AAE@AAABADABEAAC@CBC@A@ACAC@C@@@@BA@A@A@C@A@A@AB@@@@CDBFBB@BA@I@CAA@ABB@BBDDAD@D@BB@DB@A@CFADB@DBDB@D@FBBB@BABA@AB@DABAACAA@AB@DBBB@FBBB@@@DCJBDBBFDBBAB@D@DDBBJHJDDH@LCHCB@@@@@B@@@BA@@B@B@FB@@DBD@D@DAB@DA@@DAB@LBH@DABA@CBC@@B@BB@BBDBBBB@FDDNLJVJJAFEHIJGLGFE@E@ADCFEDCBCBAFFJ@F@F@@DDFDFB@@NBJFFV@FADAB@BABADCDCDABACAC@@C@@DA@C@@DBBBBDBBB@BBDH@JCL@DD@HIFEFIBABA@AAABCBA@@BBB@B@@@B@BBBBAD@BBB@@B@@ABA@BBBBBBBDBBDBBBBBBD@BABEBCBABBDB@D@D@BB@BBBB@BBDBBBD@@@B@@BB@@@BB@B@@B@@BB@@@@@B@@@@B@FBDBBBBBBDAB@BBBDAJ@DBD@B@DEFCHCHAF@DCBCBC@A@AB@B@B@D@B@B@@@@DBF@BBB@F@F@DBDBDBF@DAFADBDBDDD@DADBDBD@@@HCLGJ@JDLFJFHFBJAFEDAB@D@D@DABIBA@E@C@CAIAABA@@@CBADEFEHAH@HDFJFLH^DB@@D@B@B@@B@B@B@@ABAB@BBBBB@BA@A@A@AB@@@B@HDDBDFHHJBR@L@DHF\\@FBHDFBF@F@B@B@NBHDDDDDDBD@BHHFLBNBF@N@J@DFFF@FCJCNA@@@B@F@FCD@DBBBBBAB@@B@D@B@BB@@B@@@@ABABADCDAPCABDHFBBFPDFDH@DBBBDBBBDDBDDDBDDDDDDDDB@BAD@D@B@D@D@FBDBFBDBD@BBF@B@B@DABCB@DEHETC@@@@FA@@BBB@@BBB@B@@AB@@AB@@@BDD@@DBB@BAB@D@FDFBDDDB@@BB@BTFRBTBN@NCH@HDDHLTHTBDF@B@D@JBD@@@BB@BAF@F@DBB@@B@BABO@GDCDEDC@@DADADABAB@@CBADCBCDCBCDABCBADAB@DAD@B@@ABCBC@@@C@GCGCAAAA@AAA@@AACCAA@E@A@CACACCCAACAC@C@CBEBCBE@C@CBC@ABABAD@DFHDFBFCDCAQB@BA@C@C@CBC@ABABABABA@AAAAACCAACACEGEEKESBGFI@@DGDG@GEEMEIGAACOCKGAABEBA@@@@E@CBMGiCIG@E@AEAEAECEAGAAACACCCCCCAAAACAAEACAABCAABCDCBABC@CBCDABAB@DBD@D@@C@AB@@EBADEBEBABABCBADA@CBABABABA@@@AAACACAE@A@E@CBCBC@CBA@C@AAAAACAAAAC@ABCBC@A@AAC@AA@@G@C@EDI@A@C@AACCE@AAA@C@EAAACAA@EAABC@C@C@A@CCC@AAC@ABC@A@AACC@AAC@@AAABCBC@C@G@CBABAB@BADAD@BAB@F@BABA@AACECCCCAA@A@ABA@@@AABABCDCBCFCFEFCDCDCBABCBC@CCCAC@CBCBCBADA@@B@LBNBB@@@DAD@B@B@DBB@B@D@DADCBAD@BCBA@AACAC@ABC@A@AACAAACAABAB@DBBDBDFDDBDBD@B@BBDBBDDDBDBBBBB@F@FADABADCB@DAFAFADABAD@D@D@D@BABABCDCDCBCBA@AAAACCCAAAC@A@ABADCDABADADABC@A@EAE@AAC@ABCBCDC@C@C@AACAC@CBEBE@CCICQACICGAGCDEJCHKB@@C@CAM@CBAB@DADCF@FB@JD@FABADJ@DB@AD@F@FBF@BBDFBDCF@@@D@D@D@D@DAF@B@F@D@F@D@D@@@BBBBDBBBDBDBBBBBBB@BDBDDD@D@DBDBBBBD@BB@@@BBBB@@@@A@@@@@@BB@@@@@@@@@@@@@@@B@@@@@AB@@@B@@B@@@@@@@@@@@@@@@BB@@@@@@@@@@@B@@@@B@@@@@@@@@@@@@@B@@@@@@@@BB@@@@@@@@B@@@@@B@@BB@@@@@@@@B@@@@@@@@@B@@B@@@@@@A@@@@@@@@@@@@@@B@@@@B@@@@@@@@B@@@@@@@@@@@B@@@@B@@@B@@@@B@@@@@@@@@B@@@@@@@@A@@B@@A@@@@B@@@@@BA@@@@@@@@@@@A@@@@@@@@@@@A@@@@@@B@@@@@BA@@B@@@B@@@B@B@@@@@@@@B@@@@@B@@B@@B@@@@@@BA@@@@@@BA@@@@BA@@@@B@@A@@@ABA@@@@@@B@@@D@B@DA@@BCB@@DADCDA@@D@DBBBBBB@@@@@@@@@@@B@@@@@@B@@@B@@B@@B@@@@@BA@@B@@@BAB@@@@A@@BA@@@@B@@@B@@A@@BAAAAECE@C@ABCBE@CBC@CAA@EACAC@EAEAC@C@G@E@E@CACACACCAA@ACAA@EAEBC@GBCBC@C@C@C@E@G@E@C@EAE@E@EACAEACA@AAAC@C@CBABCDABAD@D@B@BABADCBCB@DAB@B@D@BBBBBBBDBDBBBBB@D@F@DADABA@EBADAB@D@BAFABADABADA@A@A@AAAA@@A@@BAD@@@FC@ABCBABA@ADAFCDAB@DABADABCB@@@BCD@BBB@B@B@@@B@B@@@B@@@DAB@@@B@@@@@B@@@@@B@BB@@B@@@B@@@B@@A@@B@B@@@@@@@B@@A@@B@@@DABCDCFCCAAA@C@ABADGBEBG@CCI@EBGAU@@DCBADC@ABABC@C@ACAAAEAC@CACAA@AA@CBABAB@FAHAFADCD@B@DCBADCF@F@DD@F@B@DDBJ@J@D@JDDBJA@@@@B@B@@@BA@@@@BA@@BA@@B@@@@BBB@BB@@BB@@@B@@AB@B@@@@@@@@B@@@@@@BB@A@@@@BC@AAA@@BA@@B@BA@@@A@CAA@G@A@@B@DALCPGHAHGDCBAD@@@D@FAH@BAJBD@D@@DCBABBDBBABAB@BBBDAB@FBD@B@D@FCFCJAFCR[HEH@HFLNF@F@F@BAB@BADIBA@ELYBC@@@A@@AAEAE@EAC@EACAA@AAAEAC@C@CBE@GBEBEBEBCBCBCBABA@@CCAACCCC@C@C@CBCDEDCDCDADCBABABA@A@ACACACAAA@@@A@CBABAB@@AAAAAAAAA@DAB@BA@@BA@ABA@C@C@A@@@ABCBCBABADA@CDCDADABCDABADCDABCBABCBA@A@AB@DAB@DAB@@ADADADADCB@DABABCDABIDCDABEDCBA@CAA@CAAAAA@AACCCCAAAABC@A@A@AAAAAAACACCCA@AABAAEB@DAB@BADCBABCBABA@A@C@C@A@C@@@AAE@AACAAAAA@AAAAA@@A@@AA@C@@AAAAA@@AAA@ACAAA@A@A@CAA@C@A@C@C@A@@AA@@CAA@@AAAACA@CAAACACC@@AAA@AAAAA@@AACA@AA@@A@@A@@@@@A@@BA@@@A@@@@@A@@@AACACAC@A@C@A@A@C@AAAACAAAAAAAAA@AC@ABC@CAA@CAA@C@G@CBCEAAAA@EGMGqIg@OAEC@A@@BA"],"encodeOffsets":[[107129,25659]]}},{"type":"Feature","id":"530326","properties":{"name":"会泽县","cp":[103.300041,26.412861],"childNum":2},"geometry":{"type":"MultiPolygon","coordinates":[["@@@ABC@ABA@EBABA@ABAFCDEDCBCBABA@ABE@ABC@ABABC@ABADGBA@ABC@CAC@C@CB@DCB@FCB@DCB@FEB@D@BAB@BABABABCDE@C@A@C@E@CAAACCECGAACECECE@AAC@A@A@AAA@E@ABABCBA@ABA@A@CBC@A@C@A@CBABCBCBADADCB@BA@ABABC@A@@AAA@AA@A@CAACCCAC@A@EBC@A@AAE@AAEA@AAA@AA@AAC@C@C@@AA@AAA@AAA@A@A@A@CAA@E@C@GCA@CAAAAA@@@C@@BC@A@A@A@@BA@A@AAECCAAAAACA@AAAAA@C@C@C@AA@A@@@A@A@@@AAAACBAAC@A@A@ACAAA@C@ABC@A@A@A@ABC@A@A@C@ABC@C@AD@BABGBC@ABCBADEBAB@BCDEBA@C@A@C@A@C@AAA@A@C@ABCDCBABA@@B@@A@CAABC@C@A@C@ABABABABCBABAB@FEBABA@C@@BAD@D@DADABAB@B@BBB@DDBDBBDDBBBBBBDBBBD@DABADA@A@A@CBABC@ABA@A@A@CBA@A@ABAAA@AACCEACAC@A@A@A@CBAAE@AAAAACAAAEC@AAC@C@C@C@A@ABA@A@A@A@C@AAA@A@C@AAC@C@ADCBCAC@A@CBA@C@C@CAACEAAAAACAAAA@ACGACAE@A@AAC@A@ABABADC@@DCB@B@BCB@BAB@BABCDCBE@ADABABAB@AA@CBABC@AAAAECA@A@A@A@AAAA@A@@A@@@A@@@@B@@@@@BA@@@@@A@@@@B@@@@AB@@@@@B@@AD@@AB@B@@@@@B@@A@@B@@A@@@@BA@@D@@ABA@@@@B@DADAB@@@BA@@B@BABBB@BA@@B@BA@@@A@@@@@@B@@@@@BA@@@BB@@@@@@A@@@A@@B@B@B@@@B@@@BA@@BA@@@@@@@@B@@@B@@@@@@A@@@@AA@@@@@A@@B@@@@@B@@@@@B@@@BCBA@@B@@A@@@@@AB@@@@@BC@AB@@@@@B@@@B@B@@@@@BA@@B@@@@A@@@@AAAA@@A@@A@@BA@A@@@@@AAA@@@@A@BE@A@@@@B@@A@@@@@AB@BA@@@A@@@@AA@A@A@A@@B@@@@@@A@@@@@@@@@@@@@@B@@B@@@@@@@@B@@A@@B@@@@@D@@@BA@@@@@AA@@@@@AB@@@@@A@@@@@@@@@A@@BA@@@@@@B@@@BB@@B@@@B@BAB@@@@@BBB@D@B@B@@@B@@@B@BDB@B@@@@@B@@@D@@@@@B@@A@@@@B@@@@@B@@@B@BA@@B@@@@@@AB@@A@@B@@A@@BA@@@C@@@@@@@@BA@@B@@@@@@A@@B@@@D@@@@@B@@AB@@@B@@@B@@@@AB@@@@AB@@A@@BA@@@AB@@@@@@A@AB@@A@@B@@@BA@@@@B@@@@@B@@BB@B@@@@@@@B@@@@@B@B@@@BB@@@@@@B@@@@@B@@@@BB@@@@@B@@@@@@@@@@@B@@@@@@@@@@@B@@@@@@@B@@@@@@@@@@BB@@@@@@@@@@@B@@@@@@B@@@@@@B@@A@@@@@@@@B@@@@@@B@@@@B@@@@@@@B@@@@@@@@@@@B@@@@@@@B@@B@@@AB@@@@@@@@@B@@@@@B@@@@@@@@A@@B@BA@@@@@@@@@@@@B@@@@@@@B@@@@@@@B@@@@@@@@@B@@@@@@@@@B@@@@@@@@A@@@@B@@@B@@@@@@@B@@@@@@@@@B@@@@B@@B@@@@@@@@AB@@@@@@BB@@@@@DAB@B@@@@@@C@ECEAGEGCEECAE@CACAACA@@@@AAA@AA@ABA@ABC@A@A@CA@AAAACAC@@AA@@A@ABABABABABCBABABCBA@AAA@@AAA@@@C@A@ABA@CAE@GEGECEEEAG@AFG@CC@A@@A@CAAAAE@CBC@@C@C@ECAC@E@AAAAAACB@D@DA@CAEAC@CBAFBDBD@DCBG@GAA@IAI@MDIDMJE@G@ABADADCHEFADCDADC@ABAAA@C@AD@FABCBC@CCGGAAG@G@C@CAEAAACCACBCBCFI@@@ABCBABABG@G@IGEMG@AACA@@CAAACAAAAC@CA@ACAC@AAAAC@A@AAA@@A@@@ABA@ABA@A@A@ABA@ADCBA@A@A@A@AAAAAA@C@AA@@AAA@A@@ACAA@A@A@@FCBG@GEGEAI@EAAC@CBC@C@GCQBM@GECE@EBERGFEDGGQ@OFI@IIyM_CKGCGCAA@C@EBG@AAA@A@@AC@C@@AGEOA@C@AC@C@@AA@A@A@ADATIDA@@@@DC@@@@@AHEB@ACAABC@AD@B@BABC@C@AACACAAAAAA@AACAA@CAC@A@CACAC@AAAGAECAAA@@AAC@C@C@@AEAAAAAAAAAACAC@C@AACCAAAC@CACAAAAE@CBOPG@G@EECGIYIk@G@IDEDAD@F@H@F@@@B@@CFKAA@AA@@@A@@A@A@IDCBCBE@G@EDIBIJCHAJ@H@DCBAAC@E@E@I@EAGCGAEAE@@ABA@@AAC@AAI@@CA@@@@@@CBABCBC@CACGCAECEAA@ADBDFFHDHJBJ@DDJAJEHCDGBEBABBDBHFDHFCBADAD@B@F@DADBBAF@BABCD@AA@@@@@A@C@EAC@C@AAA@@AA@@@AA@C@ABC@A@@EEGCK@I@KEOIOKEAE@ABAFCBG@IAICKCM@GAAC@ECI@E@C@E@GAECE@@@@BABC@ABA@A@ABA@A@@@AB@B@B@BAD@@AD@BABABABCBABA@C@CAA@AAC@AAA@AB@BABCBABA@AFE@ABCBA@ABCBCBA@AB@D@DBDBFDFDDFBBFBD@D@FAF@BAD@F@D@F@DAD@BCBADCBAB@DE@GECAC@CBC@E@A@@@CAEK@G@CCAECA@@AEGMGIAE@CBG@E@ECCECGCECAGAAAEEEBAB@B@D@ACBCB@H@D@BADE@C@AAAAAAAA@CAAA@@AC@AACBA@A@CAA@AAA@A@C@C@CAC@AAA@A@@@A@@@@@A@A@E@CAC@A@AAA@AA@@@ACA@@A@A@AAAAC@CA@@@AA@A@A@A@C@A@A@@@A@@@A@@BA@A@A@A@A@A@@BA@@@A@@@A@@@AB@A@A@A@@@AAA@@@A@@@@@@A@AA@@A@@@@@AA@@@@@CAA@A@@@A@A@@A@@A@@A@@A@@A@@@@@AA@@@@@AAA@AA@@A@@@A@A@@@@AA@@@@@A@ABA@@@A@@@CB@@ABADAB@B@B@@BD@B@BBFA@@BAACB@D@@@@ALCBCDA@@A@EBABECA@@AB@@A@A@@B@@A@@B@@@@A@@@@@A@@B@AA@@@@@A@@@@@A@@@@@@AA@AA@@@AA@@@@@AA@@@@A@@@@@AA@@@@@@A@@A@@@@A@@@@@@A@@A@@AA@@@@@@@@A@@@@@@@@A@@@@@A@@A@@@@@@@@AAC@CBCBABCDCF@DBDBDDFBBDDBD@D@HAD@HAD@F@FCBCB@BADEDEB@@CCACC@C@I@C@A@@CACAAEAACBE@A@@@@ACEIIGKEIGECIAE@A@QBUJIJ@F@DBB@DBDBBDF@B@DE@E@I@AAEAGCKIGCGBADAFABCBCBABABABQBG@GAE@CA@ABAFEBA@CAACCGCCACCEAADCBCC@BAD@DABC@I@B@BDBBB@D@D@EDADGDGDC@EAIA@D@BB@DBBBCF@BBBNBB@@B@BA@@BIDCBABAB@B@DA@AN@LDFBFFFD@@@BAB@JB@BAB@DEF@BB@@BBFDDDB@DCFCDCFDF@BBFADBDBD@DBB@D@F@@KDKBEDCH@FBH@FDBF@FB@DADCDCB@DABBBDBB@BBNBBDAFK@A@M@C@ABAB@@@BADABCFAF@DBBBB@B@D@B@DBD@BBD@BBDBB@BBF@DB@@D@BB@HLDFBFBDDHBDBDDFFF@D@FEHGJ@DEDGBCDCFAD@FABC@E@ABBBBD@BCDEFCDEDGA@D@DAHALCHEFEDEHCHAD@F@BBFBFDD@JAH@DEDIHCDCBGBC@AB@B@BDDH@FBBB@@@FBDBBDDBBBBBB@@BB@BAB@BABABABCBA@ABCBAD@HGFEDCDEFIDGDADABCFEDIJA@E@I@E@CDEBE@E@IM@EDEFECEGAEAGBEFCLGJCF@BFD@DCDSBKBEFAJBLBN@FABA@CBA@AA@@A@AA@@A@AAAAA@AAA@A@A@A@A@@@ABA@@@AB@@A@A@AB@@A@ABA@@BA@AB@BAB@B@BOFGHA@@B@BBBBB@@ABAD@B@@@D@D@B@@BB@B@B@BBFBF@B@@@B@@BB@@@B@@BB@@BB@@AB@BABB@DD@B@B@BAB@@A@@BA@@BBB@B@@@@AB@@A@AB@@@BABCH@B@B@@A@EFA@AB@@AB@@@BAB@BAH@D@B@F@H@@BBBD@BB@@@B@BB@@B@@B@@@@@B@B@@@@@B@BAB@@@B@@AB@@@BA@@@@@@B@@@B@B@@@BBB@@@D@BAD@B@B@D@B@BCHAFADADA@AB@@@@@B@B@D@B@BBDA@AF@BABABAD@B@B@F@DAFAD@FAFA@@BADCH@B@B@BBB@@@B@@AD@@@B@@@BB@@@@B@@ABABAB@B@B@B@@@D@B@B@D@HAD@D@B@BBB@B@BAB@@A@@BABAB@B@@@B@B@@AB@B@B@BAB@BAB@BAB@B@D@B@D@B@B@B@B@@@B@B@@AD@@AD@@@@ABA@A@@B@@BBBB@BAB@BAB@BADADABADABABAD@D@D@DAF@BADADBB@D@BBBB@BB@B@BBF@@@D@B@B@BBB@BADAB@BABHA@ANDFBFBF@F@B@@BABCBQCI@EBCHAH@JBL@J@FBFHHDFAFCJ@TBDCDC@CB@BBBLFJDDB@DCBCB@DDDFBHBF@DCDCFBJDJHJDDB@BDHBDAH@DHBFDFBF@JAFCHCD@F@@@@A@@BA@@@A@@B@BA@@B@@@B@@ADA@@B@DAB@B@@AB@B@@AB@@@B@BA@@DAB@B@BADAB@B@@@B@@ADA@@@@@ABA@@@ABCD@@A@AB@@@@@D@@@B@DBB@BBB@@@NDJDFBF@BDDBJDJHDBDD@DBBADEH@BAD@BBBDDH@BFDDFFDD@FAHGHEH@DDDH@DDBB@FBFHHBDDFB@DDFD@B@BEDCDCFBBBD@DBF@DBF@JBBDDDBDBDAVEJABB@@@@BBDHHBJ@J@D@D@DALABAD@@@FBBBBBBN@BB@BAHEDKDCB@BAFALEHEDADAFAD@F@FBTNHNLHNFL@FABCESBMJCLARCJEH@HDDFAF@BEDIDEDAD@DFDDB@DCBE@@BB@DB@BB@B@B@BBDA@@DBD@BBB@@B@@@@C@A@E@C@A@CAA@A@@AA@A@A@A@@BABAB@@@@A@A@@@@A@@BAB@@A@@IAABBJLN@LCHEFKDIHCHIJCJBJLLHVBJ@@@@@FJHFFBJBJBFDNBDADEJ@DFDDDHHFFDHDFBD@F@D@@@@@@DHFBAD@DBB@F@H@FCDGBKDCF@DDFHAFCNAH@@BDDBBBB@B@@@D@D@DBBBF@BBH@BB@@DBBDBDD@@DBDFDJBHBDBDDH@FBD@JADCH@@AB@DLL@JEHGLEFGFCBGB@@EBAD@B@BBBBBBBBBB@BBBB@@BABCD@DABAD@B@BAB@BA@A@@DCBADA@AB@BABAB@BCDAD@B@D@D@B@BBB@B@@BBBB@B@BBDBBBDBDBDBB@DBBB@BBBDDBD@BBBBB@@B@@@B@B@B@FADBD@B@B@B@@@B@DA@A@ABA@A@@BABADAFCDAD@BAHCD@D@DBB@D@DBBDDDDDB@D@DBD@D@F@D@B@DBDBDBBBDAB@D@B@DAFAHCBA@ABC@A@A@ABABAF@FADAD@DAD@D@H@D@FAD@BBB@B@F@DBF@B@BBDBB@BF@B@D@B@BAB@B@D@BBB@BB@BBD@B@D@BABB@@DDFDB@BBBBDBDABABBB@FFBBDBFBBBBBBBB@D@BBBBBD@B@DAB@BBB@BBBDDFDDBDBBBBFDFDDDBBDB@F@D@B@D@B@F@D@H@DAB@D@BAD@D@B@D@@AHEBA@ABC@A@ABCDCFCB@DCDEBADCFEBADA@ABA@C@A@AAA"],["@@B@@ABA@AB@B@@AA@IAED@DJB"]],"encodeOffsets":[[[106221,27663]],[[105872,27378]]]}},{"type":"Feature","id":"530328","properties":{"name":"沾益区","cp":[103.819262,25.600878],"childNum":1},"geometry":{"type":"Polygon","coordinates":["@@@AB@DAB@@@@@@ADABA@A@AAAAAA@AA@CBA@A@@EEECA@C@CAAAEIAA@AAC@@@A@@@A@@B@B@BAB@BA@@@A@@ACAAA@A@A@A@@AAA@C@E@AEAAA@A@@DADCB@BA@@BBHJBBD@BAD@HAD@DA@ABC@AB@BBDBB@BABA@C@AAA@@@A@ABADAFBBB@B@BCBIJABBBBBHFBBB@B@@AAABCBCDABBF@DBB@BABCBE@A@E@CDCBCFKBGBCD@FBB@HFRD@@@@@@L@N@N@PGDGBAHCJEFCF@FDDFDDDFDHDFB@DCF@BA@A@CCACE@C@@@@@@@ADADCD@D@BBBBB@D@FAH@HJXNPFJHJDDBRADAD@DA@CCE@GCECCAC@@@@B@B@HJBB@@B@BA@CB@BAB@DB@@@A@@@@@A@C@E@ADAH@FBD@D@B@DBB@BA@A@CCEACD@BAD@B@DDDFB@DCDAFBD@D@B@NAF@HCD@D@HDHBJBJDDBBDB@LDB@B@BBDD@@@@B@B@BA@@@@CEA@@@@AB@@AAAA@@A@@@@B@B@BBB@@@B@@@@@B@B@BBBB@DBBDFBBB@D@D@BAFA@ABABA@@B@@B@@@D@B@B@@CBA@@BABA@ABC@A@AB@@A@@B@@@B@BB@B@B@AD@B@@A@A@@@@@@BABAB@B@B@B@BBB@B@@B@@@@@BA@@B@@@BBBDDBD@BB@@@@@@AB@@AB@B@B@BBB@BAFAH@D@@@F@D@@@B@@@B@@A@@B@B@DDDL@B@@@@@L@J@DDJJHHHDHHLLF@N@H@FA@BDDADBBDBH@DAB@F@DB@AFCFETa@ADMAEBE@A@A@ADCDCB@BA@C@@AAEABCB@@EEEACACBCD@FBFDFDFBDDHDD@BCDADAAE@AACDAB@@CBADA@CAC@CD@DBBCBADBF@BADAB@D@DDBDDDBFBFFBFDHHDDBDDABAD@DA@A@EFCF@@CFADABB@D@DBDB@BEDCFAD@FBDBD@NBF@FCDCDGDCD@DB@DDBF@D@@A@E@@D@BADEBABCDEFEFEB@@A@AB@@@B@LDB@@@@DAFBBB@B@D@BA@ABOBI@AA@AC@AA@@BABA@AA@ADCB@AACA@A@ABAAACEAE@A@AJCBA@@@AEAAA@A@A@A@C@@BA@@BA@@DBF@DA@CDCBABAACCC@CBEDAD@D@BH@@B@B@DAFAB@@BBBBBB@B@BABA@A@E@@@AB@B@B@B@@BBDBBBBF@BBD@D@DBBODCBCBABA@@@@@AA@@A@A@C@AA@ABAAAA@CDC@E@E@A@@MBIDEDE@EE@C@I@MAEAMEKGG@AACCCCCCCAG@M@A@A@EAECEAG@EE[CGK@Q@IAGGCECAGCA@@@A@@B@B@BABA@AAAAA@AB@BA@A@A@@@@A@A@CA@]CKGIECE@GBGFGFEBCDA@@B@BAJBDBD@F@B@JABA@C@C@CBAFCBEAIGEIEKEICI@KHGD@@C@CACACBC@CCCACAEBCBE@CACACAE@E@A@AAE@CA@@@@@A@A@C@A@ABAB@D@DADA@CBEDGDGFE@C@AAC@CBIACAAA@CBAAAAAAAC@E@A@@A@@@@@A@@AA@@@@AAA@@A@@AA@@@C@AACAAAA@AA@AAAC@C@A@ACBADAFABA@AACAAAACAAAACAAAAAAB@BA@@@AA@AAC@ABAA@A@A@@@AAA@AB@DABABBB@BAJAFEJE@GCCK@IDG@AC@AAACAAAAA@CD@B@@CD@@@BDBDBADCDCBCBA@ABABC@EEUIEMA@@EAECCC@@@E@EEIBEDADAFCDEBCF@F@HEHKJIFGBEIIIUMKCC@EAAAAAC@AAAA@@@AD@DABCBG@KAA@CB@@CBA@CBC@C@CA@@EAA@A@@@@B@@@@ABAD@@@@@BA@AB@@CBEBGJCJBN@LANKNY^MJOHKFG@G@E@CJKXAN@F@@@BABA@C@A@AAEGAAMGGKEIIGACAG@@BG@E@I@@@A@AA@@ACAKEKCE@UIWCKIECCCCCC@A@C@YJEBKJCDCFED@@@@@@@@@@@BGF@@@@GJAB@@@@CBEBG@G@ICUEQ@GB@@ALADEBEBEBCDGDI@KCE@G@G@A@EEGEI@IBADBFBD@BEFIFADBDBDHHDB@BBB@BAB@@AB@@GBEBEFIHCBC@CCA@E@CDA@GHA@A@C@ABABA@CAE@G@E@C@A@CAA@AAEECCCAC@CBCBC@@AACAAA@A@@B@DADC@CAEACAACCCA@C@EBCHCDA@@@@@@@C@E@AB@DCBE@E@GAECEACGAGAIAGAECCE@CCCEC@ABCBABABAAAACAA@C@CB@@ABA@A@CAC@@B@@@F@D@B@@A@A@GCKAC@ABAB@@@@AB@@ABABABADABAD@DABABA@CBA@C@@B@B@BBD@BABABABABABCBABCAA@A@CCCACAAAC@A@CBA@C@ABA@@JAHCDGDEDED@DAD@D@D@BBDDDBD@D@BABADAD@DBDBFBBDBBBFBBB@@DBFFBDBFBBDD@BBHBBDBBBBBBD@DAD@BCDCDABB@@BD@@B@B@DABCBAB@BB@BBBB@BDDFBFBH@BB@DABAFFHHD@D@@@B@@@BA@@B@@AB@BABA@@B@@AB@@AD@B@@A@@@ABABCB@@A@ABCBAB@BAB@B@@@BAB@B@@@B@BAB@@@BB@@BBB@@B@BB@@@BB@@B@@@B@@@B@@@B@@BB@@B@@@B@B@@@B@B@BB@BB@BDBB@@BB@BB@BBDD@@B@@BB@@@B@BABBB@B@B@B@B@@@B@B@@B@@B@@B@@@B@@@B@@B@@@@BB@@BB@@BB@@@BB@@@@@@BB@@B@@BB@@BBBB@@BB@BB@@@@BB@B@B@B@BAB@@@B@@AB@@@@AB@@@@AB@BAB@@AB@@CDAB@@ABABCBA@ABA@@BAB@@@B@B@@@BB@@BB@B@BB@@DD@BBB@B@B@B@BABABADA@@BA@ABA@A@@@A@A@@@A@@B@@@B@@@B@@AB@@@B@B@B@B@BAB@@@B@@@B@@@B@B@D@B@B@BBB@@B@@DBDBB@B@B@BB@BD@@B@@BBB@B@BBD@D@F@B@B@@@@@B@@@BBB@BBD@D@D@D@BBB@BBB@D@BABBD@BBD@@BBDBB@BBBBBB@B@DCFABC@G@A@ADBDC@A@A@ABFFBFBBBHFDHDFDDD@F@FAH@DBFHJHNBF@@DBBFDDH@L@BF@D@@@B@FAD@DBDFD@HCFA@ABCDABADC@CBE@C@E@C@ABE@EBC@C@EAAACEECECCACAC@A@@BABADAD@BABAD@BEF@BABABADABA@@BBB@BBD@BBB@D@DABABADABABABC@@BC@ABA@A@A@@B@@@BAB@B@BAB@BADAB@@@@DFBF@H@F@D@FDJ@FBDHBN@LDJDJBH@DABEBAF@FBPLPJLFJ@L@HDFF@@@BAD@B@DBB@@B@@BB@BBD@D@FBD@B@@@@@B@@BDCBA@ABEAABC@C@E@ABCBCDAGEECAGACBAFAHADCFGBICI@CAIGIGCEEACBCB@FBFDDBDHDBD@DABADA@@@@@@DB@@BJ@BBD@BB@BA@@"],"encodeOffsets":[[106118,26654]]}},{"type":"Feature","id":"530381","properties":{"name":"宣威市","cp":[104.09554,26.227777],"childNum":1},"geometry":{"type":"Polygon","coordinates":["@@C@C@AAE@AAAAAC@AA@A@A@A@@B@@@F@BABABA@A@AAAA@AA@EBCBA@A@@@AGC@C@CBAF@DDDBDABABCD@DCBE@CA@@AB@@AB@@@D@B@B@BBBFB@B@@ABID@B@BBFDFBBAB@B@BDBBBA@CD@BBBB@BA@AB@@BBDB@@BAJAP@BABC@A@A@AABE@C@@A@KCA@@@A@@B@BA@EFEFCFADABCFABC@@@@F@BC@E@CA@CCAC@CDCHCDEDE@MAC@CAEAC@EBCDAFA@AC@C@CAACBEB@DE@ED@F@BCBC@ABCBACCCGGECEAAEAECCACCCC@A@CBABE@CAABADCAC@@DBD@DCBAB@DA@CBBD@BBFCBCBADC@GCCCEAECECEAC@ADBDBDFF@FA@ADFBBB@@@DABA@CDCD@B@B@BAFBFCN@BSbEFED@BCAE@A@CBG@CAAABCCC@AEBG@M@E@KKGGGCGGIICCI@K@@@@@A@K@CC@C@A@AB@@@@A@@@A@@@C@E@@@CBGBE@AAA@A@A@ABA@@BA@@@@@@AAC@CAACAA@@A@@@AB@@@@A@@@@AAA@A@A@A@ABABA@A@@@@B@B@@@@ABCA@A@A@@A@A@@@AB@@@BAB@D@BAB@BA@AB@DA@@@A@A@C@@@AA@@@ABAB@BEBABC@C@A@AACEAA@CAAAAA@A@@@@@A@@@A@AAA@A@@@@@@BB@BB@BA@@B@@B@DF@@@@ABA@A@@@@@CCAAA@A@KCA@ACCAICIAGAGCC@C@GDE@MBA@C@C@EACBCDA@CECCA@C@ABC@BDDF@D@BABA@CAA@C@C@EAG@CB@B@F@D@B@@@@@B@@CAA@ABA@@DABA@@@AAGIA@A@@@@@BDDDDF@HDF@DCBC@CBQBCAICIGOEWMGIG@EBC@A@AAAAC@C@CDCB@B@@@@@@@DDFDB@D@BABE@CDA@CECGCECCCEECE@EDIFGDABCHOHM@M@K@@@@@@@QCGEA@EAC@ADAHELADCD@D@F@BAFADABA@CAE@AACBADADBB@BA@A@AAGEAAAABAJIDA@A@AAAEACBAB@B@B@@BB@B@DABABA@CAAAA@@BAD@BCBC@GBC@ABC@AAGIAA@@ABA@CDCB@@@BBBFB@B@F@DBB@BB@B@B@B@BBBD@@@B@@ABA@ABA@A@@@@B@@@B@@BD@BBBFJBBDBD@B@FDFF@@@BAB@DBBB@BBBB@B@BABCB@B@@@@A@CBA@@BBFBFDHBH@F@J@F@FBDABCDG@I@GBIDAJCJ@F@HAFADCD@J@B@BB@@@B@@BBBEL@DA@@@E@G@E@C@CBCF@J@HJlJZDHFFH@H@PODAF@BBBBBD@DBDBBDDBBD@D@DBBBBBBBBBBBBF@@@D@DBD@BB@BBFDHBBB@BBDBD@D@BBD@DBBBD@BBBBBBBBDBD@B@DADABA@C@@BADBBBDA@GF@B@@@@CD@@@@CBSJCB@B@B@BBB@@@DBDD@B@FPBH@@@DBD@@@BBB@BAH@F@DBBHDHDDLN`Jz@JEJ@PHRCHEFQHAF@FDFHFN@RAHDD@D@DAD@BB@FBJHFHFH@DA@EB@B@B@DB@BB@B@BB@@BBD@B@BBBB@B@B@B@BABCD@BAB@B@B@BAB@BAB@B@@@BB@BBB@D@BBBBD@DB@BDBD@BBBBBDBB@DB@BD@BNHHF@J@HAHABABAD@B@@EJADADBDDDBBFBDBD@H@H@BBHHDDD@DABA@EBCD@B@BBBAD@BCDCBCFEDGBCBCBAH@F@NIJCNCJ@JBB@HBH@DA@CACACBEDAD@FBDBB@@C@CDABBBBBBF@D@DB@F@D@DD@DAF@BBBB@D@BB@D@@DEH@BBHFFDFHFHFF@DBB@BAB@D@@@B@BB@@BB@BABADABABADABABABAB@B@BB@@BD@DBBBBBB@@D@B@BAD@BAB@BBBB@BB@@@@DBBBBD@DBFFDDFFHBHDF@F@D@@B@B@DAB@B@B@B@B@B@BBB@B@BBB@BBB@BBB@D@B@B@B@B@DBB@B@D@B@BBD@B@B@D@BBB@B@B@DBB@B@BBB@BAB@B@B@DAB@B@@@BADAB@B@BAB@@@BAB@BBD@B@B@BBDAB@B@BAB@BBB@B@B@BBB@BBD@BBB@DBD@B@BA@@BABABA@@BEHCL@PBJBL@L@H@FCFIH@D@BBBBBBDBD@@@BBB@@BBBDBB@@ABB@BBBBB@BD@BB@@@B@@BD@@@B@@A@A@@B@BAHBD@B@BCH@BBD@B@@ABAD@BBDA@ADADABBDAD@B@BAB@BA@DHBBBB@BBBBBBBAB@@A@@B@D@BBBDB@AB@DDDBBBDB@@BBBB@@BB@BBBDBB@@BBB@DDBBB@BBBBBB@BB@BAB@@FD@@@B@B@BBBBBBBF@DB@B@D@@@B@D@@@BDBBBBB@BBB@BB@BD@@B@B@B@@BABDFBDBD@BBDDB@DBB@BFD@@DBDDBBB@JAF@HAB@D@DBD@B@@@FF@BF@B@D@B@D@HGD@DCBADEDCB@FBD@B@DAB@@@BBDDF@BBBAB@@A@@@A@A@@@A@@B@@AB@B@@@BA@AB@BA@@B@BADCDAB@BAB@BBB@B@FADAD@BABAB@B@BCB@B@BBD@B@DA@AB@B@BBBFBBHDBBBAB@B@BBB@B@DAD@D@@@BCB@@@B@BABC@@BCBA@@DBB@BAB@BAD@@@B@D@DBBBDB@B@DBB@D@B@BAB@BBD@@@BB@DBB@D@D@D@D@D@DAD@D@DABAD@BAB@BABABABA@@BABAB@@A@A@@@A@@@E@C@C@ABBBAB@B@DA@@DB@@B@@@@@B@@@B@BBB@B@@BBB@@B@B@HDBBF@B@B@B@D@BBB@B@DA@@B@BBB@B@@@FAB@@@@@@BBBB@DAB@@BDD@BB@@@@D@@BBBDBB@BD@@@B@BB@B@BAB@B@BBBBF@DBBB@BBB@D@@@B@@BBB@@D@D@@@B@DDB@@BBB@D@@BB@@AB@@B@@BBB@@AF@BAB@DBBBDB@BDBB@BB@BBB@@B@B@DB@BBBB@@@B@BBBBDBBFFB@AD@D@B@DBB@BBBAB@B@B@B@@@@AB@B@BBB@B@B@B@BBBBB@@D@B@F@@@@BBBDBB@B@B@@@DABA@AB@@BB@DBB@@BB@BABABC@A@CA@@AB@@CB@B@B@BABC@@BAB@B@B@@@BA@@@A@@BA@C@CB@DABABCDABE@ABA@@@AACAAAABA@A@@@A@ABADADCFADABA@@B@BABA@@B@BA@@B@@AAA@A@@BAB@B@@A@EBA@AB@B@B@DABA@@BAAA@@@A@EBA@@AA@A@@@AACAC@@@A@A@@@@@A@AA@AA@@BA@@@A@@AA@@@ACA@@@AA@@@@@@@@A@A@@@@@@@A@@@A@@@@AA@@@@@@@A@@@@@@@AB@@A@@@A@@@AA@@A@@@A@@@A@A@@@@A@@A@@@A@@@@@A@@@A@@BA@A@@@A@A@A@C@@@@@A@@B@@A@@B@@A@ABCBA@@@AB@@A@@B@@@BAB@BCDADCDA@ABA@@D@@@DCB@BADADCD@B@@@DDFBBBBBBB@@@B@B@@D@@@DBBBB@D@B@B@BABA@AB@B@B@BBB@D@B@B@D@@@D@DAD@B@DBB@BAB@B@B@FAB@F@BBBADAB@BBDB@@B@B@B@BB@DB@B@B@BBB@B@DADA@@BABAFA@ABADA@@@ADCDABE@A@EA@@C@ADAB@D@D@B@@@@A@A@@BAAC@@BE@ABC@@ACAAAAAA@AA@CEAC@A@CA@@CAA@AC@AA@A@CAC@ABA@A@ABC@A@CB@BAB@FBDBB@B@DAB@D@DAB@DAB@D@B@BABAB@@AB@BBBAB@DCDABA@A@AB@BA@AFADCB@BA@B@@@@B@@@@@@@@@BA@@@@@A@ADE@AD@BA@A@A@A@@@ADAFEDCB@DCBABA@A@ABABADCBCBCBAAA@AA@@EAC@AAC@AAA@@AAAA@AAABE@C@C@A@A@ABABADCDC@ABA@A@ADCBAB@DAB@B@BBD@BADAD@D@B@D@BAD@BAB@BA@A@AAC@ABC@@@C@A@A@A@@@AAA@ABABA@A@ABEBA@CBA@AAAACCCAA@A@A@CBCBADCBA@A@C@ABABABABAD@@ABADADCBAFA@@AA@@@A@C@CBA@AACACA@ACA@AAA@A@CBCBC@A@AACAAAA@ACCAAACC@CAA@C@@@AB@@A@A@A@C@A@ABC@A@A@A@A@@@A@@@AA@@AA@CAA@A@A@CAAAA@AAC@E@GAC@AAE@AAEBA@A@A@C@A@C@A@ACAAGCAAA@C@GAE@A@C@AAAAGAA@AAA@@AAA@AACACCCCCAAAEAA@@AA@A@ABA@AAC@@AA@ACACCAACCAAA@AA@AACAACAAAECC@CAA@@AAACAACCGAE@@ACACAEAACACCAA@@AA@@BC@@@C@@@A@A@AB@@A@A@@@AAAB@@A@@BABE@ABA@ABA@C@ABA@A@@@AD@DAB@@AAA@@A@BA@@AA@AAA@A@A@C@@AA@@A@A@C@A@AAA@ACAAAA@A@AAA@ABEBA@A@A@AAEAAAAACAA@CAAAA@@AE@@@EACCE@AA@@A@@EA@AAAAAA@AAAACA@A@A@A@A@C@E@EAA@C@ABCAA@A@A@G@A@A@A@A@ABA@A@C@A@A@CBABA@ABABA@A@@BABABABA@A@CBEBA@CAA@A@C@@@AACAABA@C@A@AAAAEA@@A@@@@AAAA@AACACAACAAAEAC@AACACA@AAABC@A@AA@AA@AAAAACAA@@@A@@@A@@@A@C@C@@BABABA@ABA@A@CBC@ABA@CBABABAB@@GBCB@@AFABABC@CAA@AAA@A@CI@@AA@AAA@A@A@A@ABA@ALCDEFGFGFK@E@CCEAEAG@ICEE@CA@@@A@CBA@A@CBA@A@ABCBC@ABA@AB@@AB@@A@@BA@A@@AAAAA@@AAAAA@A@A@A@A@@@A@AAACAAA@G@CBE@A@AACACCACCAACECGCCACAA@CAAAACCACAC@M@CFADEAGKC@@ADAD@BA@C@CBA@CBABADCBADCDADCDAB@DA@ABCBCBCB@@CDCFCD@HAPABA@@@AA@C@EBE@AAA@@C@IAC@A@E@ACGSKSCGGCG@MDM@SAQASE@AAA@@CACCEAECC@A@ABA@CA@@CC@A@@BA@@BA@@@AAA@AA@AA@@EB@@@@SDGFCFA@ADCBA@A@E@AAC@CAEACAEAC@C@A@C@C@ABA@CCCCCCCCCACCCAACAAACAA@CCGCEEOAAGEAC"],"encodeOffsets":[[106727,26513]]}}],"UTF8Encoding":true}