{"type":"FeatureCollection","features":[{"type":"Feature","id":"451302","properties":{"name":"兴宾区","cp":[109.230541,23.732926],"childNum":1},"geometry":{"type":"Polygon","coordinates":["@@HCLIJCHEJEHCFE@G@CDIAEECFGBIFA@GJCNGFBLEDC@G@EBGDEBE@GCMCECICCAGAG@KDIDEDCF@FANGJEBCDADAFAF@JBDDHFDHFFDFBDHDBFHAD@H@D@D@HAHADAHAFCJEDCBAFCDEDE@ABKB@@C@ADC@C@C@EBCBGDEBEACACCCCAEBGBC@C@AACGACCCEGGGAEGMCEEAAAEECG@EAEBEBABADCDAD@B@DADAB@D@F@BBFBB@BBPDRBB@@C@C@ABA@ACC@EAIEKBKFGDBLKBECGIKIMEMIKIOQMMKOUOMMOUSOUMUISICMDSLKBECEMBKHSFOAOGSGQAQ@A@ADSAA@A@CDALCJEBCOQGEAACEQUAGKM@EB@DDDBDB@@DCBCBCFKDADCBALEBGDCHADCBECCBCEACAKGEHEBACCBG@GAMAGAEAAAGIAGAECACGICGD@FEDBBEFAAGDGCCBADEFCD@HEBG@EASCGCEDB@@DEBCACAELAJBBFH@FDDGF@BBBCBAAEFGD@DAFA@ECC@AFAAA@E@ACAC@ACCEBCBABED@DEACBC@CGCB@FABAIC@@C@@ECBA@CACIAAACEB@B@BBD@F@@@DCA@EDEACCG@CAA@@BE@ACCCACACBIACE@G@AAC@@BE@CCCCACEA@A@EAC@CHA@IGAABCBCOCCBCEEEDEAMD@DE@AAACEACBCIE@CDGAAAAEI@GAAACGI@GEBCBAF@BEEEBAF@D@BECCEAAAAAEACE@AA@BCD@@EHCDBDA@ADCEGCD@@G@EDA@AEAC@@C@@A@@@AC@A@AG@C@CGAC@AA@CPIDCFADA@@ACGCIEIFCDAAA@CB@DA@@C@@CDA@CAEBEDAFE@A@ILDD@DCD@@@@C@IBEAAB@BABA@ACCAA@A@CDAACD@BBB@BA@@BB@BAB@@BCHADACAAA@C@GCAC@GAIG@CB@BABADG@AAA@EACBE@AB@DCDCB@AAAAFCDADAAAFA@EDADA@EJGD@DCFDB@BBF@FA@A@@B@B@B@BBCB@B@BBBB@ABADDBDAD@D@FDBDBD@DBDFA@EAEBCAGBI@@D@@C@AE@GBEB@BBBA@EGCAAGE@CCGC@AFAD@AECC@AA@AC@O@EP@JEDBDFB@D@D@DCBCB@JDD@BCBCAACE@CBS@CC@@CFABC@BBEBABCAAB@AEKAAA@CA[AMAI@ANBBEFCHABABAD@BABAAE@GBCBA@@AA@BA@ABA@@@AAAA@A@A@A@AA@A@ADCBGBA@AA@@@A@ABCDAFA@CDCBC@C@C@@@@ABE@AAAAAAAABAB@FA@CBCAE@CDEFEFCF@D@DA@CB@H@BEL@HE@CDA@CB@AAAAAABBBCBADFD@@BAFDADC@@BDBD@DBCDC@@B@BFBBDEBCDBFDDBBABEBCHAFGFCDGAAACBABMB@B@HCFIBI@CAC@@DCDIAAFALCBBDBBDBC@EHHDGD@FADCCC@ECMFEDC@BDC@CAABBFGDG@ADDDBHGFC@BDCBACGFCBAF@BBHADDHFFBDAFAB@BBDEDEDAD@LCHE@A@ADAHBFBHAFAN@BBFAJCHC@EBBNCLEACFBB@BDABDADIBGLDDDAFBDDI@CBC@AFEBCDBDKL@BF@BBAFHDABBDHDF@AFDB@FC@CBAFIB@DA@ABEBCF@D@F@H@DAFD@FJABA@KFADBFCB@DBDBB@DCDCFB@DBBDD@@FJAFAFBBBBDBD@FBBFNDBB@@@DD@DFF@DC@CFADAACAIFCDAFC@G@EACBAB@D@BBDBBHBDFBBB@DDADG@CFBDBFABAB@HFBBBBD@@ED@H@DGFMNE@C@KCKBE@A@AD@@AD@@E@CHBD@FCBALCAAAAAI@ED@DFFDBFBBRBRAD@HAHDFBFGBBDBBA@ED@@@@AB@BDDBHCHPLHBNCLoDGDEFEJC\\GZ@P@RDB@FAH@T@PAJ@F@HBJANAHABADABE@CCE@CIEEAICECCCAAAEAE@E@E@CDEDEFCJIDAF@B@PBBAPGBADCBC@MECG@G@KDGBG@C@A@CMCS@Y@EDGFGHCFCHCHALCRGJCDEBIGMAKDGRKFEBEJB\\R@BDB@D@DBBDDFBJHDBDBDF@FNLNLD@@@FAJDFF@F@BADV@DAB@BBDBDDDBHEFCNCFD@JFB@BDBD@B@DAFAB@BBDBBBDBBBD@H@HCJDGDBHDDDHBDDD@BJDIH@FBF@D@DAFC@@@CBEBC@@BMDKFGGE@YH@@CB@BAD@B@BDFBJBB@BA@CBEDAB@BADADCD@B@BHDEDAHDNDJEB@D@F@DFCDB@D@NEFBHFDLAJCHABBBB@DBBBBBD@@BB@J@BBBBDDDBDBBAD@BE@CJBJBJCBYT@FFDNREFACGEGCGDBDHLBBDDJN@NBLDFFFRFNFFFCFGHKHAJDLDJDNDJBJBLAD@@@@@BAFBLDJBH@FBFDDJFHFFDBHAHAFAH@LAFDDFBJDDBHDHBHHJDNBBGDAJAN@BAB@FADADAF@JDDDB@BADA@AB@@B@DAB@D@B@@B@@@B@@@DEDAFCB@BCBA@ABAHOBMAI@CBABAD@BA@@@AAE@C@AB@FAD@@@B@F@DFDD@@B@HDH@HAHEFGJILBPDFBVAFDFFFHDHCLGRDJJDFFLFLCLCLCL@NANCTENGHIFKFI@OCQCGDGNKNGJA@@J@DABEJADK@A@CBCBG@EBEDAEC@EJANCFIJACGFMIIJEDFBBD@B@@@AEH[HBHGMKBABCBCDAHDP@AHJDD@FBJCdKNBL@D@N@"],"encodeOffsets":[[112055,24483]]}},{"type":"Feature","id":"451321","properties":{"name":"忻城县","cp":[108.667361,24.064779],"childNum":1},"geometry":{"type":"Polygon","coordinates":["@@MAICGGGAGCCAICEACCBE@KBGBEBGAGECGEIECCAE@EAGCIAKBE@A@@@@BCAKAICICMCICKBILGHGDEEEMEQEEECEAK@MIMCCAAGKACCCIAEBEBEAKCCAI@@BAFICGFEC@EGCDECEAAA@A@CB@H@@ABKJCFC@@FMBE@CAEAK@IDEACDCB@BBBKFENBDDF@DA@CDEBC@C@CAA@A@@EGABAAEDAEGCEGACAGBCC@CC@EBIIDCDA@E@CB@HC@AAC@CD@ACFEGEDEACI@I@E@GE@EDCECEOADCCAAGIACFABAGEBCEIEAGBG@DKDBBAAEDA@DJGCIOBS@G@EBA@QCO@Y@[HIDEFCFCHKpMDGAOKDGAGCC@ABA@@@@FCB@AAACHAAECEBG@GBCAQAQEACAEEC@ABGECEGAAEAAEAAA@CCAADC@EAABE@G@GAGACDADBDEBAAE@GCGCACAGDAACA@ACB@@AEAEA@ACA@@IDECEEE@GBCAIBGBKCCADADCAEAAAC@@EAC@EGCBGAI@AC@@DACCC@CDA@C@@AFACCCBAAFCG@GFCC@@FG@EIAAAE@C@@DABGA@@BEECMGBCAAG@AC@@@C@CCGACBCDGGCICE@A@EDCDCEEG@AA@C@BCACB@ACC@ACDCDCACA@CACCKACC@G@C@CAAEBIGBECCA@GFCBEGAC@@A@CBE@A@BDDRCFI@A@APDD@JHDDJBHAFCBC@CF@FBDIBIACBABAFDDCFEDEAC@@PCDABAD@DBDD@DBF@JABDBBBDA@ABAB@D@@DDATGCADCBCBE@AB@D@D@@I@BNHBAFABCAEA@DBFA@CDCBA@EDEA@KEAI@HJADKBA@CAEAC@CD@DBFDHFFDFEHEDC@C@AACC@CAGBAKAI@CFPREJ@BIDEBFNPJFDBBPBLF@DNALJ@D@DE@ILCDFFH@BBAHJF@DEJBDLB@BBDBHEFAFDBDDD@B@D@DAD@FJEBEDEBC@K@Y@C@DFF@@LFFFFCBCBCBIDADMAICO@CJ@FLBBF@B@DFHLH@FBDDDBBAJBFGACDADABBDADJLFABDBDHJBDLFBBABBBFD@@FBBAFCFCDCDBDCFAB@DJJFDFBBB@J@H@BB@BEHBDCDCFCFCBCDGJADCHBBBBDDDFBDBBD@N@FADE@GBGFI@@LERCH@JALCFAPBH@NBLFFFBDAH@FEHILEJ@F@DBDFBNAJAJENCHBHBFF@DB@BDB@BBB@@BAD@D@BAHAD@D@HBDAB@DABABA@CB@@ABAB@DBF@FADAFCD@D@D@JDFDDBD@D@BAD@BBD@F@D@B@BDBF@D@DBBB@B@D@D@BABA@C@A@@C@C@@AAAAC@AB@H@DBDDHBHDF@DBD@BBBDCHIHIJCNBHBHBHALBLBPHJBFBDAJBPJFFDH@D@FCHAH@HFTLPAHBDBDBD@@AD@H@DHB@B@BDDBF@B@D@@DJBDDDJFBB@DKDEDC@C@C@AB@BADEF@B@DDFBDBDFD@BAB@D@@B@B@D@D@@B@BABAB@@A@C@@B@B@@BD@DABABC@E@A@AB@B@BABABA@CBADCHADAF@D@@DBFABBB@B@BB@BDBDBDBBB@@BADE@@DAB@D@B@BDB@B@HCB@D@FBFDHDDD@@J@FDHHDFBFDDLB@@DD@DBFAF@DABCBCBCDGDEDAD@B@D@BBDDDDFNJ@BAF@F@D@BBBJPLNJDBABEBEHEHAPCHEL@N@LBLBRAPCNGNCHGJSFKFGJCDEHIBECCCGEGAGCAAGBCDIFEHIBKAGDGFIJADDFFFBFAHEDCDCHEJCPCNAPARBPOPIDKBKBGCEGEE@EACCACDIHKDM@MEOBIDCHGPKHEJGFGDIBCBE@KHKFMDCHAJ@HBJDNBLBLCD@@@B@FAJCJALAJEJKJKJIJELCJ@JAJ@LERGJEHEHADC@ACGGEKEKK"],"encodeOffsets":[[111707,24645]]}},{"type":"Feature","id":"451322","properties":{"name":"象州县","cp":[109.684555,23.959824],"childNum":1},"geometry":{"type":"Polygon","coordinates":["@@FIBO@O@CACKEEKBIDGAKAGEKIEKGCECCAC@C@AB@B@@BBBDB@@H@DBB@D@@ABABA@@B@DBB@BADA@@B@@@B@@@@@BBB@@@@AB@AA@@A@A@EA@AA@BADGBAPQDCDAD@PAD@PFJBDBH@FCNAHBF@PFH@D@DCDEDADGDCBABAF@J@FDJDJF@@D@B@@AD@BABABCBCD@@@DABBB@B@DCFEDA@ABADABC@EAGAG@ADKBCBCBEBC@CCG@CBABC@CCAC@AC@A@A@CJKDCD@DAD@BAACF@B@BAD@HE@C@CBAFC@@@CAAAA@ACBCBEBCBA@C@A@BG@C@C@C@A@C@AA@A@ABA@AB@BA@A@@AACAAA@A@EB@@A@@CAACCAAAA@GAAA@KDCDGBE@CAGGCCCC@EAEDG@C@AAK@@A@C@A@CB@@@BAD@@AB@@AAC@CAAC@@@A@@@@@ADDB@BABCAABAB@DBBBBAB@AA@@@AAAC@A@GCAAAC@GBC@CAGCC@A@C@CGCAABAF@FAD@AABAE@AACAC@A@AA@A@ABEB@BC@A@ADE@C@C@C@@C@EBCDA@EBCB@ABCBADABAAC@A@A@@A@A@EBEBA@ADADC@C@@A@A@ABA@C@CAA@A@ABCAA@AFABA@A@AAC@A@E@@AACA@C@@ECA@A@ABA@CBA@ABADA@AA@AAAC@EC@@@ADA@ACAABABC@C@@BCDC@@AACA@@AA@AAACAAC@AA@AD@BAF@HA@@BA@A@CAC@A@C@C@CBA@CAAAA@CA@CBEBED@@ADADCBCBC@ABEFA@AAA@CACBABABA@AA@CBCAC@@A@CBAAAC@GCAA@AECAA@ACA@EACBA@CAE@CDCBCACBAAC@A@CB@BAHABCBAB@@AB@B@B@DA@@@ACA@@CAACAAACBC@CACAACA@@@@BAF@B@DCDC@A@A@@@CAA@CCEC@@CACAAAAECA@C@A@A@@@CBAACBCBC@C@G@AA@A@@A@@@A@A@C@C@ABG@ABCACA@@AAA@C@IAI@AB@B@B@DAHED@BAB@AC@@@I@A@CA@AA@CA@A@AAA@ACACAABCBA@ABCBC@@AC@CE@@AAC@CBABABC@E@AAC@C@AAGA@@C@A@C@EAA@A@A@C@C@AAC@AC@@A@CBABCBADG@CAA@A@ABABA@@AAAAAAAA@AA@CB@BABC@A@CCCAGC@AB@DADA@@HC@ACACAIBABABABA@ADABA@CFABABC@A@C@AAC@C@AAE@ADCB@F@D@D@D@DA@A@AD@BBB@B@D@BCJAH@DABABC@EH@BA@ABEBABC@IDEBGDCAGCA@CBCAE@CBC@CBA@AAGCC@EBABAAAAAAE@GBA@C@CAA@C@A@A@AD@D@@CB@FAF@D@DBB@BDDFDBDBD@DABAFADABBHA@ABADC@C@AB@B@DADAFAJABA@A@C@A@A@ADCB@BBDAFA@AFADBBDBBBB@BBBBBB@@@DABCBA@A@CCCAEBCDABCBCBCBAD@F@B@BA@CDEDA@A@A@CBGDA@AD@B@D@DBDBBDAD@DBF@D@BBDABABABABAF@D@H@HABAD@F@F@BB@BAJ@BCFCBC@A@EBCBADCBC@AAE@EBGV@@BH@DBB@B@B@BA@CBEDABABCBADCBG@C@MCECECECEAIGA@GEUEGCGCGCIEE@M@IBCAGAEAEACCIC@CCCGIACCCEACEEGACAECMAEESACCECCAAEEEECEACACAG@EBGDCAA@ABE@AFABABADCDADCBAAEGCACCEEECGGECCIAE@EBCBCBADIFMHEBE@CDCFCJ@LBHBHDDDJDFDN@HAFCFAH@F@HCDKFEAMHID@HEBAJEHFDBFCJ@D@HEFGDIFGFIDKJGDNFPRHTDJFJJH@@D@FD@HDAFFH@DDBF@@CA@@AB@BBABB@FEBC@@DCBABB@B@DABBBDLAJGFCFDDADBADBH@FJABHCHBBB@BB@DDBDABF@DDDADEDEBBH@@@DA@ABCBABA@ECCAA@AB@BBBFDBDABABAF@BBDDBBDBFBD@FAJ@FBDBBHFBJDHDFNFJBL@R@LDJFRJJ@LAPFLDPFLHLJJHHXFNH\\FXDRDJDBHDJBJBLHN@D@DCNAHCJ@HBFBFFJFLDJ@F@JCJAHBDJ@BBbBDFAHAJAJBJBHDFFFFDFFFFDDBFDFBBB@HBHFFFDDF@FBHFFDBDABEDEFCHBNFHFB@DADAD@F@HBFBHDBB@D@D@DEH@D@B@BHBJ@H@H@@@DBF@B@B@FAB@DBB@BAB@BABAB@@B@B@LFNBBHD@@DFBBD@B@@@DHBDB@@@B@@@@C@C@AB@DBDBDDDBD@B@BABCBC@AFAFBB@DABA@A@@AA@CBCDEBCDEBEBEACEAEACAGBGDEBGAEBCAA@@CFW@EBGCE@CBADCPIDA"],"encodeOffsets":[[112558,24820]]}},{"type":"Feature","id":"451323","properties":{"name":"武宣县","cp":[109.66287,23.604162],"childNum":1},"geometry":{"type":"Polygon","coordinates":["@@XGF@B@@A@EBAB@@ABC@CAA@CAACACAEAE@A@@A@A@CBABGBG@CBAD@BBH@DADBD@DABCBEFAD@DBDBLB@H@F@F@FBF@DAH@BBBDDDBD@HEB@BAJCFBHBD@D@@BAFBBBBD@ADAB@BFDDBB@FBD@DABADAB@BEFMFQDKJOBOEEAGA[DWDcC]EWES@@@@CIMQQOKYEUBcFODSC_@@@AAAAAACACACDC@C@A@AEC@A@ABC@ABC@CBC@@CC@@AAC@@AAA@@AA@@A@AC@@@AAAA@AAA@AAACACAA@A@AABA@AAA@BA@AA@@@A@AAA@ABA@A@DEAA@@A@AA@AABA@BA@AAAA@AA@A@A@CBAAC@AA@A@A@CDABADCBAFADAB@D@D@DAF@D@D@FCHA@ADIVSDU@uJQAECCEEUGKGCOEMAI@I@MDM@KECGBODGBQGYEIIKCCE@EBA@@A@A@@A@A@AB@@C@CBA@@@AAB@@ABA@ABCBAB@ACAAEA@B@AA@@@@BC@@B@@CA@@@AABCBABCBADABCBBD@B@FCBA@CBAFCDC@A@CAABCDCBCBCFABA@EA@CCAACEAG@AAAAEEAEAC@CEACCCCAKACCAAA@A@EAACAEAAAEECCCCCCCCA@BCCE@C@CCAEEEACCCCACCCEAABDF@DADCBIAEEIEEA@ABABABCCA@CACCEACAAAC@ABE@CCCE@@AAABC@A@GACACMCCAAEAC@CCCIA@CGCCCAB@DAD@DCDEBCFEDADCDABQL@BCACFBB@HCBEBC@ABA@CBC@AFBFDJIDEDANEDGA@DBBCDD@@BE@CFDJAHAB@B@FAFFBADDDAFCDGBCDAHKFABCDCBELADADCD@@CACACCA@@FLNBHRVDFBBHFPRADIFKDCB@D@BBBCT@B@BBRHRHTBPEPGTALFNFDLATKNCJDJTNVPVVTNPPNPVNLRNJPJLFNJNJLDHAFKLCAEHALFLBJ@FDD@BAB@B@D@DA@QAOCAAA@EAAAE@C@A@CBCBA@C@CBCDABABAFBF@FDHFFBBFBDFHNBFHHFHDDBDDHBBD@D@HAFADBDDBDBDAFCFAHAD@F@D@DCD@B@DA@AL@BCFCFEDABCDIFEDGBCBGBGBC@C@G@C@GBABCDCBCDABABEB@BAF@BBBCDAH@FBHBDBDDFFFFFBBDDDFBDFTBFDNBFBDFHDFFBDDBDHJDD@DJDDDFBFBHBDBJAN@F@JFHDHDHDVFHFB@JHFBFDFDFDNDD@H@DABCDABABAFCDAB@@A@A@AAA@CAG@@HUFAF@BBD@DABCDAFAB@D@DADE@ABI@AAAE@E@C@ABGBG@C@E@ABABABABCBAAC@E@CAC@CBAAAC@C@C@ABCB@HCDAB@B@B@FCDCB@@A@A@EBCDADADABADCFADBDDB@B@DABA@C@@AAAAAAA@AACAAABCBEB@BEAC@ADABCB@B@D@B@B@BABIBEBC@C@ABAD@D@BCBAB@AGBABCBEBA@CACACECCC@AAA@C@CBE@EDA@@@CBCB@B@D@B@DBD@B@HAF@BBBBBBBAFAD@HDBBB@DAD@DAF@DBDAB@HDDBHCFAJCD@BAFABAB@@AFGD@BABA@CBGDI@A@C@AAA@ABCB@B@@C@C@C@C@EDABCF@BBD@D@BBD@B@D@BABADEB@BABCB@BABABAJADBDB"],"encodeOffsets":[[112463,24301]]}},{"type":"Feature","id":"451324","properties":{"name":"金秀瑶族自治县","cp":[110.188556,24.134941],"childNum":1},"geometry":{"type":"Polygon","coordinates":["@@@BGD@@CBCBA@@BHDDBDDB@D@BA@ADAB@@BBBBBBBBB@@ABAB@B@BBB@DCHABADAB@D@BD@@BBD@B@D@D@B@BBB@F@D@B@DB@BH@B@DBD@B@FADABAB@DBD@BF@@DBD@@ADAD@BABADBBBDBDB@BBB@B@@DBBB@@D@B@J@@BDA@ABC@GFCBA@A@A@@BBJ@J@DBB@BB@BDAD@BAH@B@D@D@B@B@@@BB@B@@B@H@DADADBDAB@D@@@B@B@DDBBFBBDBDB@@FDDDB@DB@@B@B@D@DC@C@ABE@A@@B@BDDBDBD@DABBDBBB@DB@BD@@B@@C@A@ABA@@BADABABG@ADAB@D@BBDADBDADCF@DBB@DAFBB@BDB@DBBFB@DB@HBDBBDAB@@@BDAD@DBBB@BABADADBB@BBB@FEBAD@DADABCBC@@FCFADAB@@DBBBB@DAB@D@D@D@BBD@D@BAB@@GBE@ABC@@BBBD@BBBDBBB@@BB@BD@BD@DC@AD@D@BABADB@BCB@B@@FDD@BB@BBBB@BCBAB@DAB@BAB@B@FD@@@DDBBB@@@F@BBD@B@BABEB@BBBAD@B@BBB@D@DAB@B@B@BD@D@BCBCB@FAFAB@B@@@@B@BBDABCBABAD@BDAFAB@DCFAD@@@@D@D@DCF@B@BADA@AF@B@BBBB@D@DBBBF@ABBBC@EBE@ABBBHD@D@D@BDDBH@DAD@HBDBBHDB@D@BB@B@@BBA@ABAACAA@ABBBADABA@CC@B@@@@@B@@BDDBD@BB@@BA@@BC@A@@DAB@D@B@@@BL@B@DCHBF@FDDDDHHDBF@HADCLCB@BB@HBBBBDDBB@DB@@@FAB@B@BBBD@BB@B@@ABAB@BAB@B@@B@D@B@D@D@DAHB@D@B@DAFADADA@BBBBB@D@@EDAB@D@DGFC@ABA@E@BDABC@CBC@CDIL@D@B@BBDD@DB@DADAB@DDH@DADAFADADCL@BBHBH@FADCBAB@BCBEFCDA@A@AACB@@C@ADADABABC@@BA@C@@@IEICECI@E@ABABCDCHCBCFCDC@G@OEE@GAMBEDG@CAIAOEC@OBC@CBCDORABCHABB@@BFBB@B@@@BBA@@B@@A@AA@@@@A@@@A@@@CBABA@CAA@@@ABAB@BC@A@CAG@@@CAAA@AA@A@@B@DBDDDDFLHJFFLBHBLCHAJFLLFBD@D@PAPEJLCNAJBJBFDDDFHHHHHLJLFNBL@FCJEJCHBHD\\TRJLADBBBCFGH@DFJLHADCBENAN@LBLADGFIFEJAJHFJBRHHJDN@BBBBDBBBFHFBB@F@HAF@NAD@B@@ADABBDBBBH@HBDBFBFFJBFBF@BBBHDBBBBAHBDDBJHDB@D@D@F@D@B@BBD@DEHADBHDHFBFBB@HCB@FEBADCBCD@B@BBFHDBJ@FCD@NA@A@CDCBC@E@AD@F@HABBDAB@B@FCDCBCDCB@H@@ADA@C@AD@@BBDDDDDDDF@B@BABCBCBABABABBLBFDDBBBB@NHBBJCFBHBFB@BB@B@BCBEAA@ACACAC@AA@EAEAC@C@CBCHMBABGAAGCGEGE@CB@DC@@D@LDFBBBFAB@DABA@EEGMIIICCCAC@CAAABEBC@EBALBDADCBC@EAEEEAE@E@EBCBADAFBHBDDD@DADCDCD@B@DF@HBFFFFDD@D@BA@CCCAC@CB@@AB@B@FDBBL@F@DBHDDDLBD@D@DABC@CAC@A@ABC@ACGAC@A@@AAA@CBA@A@@A@A@CB@@CA@AE@A@AFCBA@AAE@ABCH@F@D@BA@AAC@C@C@I@CAA@@AA@AD@BDHBBDB@BA@CBADADAFABAD@H@B@D@D@B@B@@@JCFEJ@JBBIBIBIFCBGACAGFEDADFHDDFFDLBJBHBLCNCJEFEBA@ABC@AAAA@IBCA@A@C@I@WAEAECGAC@@@A@AA@AC@C@A@AAAAC@@@ABA@@D@@BDFBDFDBBDADAJCDA@@@C@E@CBAJAD@DDB@DBBBBBBBFBB@@@F@F@DADADCBAHCBABEBCBI@CDAB@HADADAF@H@FADCBAD@FCHGJCBABAACCEEEEAC@ACAA@EBCAE@AA@A@A@C@EDEDC@ACAACE@@FA@A@AACEAEBE@C@ACCGCCECCCAABCBADABBBDDBD@HCB@B@@DBFD@HA@A@E@AHAHAJBDDHB@@HABCBC@A@ABEBCBCBIEICCCAG@EBG@EAC@C@ABE@CBGAG@IBG@@A@A@A@ABE@C@A@AAGEEAA@@CCCACB@DABBBDD@@BBBB@DABA@G@C@A@@@@B@JADAHEHEBCBECCCAACEECEAGGEECGAEAE@C@CBAD@HADAFEDE@CACAA@@K@OAEAEECCGIGGEE@CBAB@D@FBB@DBBAFBDBDBD@@CAEAC@C@CBADAD@BABAD@DIBADAFADBBBDD@FAF@DBDBB@@H@DBDBF@H@B@DCDC@A@CACAAACAAECEAIEE@A@E@CBC@ACCAACCCCAEBC@C@GBEBC@CAAAA@C@CBA@A@CACCC@C@CCG@CAA@AACCAACAC@CBAAEEACCAAC@GCM@CBG@C@A@A@AA@@AACAA@A@C@C@@@A@GBC@A@@@AAAA@A@C@AA@@ECCA@C@@AAACAAA@ACAA@CB@@A@A@AB@B@B@@@DBB@@DBDB@B@@@BA@AAAACAACC@@BC@ABABC@A@A@A@ABADC@ACC@AB@BA@ABCBCAAACA@C@@A@A@ABC@AAC@A@AAA@A@@B@BBB@DBB@B@B@B@D@B@BA@A@ABABCBE@ABABA@A@AAE@A@A@@CGCEACA@@AEAA@AAA@AAAA@ACC@@@AA@CA@A@CAA@GBAB@@ABCBE@AB@@A@AAA@AC@AA@ACAAA@C@ABABA@AC@@AC@A@CAA@@BAB@@@D@DADCF@BABABABCBEHAHCDABADAB@DAFABA@ERA@A@AACAE@]EMJQLKNQDGOAWCSGWSQS@KJOPQLODOGSOW[WU[WKIKOSYIMCAIEQIWK[KiECBOCSOGSIWMUOISKAEC[@UGUOCQ@EAAPIPCLERENAFA@CBABCBC@EAA@CAEC@ABABCC@AAAABE@AC@C@GAEAIDABA@GFC@CACCAA@ABG@CAE@E@E@E@GKACACAC@EBAFADCBC@CACBG@AAC@AB@DAHAHAB@D@B@BB@F@FBDBDBBB@DBB@DAD@BA@AB@F@BA@E@WH"],"encodeOffsets":[[112463,24301]]}},{"type":"Feature","id":"451381","properties":{"name":"合山市","cp":[108.88858,23.81311],"childNum":1},"geometry":{"type":"Polygon","coordinates":["@@HCHDHFBDFEMQEC@EZSDAAIAIDIF@@ABCAAACCCACAA@A@IAA@@ACAAAA@CAAAAGBIDKBECAGFE@M@CCAED@C@E@CFACICMBGFCGC@A@ADCBCBC@ABAFCDAB@@AAAAICE@A@ABC@ADA@@ZGF@HHLENC@AD@FADA@@D@BE@C@CAE@EJGIC@ACCACCGCCAGHCICGDG@C@AACAAACAAAA@EBCBA@C@CA@AEA@IECMDEDGFCACCCAAAA@CBU@BC@A@EEEICEB@@C@MKMK@ECECACAIGEACCAA@C@CCA@A[QIAAFEFQLCHBLHNAJCFIDQHKDGBGDEDGDEHCH@F@ZDTDNB@D@H@HALCH@H@FD@NADCDABOHABOAA@E@CBIJEDCFCF@D@F@FBFBFBBDDFDJDFBJF@DDF@DAFCBABGBMBIBGAE@I@DJIH@CCBBFABCACLH@HAFBFJADHFABEBBDHJBBDDBCFPFDCD@FHFF@J@J@BDCFHFEFBDC@@DBD@BGDA@@D@FCBCDJJFAD@@DDDHADBHBDFFHCBBFABHB@FB@B@DBD@D@FADCB@@CCEACFMLEAA@ADADCFBJCL@FBDBF@NA@ED@DELIBA@@@GDAB@B@BBDFCFHD@FFDHEJDBE@AJ@DBLDFBFAFAJBDD"],"encodeOffsets":[[111622,24472]]}}],"UTF8Encoding":true}