{"type":"FeatureCollection","features":[{"type":"Feature","id":"431102","properties":{"name":"零陵区","cp":[111.626348,26.223347],"childNum":1},"geometry":{"type":"Polygon","coordinates":["@@HCDAD@H@B@DBDBFDB@D@D@FCHCD@DADA@@D@HDBBD@@@@A@AAC@A@CBC@AB@HDB@D@@ABCAC@AB@BAD@DAB@BC@A@ACCAAAG@EBCDCFAHEBEDG@CDAD@B@HDD@@@DADEFOFQHKDE@C@EAGCE@CBEDEFKDEDM@C@CACBGBCAC@ACAGAAACCCGAC@C@GDGBAD@B@FFDBB@B@DCD@DAD@DEFGBC@I@EBCFGBC@CAAACI@KCAA@ABG@C@EACDMFOHSDEHGFEBAD@FBFBD@D@D@BBBADADE@A@ECEIECA@@@@CAGICACAE@G@A@C@AAACC@A@CDC@ABC@C@ABABCBA@AACECAA@C@CBADCDABC@IDEBc\\IFCBEBEBEDCFCFELEJCF@F@BCFABA@C@C@CAC@A@C@ABC@A@E@E@C@EAAAC@CCAAAAACA@A@C@CBC@A@CAECA@A@A@C@ABCAA@C@C@CBA@AA@@@A@A@ADCDADABC@E@CDCBA@AAACAGAAAAABABANEDABA@CAACAI@A@GGAEEGECCACAE@IBGBIBAAEAC@@CAC@CAAIGAC@A@ABAFABABA@A@ACCAC@CEICAC@G@C@CBGLAFADADCBABCAIASIOGKGCECAEAEAECECEEGIECEAG@E@C@CBGHADAF@FBFBDBDBBPDDB@B@D@BCDELABCAAAAECAECE@EBGBC@C@A@EAGAI@GAAAKQEIEE@CAIAKAU@K@GACAAC@A@ADAFADA@ABA@AAACCACCCACAEACAAA@CACAAAAA@CAABA@GECAAACCAGAC@E@ABEDCDIBABALEDAD@B@B@HFFBJ@D@DADCDE@CEI@E@CDEFCLCHCBCBCBAFCFADCBE@CCIEIGMCCECGCE@GBEFCHELEHCDEBEBEAMGKEEEECGEE@A@A@CLAH@JBFBBABA@A@I@GBABA@C@CCGAEACBGFGJEPGHCFCBC@EBCBGDCBC@A@EAIEICA@AACBA@CFEJCDEHCB@@E@A@CCCCEGACCGAC@AA@A@C@C@A@GAAAAC@C@E@CDCDE@A@AACAAEEAACGCECEA@CAA@CA@AACBC@C@GBA@CDC@A@CACKMAC@A@ADEDG@A@CCGAE@E@EWCKAC@A@@@@BBBBDBBAB@BCDGF@B@D@FBFAB@BABA@A@GAGCCCACACAG@AAAAAC@CBCBCFADKTA@A@E@SGEAACAC@EA@EAICEESKIGCCAEAMCOEKA@A@CBGDGFA@Q@IBI@QHCDADAFAH@L@BCFCFKHOLCDEFAFADB@BDDBH@D@BBCJEBMJGHAFBBFFBD@BCBCBK@IDABAHBJAFADA@ICKACB@BB@DFFH@D@JBHBDFDDBDDDH@D@B@F@BBBBFBFDHBD@D@BABAB@BBBDDDD@D@BCF@BBB@BDBFBDBDBBFBBFHFDBDBF@HBB@DDBBDD@DBD@F@HDBBBBBFB@H@BAD@H@D@B@@BBBABABABCBEBCBKHABAFGFABAD@@HJFHNJLFDD@DBBA@@@C@CAECA@@B@B@@BDDDJFFD@D@B@B@D@D@BBBBFFBF@DAHEFADBDBJJBF@JAJABAD@D@DADEFCD@BBDBDFDDDDFDBB@D@DAFGBAFCDAD@D@DDDFBD@DCLCF@D@DABADABAB@BDDNHHBD@D@DEFADAB@DDDFBFBBB@B@FEFAD@D@RHHDDDBBBJDDFDNJD@B@BADGDADCF@HAH@DBBBBDFHFDBDBD@D@F@DBBBBJDFDBDDHBDDJDDBDdVHFFDBB@@FBJDNHVNHBBDDD@D@BCDAD@BBF@DFFDHDBD@D@D@BAB@DADGJIDCHEFCFAF@DADBB@BD@BAHAF@D@DBBDBF@FADADAFKDIBGBEDCHELGD@D@HBHBF@DABABAAACECE@C@CBADCB@F@DDBBFFD@DADABABCBC@CAC@ABABAB@B@BDDHBFBHDHDFDHJHLJBFBHBFAP@F@D@DDDTJB@DABADBBDBDD@F@JAH@D@FDJLBB@DADCHEJ@DBBDBHBHDHBBBBAJCBADBB@BDBFBBHBFBLHB@D@D@F@FBB@DCB@DBNFFBDADABAFBDBBBD@BABABCBO@GDIBAB@B@D@NJB@B@DABAD@B@BBDFDDDB@@BADCB@DABBB@DFBFBBDD@B@BAD@B@BD@F@DBFBB@B@HIBAB@FDHBDBBD@BB@"],"encodeOffsets":[[114499,26989]]}},{"type":"Feature","id":"431103","properties":{"name":"冷水滩区","cp":[111.607156,26.434364],"childNum":1},"geometry":{"type":"Polygon","coordinates":["@@AAAC@A@C@A@CFCDEBCDEFCPMHEDAHBB@DAHGPQDARCDADADG@@DABALAFAFABAB@FFB@B@B@FADAD@B@FBB@B@HADABCDI@AAAAC@ABAFGBAD@D@DBFDFBB@B@BABC@CAAACIGACAC@C@ABCDCB@FAF@BADCFEBCB@D@F@F@H@H@DAB@BCAGAAAACA@A@CBABA@C@AACAAECCA@A@C@AB@BA@@AAAA@AB@BAF@BABC@A@AA@GAEAACAA@CDABC@C@ACACACA@A@@FADABABAJ@DCLGHCHCBC@E@K@EAEACE@@A@A@A@EBCDABC@A@CAGDUAEBALQ@C@Q@M@COEAA@CPY@E@GAG@A@ABADAD@DBFBD@D@FCFEFGJW@A@CAC@CBI@GAEAA@ADMBC@C@CBADOBE@EAAACCAAAAC@ABA@ABBDBBBB@BAB@@CACBABAF@BAD@BABC@C@C@AAAEE@AAIBC@ABAB@DBB@BA@A@AAAAEAE@C@C@CBCBCFCHEFEDE@C@@@EAC@ABABC@C@EACBCBCA@@AACCAGAECA@ABGJA@A@EACAE@C@@A@ABC@A@ACCAAAECEA@AACBA@CDAB@@CACCCEAAA@C@ABCBA@A@MIC@A@A@ABCJ@HAPADABABC@AACAEAABCBCBEAMECAA@CDA@EAE@C@C@A@KGEAGAAAAEACA@CAABIDABAAGAGCGACAAA@CFIDGBC@CAAIKECC@G@IBE@C@ACACCAABCBA@SICC@C@C@EBOAEAGAEKIIGCGCECGAGAECGACA@A@ABAB@BBD@DADADABCBCBC@EEAACCE@A@CDAB@D@DDFDFBBABABCBE@GAGAC@C@KHGFCDAFAHCJELCBCBEBHDDD@DAFAFABEBABAD@HBFDFDD@B@BABC@CBKRIRADBB@B@D@BABBF@H@BAD@DBD@D@D@DADEFAD@FADCBC@E@CBA@KFC@A@AB@B@D@BABCFAD@FBH@B@D@L@FBHADAFAB@BBBD@D@FADAH@BBBBB@D@BB@@BBBD@@BBBBF@DBDBBBDDBD@DADA@@@C@EGCA@@C@CDCB@B@BBBHHFHDF@F@DBB@BDBFBF@B@B@@D@BAB@BBB@BHBHBHDD@DBBADADAB@D@BBBBABAD@BDFBBBFBF@B@B@J@BABCBA@@BBBDFFBBBBBBFBBBBF@D@D@@@BB@BCNAJ@DBF@B@D@BAB@BBDBDBB@FADCJAFEFCHCBA@A@CACCCCC@C@C@C@EACAA@C@ABAB@D@DABCFADC@ABABAD@FCLCDEHCDCDAD@DAFAF@DADEDCHAF@FBBFBFBDBDDFFHDFBF@HCHAF@D@BB@BCDCFADABI@GBGFCFCFADGHCH@BEDGDC@C@SGEEC@GAEBC@EACACBA@@D@F@D@BEJCBC@AB@BBBDDBBHBJBJBNBDB@@BBAF@DBHADADGFCBA@CAA@CBABADCHAB@BBBDDDBDB@B@D@DABCBGBCBCBABADCF@D@BBJBFDDFBJHBB@BABCF@@@@CBADBBBHBD@BABABA@@AACAAA@ABCBAFAJ@J@L@D@BBBD@BADGDEBCDAD@DBDBDBHFF@H@H@JEHGFCBAFAFBBBBB@HBFBBDDFBDFFF@H@FELEL@D@DDDLBDBDFDFDBDB@AB@D@@@@ABA@A@EBCDAJ@T@DBF@FA@CBC@EBCBCD@FAJ@BABC@CD@"],"encodeOffsets":[[114271,27436]]}},{"type":"Feature","id":"431121","properties":{"name":"祁阳县","cp":[111.85734,26.585929],"childNum":1},"geometry":{"type":"Polygon","coordinates":["@@AAEACA@A@AB@@AACEAA@@@CBA@AC@@CDABAAACCEAAEAA@@ADC@AHAB@FCD@DCBCAAACA@EBC@A@AA@CECACEA@A@@@C@ADC@CAC@E@C@CACAAAE@ABAD@D@FABDFDFDDFFFBDFDLLPLRNTLNHLDFBLALCPINMDE@QAQGKEEICIAGBIBE@GCIEIGIKAEAE@GCDADBD@DABCBA@CBCDCBCDADABCBCBAACAACAAC@E@C@C@CCAA@CBE@CDADCDABA@E@ACAC@C@CAAAACCACAAA@ADAD@BABA@EAEBAB@DADABCACACCCCAACCAA@C@C@C@CACAAA@C@CBAFAAE@AFAD@DABCAC@C@ABCBA@CA@A@A@AAA@@ABCDEAA@AAA@ABADC@AAAAAC@CBCDABADCBA@AA@A@ABA@M@C@A@C@@AC@CBABAB@FAHCBABA@CAECC@C@ABC@A@I@ECE@CBABABA@ABCBA@AFBBBDDD@D@BAFAB@@A@C@ABABB@BFBFAD@DCDC@ABC@C@EACAEACACAC@A@E@C@C@EBE@C@E@A@CBADBDD@FDBFBDBF@BABCBABAD@BBBDBD@BBBDBD@DADCBCBC@EAAAC@A@C@EACAEACACCCAECACCAAACAABC@EBE@CBCBCACAC@E@EAG@EBGAC@EAC@A@CACAAACCAAAAABG@C@EBC@CDCBE@C@C@E@CACACCCAAGC@A@CBCDCBCDCBEBCDADCDCFADADAF@DBDBD@DCACCEACAC@C@C@A@AD@HAB@@@BB@@BBB@@ABC@GBI@AFEBCB@D@B@@A@A@ABA@G@C@C@AAA@A@ABAA@ACAA@@@EKAIGGI@@A@IGCCA@EDCBE@OC]OmgIEIAGBC@acOOICKICAC@C@EBEFAF@@DFBD@DEFEFGDCFEHAH@H@DCBGBE@QDGFABAB@D@F@BABEBA@EDADBF@@FDHF@BBBAHCHFFHFBBDBF@B@B@BCDAD@FBFHABCBCDCDIDA@ADGDIHE@C@ECCGAIAGBI@G@EAAEAICEACA@ABAFCBC@CCACAG@E@GDE@CAGECAO@GHGFOD@HCHKHSNOHDF@F@BCFCBABAAC@C@C@EAEAC@ABEFGHCFGTEPCNBD@F@DAH@BBBLDJ@BDBB@DADEHAD@F@JADEHCFC@CBC@CDA@A@CAEEA@C@ABCH@H@DBDDHDDBBHBDB@BBDADAHBD@D@DCNCFELCFAF@DDFBH@F@DCFGLEREPCFCB@@C@GCA@C@CB@DCHAFGFEBCDAD@FBHBBDD@B@BADA@CBC@ABA@@BBDAD@BC@A@GCA@@BAD@D@BBD@B@B@@C@AAGCC@@@CBCBC@GDEDC@C@A@ECCACAA@G@C@CBGDADADBD@F@DADAB@BBD@F@@@DCFEFGFEDADAD@D@D@DBFBFBB@B@BABA@CAA@AB@BADBJ@BFFBB@B@D@DADABC@ABE@ABABBD@DA@ABA@AACAAA@BAB@BBDBBDBBDBB@FAFCPAB@D@DADCN@BBBBF@HAJ@DBD@D@BIXEHEFEDC@C@EACAC@CBAB@B@BBH@H@FOZ@DBBPF@D@N@R@DKRABBFCVBH@D@BADCBAD@F@B@B@BF@BDBF@F@L@FADGDGDKHCDI@ABABCBEB@@@BDBDBDB@B@DADCB@DBBBDFBHBB@@B@BADABE@ABA@@BBBBB@@ABA@@B@D@BDBFDBBBD@B@DABAB@D@BDBBBBBBHADA@CBG@G@E@E@C@A@ADEFCDABE@EBA@CDAD@B@DBDBDJHBDBB@DADABA@A@EAECCAC@C@ABEHAB@BBDBB@BCJADCBGBA@A@EAA@C@CBEBA@A@A@EEA@ABEBEBKBABCB@@CHCBCBQDCBORGHCBA@GACBGFONEDCFADCFED@D@B@D@BBDBBBAFADA@ADABCB@B@D@B@DBJHB@DBF@FADAD@DADBBB@DBDDDDBD@D@BB@BCBABBBD@DBD@@BAD@B@F@FAD@DBDBD@D@FBBDFBB@D@D@DBDDDFBF@D@F@B@DBBBDAB@D@FCFEFADCHADADBDBDDBBDADAD@DBBBCD@D@DBBD@F@DBBBDDBBD@FADADABABCDCBG@ADCFCHAD@DBDHFFFDB@D@BABCAAEC@CB@DAB@BA@AAC@@CAICAC@C@AAE@ABC@CBADADABABAFAF@D@DDBBDBBABAF@D@D@BEAK@ADCHCDCDGBAFBF@HBDBFBDDBDBF@BBBFBHBJBH@F@D@BA@E@C@EAC@CEAA@AC@AAC@CD@FAB@DCB@D@BDDDBDF@D@D@F@HBFBDBDDBDDFDDBBFBF@F@B@DCDCBCBEBC@C@CBADCDCB@BADEB@@ADABE@CBA@ADCDCDABADC@CBCBCDCFADAH@F@FAFAAC@E@C@CAC@C@C@CDCBEBCBCDEBEBCBCBCBCDCBA@@@@BADAHCBCBADE@CBEBCBCDCBCBEBEBCBE@E@E@C@ABCDCDCBADABCBC@AAC@C@ABCBCDADCDCBAB@BCDGFCDAFAHAHAB@@ABCBI@CBADABABE@ABE@ABAFCFEDCDADDDDFJDLBHBDBB@DADABE@CBABBBBDC@CAAACCCB@D@DADABCBCDABABADAB@D@B@B@@BBDBFBDBFDFABBJ@H@DBBBHABBDBFAFERGDAD@FDLFPCNALAFCJGBAHADEB@BBBB@DALBDDBB@BAD@B@@B@FBFFDBBDAD@BCBABA@BDBFABC@AC@@EACDAFEJCBA@AD@FBB@B@@A@AFEBADBB@DAHEBAD@DABA@C@AAEACAACAC@ACBABIACAAAAC@@A@ABEACFEFAF@L@F@BCBAB@B@DAFCDAB@BEBEACCCC@@ADAHABC@@@AAAAC@ADA@A@A"],"encodeOffsets":[[114867,27201]]}},{"type":"Feature","id":"431122","properties":{"name":"东安县","cp":[111.313035,26.397278],"childNum":1},"geometry":{"type":"Polygon","coordinates":["@@@@C@A@@BCACACECECAKACC@C@CFKFK@E@GEECEEACCAAAE@GAAAAEAEBABEDGHIFG@G@E@GECACACAC@CBADCFCHABC@AA@A@C@K@IBIBEDABAB@BBBD@BB@BABA@AACAGAABCDA@@@@DEBA@AAAIGEACCAEAI@A@CDEBCBADADAHADABA@C@C@ACACACCAA@ABADGBCBADAB@DBB@DAHEBCBCAG@CBEAA@@CAMAIAIAGAAACCAA@ABAD@DAFI@A@C@E@CB@DADBFBD@FAHBD@FFTHD@D@HCFC@ADGHGBCDEDEHEHAJ@BABCDEDC@AAAC@E@GBGDE@EAGCEECCCAEAEAAA@EBEDGFCBC@CBEBE@CBCDCDCFGDCDK@EBCBABAD@BCDEBA@C@CBABAD@B@DBFBD@D@D@D@DDDDDBB@B@DADGFEBEDIBC@EAAACAC@ABA@A@C@AAE@CBIDM@AAA@@C@C@E@AAAAAEAAAAEACEAA@AB@DABA@A@I@A@AAEAEAACE@ABCBAAAAAC@A@CBCBABCAC@GCGAGA@AAA@ABA@A@CA@A@E@EACA@AAA@C@ECEEGGGAA@A@ADADCD@@@DBFHD@@@B@BC@CACCCAACACAE@AAAA@@ACAA@@AAC@A@AAAAG@CBEBC@C@AA@ABABEBCAG@E@K@C@AAG@EBCDEBA@A@C@ABAB@D@LEB@DAF@D@DABC@EBCFEBC@C@C@CAC@CBC@A@GAEBA@A@C@AAABCJQLQDAD@BA@A@ACCCEAE@GBCBAFABABEBE@CCCGCE@CAAA@C@CBEBG@AACA@CACBE@EBEDGFCDIJCHCBA@ABC@C@C@CACGEE@CAE@ABCDC@A@CCCACGAUMMGICEA@@AAECGEcUACCCCIACCGACECICAAAA@C@E@CACACECEGACAACAG@GBE@CDCBCHABA@C@MIECCCAIAACCGCQGC@C@EBEFA@A@AAAECECCA@CBEBCFC@C@GAMGCC@ABABABCBA@C@CDEDK@CACCECCC@C@CBEDABEHCBC@A@CACECCECACAC@ADCFEBC@C@CBCBABI@IAEIICACAEBGFCBE@EACD@J@FADEDEF@BAFCLAF@FBDBDBD@DLNDDBD@DAFBFBDDDB@BDA@ADC@ABADED@DABBFBDFBBB@D@DCF@FADBDBDDBF@F@FBPDFBDB@DBDAD@DBDBF@F@FABCBADBL@D@BEFEJCDCFAF@DCBC@G@GBC@C@ECE@OCAA@AAEAAC@EDGDC@A@CAGGEAA@CB@DAD@FADA@A@AACEC@A@GDGHGHCDBDFLDHBFAD@B@DBH@DADABA@CBC@EAM@EAEBI@C@C@EBCBCBC@A@C@MCCA[@EAE@C@CBCBGBC@A@C@CACBC@A@C@AAE@A@AAAA@CA@A@C@C@CBABC@C@EBCBCDIJEDABCBA@AAAAAAA@A@ABAD@BA@EAA@ABAB@D@D@@ABA@CACAAAACAAA@A@A@ABCBCBA@A@CAA@A@@B@B@BDHBHABC@EAGACBABCDABCBEBI@GAG@C@KFAD@B@DBHLTLJDDDFBJ@HBBHFBD@BCDGJADBD@D@D@DBBBDDHFXDFBD@FBD@DDBPJLH@B@DEF@DBFDBHDFFLVDLBFAFCJCD@BBDHDBB@RBB@BFBBBBDAD@F@N@FCDCB@DBDDFBD@PAPCJ@HBRDVFNBDFBD@F@F@FBDBD@HANCHAD@DBBFFNDLBF@HADEFAB@D@BBBD@F@DBDBDDJ@DBLEBEFM@CAEAEAC@KAIKYACAM@S@G@AbYNOJMFMBEDADCFABABEACACCAEAGAAA@AHK@A@ACCAEAEBCBCDAJADAFGBAB@DBDBB@BADABADAF@BA@A@AAAEE@A@ABAFAJ@HAFADAB@D@@@BBBH@BB@FBB@BBDFDBRJJHFFBBDBB@HAF@H@FBBBF@LEDAD@@B@B@H@FDJHLB@D@D@FKDEBAF@F@FBDDBD@LBDBDDBDBBDBHAT@HENC\\CLAJ@FBDDFFDFBBD@FAHBBJHBDBF@D@DAB@BBDBBBBAB@BABAD@F@LBNBFBDBBHDDDBDAD@BCBAB@BBDBD@BABC@IBEDAB@DAH@D@DAF@D@DCPCDCDEDEBC@EBCD@DAFCFCB@DPFVHRHBDBFBFDDBDB@BAF@FBFBDD@F@FABCDCD@B@NBFDBD@DBBB@B@DBDDRBFBDAD@BAFADBDBFBDABABCBCBADAF@D@DDD@D@BADABADCFADCDAB@DBBJLDD@DAD@D@BDFL\\DDTNRL@D@D@H@BBDDBLBHBDBDADCHID@B@TFD@FDD@D@F@HCLED@D@DBDBDJDDBBD@F@H@D@BABCDCBCD@B@BBBHDBBBF@^A@@BA@EBCB@D@HBD@DADCDAB@FAD@B@DBJDJBF@HAL@BBHDHDFBF@H@BAFCBGDI@I@CBAFAJCBC@@@@BCBA@CDABABC@@CGCE@EBABCFAAA"],"encodeOffsets":[[114227,27462]]}},{"type":"Feature","id":"431123","properties":{"name":"双牌县","cp":[111.662146,25.959397],"childNum":1},"geometry":{"type":"Polygon","coordinates":["@@KSAYBSCQ@SAGDE@@AC@CDC@ACIAAAAC@AA@ACEACC@ECA@G@EDA@ADAFABC@AAECEAAACCECAAABGDCBCAGEACDMCEAEEYCIEIGMEWAKAI@I@IAGACCCEAMCKDI@ICACAE@GBYAIAQDYBUBOJYACYKIEUcGGQIKICGCOCQCQAGACAGA@@ABA@AAGCEACAAACCAAAEAGAA@AAA@@C@IA@@AA@EAGCC@CD@DCDCBA@AAAABEBCDG@AA@@C@C@@@AAA@@A@@@G@AA@@@CBABEA@ACMGCAACACAAA@AAA@A@@@A@AA@@GU@ABA@A@@@C@A@@AKAECG@AACCAGCGGIGCE@@@AFG@AEGCECEAAAAAACCEEECK@MBMDGCGEGKGEA@AAA@AAAA@C@ADCDCBEHGBA@EAA@ACACCC@A@IDKFAF@HCFAFCDID@BA@AHBDFF@DADG@KDADBNABC@A@GBC@CBCDEBGJENCFA@CDCDG@GDADCBA@E@CBEFCB@BALFJ@BADA@C@AGCKA@@AA@C@CA@BGBAB@BAB@B@FA@@B@@AB@BAB@BBBBF@BAF@BCF@D@@BFDFAFG@C@@@ABC@A@AB@BAB@BADABEF@FC^BB@BBBBDBBBBBD@BBD@DBBB@@BBDAD@@ABCFCBAB@BCBAB@BDDHH@DADA@E@GAKAC@EBC@EBCBABCD@D@DBFCF@@GDEDABADAB@B@BDDDF@D@BABA@CBC@@@AAAAACAAEEKAKA[LINcZQFUJCHLLFDFBH@HAFBNDJNBFABODWHGAGCGCE@CD@JBDHHBDADEBC@ECGAM@G@IDEAGCKKCCC@CFILCBGA@F@FBFDH@D@BCHCF@B@BBDLNBD@D@BCD@DAB@H@DADBD@BDBB@DBB@DFDFDHBBFFBBBD@B@BCFCD@D@F@DBDBBHBB@D@D@B@B@@BBDDHBDFHDDDDB@F@@@DAFGDCFIDEB@DABBB@JDJFFBB@D@DAHCDAFAD@DADEHGFOHIHEDAFBHBDDD@B@BAHAJ@B@B@BAAAAE@IBGDKB@B@F@HFFDFFLFNHFBFAFADCFGFKDGFEHAF@HDFDDDHNFJDJ@DAFCDEBEDABADADGDKDEDCF@D@FFJ@DCFCDCBC@I@EAGEA@A@C@CBKFABABCJCDAF@B@FBDBHDDBBDBHFB@BADBB@BBBBBD@DBBDBFBDBDBDDDBBDBBB@BAB@BCBEBCB@D@BBBD@H@LBVBLBJ@DFFFJLRBBHBJ@HBFBB@D@D@HAFAF@FDDBBFBBDBBAFKDC@A@C@ACAOCAAACACAE@EBEBCHGDAD@F@H@FBFDHJFFFDFDFBFBDBDFLHPHTJJBDBBADABCBCBEHKDAD@H@D@DBFJ@DBDDD@B@BABABEBAB@B@BBDJHBB@DBD@DD@FBBBJAHAJAF@DBDBFDFHBFHHB@J@DBBB@DABCBMFABABBBBBHBDBBB@BABCD@D@FADCBCBCD@B@B@B@@BBB@DAD@D@B@DBBAD@B@B@B@FDDBB@D@DAD@B@B@BDBBBBDDD@BBFBD@F@F@B@D@BAD@B@D@DBD@D@B@BADE@A@EDEFIFKDEDEFCFAFADAJEd[FAJCD@BADCBCDAD@B@DBDFBBB@DABABAD@D@BAD@DCB@D@BDBBD@B@H@F@DBDBHJDB@@@@DBJFPGTMLGDG@G"],"encodeOffsets":[[114674,26726]]}},{"type":"Feature","id":"431125","properties":{"name":"江永县","cp":[111.346803,25.268154],"childNum":1},"geometry":{"type":"Polygon","coordinates":["@@NEVUbYJORMDKHSDSFEJCBABECK@CBAD@F@VDB@BDBDBDDBLBNBFAHELKHCH@H@FBFBDBB@@CBGDGFEJODCHCFA@C@AACB@DADCBA@CBC@CDCHCHABADCBCBQCCQS@EBW@A@ABCDABAFCDEBE@EAACCACAC@ADI@AACIC@MBEBAICEE@CAEBADCDC@YBK@EEECEaU@EBCFQHODCFCD@DBBDDDFBpEF@FEB@ACBCDIBCBGDEDEDC@E@EAICGKIEOAEBCBCFCFE@C@CAGACCC@@BAPDDDHDHHJJFBD@F@NKHEBI@GEICEEGEEQI[@MEAEAQDECiACaGIAECSiIBO@KBODKDEDEDGDILCLBN@JBNFFZnBDDJEHIBGAOAI@IDIJCJ@PAHIHODWCCACECKAIAIMKKCO@QBODQBEJOLOFMFEJEL@JAJCFEBCDEDEDCAQKEAACFEAC@GCCGEQ@CAEEIEQKIKGGAG@ICGGEIEGCKQ@CECE@wW]UGIQEc@OCOCEACCBKJiAEIqEEACACBIBG@KBQ@KEII@GBCAICGCK@SEMEIEI@MBIDEBOAIAACEIAAGAK@GJAB@@A@@@EC@@AAAACAAEIECCA@C@A@@B@@@BDHFH@@B@B@L@@@FLBBABA@G@@@A@@B@BA@AJ@HDPFL@F@BEFEFC@GBMBCBCFADBBHFDFBJADAD[XADALADCL@FBFBDCNGT@DBHBLFLHLHJDF@DA@EBAB@BLLZZHL@BADGDAD@FBBHJBF@BAB@D@DBBBDBFNVDFBDF@DDBD@DCFAH@BHHXHdPFDJ@JAB@DBBBBHDFHBF@PABBB@BDBFFDHHBDDBHBFDHDDDFBPDLDHHBFAF@FDHFF@F@HADMV@DBH@HAHM^@HRLDBB@FAB@B@BDDDXLHFTXPTN^BFJFBB@B@D@DDFDFJHBDFHBBD@VCTAHAB@DBLJTLNDDBFLDHLHHDLD@B@J@LBFJP@JBBDBF@F@JEB@BBBJBDDBH@DBHHHPHJBDBJ@DCH@JBHDFDH"],"encodeOffsets":[[113977,26089]]}},{"type":"Feature","id":"431126","properties":{"name":"宁远县","cp":[111.944529,25.584112],"childNum":3},"geometry":{"type":"MultiPolygon","coordinates":[["@@BADCF@HBFDHBDABE@I@OAUAIEMEKIGGEeP@BBD@@B@B@BB@@@@@BCBC@A@AAA@AAEGA@AAA@@@A@@BBB@BA@@BA@@@A@A@A@AD@B@BBB@B@B@BA@CB"],["@@DUDUBELKDYNOBC@A@GIKEI@CDGBEAGIIKOEIEG@E@CBCDABBBBFIACA@A@@B@@A@@@A@@AA@@@A@AB@@E@A@C@@@A@@C@EBABAF@B@DCB@B@B@HDB@@A@@@ABA@@B@HDBB@BADVDGU@GAUCI@E@E@E@CYYEMAE@C@AA@CDA@A@@AAAA@AAA@A@@A@A@@AA@@C@A@AA@@@ADABCBAAE@C@@BA@@HBDAB@B@@BBB@@B@@@BCAEBA@@@AB@BA@@FD@@@@@BAB@@BB@@B@D@@@@@BB@B@@@@B@B@BA@@H@BB@@@B@BBBfOCCGKEMCS@OBI@IBOFMFCLGNANBJBPDXRDDD@D@BA@CBAB@FDD@DBDABKGMCGMIKAS@@A@@\\YLEBA@AAUAC@@A@MBC@CACE@E@EB@BADAB@LJD@D@D@ZEFAHEDC@E@G@CFAJABABC@OBAD@B@B@ATBJBDHDFDDFBHDRBHBBFAFAHCNIHADBFBDB@@@@B@@@B@DDB@B@B@BDBB@@AB@@@@@BBAF@FC@@BC@C@C@@AG@C@ABA@CBC@@@GBGZk@GBGAIAGe}IHCDEFGBCBE@CCECGGGCC@I@GBCBG@EAGCGGCEKIEEY[oCCGGGEIGIGKGMGECEIAEBEAKACGECAIAMAMMCEAGAK@GE@EBCDAJCDEBC@EAEECIAG@E@I@GDG@@@@@@BCHCJ@DB@HBFHFD@J@HAPAZCDCBC@CECI@S@IBEACCCE@GBGBGFAH@PDLBHCBEDCACECEAGG@E^]HCHODC@ECCKAICEG@EBM@OFQHSBKBIA_@QCGCGAEDMFKDKBK@IEKCCGAOAI@EECGAaACGEKGMCGAM@ODIAGAACAGBGCO@EKAGCCCCEAAEAC@CB@D@D@B@DCFEDEBGBBB@BAB@@SLCBC@C@A@AA@CCCCCEAI@@@ABA@ABC@ABA@E@ABAF@B@BA@C@CDABA@A@A@AB@BAB@@C@AAAA@@AAEFCFAF@DDDFBBB@B@DEHIDCFEFCFCHBLDJHJBHCH@FEDKN@H@FCDICEEGAGACBEDaCHGJEJCHAJCLAJCNALCNANCLKrI\\CLIFIBG@GCKMMKQIKCWAO@IFAF@JBNJTHTTZVLLN@@@FBDBFB@@BABA@CAEAA@C@AFAFBH@DBDDBB@JCHAD@HBB@DAD@BBDBBDDDDBFBD@D@DBBDBF@D@HBFHJLJJRFPBLANQPAFAF@F@J@DCBGBGDCFBFBFDJBBABCBGBKFCDAB@DAB@D@L@BADC@C@EAG@ABABEBEBCA@A@CBE@G@CIMAA@@AAKECGMKAEAEGECCAADEAGAACAG@AA@@EAA@CBCHBFDR@DABADBHFJAFCBMHM@E@CB@D@DBD@FDFBD@DAB@@@DBDDFDFFH@BEH@B@@DFJHHHHDDBBD@BDHBFBL@@@B@D@@@BAB@BHV@@BBB@@@B@B@BBB@BBBDBDDBNHBDB@AFAB@D@@BBH@@@B@@@BB@B@@@D@DB@@BCHADAFBBBBB@DADC@CDCD@HDFBB@@BB@@J@DB@BBB@HBFBBBDBBDBBBDDFBH@BAB@BB@BHBDBHDRDRDPDHLJRJHHVdJFZLBDIZAPAVCZBRBJAZ@HBFBDJDJ@LCNDFBDDBDBH@J@JBJBLFXHNFJDJFZBFDFCNBDHFDBDAHCBABBFDDDBBFBFDBBD@BABEBCB@FCH@B@FDD@BDDF@BBBD@BBBBDJ@BCD@DBD@@CFBH@TDRATBZLTPCHEHGP@DBHFDBF@HCF@H@DBDB@DADEDAB@BDBFBJDFBBB@F@HAJBHBJDHFDD@F@JGHCBCB@JCDCDCDABAEGEAC@CBADA@A@E@CAAAGEEEDGBGAA@AGEEC@@AEBCFCB@FABA@A@E@CBABAHERCF@HADA@C@GBGFGDEHCFEFE@CACCE@@BEFE"],["@@DDLNJDHDF@DABG@OAIAEUC@BABA@AB@BAD@BA@@@AAAA@@EJ"]],"encodeOffsets":[[[114785,26473]],[[114785,26660]],[[114788,26549]]]}},{"type":"Feature","id":"431127","properties":{"name":"蓝山县","cp":[112.194195,25.375255],"childNum":1},"geometry":{"type":"Polygon","coordinates":["@@DIJMZ]DG@C@A@A@A@@@@AAA@I@G@A@A@E@ECAAAA@ANOLKD@D@D@B@BBDAN@JBBADC@ECIGIGGGAIBIBGACEEIEOEMU[MKIEGCKACAWWAAIAMAECKGGCGAAEBCFAJEFCDC@CACAEAC@GHEDEACCGACBKBCFCDEDCDEBE@EAGAIEGCC@A@A@C@A@ABA@CBABC@AAO@@C@CAA@CACACACACAAAEEAAA@CAA@ACCAAACACAEAC@E@A@A@CBA@A@ABA@A@A@@AA@@@ACAAAA@AAAAAACAA@@AA@@BA@@@ABA@A@@@AA@@@AA@@A@@@EAUDC@A@C@ABA@@BAB@B@@ABAB@@E@A@AAA@AAA@A@@@AB@@A@@@A@@BOEKCA@@B@@@B@D@D@D@D@B@B@B@BABA@AB@@A@@DGLADEBGBM@SAQ@C@I@K@CBA@A@@@C@CAA@CAA@AAA@AA@A@@@AB@@ABA@@BABABCBC@A@A@@@AAAACAC@AAAAA@@AA@C@A@A@A@CAAAA@AAA@AAA@A@ABA@ABAAA@A@@@AAAAA@AAAAAAAAA@ACAAA@AA@@A@@@AB@@ABABA@A@A@@@E@CAE@C@C@CBA@C@@AA@@@ACCACAAACACAGACCGAA@C@A@A@A@E@CAA@C@AAA@AAA@AAAA@AAA@@@A@@AA@@AA@GO@AB@@A@AEBE@CA@@CAIEGCOAADEFEBC@ACKKIWAEGAG@C@A@ADCBABCAIEKMGMGCG@GB@@C@EBCBEBCBCDEBCBI@IAA@AACAA@@B@D@F@JAJ@DCFAB@@I@OAAAW@ABCFEFGBGDGCEGEGBMAOEOEIGEEAG@OBODGBEJAH@HCFGHGDKLEHAHCP@TDRB`@LBNFJDHDNDJFDD@FCFAF@HDFDBDDNDPDJFJFDRDBBJHHN@J@F@JCPAFADCF@B@DABB@@B@BBD@BBBFHFHHAFAFCDE@C@A@C@CDAD@FBBBDFDDHDLB@FDPAHBHBDHBJBPCN@HBNDLHHFBDBbDHFFJ@PBHBDDFL@JALCLELCNBFDHDH@RB`AJALGTER@PAN@FFHJDLBDD@FCDGPGD]^@FHHFBFDBDCDAFGDKAOCG@EBAHAH@HDFDDFBJAT@J@FD@DADCDYDOBGBI@C@GEAE@GCAI@GDAD@@@@@@CH@H@J@FBHDJFFFBD@FADCBIDCFAF@@HBLBHDFNNNBJBDBHFBDBLAFBFFJFDNHLHJHJHHFHHDDpZ\\FFLJDFHHHDFBH@DAHAJ@D@HDHHFDDDF@DAHAFEDCJG@GDMFEFGFCTCB@BKCCCCOEEC@EDGFCRGH@L@LBN@F@HCJEFCFIRMHELCFAHAF@LDHFJDF@L@LAJAHCBE@I@KDEFIHG`cDMDEDGBQBUFKHIDCFGRK"],"encodeOffsets":[[115119,26046]]}},{"type":"Feature","id":"431124","properties":{"name":"道县","cp":[111.591614,25.518444],"childNum":1},"geometry":{"type":"Polygon","coordinates":["@@DGVIREdYJM\\KLBLBFFBBBDBBBB@@D@DAB@BA@A@CCECC@A@ABABCBAFCHC@@DEAE@C@CDCBADAFAD@FAD@LBHBF@B@BC@CGGCC@ABADA@ABADADEBA@@BCAC@AA@AA@CAC@AACAAAAACAA@AAAD]@EFEBABC@ABA@ABAB@D@BA@@D@H@BECEAE@@@CDE@ABE@AAEAA@ABA@ABA@@@AB@@E@ABA@ABAHA@ADBD@B@@BB@DLBHD@B@BC@AEIBK@ADAFEDAF@B@DABCHCH@DCDCB@DEFMHIFADCDAD@HAB@D@BAAMBCLCH@BC@CEEACBGB@@AJCDCBEDE@GBELEJCB@D@DDDB@BBB@FABGHAFCDCD@B@DBBBBB@BBB@HFHLHFHDNCNAL@FDFFDDBBBBBBAC@C@@BA@CACCE@EAC@C@CDAF@N@NGDABEEIAGBCBA@CCQAEDGDAB@FB@@BBH@DBBBBHCFBBDDHFBFBFNLDHLFBB@@BBJN@D@HAF@D@BDBFAFABABAH@FBD@D@BC@A@K@CBA@CBADCLEHADABAAACIAEAEDEHCHADA@C@I@EBEBEROBMAKEOIQKIGIAE@G@CAEACCAC@C@EACACCACCAAAC@CBA@GAC@GBIDA@CAAC@CAGBEBED@B@FBDBB@BA@AA@AEAC@E@@KMUKSYGSISAM@IBEJEP@XBLDRJNLLNHDH@JAJEDKJ[LqDKBMDMBKDMBIDKBIDGFIHIDGbFCDAHBHBFFJDDC@E@GLMFC@EDGAGGICIAKDGDEFEDEJCFG@C@AAAEACC@CBEDEFE@ABA@A@C@C@ACCCAAACCEEEEKGEGEEICMAWGIKEGEGI@G@EBK@I@IEIGIEaUEGGAIBCBABEJS\\IJIJIFKBkREHANAJAHEDGFE@K@GBIHKHGLKlAFCFIHMDENGFOJEFEFCJCFGDOBM@K@QHADADFHDH@FCDIHMFIASCGGCIAEBGBGFGB@CCCAABABE@EAIBI@EBCD@HABA@EACAA@@D@FADKJGHABC@ICECIGEGAEAAKCGGC@E@A@CFCFCBC@CAEC@@KCCCGKI[AOEICCICEAC@ED@BABAF@NJDBD@BCJ@BBDBDDDBB@FAFCFEDABCBAD@B@BAX@FRTDDARADCDABGBGDCD@DAD@DABCDCBA@BD@B@DEBGDCDIPEFCHAH@DA@CAEAEAG@G@GDKLGFEBMAKACAACACACA@UCE@C@AB@DDLAFABIDEFCTGTCLQNIPaZUVMFDFJJDH@@B@@A@@B@@@@@@B@@@@@B@@B@@@@B@@@@B@@B@@@@AB@@@B@@@@@BB@@@@@@B@@@@B@@@@@B@@@B@@@@@BB@@@@A@@B@@@@@BB@@@BD@@@B@@A@@B@@@@@B@@B@@@@B@@B@@B@@@B@B@@BBHZAD@@BJ@HALAFCJAH@NBPBFHRHXFRHFFH@DAFEJILKHKHIJKRCJAPBJF^BL@JELCFA`ARBDBDDBHDHNHDJBF@FCJCH@JB`JF@DAF@DBDBDD^FNFDBJPLTLLPBHCJ@HBFDDD@LALAJAJAJARANADCFKFCD@FDRDLDFDD`BPB"],"encodeOffsets":[[114132,26469]]}},{"type":"Feature","id":"431128","properties":{"name":"新田县","cp":[112.220341,25.906927],"childNum":4},"geometry":{"type":"MultiPolygon","coordinates":[["@@@IFKDEHEDCLAFABABANDHDB@FCBADAD@FBHHFFBDBFB@H@FABADIBEBADAD@FDDDDFHDD@FAFCHCFGV[BGAGCE@MAIAMEQGKKQIOMMACAK@@@@E_AEAGAGAEAE@GHMFBHBFCBEAEBEFGDCBEAECCI@G@KCGEGIaeGGGGEE@EBGDCHCR@P@PDPBHBH@NAFALCHAF@D@NRFFBLFHHDF@HE@GAODIDGJMDK@GFGFE@@@@@ABABAFDD@B@FABA@A@AEI@ADC@C@ACCEGACAA@@CACBC@@@A@@@I@AA@A@@AA@@AB@@@@A@A@AAA@E@IDC@@@ACBABAB@B@B@B@@@BA@A@ABABA@ABAA@@CCAAAAA@@@ABCFCBABA@@BBB@B@BA@A@@GC@A@@@AB@BAB@DBNEHEPDD@BEAGCIDGCKAEMiACBM@AZMDA@CAEIGEEOGOIKCSOIOCKCIECGAKDIHGDCDAFAF@H@H@HAJEFEFIBQ@EACACCA@@A@CAAC@ACAACAACA@EIQCcIGAECCGEDE@AB@A@@@@BA@@AAACA@A@A@CCA@@@A@@@@@CAEACAGBMJGDEBEBAAAGCQAGCEECGCACAIBSA@A@C@AB@PADABIBEB@D@H@FCDGFEBYFC@C@C@KIA@CBABA@@F@FDFDBD@NAB@@@BDBV@BABKF[Z@@@BT@LBNJDHHNALCBCAC@ECA@AB@DABC@C@CCWQOCIAMAMBKHEDENAP@JAJ@PDTFNHLDDHFJHFLFNBJBV@P@JAFCBGAECGAE@CDAB@B@DBFFNZZ@D@F@F@FDJBV@HHVBFBJ@PAHCBE@GCICKMCCAAAACBAD@D@FFHFJLPJJBHAFCH@DFJJL@H@BADMPCZKLAFCVCVFAD@D@DBLJJDPPbdD@HAJBJFnh^PPDF@DAFCB@DDJHB@@@HJJHLB"],["@@AA@A@A@@AAG@@@ABA@A@@@@@@AAA@@@@C@A@@@AA@@BA@A@@@@EC@@ABA@@B@@ABBFAD@@A@@@AA@AA@A@CBGA@@AB@@@DBFABADCB@B@@BBB@D@@@BB@@@B@BB@B@BBB@BB@BB@B@DCB@DAB@@A@A@AAA@A@ABCB@B@B@@@B@@AB@@AAA@AB@@@B@BBB@FHBBB@BBB@D@DA@A@@@@AAA@A@@@AC@A"],["@@@B@DBHB@BBBAB@@A@AF@B@@A@@@@A@@@@AB@@@@A@@CAC@IA"],["@@BC@AAAGCA@@@AB@B@@@BA@GCA@A@A@CDA@E@ABAB@F@DB@@@D@B@F@@@BAB@@@B@@BB@@@B@@@@AB@B@BD@@BBBB@@B@@ABC@ABAB@BA@A"]],"encodeOffsets":[[[114924,26739]],[[114769,26429]],[[114937,26302]],[[114798,26539]]]}},{"type":"Feature","id":"431129","properties":{"name":"江华瑶族自治县","cp":[111.577276,25.182596],"childNum":1},"geometry":{"type":"Polygon","coordinates":["@@EGEGAA@AAC@A@AA@BA@C@ADEBCBEDO@I@E@IGMIGAAQCECEICICOCMACECGCE@EBEDC@ECCICMCGEIAM@KA_CQ@SDOBGFGLKHCHGDE@GBGFIHAPCPAH@FBHFFJFPBPANFHFHHDHCHAFEDEBAX@BBPBJ@@@BADE@CBI@I@E@C@AB@DBBBB@JBJ@DAFADCDAFADAFAD@@@HAH@HDHNLNJFDBBADABCB@D@H@HBBFJXLLBDD@FAFEBCPBHDJFDB@@DBF@FA@A@A@CBA@A@A@@@A@AA@@@@AAAAAAAAA@A@A@A@A@@@AB@@AHIBAB@@A@@@AA@@AEGACAACECECECCCCACCCAC@AA@@A@@ACCAEAECGAAA@A@G@G@C@EBE@CAEACAA@CFADABC@CBEDC@CB@DAHCFCBCBCBCBCB@D@DADABABC@@DADBF@B@DADCFAB@B@FAF@B@BA@A@ABCAC@A@CAC@EAAAA@A@AAEACAE@EAEAC@CBAAE@CAAAA@A@ABEBE@A@AAA@AACACBADABADA@ABAAACC@@A@AA@ABCACAECAA@A@AADA@CA@@AAACACACEACEAABEDEFEDABCCEAEAE@E@A@A@AAACCCCACCCACACAGAGCE@EAAAAC@CBCBAACEEEECCCCECMAKAGAEAICACAEBCBCAAC@CAAAAACAAAECEECCACCACACAAC@C@A@IBGAE@EAECG@CAAECECEDEBEDCFEDCD@BUNKBKDG@I@MDGDEHCBM@GACGGKCCIAGAI@IBSHKDI@I@ICG@EAWGEBEBAD@FBJAHG@E@E@E@EDIDGBK@E@EAMCIEMAKBODKBGHILCDGBI@GAEECEGC]GKAI@GDKBKBI@GBCBADGDAEACCACAC@CBCDG@ECEAEAGIKIIG]iSUEIAK@GBE@CDEDKBIAQAEEEEAaFGBGDSJGDIAGCGGCIEOMeCQACUKCDCFEDEFC@C@CAA@AA@AIC@C@AAC@CCAA@G@EDABCBCDC@A@@@ADBDEFAHADABCBABABGFAFEDCBEBGDA@ABIDQ@KB@@ACAGACCAE@QAC@AB@D@FANAFADC@C@CACAE@EBEFAD@DDDFLBDLLFHBFDFHFBB@DBFBDDFDB@@DBBDDF@FAB@DAB@DAD@B@BABBFFHBDDDBFBH@HBJHLDHDLBJ@FANAHENELEFYbEHEN@LFJHHHNBJCJGFIBEHAFBFFFFLDDHBJBBBHR@F@HBHCBC@GBEBCFGFC@KBKLINGP@P@JDPJHRHRFFBDBNTBDBRALAFCDTjFDJBbHBDDjCFBRBFNF\\@RJFFFHDFFJ@HAJGFMLE@C@EAIIGGGCCCOCAB@@DDBDBH@D@DEFEDADADBFFPLJDHBJ@F@FCDCFCFAHADCJADBDA@EFE@oFEACCACCAC@EDCDGPERAD@FbVDFFF@FAL@ZCDCDABBF@DFFJD@AFCD@FBJDDDFJBPJ\\HLDDLD@@FDDBD@DADEDEB@F@D@HHLDBBBFFHJHFDJDD@BAHGLIBC@E@CB@DBFBB@BA@GDCFAJ@JAFBF@BABADBDDA@EHAHAHBFDJHHTDJBNEJGDC@ECGEGBCBCRGL@N@PAHCDEDIFEFEPIHEFMNCJGDEBELkHKLGJGHAL@F@HEFCBGBIBMFGlQLAJEJIJIT[FIBADAJAHBFHbVJFJHJFJ@L@FAH@J@FHFHJLXHNBJDFFFHLHFFFFDDBBDBDD@B@D@D@BAB@BBB@@BBBBD@@@BA@ABAB@B@B@BADCD@B@@A@ABEBAF@B@BAD@BAB@BA@@J@FBDDDD@DBBB@D@D@DATK@@BA@AAA"],"encodeOffsets":[[114669,25818]]}}],"UTF8Encoding":true}