{"type":"FeatureCollection","features":[{"type":"Feature","id":"210102","properties":{"name":"和平区","cp":[123.406664,41.788074],"childNum":1},"geometry":{"type":"Polygon","coordinates":["@@GEAAEAC@GAAEGAA@@@@A@@@@@A@BA@@CAA@@@@A@@@E@@A@@A@@@@A@@@@@AA@@A@@@@@A@@A@@A@@@A@A@@@C@A@@AA@@@@@@A@@BA@A@@@A@A@@D@F@@@@@@@@@@A@@@A@@@@@AAA@A@@@AA@ACD@@@@@@A@@A@@@@@@@@@@@A@AA@@@@@@AAAA@@@A@@@A@@@A@@@@@AB@@@@@@BB@@@@@AB@@@@@@@B@BB@@@@@B@@@@@@@@A@@@@@A@@@C@@@@@AB@AA@@@@@@@@@AD@B@@@@@@@@@B@@@@A@A@@BCBABA@@@A@@BA@A@@@A@ABA@@@A@@ABC@@@A@@BK@@@AA@@A@@@@@A@@AAAC@@EI@@@AA@NELCFAB@FAFALALAFAHAAA@A@@@@@@@@A@CB@@AB@@AA@@@@AA@@@@@AAB@A@@@@@@@@@AA@@@@@AB@@@@A@@@@AAB@@A@A@A@@@A@@B@@AB@@A@A@A@@AA@@A@@AA@@A@@@@@C@@@@@@@AACEEE@@@@@@GBGD@@A@@@@@CE@B@@A@@@@@C@CBMD@B@@@@IBABA@B@FN@@@@@B@BA@@B@@@@@B@@@@A@@@@B@@@BEDGB@@A@AA@@@@@A@@BABA@@BA@@@@B@@@@A@@AEAA@@@A@@B@@@@@B@@A@@@@@@@@@AA@@AA@@@@@A@@AA@@@A@@@@@A@@@@E@A@@A@CAA@C@A@ABCBCDA@AB@A@@@A@AAA@AA@@@@@A@CB@@@@@BB@@@A@@BA@@@A@CC@A@@A@GD@@AAAD@BDBBDC@@@@@@BFFHHBB@B@@CBFFC@@@BB@@D@B@AB@B@BB@@B@@ABABNFDDHHHLFHHHDDDBD@HB^DA@@D@@@B@@@@@@AF@@@B@@@@@B@@@@@B@B@@@@@BB@@B@BBB@@@B@@@@B@@DBB@B@BB@@BBDBDDJ@BBB@@@BB@FJB@@@BDBDBD@@BBBB@@@@@BDDBB@@@@@@BB@BB@@BBBBBBBBB@B@@@@BB@@@@@@BB@@B@@B@@B@DD@@B@@@BBB@BB@@B@BBB@@@@@B@B@BB@@@@B@B@BBB@B@B@B@@BB@@@@@@@@@B@D@@B@A@ABG@A@@@@@@@@@@@A@AAAAA@A@ACIAGAAAE@@@@@@BCBAFO@A@E@@BB@@JAD@AI@U@C@@@AHK@@B@BAJG"],"encodeOffsets":[[126409,42751]]}},{"type":"Feature","id":"210103","properties":{"name":"沈河区","cp":[123.445696,41.795591],"childNum":1},"geometry":{"type":"Polygon","coordinates":["@@BAC@AA@@@AAC@@@AAA@A@ABC@CAE@ACEAC@@J@P@F@@G@I@E@AB@H@BC@@DC@ABAB@B@@@@@@@@@@@@@B@B@B@@BBB@@@@D@@@B@@@@@@C@A@@@AH@F@AOF@@@F@@@B@BBBBD@@@B@@BB@@A@@@@@A@@B@@@@@@@@D@@@@@BBBB@BB@@B@B@B@BB@@B@@@@@B@@AB@@@@A@@BB@BB@@B@B@F@B@@@BDDBB@BBB@@@@@B@B@@ABB@BBBBBB@@@@AB@@ABA@A@@B@@@@B@@B@@A@CB@@@@@@@@B@@BB@@@@B@B@BBB@@@B@@B@@@@@@BB@@@ABCDAD@@CDABB@FBDBB@B@B@@@BBD@B@B@@@@@@@BB@@@@B@@BBBB@BB@@@@@@@BEDAB@@BBD@@@BBFBHDDBD@BBH@JBFBD@F@B@DBDBFDHFDEDGBGBCDE@A@A@A@A@C@ACE@CAA@@@A@@@AB@@A@@BA@@@ADA@@BABAGEECIEIIIGGCIASEMEQGAAGEAA@@@A@C@AAAEKEICCEAGC[CIAEAK@[BI@C@SIA@IHABA@@@GL@B@@@D@VBJC@IB@@AA@@@F@BEPABAD@@@@@@BFBBBHDJ@B@BBBBB@B@B@@@@@@@@@@@BAH@B@B@@B@FB@@B@DBFBFB@@B@@@@@B@@BB@@@@@B@@@@@B@BBB@B@FBB@BBB@@B"],"encodeOffsets":[[126419,42831]]}},{"type":"Feature","id":"210104","properties":{"name":"大东区","cp":[123.469956,41.808503],"childNum":1},"geometry":{"type":"Polygon","coordinates":["@@DFDHHLBEB@@@@@B@@@@B@@@@CF@@@@DEB@@B@@@B@@B@@@B@@@@@B@@@@@@@@BBBB@@B@@@@@@@@BDB@@@@@B@@@@B@@B@AAB@@A@@AAAA@@@@@@DAB@@@@@@@BBBD@@BB@@@@@@BB@@@@@@DAFHBB@@BB@B@@@BBB@BBJBD@BB@@BBFDH@@@@D@D@F@B@D@F@L@H@N@H@D@F@D@BB@A@@@AA@@@@@AA@@@@@@@@@A@@@@@AA@@@@@@@@@@@@@@@@AA@@@@@@@@@@@@@@@@@AA@@@@@@@@@@@@@@@@@@@@@A@@@@@@@@@@@@@A@@@@A@@@@@@A@@@@@@@@@@@@@@@@@@A@@@@A@@A@@A@@@@@@@@@@A@@AA@@@@@@@@@@@@@@@A@@@@@@@AA@@@@@@@@@@@@@@@A@@@@A@@@@A@@@@@@@@@B@@@@AA@@@@@@@@@A@@A@@@A@@@A@@@A@A@@AA@@@@@@@@@AA@@@@@@@A@@@@@@@@@AB@@@@AAA@@@A@@@@@A@A@@@@@AB@@@B@BAB@B@B@@AB@@@@@@@@@AA@A@@A@@A@@@AA@@@@@@@@A@@A@@@A@@@@@@@@@@@@@BABA@@@@@@@@@@BA@@@@@@B@@B@@DA@@@@@A@@@@B@@A@@B@@@@@@AB@@@B@@@BA@@BA@@@@@@AA@AA@@AA@AA@@@A@@@@B@@@@@@@@@DA@AB@@@AA@@B@@@@AABA@C@C@@@@@@AAA@@A@@@@@A@@@@BA@@@@@AAA@@A@@AA@@@@@@B@B@@@@@@@@AB@@@B@@@@@@@AA@@@@@@@@A@@AB@@@@@B@BA@@B@B@BAB@@@B@BAAA@@@@A@@@AAA@@A@@BA@A@BB@@@@@@@@AB@@@@A@@A@@@@@@A@@@@@AB@@@BAB@@AB@BABCBABABADCBA@A@@BA@@@A@@@A@A@C@C@C@A@A@A@A@A@ABABCBC@CGEECCACAA@E@C@EAIAG@AAC@CAGCEAAA@@C@AA@@BAFC@A@@@@@@AAA@AA@AA@@@@@AA@@@@@@A@A@C@AA@@A@A@A@CAEAA@BADC@@BCDCBA@@A@@A@@@@A@@@@A@@AA@A@A@A@@A@@AA@@@@@@@@@DAB@@@@AA@@@@@@AB@B@BA@@BA@@@@AAAAAAA@BA@@@A@A@@@@AA@AAACC@A@@@A@E@A@AA@@AAA@@@B@@A@@BA@@@@@A@@@AAA@A@A@@@AAA@AA@A@@@@@C@@@@@@A@@@@B@@@@@BA@@AA@@@C@AAAAA@@@E@@@E@BPE@G@@B@@@B@D@@@@A@@@C@@@@@AA@AA@A@A@@@@@@@@@@@@@A@A@AB@BCD@@ADG@A@@B@F@J@HE@O@I@@@BDDF@BBF@DAD@B@BBB@B@@BD@B@@BBD@ABD@BBBBB@BBBBBB@BB@@@@@BBBB@B@@BB@@@B@@BB@@@B@@@@BD@@@@@B@BBB@B@BBD@DBB@@@B@@@BBD@B@B@@@@BB@DBB@B@B@B@B@DBD@F@D@FBB@B@F@DBB@D@DBD@BBDFHFL@B"],"encodeOffsets":[[126450,42910]]}},{"type":"Feature","id":"210105","properties":{"name":"皇姑区","cp":[123.405677,41.822336],"childNum":1},"geometry":{"type":"Polygon","coordinates":["@@@B@@@B@@@@@@@B@@@@@B@@@@@@@@@B@@@@ABDF@BD@@@@@@@@@@B@B@@@B@@@@@@@@B@B@BABABADABD@@@@@@BBABABCBA@@BAB@@@@@@@D@@@B@@@@@@@BA@@@@@ABA@A@A@A@A@@@BB@@BBB@BBFBPFHDBAB@BA@@@@@@JBBBB@BABAFIBAB@AA@A@@@@@AB@@@B@@C@A@CBCB@@BB@@@B@D@B@B@B@@AB@DA@@B@@@B@F@@@B@B@@@BBB@@BBBBB@@FBHD@BB@@@@B@BA@A@C@AAA@C@A@AH@@@@@B@B@@@@@@@B@@@@@B@@ABB@BBB@B@@@@@B@@@@@@@@B@@@B@@@@J@AD@@@@@@@@@B@@@@@B@J@BAD@@@@@J@NALB@D@@@@B@@@@@@@B@BABABA@@@@@@BA@@B@BC@@@@@EAAAEBE@ABEBA@A@AB@@C@A@@@A@@@@A@@@A@@@@A@@@@@O@E@@@C@@@@@A@@@@@A@@@@@@@BB@@@L@@@BA@@AA@AAA@@A@@A@@@@BB@@@A@@@@@@@@BA@@B@@@@@@@@B@@B@@DLD@FAHCJC@@B@@BDD@@B@@@@@BA@@@@@@@FD@FAF@HAH@BABBCDFAB@B@BA@@@@@@B@@@@@@@B@@A@@@@B@@@@AAC@A@@@@@@@@@@B@@@BH@@@@@@BAB@@@@@@BBB@@@@B@H@J@F@@@@@@B@@@B@@BB@@@@B@@@@@@@@@@CAA@@B@@@BAB@B@@@@ABA@@B@FAB@@@@@BA@@@A@@B@@@B@@@B@BAB@D@B@@@@@@@B@@B@B@@@@B@@@B@B@D@@@@@@@B@@@@@@@B@@@@@@BB@@@@B@@B@BAB@BB@@@@@BBB@@@@B@D@FCBB@AAC@A@@@@@@BAB@@@B@B@DA@@@@B@@@AA@A@A@@@BBB@@@@@@@BBB@@@B@@@@B@@@@B@A@@@@@AAA@@B@BDB@@@@BB@BB@AEKEGAC@AAC@C@CAA@C@E@AAA@E@C@EAC@C@A@A@A@AAA@CAA@@@@@A@AAC@A@@@A@@AA@CAC@A@AAA@A@A@@@@AC@@@@@A@@AA@@@A@@AA@@@AAAAA@@@@A@@AAAAAAAA@AAAAC@@AA@AAA@EAA@A@AAA@@@@@A@@@@@A@@AA@@@@@A@@@EAEACAA@@@EAA@@@@AC@A@@@@@@@@@A@@AA@A@A@A@AAA@A@@@@@AAA@A@@@@@A@AAA@@@AAA@AA@@A@@@CCA@@@@AA@@@AA@@@@@@AA@@@@@AAAAAAAAA@AA@@AAA@@@@BDFH@BB@@@@@@B@@@@@@@@@B@@@@@@@@@B@@@@@@@@@@@@@BA@@B@@@B@@@@@@@@@@AB@@@@@B@@A@@@@@A@CBA@A@EBCBA@A@CBA@@@MDC@EBA@A@@BG@ABG@@BA@A@A@A@@B@@@@A@@@A@@B@@A@AB@@"],"encodeOffsets":[[126315,42830]]}},{"type":"Feature","id":"210106","properties":{"name":"铁西区","cp":[123.350664,41.787808],"childNum":1},"geometry":{"type":"Polygon","coordinates":["@@BBDBDBFBDBDBDBDBB@DBJBFBH@B@BBFBB@B@B@DBB@B@B@@DB@D@B@@@@DD@@BB@@BB@@@D@D@HA@@@B@@BD@B@@@@D@@@@BB@@B@@@@BBB@@@BBDA@@B@@@@DBBFDFBB@BBD@BBB@B@DBD@D@D@F@JBF@H@B@B@@@@@BAB@@@BA@@@AAA@A@A@@@A@@@@@A@@@A@A@@@@BABCBA@CBA@@B@@@B@@@@@D@B@@@@@H@@@@@H@D@@@B@J@D@FAH@@@D@B@B@FAD@B@B@BAB@B@@@B@@@@@@@AB@@A@@B@BA@@B@@@B@@@B@D@H@F@B@@@D@J@B@@@B@D@B@D@B@D@B@D@D@@@D@@@B@D@F@P@B@@@DD@@@BBB@B@D@DBD@F@D@F@B@B@@AB@BABAB@@@@@B@FELE@AB@B@BA@@@@BAB@@@@AB@@@B@@@@@@AB@B@B@B@@AH@BAH@@AB@B@FAD@NC@@B@DAB@B@DAFAB@B@DAB@@@@@B@@@@A@@@@BA@@@@@@@@@@@A@@@AB@@A@@@@@@@@@@@@@A@@@@@@@@@A@@@@@@@@@A@@@@A@@AEGAC@@@@@@AACC@A@@@@AAAA@@ACACAC@@A@EIA@@A@@AA@ACIACAC@AA@@A@AAA@CA@@@@@@A@@AA@A@AA@@@@@@B@@@@@@@@@B@@A@@@@@@BA@@@@@A@@@A@A@A@@BA@C@C@CBA@@@C@@@C@ABA@@@A@@@A@@@ABA@A@@@ABC@EDC@CBCB@@A@CBCBGBA@@@A@ACCC@@A@@AA@@@EA@@AA@@A@@@AAEC@@CA@@CAC@C@AAC@A@EAE@A@A@AA@@A@@AA@A@@@@@A@A@@@@@@@@AC@@C@@BABC@A@ABABCBADEDEBABEDCDGBCBCBA@ABEDCBE@@BECAK@QDIBEBG@C@AA@@@ABCBEHGHIDG@EAACCE@MASEG@KBMDMFCBG@CACCCGC@@@@@AC@@AA@@@@AAA@@@@@@A@@A@@@@@@@A@@@@A@@@A@@AAEBCBE@C@C@A@CA@@A@A@@@A@@A@@AA@AACAIAAACAA@C@A@A@A@@@@A@A@C@@@A@@@@@@AB@BAA@@@@@AB@@@A@@@@B@D@@@@A@@@@B@@A@@@@@@@@A@@@CBA@A@@@C@A@CBABCAAAA@AAA@A@@@A@EAC@CAA@@A@@AA@@@A@@@@BAB@@AB@B@B@B@@@@A@A@A@@@@@ABABA@@@@@AA@@A@@A@@@@A@@A@A@C@@@CBA@@@ABA@@BABAD@@@B@@@@AA@@@@@@A@@@@BAB@@@@B@@@@@@@@BABAFABABA@@@A@A@A@A@EAAAAAAA@A@A@ABCBCB@@@@@@AA@@@@@@AA@AAAAA@ICEAIAOCE@@A@@BAB@@A@@@AB@@AB@@@BA@@@AA@@@C@A@AA@@@A@@AAAAAA@AAC@CAA@ACAABC@EFA@@B@@@@@B@@@B@@@B@@A@A@A@@@AACA@@@A@@@@BA@A@AB@@AB@B@@A@@BA@A@@AC@A@C@ABC@AACKGABA@A@@B@@@BBB@@@B@@DDA@A@A@@@@@AA@@@@A@@@@@@@@B@@@@A@GDCB@@A@CBID@@@@AB@B@@@@BB@@@BA@@B@@@@@B@@@@@B@@C@@@@B@@BD@B@@@@@@A@A@@@@@@B@@@B@D@L@@@@@@E@A@@BEBABAB@@A@CD@@GFABAB@BCDCDABAD@@CD@BA@@BB@HD@BSNE@@@A@@@A@I@A@A@M@@@@@AB@@@B@@A@@BAD@@AD@F@FAD@D@B@BA@@BAB@BA@@@@@BBBB@@@@ADAB@B@@@@@@@@@@BA@@@@B@@@@@DDBAB@@@@@BB@@@@A@@@@@@BBBBA@@@@@@B@@B@@@@@@@B@@@@@BDFBB@@@B@@B@@@@@@@@@@A@@AA@@@@@@B@@@@@@@@BBB@@BB@B@@B@BB@BBB@@@@@@@@C@A@A@@@@@@@BFBB@B@BBB@@@@A@@@CBA@A@A@@B@@B@BB@@@@@@@AB@@B@@B@@@@@AB@@@@DBCB@DA@AB@@A@@B@@A@ABABCBABA@@@@@@BAB@@@@BB@@BBB@DBDBB@D@H@F@L@@@D@B@F@B@DBB@B@B@@AB@B@@@@@B@@B@@B@LAF@BD@@@@@@DABABAFAB@F@H@D@@@B@@@B@D@D@BD@B@@B@B@BADA@@F@D@ABDDB@@@B@B@@@@@BA@@@@B@@@@@@A@@B@@@@A@@@@@@BA@@D@@@@@@@@@@AA@@A@@AA@@@@@A@@@A@@@@DC@A@@@@BA@@@BB@B@@@D@B@D@FAB@@@B@BD@@@@@@B@@@@A@@H@BD@BB@@@@@BA@@B@@@@@B@BABAB@B@@AB@B@DB@@@@@@@@@B@@@@JHFF@@@@@@A@@@A@@@@B@@FB@B@@A@@@CBAB@@A@@@@B@@@@@@@BDDBB@@@BA@@BA@@@@B@@@@@BB@@B@D@@@@@@B@@A@@B@@@@@@@A@@@@@@@@@@@@@BAA@@C@@B@B@B@F@@@BA@@@@@@D@B@@@@B@@@@@@A@A@@B@@@@@@@BBB@@@@@@D@B@@@@@@@@B@BBBBDDF@@@@@@A@@@@@@@AD@@@@@@BBB@@@B@@@D@@@@@@D@@@@@@A@@A@@A@@@A@A@A@AB@@EB@@"],"encodeOffsets":[[126120,42766]]}},{"type":"Feature","id":"210111","properties":{"name":"苏家屯区","cp":[123.341604,41.665904],"childNum":1},"geometry":{"type":"Polygon","coordinates":["@@@@@@AAA@@A@A@@A@@@@A@@@@@ABA@@@@@@@AA@@@@AA@@@A@@@@AA@@@A@A@@@A@@@@@AA@@@@A@@@AAABC@A@C@A@A@A@@@@@@A@AAA@@@@A@@@A@@@@AA@A@A@@@@A@@@AA@A@@@@A@@@@A@A@A@@@@BAA@@A@@@A@@@A@@B@B@@@B@@A@A@AB@@@@A@@@A@A@A@@BC@@B@@@@@BAB@@A@@B@@@@@@@@BD@@@@@@AB@@A@@@@@A@@@@B@BABC@@BC@AB@@C@@AA@@@A@@A@@AA@@@@A@@AB@@@@A@@@A@@@@AAC@A@A@@@A@@BA@@@@@AB@@C@@@ADA@@B@@@B@@BB@B@B@@A@C@A@C@A@@@A@@A@@@@A@@@A@@@@@A@@@AAA@A@@@AB@@A@A@AB@@ABA@@@@@CCA@@@@AB@BC@@@@A@@AA@AAAAECA@@@C@A@@AC@ABC@CBGBA@AB@BA@C@A@A@@@AABAA@@AA@@AACAA@@@@@@A@A@@@A@A@@@A@@@@@AA@@AA@@AAA@@@AA@@@A@@@A@@@A@@@@@A@@BA@@A@@@@@AA@@C@A@AA@@A@@@@AA@A@@@A@A@CB@@A@@A@@@@@@@@BA@@B@@@@A@@@@@AB@@A@@@@AAA@CA@AAAAAA@AA@@A@@@C@A@A@@@A@@A@@AA@@A@AB@@A@A@A@ABA@@@A@@B@@@@@@A@@@@@@BA@@@@@@BA@@@@@A@@AA@A@@@@AA@@AA@A@@AA@AAA@@@@AA@@@@@A@@AC@A@@@@@A@@A@@@A@@A@@@A@@@@AA@@AA@@@AA@@C@CAA@AAA@@@@AA@@@@@A@@@@@A@@@A@A@@@@@@@AA@@@@@AA@A@@@@A@@@@@@AB@@A@@@A@@@@@@@A@@@@@A@@@@B@@A@@@@@AB@B@B@@@@A@@@A@@@@B@@A@@B@@@@A@@@@B@@A@@@A@@@@B@@@BA@@@A@@@A@A@ABA@@@A@@@@@@AAA@@AA@@@@@@@@@@AA@@@@A@@@@AA@@@@A@@@@@A@@@@A@@@AAAAAAAA@@AA@@@@@@@@@@@BA@@@A@@B@@@@AB@@A@C@@@C@@@@AA@@@A@A@C@ABABA@A@@@A@A@@AAA@C@@@@@AA@@@A@@@A@@B@@AA@@@@@@A@C@@@@@A@@A@@AA@@CECEAAAA@AAA@AAAA@AA@A@@ABA@@@@@A@@@@@AB@@@@@@@@@A@@@@A@@@@@@@@B@@@@@AAA@@A@@@A@@@@@@@A@@@@A@B@@CB@@@@@@A@@@@@@@A@@@A@@@A@A@@@@@@B@@@@@@@B@@@@@@AAAA@@@@@B@@BB@@@@@@AA@@CB@@@@@@@@@@@@@@@B@@BBB@@@@@@B@@@@@@@D@@@@@@@@@@A@@@AB@CAD@@A@A@@@@@A@@@@@@@@A@@@@AA@@@A@@AB@@@@@B@@@@A@AB@@@B@@@@@@@@@BA@@BAA@@CA@A@@@@@@@AA@@@@@ABC@A@A@A@@@@@@@@A@@@@@A@A@@@@A@@@@@@@@@A@AB@@@@AB@BA@@@@@A@@B@@A@A@@AA@A@A@@@A@@@@B@@@@@B@@BB@@@@@BA@AB@B@@@@@BB@@@@BB@@@@@BB@@@@@@AB@@AB@@A@@BA@@@A@A@AA@@A@A@@BA@@@@@@B@@@@BB@@FB@B@@@@@B@@A@@@A@@@CAA@@@C@@@A@A@@B@@@B@B@@@B@B@@A@@@A@A@@@ABA@@B@@@B@@@BB@B@BB@@@@@@ABABA@A@ABA@@@A@@@@@AA@@AA@AA@AA@@@@A@@B@@@B@@@B@@@B@@@@@@A@@AA@@@@A@@@A@@@C@@@@@@A@AA@BA@@@AB@@AB@BA@@@A@@@A@@CA@AA@@A@@@ABAB@BA@@B@@A@CB@@@BA@@B@D@BAB@@BBB@@BABA@A@A@@@@@@@A@@@A@@@@@@@@@A@@@@@@@@@@@@@@@@@@A@@@@@@@@@@@@@@BA@@@@@@@A@@@@A@@@A@@B@@A@A@@@A@@@@@AB@@A@@@@@A@@@A@C@@A@@A@@@@@@@AA@@A@@@@A@@@@AA@@@@@@ABA@@@@B@@@@@B@B@@@@@@@@@@@@@BD@BBB@@@@@@@@@@@@B@@@@AB@@AB@@A@@@A@A@@@@@A@@@@@A@@@AA@@@@@@@@@@@@A@@@@@@@AAA@@@AA@@@BA@@@@@AB@@@@A@A@@@@@@@A@@@A@@@A@@@A@@@@BA@@@@@@@@@A@@@@@A@@@@@@@@@@@@@@@@A@BA@@@@@A@@@A@@@@@A@@@@@@B@@@@@@@@@@@BA@@@@@@@@@A@A@@@@@@A@@@@@A@@@A@@@@@@@@@@@A@@B@@@@@@@@@A@@@@AA@@@@@A@A@@@@@@@@@@@@A@@@@@@BA@@@@@@@@@@B@@A@@@@@@@@@@@@A@@@@@A@A@@@@@@@@@A@@@@@@@AB@@A@@@@@@@@@A@A@@@A@A@@@A@@@@@@@@B@@@@@BA@@@@@@B@@@@@@@@A@@@@@AB@@@@A@@@@@@BA@@BAB@@AB@@A@@@@@A@@@@BA@@@@@A@@B@@@@@@@@@@@@@B@@B@@B@@A@@@@@A@@@@B@@A@@@A@@@@@@@A@@@@BA@@@@@A@@@@@@@A@@@@@@@@@A@@BAA@B@@A@AAA@AB@@@@A@B@@@@@@@@@@@@B@@@@@@@B@@@@@@@@@@@@@BB@@@@@@@@@BB@@@BA@A@@@@@@AA@EA@@AAG@A@@BE@A@@@AA@@A@@@GFABHB@@@@@BABADADAD@@IBK@C@A@@@@@@BAB@@@@@@A@@A@@@AA@@@C@ABA@@@A@C@@B@@@@@@AB@@AA@@@A@@A@@A@@@@AAA@@@@B@@@BB@A@@@A@@@@@@A@@A@@@@@ABEB@@@@A@@@A@AAA@EBE@@@@@@@@B@@@B@@@@@BB@CD@@@@@@BDEB@@@@@@@BB@DDAB@@CBB@@@@@AACBABABA@@@@B@@@@B@@B@@@@@@A@@@CAA@@@@@@@BBBBB@@@@@@BA@E@G@A@@@@B@B@H@BC@@AE@I@A@@@A@@@A@A@@@AA@AA@@@@@@@@@@@@B@@@@ABA@@@EE@A@@A@A@@@AA@AA@@@@@AB@@A@@AA@@AA@@@@AA@@AC@@@@@@@@ABC@@@ADADABA@@@@A@AA@@CCAA@@A@@@CBEDAB@@A@A@@@AA@@@@@AA@@@@@@@C@CBABA@C@@@A@@@@AAA@A@@A@@@A@@B@@@@A@AC@A@@CB@C@@@@@@A@@@C@@@@@A@@A@AAA@@B@@@FB@B@@@A@@@@CCCCAA@@A@AB@@A@A@C@ABA@C@@@@@C@C@@E@@@@A@@@E@A@GB@B@D@B@@CB@@@@@@@AA@@B@B@@ABAB@@@@@@@BB@@B@@@@@@A@A@@@A@@@@@@@BB@B@@@@@@@@@@A@@B@@B@@@@@B@B@@@B@@@@D@@@@@B@@A@@@@@@@BD@@@@A@ABA@A@A@A@@@ABA@A@ABA@@@BB@@@@C@@@A@A@@@A@ABA@@@@@AA@@A@@@A@@@@@@@DHDF@B@@@B@@@B@BC@BHBH@D@@@@D@@@@@B@@BA@@@@@E@@@@@@B@B@@@B@@@@@B@@@BA@@B@@B@@@B@@B@@B@@BB@@@@@BBB@@B@@@BB@@BBABA@@B@@@BB@@@B@@BD@D@@@@@@B@B@@@@B@@BB@B@@@@@B@@A@BBBB@@BB@@@BBB@@@@@@@B@@@@@@B@@@@B@@@@@@@@BB@@@@@@@@@B@@@@@@B@@@@@@BA@GFGD@@@@A@@@CAAA@@A@@@@@AB@@@@@@@@@@@@AB@@CBCDA@@BA@@@AA@@AAA@@@@@@B@@@BAB@@@BA@A@@BA@@B@BAB@@@@@B@@DBBB@@B@B@B@@@@A@@@A@@@A@@@@@AB@FED@BADB@BBB@DBD@BBBBBBB@@@B@@BBB@D@@@B@@B@@AB@@A@@BA@@B@@@BA@AB@@@BF@PDJBFBJDB@BBBBB@@B@@@@B@@B@@@@A@ADAD@B@B@BBBBBBBFBB@B@B@B@@@B@BABABEBA@A@@@@@@A@@@@@BA@A@@B@@@@@@@BB@@@@@A@@BCBA@AB@BA@@B@DA@@D@B@B@@@@B@@B@@@@BB@@B@@@@ABAB@B@@@@@B@B@B@@A@A@A@A@@BA@AB@@@@@B@@BB@@@BB@DBD@FBB@@@B@B@BBB@BBDBBADAB@D@@@B@B@DA@@B@@@@@@@@@@BA@@@@@@B@@C@A@@@@@@B@@BA@@@@B@ABA@@B@@@@B@@@D@B@B@@@@@@B@B@B@DBBBDBBBJBD@BBB@@@BB@@@B@B@@@DBB@D@D@F@DAFABB@@@B@@@B@@B@@@@@@@B@@@@B@@@@B@BB@@@@BB@@BD@@@@D@DHDDDBH@DANENCLAH@TFNBF@DDBB@FCHGJGHAFAD@B@@BBD@H@FAJARCL@DBTDNFFBBABA@@@AA@@A@ABAA@C@@@AA@@D@EEDA@@@AAAGGEE@A@@@@D@ACCA@ABCBB@@HCB@@@@BDDB@@@B@@AB@@@A@@A@@@@DAB@@@@@B@@BBB@B@B@@@BBAB@DCDABAB@D@B@DBB@@@@B@F@@B@@@@@B@@@B@@BB@@@@@B@@BB@@B@@@@@@@@@BA@@@@@A@@@@B@@BBBF@@@B@@A@@@@@AB@@ABAB@@@B@@@@BBB@@@HAFC@A@@@A@@B@@@@@@A@@@@@AB@@A@A@@@@EMA@B@BAJA@@@@@ANCDAD@@@@@B@@@@ADF@@@@B@@@HCHA@@@@@@FFDFBB@@@@@@D@@@@@B@@@BB@@@BB@@BB@B@B@@@BA@@@AB@@@B@B@B@@@BA@@@A@ABA@@@AAA@@A@@@@@A@@@@AA@@@A@ACB@@A@@CC@@@@BA@BB@@@B@@@AAAE@@@A@@@@@A@@EICG@A@@A@ABA@@@A@@A@@@@A@@@AA@@CCAC@@AA@@@@@@@@@A@@A@@@@@C@EAA@@@AA@@@@@A@AA@@A@@@@@AB@@@B@@@B@AAAC@@@@C@@@A@@@@@@@A@CE@@@@@@B@@A@@@@@@@@@CAA@AAA@@@@B@DAPCJC@@@AB@@@BAD@DAB@BBB@@@BA@@CGAAB@B@@@@@B@@A@@@@@@BAB@B@@@B@@@@BA@@@BB@@B@@@B@@@@@@ABB@@BB@BB@@B@@B@FAFA@@B@@BB@@@D@B@@@@@B@@@B@FADA@@@@@A@@@A@@@AB@@@@@@B@@B@BD@B@@B@@@@@@@BA@B@@B@@@@@@@@@@B@@@@D@B@B@BA@@BBB@BAB@@@B@B@B@D@B@B@BB@@B@@@B@@@B@BA@@B@@A@A@@@@B@B@@@@A@@@A@@B@@@@@@@BB@@B@B@B@@A@@@@@A@@@@BA@@B@@@BA@@@O@ABA@@B@DAB@@@B@@A@@@AB@D@BAB@@@@@B@B@@@D@@AB@@@B@@A@@@A@@D@BAB@B@B@@AB@@@@@B@BBBB@B@@B@@@D@BAB@B@@@@@@B@@B@@BB@B@B@B@BAB@@@B@@@@@@B@@@@D@@@@@@@@B@@@B@@B@F@FBB@@@@B@B@@B@@@B@BB@@@@@BB@@@@@D@B@BAB@DCB@B@B@@@B@@@@BB@@@@@@BB@@@@@@@@D@@@@BBB@B@@BBBBB@BB@@@@B@@@B@BA@@B@@B@@B@@@B@@B@@BB@B@@@BD@@B@@@B@@@@BB@@BB@B@@@B@@@@@@A@@B@BA@A@@B@DADBB@@A@@@A@@@@B@@@@@@B@@BC@@@@B@@@B@D@@@@@@B@@@@B@@@B@B@@A@@@A@C@@@@@@BBB@DDB@@@B@D@@@B@@AB@@@@@@BB@A@@@@B@@@@@@@@@@B@@@@@@@@B@@@@@B@@@@@B@@@@BA@@B@@@@@BB@@@@@A@@@@D@@@@@@AB@@@@B@@B@@A@@B@@@@@AA@@@BA@@@@@@@A@@A@@BA@AB@@@@A@@@@@@D@DB@A@@B@@@@A@@@@@A@@@@@@AA@@AA@@@A@@@@@@@@@A@@@@B@BA@@@@@@@@@@@A@@@@@@B@@@@@BA@AAA@A@@BAA@@@@@@B@@@@@@@A@@@@@A@@B@@@DA@@B@@@@A@@@@B@@B@@D@@@@@B@@B@@@@@@@A@@@@@A@@A@@@@@@@BA@AB@@@@@@@BAB@@A@@B@@A@@@@@@B@B@BB@@BBB@BBD@BBB@@@B@B@BA@@B@@@B@B@@@@@B@@@@@B@BA@@@@@@@@B@@@@@B@@@@ABA@@@@B@@@B@@A@@B@@@@@B@@A@@@@B@@@@@@B@@B@BB@@@BB@@B@@B@B@D@@@B@@@B@@AB@@@BB@@@@B@@B@@BBB@@@@B@@@@@@@B@@D@@@B@B@B@D@BA@@@@@AB@@@@@BBB@BB@@B@@B@BB@@B@@B@@@@@BAB@@A@@@A@@@@B@@@@A@@BA@@@@@@B@@@DB@@BA@@BABAB@@@@@B@B@@@B@@@B@@@BBB@@B@@B@@@D@D@F@@@B@@@@A@@@@@A@@@@@AA@@@B@@A@@@@AA@@@@BA@@@@@AB@@@BAB@@@@@B@@@BB@@B@BBB@BBB@B@@@B@@B@@@@BB@BBBB@B@@@BBB@B@B@@B@@B@BBB@@A@@B@@AB@@@B@@BB@B@B@@@BB@@@@@BB@@BB@@@B@B@@@B@@@BBB@@@B@B@@BB@@@B@B@@@@@B@@@BB@@@BB@@@@AB@@A@@BA@A@@@AB@@@@A@@@@@@@@B@@A@@@@B@@A@@B@B@B@@@B@@@B@B@@@@@B@@@@@@ABB@@B@@@@@D@@@@@B@@BBB@@B@@@B@@@@BB@@BB@@@B@@@DAB@BA@@B@@@B@@@B@BAB@@AB@@@@A@AB@@@@@@@B@@@@@@ABB@@@@BA@@@@B@@@B@@B@@@@@B@@@B@@@B@@@B@@@@@B@@@@BB@@@@@B@@B@@B@@@BB@DA@@B@@@B@BB@@@@@@BAB@@@@A@ABA@@@@@A@A@@@AB@@@@@@@@A@@@@@A@@@AB@@@@A@@@@BAB@@@B@@@B@@@BAB@@BB@@@@AD@@@BAB@BB@@@@BA@@@ABADA@@@@@AB@@A@@B@@BBAB@BA@@@@B@@@@A@@@A@@A@AAEAA@@A@@@A@@A@@@A@AAAAAA@@@@BA@@AA@@AA@@A@A@AAA@@@A@@@AB@@A@@@A@@@A@@@AAA@A@C@@@A@@AA@A@@@@AA@@AA@A@@@A@@A@@@@AA@A@@@A@@AA@@A@A@@@@@AB@@A@A@A@A@A@@@@@A@AA@@A@@@AA@@A@@@AAA@AA@@A@A@AA@@A@AAAAAAAA@@A@CAAB@@A@A@@@@@A@@@AA@@A@A@AA@AA@@@@@@A@@@A@C@ABA@@BC@A@ABA@A@AFBB@@@@@BA@@@A@@B@@@@AB@B@@@BA@@@@DA@@@AA@@AA@CA@@AAA@A@@A@@@A@@@@@@@A@@BA@A@@@AB@@@B@@@@@B@@@@B@B@@B@@@B@BA@@B@BA@@@A@@BA@@B@@@@@@ABA@@@AB@@@@A@@@A@@B@BC@@@@@A@@BA@A@@@@@@@AB@@@@AB@@AB@@@@A"],"encodeOffsets":[[126718,42524]]}},{"type":"Feature","id":"210112","properties":{"name":"浑南区","cp":[123.458981,41.741946],"childNum":1},"geometry":{"type":"Polygon","coordinates":["@@@B@@B@@@@@BA@@@@B@@B@@@@@@@@@BBA@B@@@@BB@@@@BB@@BA@@DAB@@@@@@@@@@BBBGBEBKBKBEBEBA@EBKDMFB@@B@@FJ@@BDBB@@@B@@@@@BB@@B@@AL@@@B@@AD@BB@@@B@BAB@@@B@B@@AB@@@B@BADA@AB@B@@@@@@A@@@@@@@@@ABC@@@@@@@@B@@BBA@@@@D@@@B@@@@@B@@@@@@@@@@A@@@@AAA@@@@@@@A@@B@@@@AA@@@@@@BA@@@@B@@@B@@@B@@@B@BB@B@@@@B@@B@B@@@@@@@@@@@BB@@@@@@@DC@BBB@@B@B@BB@@@@B@@@B@@@@@@@@@@@@E@CB@B@@@B@B@@AB@@@@@@@BB@@@B@D@@@B@B@@@BB@@@@B@@@@@BB@@B@@@@@B@@B@@@@BF@@@B@@@@@BB@DB@@A@B@@@@@B@@B@HBBFHBD@FBBBHFB@TJD@J@\\AL@FBJB\\DHDFBDDFJFLBB@B@D@B@@BBHFBBRHNFTFJBHDJHJJJFFDHFABAB@@CB@B@@AB@@@BA@@B@@@B@@BB@DDF@B@D@B@B@B@BCFADAHCHCF@DADADAB@B@B@B@B@B@B@D@D@D@B@B@@@B@@AB@@@BABCDABABABADABA@@BA@AB@@BBB@@@@@@@@B@@@@B@@A@@B@@AB@@@@@@@@A@@@@@@@A@@@@@@B@@@@@@@@@B@@@@B@@@@@@@@@A@@BA@@@@B@@B@@@@@B@@B@@@@@BA@@@@@@DBBB@A@@BABB@@BB@@B@D@@@B@BF@BB@@BB@@B@@DD@BBB@@DBDBD@BB@@B@@ABA@@B@BA@ABA@ABA@A@A@@@A@@@A@A@@@@@@@A@@@@BA@@@@@@AA@@@@@@B@D@B@@@@@B@@@@@B@@@@@@@B@B@@BB@B@@B@@@@@BB@@BB@@@B@@@B@@BB@@@B@@@B@@BB@@@B@BBB@@@B@B@@@BB@@BB@@@@BB@AB@@@@@@A@@@@@A@A@C@@@@B@@A@@@@@AB@@@B@@B@@@@B@@@@@@@@@B@@A@@@A@@B@@B@@@@@@@B@@@@@@@@B@@@B@@A@@@BB@@@@A@@@@@@@AA@@AB@@@@@BA@@B@B@@@@BB@@@B@@@@@B@@BB@@@@@B@@@@B@@@@B@B@@B@B@@@@B@@@@B@@@@@@A@@@A@@@A@@@@@@@@@A@BB@@BBB@@@@@@B@@@@@@@@@@AB@@@@@@A@@@AB@@@@@B@@@@@@@B@B@@@@@@AB@@@@@@@B@B@@@BA@@BABABA@AB@B@@AB@@@B@B@B@@A@@@@B@@@@@B@@@@AB@@A@B@@BBBBBB@@@B@@@@@@BB@A@@@@BA@@@@@BBBBB@B@@@BA@@B@@B@D@@@@@B@@@@@@BB@B@@AB@@BBAB@@A@A@AB@B@@C@@@@B@@@@@@@@B@B@@B@@@@A@@@@@@@AA@@@@A@@@@B@@@@@@@@@B@@@@@@@@A@@@@@A@@@@@@@@B@@BBBB@@@@B@@@@B@@@B@@@B@@A@@B@@@@BBB@B@@@BAB@D@D@@@B@@@BB@@B@D@B@@@DBB@B@BBB@@@BB@@@B@@BB@BDB@BB@@@@@@B@@@@BB@@@@B@@@BB@@@@B@B@@@BB@@@B@@@B@@B@@@BBB@@B@@B@B@@B@@@B@@@@@BB@@@BBB@B@@@B@@@B@@@@@B@@@B@D@B@@@@@@B@@@@@@A@@@AB@@@@@@@BB@@@@@BA@@@@B@@@BB@B@@@@B@@@@B@@@@@@B@@BA@@@@@BB@BB@@@BBBBB@@@@@@@@@@@B@@@B@@@B@@@@@BA@@@B@@@@@@BB@BB@@@@@@@B@@A@@B@@@B@@@B@@A@@@@BA@@B@@A@@B@B@@@@@@@@AA@@@@@@AB@@@@@@@B@@@@@@@B@@@@@B@@AB@@@@A@@BABA@@@@BB@@@@@BB@BB@@@@B@@@BA@@B@@@BA@@@@BAB@BA@@@@B@B@@@@@BABB@@@@@@@@DBBBDBB@DB@A@@@A@@B@BA@@B@BA@@B@@@BAA@@@@AA@AA@@@@AA@A@@@@A@AAAAAA@@AAA@@@@A@@@ABA@ABAB@BA@@@@@@@AB@@@@@@AB@@@@A@@@A@@@@B@@A@@BA@@BA@A@@@A@@AAA@@A@@@@@@@@BB@@BB@@@@B@@@@A@@@AA@@A@@@@@A@@@@@@A@@@A@A@@@@@@@@@@A@@@@@@@ABBD@@@@A@@@@@@@A@@AA@A@@@@@@B@@@@@@BB@@@@@BA@@@@@A@@@@@@B@BB@BB@@A@@@@@@@A@@@A@@@@@@BBBBBB@@B@@@@@@AB@@@@@BA@@@@@@@A@@A@@@@@@@@@@@B@@@@@@A@@A@@A@@C@A@AAA@@AC@@@@@@AA@@@@A@@A@@@@@@A@ABA@@@@@@@A@@ACA@@A@@@@@@@@A@@@A@@@AA@@AA@@@@B@@@@AB@A@@@@@@AB@@@@@AA@@@@BA@@@AA@@@@A@@@A@A@@@AA@@@A@@@@A@@A@@@@@A@A@A@@@@A@@A@A@@@A@@@@AA@@B@@@@@@@@A@@@@@@AB@@@@@@@@@@AA@@@AAAA@@A@@@@@@@BAB@@@@A@@@@@AB@BABA@@DADAB@B@BAB@@@@@BA@@@@@@B@@@@AB@BA@@B@@@@@B@@@B@@@D@@@@@B@@@@@@AB@@@@@@@BA@@@A@@@@@A@@@@@A@@@A@@@@@@@@B@@@A@@A@@@@@@B@@A@@@@A@@AB@@@@@@A@@AA@@@A@@@@@AB@@@B@BBB@@@@@@AA@@@AAE@BA@A@@@A@@@@@A@@CACAEAAAAAEGGEECCAA@CAGCA@CCECGAEAU@KAMC@E@@@A@@AAA@A@BA@AB@@A@@@A@@@@@A@@@@B@B@@AB@@@@A@@@@BA@@@@@@BB@@B@@@@@@A@@BC@@@A@@@@C@@@AA@@B@@A@@B@@A@@@@BA@@B@@@B@@C@A@@@ABE@AEB@@@A@@@@@@@@@@@@@A@@@@@@@@@@A@@A@@A@@@A@@@@A@@@@@@BA@@@AA@@@A@A@@A@@A@@@@@A@@@A@A@A@@@@@A@@@@AA@A@@@@@A@@@@@@AA@@A@A@A@AA@@@@@C@@@A@@@@@@@@A@A@A@@@@B@@B@@B@@AB@@@@@@A@@@@@A@A@A@@@A@@@@@@@@@A@@A@A@BAB@@A@@B@@A@@@@BAB@@@B@@@B@@@@B@@@@B@@@@@@A@A@@B@@@B@BAB@F@@@B@@@A@@A@@B@@@BA@@B@@B@@@@@@B@@@@B@@@@@@@BB@@@BB@@@@BA@@@@B@@@@@@@@@AA@@@@B@@@B@B@B@B@@@B@@@@@@@@A@A@A@@@@AA@@@@@A@@B@@@@@B@@@@@@@@@@@@@@@@A@@DBD@@@@@B@@@@@BBB@B@@@@@B@@@@A@@@@@@@@@A@@@@@@@@BB@@@BB@@@@@B@@@BA@@B@B@B@@@@@@@@A@@B@@@@BB@@@@@@B@@@@@@@@@@BA@@B@@@B@@@B@@@@@B@@@BB@@@A@@@@@@@@A@@@A@@A@@@@@@@AB@@A@@B@@@@@@A@@@@@@B@@@@@@@@@@B@@B@@@@@@@B@@@@@B@B@D@BBB@B@@@@@@@BB@@@@@@B@D@B@BBB@BBDBB@@@BBB@@@@@BBB@BBBB@@BBB@@@@@@@BA@@@A@@B@@@@@@@B@@AB@@@@AB@@BB@@@@@@@BA@@@@B@BB@@@@B@@@@A@@@@CA@@@@BA@@@@@@@@B@@BB@BBBBBA@@BA@A@@B@@A@@B@@@BBB@@@@@@@@B@@@@@@@@@B@@@@A@@@@@@BA@@@@@@B@B@@@B@@@B@@@@@B@@BBA@@@ABABA@@@@BB@@BB@@@@@@@@@A@@@@@AA@@@@A@@@@@DD@@@@@@AA@@A@@@@@@BB@@@@@@B@@@@@@BB@@@@@@@@@@A@@@A@@@@@CA@@@@@@@@@@@BBB@BB@@@@@@@B@@@@@@@B@@@@@B@@@@@@@B@@A@@@@B@@@B@BBBBBBB@@@@@@@B@@@B@@@@@BA@@@AB@@@@@B@@@B@@@@A@@B@@@@@BBB@@@@@@@@A@@@A@@@@B@@@@@BBD@@B@AB@BA@ABA@A@@BC@A@@BA@AB@BC@A@@@A@@@@A@@BA@AAA@A@@@A@@AA@@A@@@@@@@@@A@@@@@@B@@@@A@@@@A@B@@@@A@@@@@A@@@@A@@@A@@A@@@@@@A@@AA@A@@@A@AA@@A@@A@@@@BABA@@DCB@@AB@B@D@@B@@B@A@@B@@@@@@B@@@@A@@B@@@@@B@@@@@@@@@@A@@@@BA@@B@@@@@@@B@@@@@@B@@@@BB@@@A@@@A@@@A@@@A@@AA@@@@B@@A@@@@@@@A@@@@@@@A@@A@@AA@@@A@@@@@AAB@@C@@@@B@@@@@@A@@A@@@@@AA@@@@@A@@A@@@@@AA@A@@@AA@@@BCB@@@B@B@@@@A@@@@@E@@@A@@B@@A@A@@@@BA@@B@@@@ABC@@@A@@B@@ABA@@BAB@@@@AB@@@B@@@@@@ABA@@@@BA@@@@A@@A@@@@@A@@@A@@BA@@BB@@B@@@B@@@B@@@@@@AB@@@@@@AA@@AAA@@@A@@B@@A@A@A@@@AA@@AB@@AD@DA@@@@@@@@@A@@BABA@@@@B@@B@@@@@@B@@ABA@@@@@AB@@A@AB@@@@A@@@AA@@@A@@@@A@@@AA@AA@AA@@A@@@@BA@@@A@@@A@@BA@AA@@A@A@@AAAAC@AA@AA@@@AA@@@@A@@@A@@BA@@@A@@@@AAA@@@@C@@@AA@@@AA@@@@A@AA@AA@@@@BC@A@@@AAC@@B@@@B@B@DBB@@@@A@@AA@A@@@A@A@A@@AA@@@BBDA@@@@AA@AA@@@A@@A@@A@@@A@@AA@@A@AA@A@@A@@@@@A@@@@AAA@AA@@AAA@@B@@A@A@@@A@@A@A@@@@A@@AA@@A@AAAC@@A@AAA@AAA@A@AB@@AB@@AB@@A@@A@AA@AAAAAA@@@@@@@AB@@A@@@A@A@@@@AA@A@@AAA@A@E@@@AA@@@@A@@@AA@@A@A@AA@@AA@A@A@AAA@@AAA@@AB@@@B@@A@A@@@@BA@@B@B@@A@@@A@@@A@@@@BA@@@AA@@A@@@A@@B@B@@@BA@@@A@@@A@@B@@A@@@A@A@AB@@@@A@@@AA@@@@A@@@@AA@@@@@A@@@@@A@@@A@@@A@@@A@@@@@AA@@@A@@@@@AB@@@@AA@B@@@@A@@@@@@@A@@B@B@@A@@BA@ABA@@@A@@@A@@@ABA@CB@@A@@@A@@AA@@A@@A@@@A@@@AA@AA@@@@@C@@@@@A@@@AA@B@@@@A@@@@@A@A@@@A@@@A@A@A@@@@BA@@@@@@BA@@@@@@@@@@B@@A@@B@@@BAB@@@BA@@B@@A@@A@@AA@@A@@@@@A@A@@@A@@AA@A@@@A@AA@@A@@@A@A@@@A@@AA@@A@@@@AA@@A@A@A@@AA@@@A@@BA@@@@BA@AAA@@@@AA@A@A@AA@@A@A@AA@AAA@@@@@AA@@@A@A@AAA@AAA@@@AA@@A@@@@@A@AB@@A@@B@@@@AB@@@@BB@@@@@BA@@@B@@B@@@@@B@@@@@B@@A@@@E@C@C@@@A@@@@AA@AA@@A@@@A@@@A@A@@@@@A@ABAB@@AB@@CA@@A@@@@@@@AB@@@B@@A@@@@@@B@@@BA@AB@@@@A@@@@AA@@A@AA@@@AAA@AA@@@@A@@B@@@@ABC@A@A@A@@@C@@@@A@@@@@@@A@@A@AA@@@AA@@@@@AA@@A@@BA@@@A@@@C@A@A@@@@AA@@A@@AAA@@@@A@@@@A@@@@@@BA@@@@@A@@@@BA@@@A@@@@@AB@B@@A@@@@@A@@@@@@@@@ABA@@@@@A@@@@@A@A@@@A@@@ABA@A@@@A@AAC@AAA@AA@@AAA@A@@@@@@@@BA@@@@BA@AB@@@@@@A@@BAB@@@@@@B@@@@B@@@@@B@@@@@@@AA@@@@@C@@@@AA@@@@@@B@@A@@@CB@@A@@@@B@@@@@B@@@@@@@A@@@@B@AB@@@BBB@BAB@@@@A@@@@@@@@B@@@@@@@@@@ABA@@@@@@B@@@@@@@@@B@@BB@@BB@@@@@@@B@@@@@B@@A@@@@BCAC@@@@@@@@B@@A@@BAB@@@BB@@@@@@@B@@A@@BB@@@@A@@@@BA@@@@A@@A@@B@@@@C@@@@@@B@@@@AA@@@@A@@@AB@@@@@A@@@@@A@@@@@A@@@@@@A@@@@@@@@@@@@A@@B@A@@A@@@@A@@BA@@@C@A@@@A@CCA@AA@@@@@@@D@B@@@BA@A@@@A@@@@@@A@@@@C@A@@@A@@@@@AD@@@A@@@@A@@@@@@B@@@BA@CACBA@@@@BABA@@@@B@@@@A@@@A@A@@AA@@A@@A@@@A@@@AC@@A@A@@AA@@@@A@@@AA@@@@AB@@A@A@@@A@@A@@AAAAA@AA@A@AA@@@@@C@@@@@@A@@A@@@@A@@A@@A@@@A@A@A@CDA@ABA@C@@@@@A@@A@@@@AAA@@@A@@@@A@A@@A@EAE@A@@@@A@@@A@@@@@@C@@@@@@A@@@@A@@@A@ABA@A@A@A@@AA@@@@A@@@@A@A@ABC@@@A@@@@AAAAAA@@@@@A@@BA@A@A@ABC@@@@B@@@BA@@@A@@BC@@@A@A@@@@@A@ABC@A@@B@@@BA@@@A@CBA@@@AB@B@P@@AB@@A@@@AB@@@@@B@@@@@BA@A@A@@@AA@@@@@@A@@@@B@@@B@@A@A@@@@@@B@BA@@@ABA@@@A@@@A@@@AAA@A@C@A@A@A@@@A@ABA@AA@@ABA@A@C@@@@@@A@@@@@@@@A@@@@AAB@@@@@@A@@@@AACA@@@@A@@@@A@@B@@@B@@@B@@@@CBEBA@@@A@@@@@A@C@@@A@@AA@@@EBEBA@@@@AA@@AAA@@AA@B@@@@A@@@A@@@AA@@B@@A@@A@@@A@A@AB@@@@@@@BA@@@@@A@A@BBDH@@AB@@A@AAA@CBC@AB@@A@@B@@IDODCBA@@@@@BB@BBB@D@@@@@@@@@BA@@@@@@@DFB@@@@@@@B@@@D@@@@@BDBBA@@@A@@@A@@B@@@@@BB@@B@B@@@@BB@@B@FBD@@@@@B@@@@B@@@@@@@@BB@@BDDD@@BB@@B@@@@@@BB@@@B@BAB@@@@BDHFJ@@@B@@@@@B@@BFBB@@A@@@A@@AAB@@@@DD@@@BA@BDB@@@B@@B@@B@@@@@B@@@BB@B@@AB@B@B@@"],"encodeOffsets":[[126368,42699]]}},{"type":"Feature","id":"210113","properties":{"name":"沈北新区","cp":[123.521471,42.052312],"childNum":1},"geometry":{"type":"Polygon","coordinates":["@@A@@B@@@@@B@@@@B@@@@B@@A@@B@@@@@@A@@A@BAB@@@BB@BB@@B@@@@@BBABA@@@A@ABA@A@@@ABA@@@@@A@@BB@@@@@@@@@BB@@@@@@A@@@A@@B@@@@@@A@A@@@@@@@BB@@@BB@BB@@@@B@@A@@B@@@@@B@@@BB@B@@@@D@D@B@BA@B@@A@@@BB@@A@@BCB@@@@@@@@A@@@@@@B@@BBB@@BB@@BBB@@@@@@AB@@AB@@A@@@A@@B@@@@A@@@@BA@@@@@@B@@@@CB@@@AA@@@@@@@AB@@@@@@@@@@ABAB@@@@@@@@@@@@B@@@B@@@@B@@@@@@B@@B@@@BB@@@@BBB@@@@@@@@A@@BA@A@A@ABA@@@A@@B@@@@@B@B@@@@@B@@BB@B@@A@@B@@@@@@@@@B@@@@@@BB@@@@@@@@B@@BB@B@@@B@@@B@@@B@@@@B@@@@@@@@BB@@@@@A@@@@@@@@@B@@B@@@@@@B@@@@@@@@@@@@@@BB@@@@@@B@@@@@@@@@@@@@@@B@@BB@@@@@@@@@@@@BB@@@@B@@B@@@@@@@@@@@@@@@@@@@@B@@@@B@@@@@@B@@@@@@@@@@@@@B@@@@@@@@@@@@@@@@@@@@BB@@@@@@@@@@@@@@@@B@@B@@@@@@@@@@@@@@B@@B@@@@@B@@@@@@@@BB@@@@B@@B@@@BAAC@E@C@G@M@G@K@E@C@A@E@C@C@@@@@CGAE@AA@@AACAI@AAA@A@@@AAA@@AAEGCB@@@@@@AA@@@@@@AA@@ACAA@@@@@@A@CB@@@@@@BBBB@@@BA@BBA@@@@A@@A@@@@@A@AC@@@@@@@@@AA@AA@A@@@@@@A@@@@@A@@@A@@@@A@@@AA@CF@@@@DE@@@@@A@@A@@@@@A@AFGKCGCEAAA@@A@@A@ACA@@@BB@B@@@@@B@A@@A@@@@@@A@@AA@A@@@@@@AA@A@@@B@BBB@@A@@@@@CBA@A@@@A@AB@@@@@@@BBD@BAAEDC@A@@@@@AA@A@@@@AAA@ABA@@@@A@@A@@A@@@@A@@@@@@@A@@@@@@@C@A@A@@@A@@@@@@A@AA@@@@@@@A@C@A@ABA@@@A@@@A@@@@B@@AB@@@@A@EBA@@@AB@B@@A@A@AB@@A@@@BB@D@@@@@@@@A@@@@@AA@@@A@@@A@@@@E@I@G@A@@@@@AA@A@@@@A@AB@@@@@@AG@@A@@@@@@@@@@@@BBD@B@@A@@@@@@BA@@@@@@@A@@@@@@@ABA@A@EBDCAAABG@GBE@EBC@@E@@@@@@AB@@@@A@@@CC@AA@@@IDGDEBC@A@@F@B@@@@A@@@@@@J@@@@@@B@B@@B@@@@@B@@@@@@@@@@@@@@B@@@@BB@@@@@@@@BC@@@AB@@@@A@AFD@@BB@@@BB@BBD@B@@BBBBB@B@@@BB@@@@ABA@@@@@@B@@B@@BB@@A@@@@B@@@DB@@@@@@@BA@@@@@@@@B@B@@@@@@AB@@A@@@@@B@@B@@@@@@B@@@A@@B@@@@@AA@@@A@A@@@A@@@@@@@BF@@@@A@EBA@@@@@@DB@@BB@@B@@B@@@@@B@@@@@BB@B@@@@@@CBA@@@@@ACA@@AA@@@@@A@@@A@@@A@@@C@A@C@@@A@A@@@@@@@@@@B@B@@@B@B@@@BA@@@@@A@A@@@A@@@A@@@@@A@A@E@GBC@@BCBC@@@CBA@ABAD@@@B@@@BBD@@@@@B@@@@@@@@@B@@@@BB@BBB@B@BA@@@@@@@DDCB@@@@A@@@CBAB@@CBAB@BA@@@CBA@ABA@ABC@CBA@ABA@AB@@A@A@EAEC@@@@ADA@@@@@@@@B@B@F@@@@@@A@@D@@@@@@A@A@A@A@@@@@@@@B@@@@@@A@A@@@@B@@@@@DB@@@@@@@@B@@@BB@@B@@@@AB@@@B@@@B@@AB@B@B@@@B@BA@@@@@@@A@@@@@E@CAA@@B@H@BA@@@@BAB@@@@AB@@C@A@A@@@@@A@@B@B@@AB@B@B@B@B@@@@@@ABAB@@@BA@CBABAB@@@BA@B@@FI@A@AB@@@@@@BFBD@BBDBBBDBH@@BB@@B@@@B@DB@@B@B@@@@@@B@@@@@@@BA@@B@@@@DF@@@B@@@@@@@B@@@@BD@@@@B@@@@B@@A@@@ABABA@@@@@@@DFB@@@@B@@@@CDA@@@@BA@GF@AA@AAIFBBBDBBBB@@@@@@BB@@BBBB@B@@@@B@@@@B@@BB@@@@B@@@@B@@BBBDB@BADAFCFLDD@@@@B@@@@@DDFDBB@@@B@B@B@B@@DDBDDFBDB@@BBBFFHHFDBBBBBD@@@@@@@BA@@B@@@BAB@@AB@@A@@B@@@B@@@@@BB@D@B@@@@@@B@@BB@B@@@@@B@@B@@@B@BAB@@@@@BB@@BB@@B@@@@@@@@ABA@@@@B@@@B@B@@@@@@B@@@@@@@B@@@@@@@BA@@B@@@B@@BD@B@@@@BB@@@B@@@B@@@@@@@B@B@B@@@@@@@@@@@B@@@@@@BB@@B@@@@@B@@@@@@@B@@@B@@@B@@@@@B@@AB@@@@B@DNCF@H@D@DADCDGFEJAD@DBPPHBL@JAHBHBDB@H@PBFDFFDDBDABCAC@A@ABAHAH@HBFFLJFBJCLCF@DBBB@FBD@BDBHDDDB@DBFAFAF@F@F@JDDFFDDBDBHFDBF@H@F@DAD@BAB@BADCHENGB@DAB@BBB@BBAK@K@IAI@E@C@@@@@@A@@@A@@@@@@A@@@@@@B@@A@@B@@A@@@C@@@@B@BA@@@@@A@@@AAA@@B@@@@@BA@@B@@@BA@@@@B@@@@@@@@@B@@@@@@@@@@@@@@@@@B@@@@A@@B@@@@@B@@@@@@A@@@@B@@@@@@@@@@@@@@@B@@@@@B@@B@@@@B@@@@@@@@@@@@@B@@@@@@B@@B@@@@@@@@@@A@@@@@@@@@@BA@@@@@AB@BA@@B@@@@@@A@@@@B@@@@@@@@@B@@@@@@@@@B@B@@@@@@@@@B@@@A@@AB@@@@@@@@@B@@@@@@@@AB@@@@@B@BABAB@@@BA@@B@@@@@@@BA@@@@B@@A@@@@@A@@@@@@B@@@@@@@B@@@@@B@@@@@@@@@@@B@@@@@@@@@@@BA@@@@B@@@@@@@B@@A@@@@B@@B@@@@B@@@BA@@@@@@@@@@BA@@@@@B@@@@@@@@B@@@@@@@@@B@@@@@BA@@@@B@@@@@@@@@B@@@@@@@@@@A@@B@@@@@@AB@B@@@@@@@@@@@@@B@@@@A@@@@B@@@BA@@@@@@@@@@B@@@@@B@@@B@@@@AB@@@@@@@@@BA@@B@@@@AB@@@@@@@@@B@@@B@@A@@@@@@B@@@@@@@@@B@@@@@@@B@@@@@@A@@@AB@@@@@@@BA@@B@B@@@B@BAB@@@BA@@@@@@@@@@B@@@B@@@@@@@B@@@B@@A@@B@@@@@@@B@@@@A@@@@@@@@@@@@B@@@@@@A@@@@@@@@@@D@@@@@@@@A@@@@@A@@@@@@@AB@@@@@B@@@B@@@B@@@@@@A@@@@@A@@@@@@@@@@@A@@B@@@@B@@B@@@@@@@@@@@B@@A@@@@@@@@@@AA@@@@@@@@@AA@@@@@@@@@B@@@@@BAB@@@@@B@@@@@@A@@A@A@@@@A@@@@@@@A@@BA@@B@@@B@B@@@@@@@@B@@@B@@B@@AB@@@@BB@@@BA@@B@@A@@B@@@@ABB@@B@@@B@@@@@BA@@@@B@@@@B@@B@@@@@B@@A@@@@@ADA@@B@@@B@B@@@@@@@@@AAA@@AB@@@B@@@@@BA@@@@@AB@@BB@BBB@@@@@@@@@@@@AA@@@BA@@@@B@@@@@@BB@@B@@@@@@BA@@@@B@@AB@@@@@@@B@@@@B@@@@@@BA@@B@@@@@B@BB@@BB@@@@B@@@@@@A@@B@@@@@@A@@@@B@@B@@@@@@@@@B@@@@@@@@B@@@B@@@B@@@@@@@@@A@@@@@@@@B@@@@B@@@@@@@B@@@@@@@@@@@@BB@@@B@B@@@D@@@@A@@@@@@@@D@@@B@@@@@@@B@B@@@B@B@BA@@B@B@@@B@@@B@@@B@@@BAB@@@BA@@B@@A@AB@BA@@B@B@@@@@F@B@@A@@@@BA@@@A@A@@@A@@@AB@B@@A@@@@B@@@BA@@B@B@B@@BBA@@@@B@@AB@@@@AB@@AB@@@B@BAB@B@@@BA@@BA@AB@B@@@B@@@B@@@BA@@@@@@@@@@DA@@@@@A@@@@B@@@@A@@BA@@B@@A@@@@@@@A@@@@@A@@BA@@@@@AB@@@@A@AB@@@@@B@@@@BD@BBB@@@B@@AB@BA@@B@B@@@B@@@@@BAB@@AB@@@B@@A@@@A@@@@BA@@B@@@B@BABA@@@@@A@@A@AA@AA@@A@@AA@@@@B@BAD@@@@AB@@A@@@@@@B@@@@A@@@@B@D@@@@@@@@@AA@@@A@@@A@@B@@@BAB@@BB@BB@@B@@@D@@@B@@@@A@@@A@AB@@@@@B@B@B@B@B@B@BA@@B@@@@@B@@@@@@@@@@@B@AA@@@@@@@@B@@@BA@@@@@@@AB@@@B@@@@@@AB@@A@A@@@@B@@@@B@@@B@B@@@@@@@@@@@AB@@@BA@@@@@@B@@@@@AB@@@B@BB@@@@B@@@@@@BB@@B@@@@@BB@@@B@@@B@@@@B@@@BB@@@@A@@@@@@B@@B@@B@@@@@B@@@BCB@@@B@@@@@@BB@@B@@@@B@@BB@B@@BB@@BB@@@B@@B@@@F@@@B@@@B@B@B@B@@AB@@@@A@@@A@@@@AA@@@@@A@@@@BABA@@B@@@@A@A@@@@@@@@D@B@@@@@BA@@@@B@@@B@@@B@@@@@@@@A@@BA@@@@@AA@@A@@@@@@BA@@@@@@@@@A@@A@@@@A@@@@@@@AA@@@AAA@A@@AA@@AA@@@@A@@@@B@@C@A@@BA@@@@@@@@B@@@@A@@B@@@@AB@@@@@@@BA@AB@@@@AA@@@@@@A@A@A@@A@@A@A@@AC@@@AA@@@A@A@@@A@@@@@@@@A@@@@@@@@@A@@A@@@@@@A@@@A@@ABAA@AA@@A@@@@A@@B@@@@DD@@@@@@AB@@A@@@@@@@AA@@@@B@@@@@@@@@@A@@@AA@@A@@@@@B@@@@@B@@@@@@A@@@@@@A@@@@@AA@A@@@AA@@@@@ABA@AA@@@@B@BA@@@@@@@@@@@A@A@@@AA@@A@@@@@@@@@@B@@@BA@@@@@@@A@ABAB@@@B@@@@@B@@@@@@@@@@@@@B@@A@@@AA@@@@AA@@@@@@A@@@@@B@@B@@@@@@AB@BA@@@A@@@ABA@@@@B@@@@AB@@@@A@@@AA@@@@A@A@AB@@A@A@@@@AA@@AA@@AA@@@@@CAA@@@AAAAC@@@@A@@@@BABA@@@@@A@@@@AA@@@AAA@@@@@@B@@@@@@@@AB@@@@A@@@@@@@@@@AA@@@@@A@A@@A@@@@@A@@@A@@A@@@@@A@@@A@@BA@@@@@@@A@@@@@A@@@@@@@AB@B@DDD@BBBA@C@@@A@@B@BA@@@@@@@A@@A@@@@@@A@@BAB@@@B@@@B@@BBBB@@@B@@@@@BA@A@@@@@@@@AA@@@@@@@@@@@AB@@@B@B@@AB@@@B@@AB@D@@@@@B@B@BAB@@@@@@A@@@@@@@@AA@@@@@@@@A@@@@AA@@@@@@@@@@@A@@@@@@AA@@@@A@A@@@@@A@A@A@@@A@@@@@@@@AA@@CA@AA@@AA@@@A@@A@A@@A@@@@@A@A@@A@@A@@@@@@@@AB@@@@@@AAA@A@@A@@@@@A@@@@@A@@@@BAB@@@@@@AB@@A@A@A@@@@@@@A@A@@@@@A@@@A@@@@@@@@@A@BA@@B@@A@@@@@@@@@@A@ABABA@@@@@A@@AA@@@@@AA@@A@@@@@@@A@@@@@@B@@A@A@@@@A@@A@@@@@@@@@@@A@@@@@@@A@@B@@@B@@@@A@@@@@@@@A@@A@@@@@A@@@@ACAA@@A@@A@@@AA@@A@@@A@@A@@A@@@@@@@@@AB@@@@@@@@A@C@A@A@@@AA@@A@@AAA@@@@AAA@@AA@@A@@@AA@@ACAA@CAAACA@@@@@@@@AAAB@@@@A@A@@@@@ABA@AB@@@@AB@@A@@@AB@@A@@@@@AAA@@A@@@@AA@@@@ABAB@@@B@@A@@BA@@@@@A@@@@@@@A@@@@@@@A@@B@@@@B@@B@@@@@@A@A@@@@BA@@@AB@@@@@BA@@@A@@@A@@@@BA@@@@@@@A@@AAA@@@@@@@A@@AB@@@@A@@@A@@@A@@@@@@@@@@@A@AAAA@@A@@AAA@@@@B@@AA@@@@@@@@A@@A@@@@@@AAA@@A@@@@@AB@@@@A@@A@@@@@@BA@@B@@@@@@@@A@@@@A@C@A@@@A@@@@@A@@@A@@@A@A@AA@@A@@A@@@@@A@@@AA@A@@@@AA@AA@@A@@@@A@@@A@@AA@@A@A@@@@@AA@@A@@@@@AA@@@@@A@@@@A@@ACA@AAA@@@A@@AA@@A@AAA@A@CA@@A@C@A@@@AA@@A@@@C@C@A@AB@@A@A@AA@@@@@AB@@@@A@@@A@@@A@@A@@@@@AAAA@@@A@@@@@@B@@@@@B@@@@@@@@@@A@@@@@@@@@A@@B@@@@@BB@@@@@@B@@@@@@AA@A@@@@@@@@@@A@@D@@@@ABAB@B@@@BAAA@@BA@@@AAA@@@@@@@A@@@@@C@AA@@@AB@@A@A@AAAA@@@@B@@A@@B@A@@A@@@@A@@@A@AAAA@AA@B@@@BA@@@@@A@@@@@A@@B@@@@A@A@A@@BA@@@ABAB@BABA@AB@@A@@@A@A@@@@@@BA@@@@@@@A@A@@@@@@@A@@@@BA@@B@@@@@@@BA@@@@@@@@@@@A@@@@A@AA@@AAB@@@@@@@@@B@@@B@@@B@@@@@@@@A@@A@@@@@@A@AA@A@@@@@@A@@A@@@@@A@@AA@@@@@A@@@A@@A@@A@A@@@AB@@@@A@@BB@@B@@@@@@@B@@A@@A@@@BA@@@A@@@@@@@@@@A@@@@@@@AA@@@@B@@@BA@@@@@@@@@A@@@@@@AA@@@A@@B@@@@@BA@@@@@@D@B@B@@@@@B@@@@A@@BAA@@@@AA@@AA@@A@A@@@A@AAA@@@A@@AA@@@A@@@A@@AA@@@A@@@A@@AA@@A@@@@@AA@A@@AA@A@@@@@@@A@@@@@A@@@@@A@C@A@@@@@@@BB@@@@@@AB@@@@@B@@@@@@@B@B@@@B@@@B@BAB@BAB@BABA@@@AB@BA@@@AAC@CACA@@AA@ACC@@@AA@@AA@@AAEA@@@C@A@@@AA@@AAAB@@@BAACA@@@@@@AB@@@@A@@@@A@@@@@AA@@@@@AB@@@B@@@@@@@@@A@@A@@@@@@@@@A@@@@@@@@B@@@@@@@B@@@@@@A@@BA@@@@BA@@@@@@A@@@@@@A@AA"],"encodeOffsets":[[126522,42887]]}},{"type":"Feature","id":"210114","properties":{"name":"于洪区","cp":[123.310829,41.795833],"childNum":2},"geometry":{"type":"MultiPolygon","coordinates":[["@@CK@@@AA@@@@@@@@@@AB@@A@@@@@@B@@@A@@A@@B@@@@BB@BBB@@BB@@A@@@K@@AA@@@@@@B@@@@@B@@@@@D@@@F@P@@@@@B@@@@@@B@@@B@@B@@@B@D@@@BAB@B@FABAF@FABBFB@@@@D@@A@AB@@A@@@@B@BABA@A@A@@@@@@@A@@C@A@BK@M@I@@@@BC@A@I@A@@@@@A@@@@@@@@BCI@@@@@@A@@@A@@@@@@A@@@@@A@A@AAA@BA@@@A@@@@@A@@@@@@@A@A@@@@BGB@D@B@BBD@B@B@@A@A@@A@@AGCEA@@AAAA@AA@AA@@A@A@@@E@A@@@A@@@CBA@@BA@A@A@C@A@@@A@@AA@AD@D@B@DA@@@A@@B@@@@@BBBA@ABEJABABA@AAIA@@@@@@ABA@ABGCOEEAAAA@AA@@AA@@B@B@B@B@B@BA@@@@B@@A@@@@@@@A@@@C@@@@@@BA@AB@DABABAAA@@@@@@ACCBABABABA@A@@@@@@@@@@A@@@A@A@@@@@@@@C@@ACEBA@@@@@A@@@@@@@@@A@@@@@A@@@@@@@A@@@A@@ABA@A@@BKFEFA@@@@@A@ABABA@@BA@A@E@C@E@C@CAC@A@A@AA@@C@@C@@@A@O@E@C@A@@@C@@@C@C@A@C@A@C@A@C@A@@@A@I@C@@@A@E@G@C@A@@@A@@@AB@@A@AB@@@BA@@@@@@A@@@A@A@ABA@A@C@EBA@A@C@@@G@EBC@I@A@@@C@G@@@@@G@@@@@A@C@@@@@A@@@A@@@AB@DABADAB@@@@@B@B@@@B@@@@@B@@@B@BBB@B@@AB@@A@AB@@@@A@A@G@E@IAE@C@C@C@CAA@A@AAC@AAA@EAECAA@C@@A@@@CBAA@@A@AA@@@@@AA@@A@@C@@@@@@AAC@@@A@@GBC@C@@@A@@AA@@AC@@C@@A@C@A@@CA@A@A@CAA@A@A@EAAAA@G@EAIACAA@CACACACAEACACAAAABED@@@@@@@@BB@@@BB@@@@@AB@@@@@@@@@BC@@@AB@@B@BD@@@@@B@@A@@@@@@@@BBB@@@@B@@@BD@BD@@@@@@@@@@B@@@@@B@@@@@@A@A@@@A@@@@B@@A@@B@BBF@@@DBDE@@@BFBD@@BA@@B@@@B@AB@@@@@@@BBB@@BB@@@B@D@@B@BBHD@@BB@@@@@@B@DH@@A@@@@@@@@B@@@B@@AB@@@BA@@@CBA@@@@@A@@@@@@@@@@B@@@B@@@@@B@@@@@@ABABA@A@@AA@A@AA@B@@@@@B@@@@@B@@@B@@@@@@B@@B@@@@@B@@@@@B@@@B@@@BA@@@@D@BB@@@@BB@@B@B@BAFCF@DCFAD@D@@@@A@@@ABA@@@A@@@@@@@@C@AE@@D@@A@@@CBC@A@C@AB@@@@@@@D@B@B@@A@@@A@@@AACB@BA@@@AB@@@B@@A@@@@@@BA@@@C@@@@@@B@@BD@@@BB@BBB@@BBB@BBBBFDD@@@BBHBB@@@BA@A@E@A@@B@@DDBB@BB@@@DABA@A@@@@B@@ADBB@BAD@@BB@AB@@AB@@@@FDFFHF@BCBABEDIH@@@@@@EDCB@B@@@BA@ECEE@@A@@@ABKD@@@B@@@@@@@B@@A@@B@@A@ABA@@@@B@@@@@HBJBFFA@@@B@@@DBD@@@@B@B@@@@@BBB@BB@BBB@BA@ADSJIDGDA@@@B@BFBFB@@@A@A@@@@B@@@B@@@@AB@BA@BB@@B@@@@B@@B@@@B@@@BA@@@@B@@@AB@@A@@B@@@BA@A@AB@BB@@@@@@B@@CD@BA@@@@@A@@@@BBB@B@BB@BB@@@BBA@@BB@@@@BADA@A@@BA@@@A@@@AB@@@D@@@B@@B@@B@FBB@@BBBBBBBBDDF@B@@@@ABA@@BC@AB@@@@BDBDBB@@@@B@B@H@BAB@BAB@BFBDBB@@BAD@DCB@@@@B@@@D@B@@@B@D@F@@@@@@FAB@@B@@@@@@AD@@@@BB@@BB@@@B@@@B@B@@H@BAF@D@BAB@F@FA@@@@@@B@@D@B@@@BB@@@@@B@@@@@DD@DBB@@@@@@GD@@@@@BBBDD@BB@BBBB@@BB@@@@B@DBDB@@@@@@@@@BA@@D@B@@@@@@HFB@@@@@BA@@@@@@B@HD@@@@@@@@CFB@DE@@B@@@BBBBB@@@@@@@BABA@CBBB@@@@@CHB@BA@ABA@@@@@BD@FD@@@@@@BB@@BB@@@BBD@@@BBB@B@B@@B@@@BB@@@@BDBD@B@@@BB@B@@AB@@@@@@@B@@@H@B@@@@@DJBF@@@@@@A@BB@BFF@@@@@@F@FA@@@@@@BB@B@@B@B@@@@@@@@@BB@BBB@@@@@@B@BAB@@@@@B@@@@@@@B@@@@@@@@B@BAD@B@@@@BB@BBBBB@@@@B@@@B@@BBBBFBBB@@@@@@@@A@@BB@@DFB@@@B@@@BA@@FAB@@@@A@BB@BDFFJEBBB@@BHEB@@A@@B@DC@@@@@A@@A@CE@@@@@@B@BABA@@B@@@@A@@A@@@@@AC@@@@@A@@@@@@@A@@CE@@@@@AB@@A@@@@@@@A@@@@A@A@@@CAA@@@A@@@AA@@AGACAAAC@AACAE@@@@@@BAB@J@@EA@B@@A@@BABADAB@@A@@BABA@@@@@@@A@A@A@ABA@@@A@AB@@@@@B@B@D@@@BA@@@@BA@A@@B@@A@G@AB@DBF@@@@@B@@@@@@@B@@A@A@@@A@ABA@@@A@@@A@@BA@@@@@AA@@A@@@A@@@@@@A@@C@@@@@A@@B@B@@@@@@@@A@@@@@@B@B@B@B@@@@@@@@CB@@@@@@@@E@A@A@@@@@@B@BC@@@@FDFBB@B@@@BAB@BAB@DAD@BAB@BAB@DA@@B@@ABADA@@BADA@@B@@@@@DACC@@@@@@B@@A@AAA@AAA@@@@@A@@@@@@@@@A@@@@AC@A@@@A@@BCBAB@DA@@D@DA@AD@HAF@B@B@@@@@B@@@B@@@B@B@@@@@B@@A@@@A@A@@@A@A@@@@@@@@B@B@@@D@B@D@@@B@@@B@@@B@@@@@B@@BB@BD@@@@B@DA@@@@@@@AAA@@@@A@@@@@A@@@@AA@@AA@@C@@@@B@FAB@@@@@AE@@@@@@B@@@B@B@@@B@@B@@@@@AB@@@A@@@@@@@@AA@@@@@B@@@BA@@@@@@@A@A@@@@@@B@@A@@@@@@CA@@A@@@@@@BA@@AA@@@@A@@@@B@BA@@@@AA@@A@A@AAAA@@@AAC@AAA@@A@@AC@BEB@@@@@BA@@D@@A@@@@@@A@@A@@A@@@@@@@@@@@@@@@@A@@@@@AA@A@@@@@@@@I@@@@B@@@@@@A@EB@"],["@@@A@@@@@A@A@@@@@A@@@@@A@@BE@@@@@@@A@@@CB@]CGAC@CACCGGEGGKGGCCMEEAMESCAF@@AFCDAF@BABADADCHCDAFABCFCFABADAB@B@BADAB@@@DD@@B@@@@@@B@B@@@@@B@B@@BB@@@BBB@B@F@FBB@D@BBD@D@DB@@DB@@FDBB@@B@@@BB@@FB@@B@@BB@@@DDBDB@@@B@HADADAB@@@DADAD@FCD@BA@@B@B@BA@@B@@@B@@@B@BAD@@@D@@@B@DAD@D@B@@AB@B@B@@@B@@@@@B@@A@@@@B@@@@A@@@@@@@@@A@@@@"]],"encodeOffsets":[[[126336,42916]],[[126336,42763]]]}},{"type":"Feature","id":"210122","properties":{"name":"辽中区","cp":[122.731269,41.512725],"childNum":1},"geometry":{"type":"Polygon","coordinates":["@@ECGGAC@AA@AAECEA@C@@BA@@BCAC@@@AAC@@AAA@A@AAAA@A@@DC@A@@@@AA@A@@@AA@@@A@A@@A@A@A@@@AA@@AAA@@@AB@@@B@B@@ABA@@AA@@CAC@AA@@ACA@CACAA@C@GAA@AAA@AAC@E@I@CAEAA@@CA@AAAAAC@A@ABA@@ACCC@AAC@ACG@A@AA@AAAAACAC@A@A@A@@@AAAA@AA@@@AAAA@AA@@@@AAA@@A@@AAA@@CA@AAA@CAC@@@C@@@A@A@A@@BEFCBAB@DABC@ABCAKCGAA@GA[@ECA@ACECACAC@CCCJAHA@@FC@@@@@@DFCBDF@@@@DAFAB@D@B@BAB@CG@@A@EGA@DABAAE@@BA@@@@CE@A@@KCEA@@@AA@AACDAA@@CB@@AA@@@AB@@C@C@@AC]N@@@B@@@@CB@AEDBBFFBBHB@@@@@@ABA@KAC@CCAACC@E@C@EACJCCEDCEGFCBFDACCB@KQ]NCCAA@@BA@@BABAFAJBB@CEACAA@@CAAAGEAAEEAABA@@VCLCNA@@AA@@EBA@CBE@AAA@BABA@AAAAA@@A@A@A@@@AAA@AAA@A@A@@CCA@@A@A@CB@BA@@@A@@@AA@@A@@BG@@@@D@@ECCC@@CBCBAB@@C@EAAA@AED@BFH@@CAA@EAACGIEAA@A@C@A@@BCBADABBD@BABAB@@C@GEGCCAAA@AAA@A@AB@BC@AAQ@ABA@AAG@CCCCECCAAA@AE@E@AC@EAC@C@C@E@EAEAEAICC@A@C@IBC@@ACA@CAAA@@AAAC@E@K@C@E@C@CACA@AEGA@A@ABAB@B@BBDBB@B@BC@E@A@AA@ACAEECECA@A@C@AEACACAAEAE@EBC@EAE@C@CBA@AA@C@KBCAC@CCAC@ACAEAE@I@C@AA@ABABCJE@C@AEACAGAG@CAAACECCAAEACAAABAHMFG@C@CAACACAEAAACE@CAC@CAAGCEAIAGCAABCAEAEACAACCC@CCAABCAA@C@C@CBE@AAC@CBADE@A@AACCCACGECCA@CAICC@ABA@CBCBC@A@C@AAAAACAC@ACA@CA@CAE@CACAA@EDBBA@ABCD@BA@@BAFB@AD@BCDBBBB@@@DA@@@A@@B@@@@DJ@@@@G@ABA@@@@@@DBBG@@@@D@@@BC@ADCJCFEFMFUEe@EB@@@@EDCDBFBDFFLHNNDJBFHHNJNLJFCBAB@@A@@@@@EB@FBDBBDBD@T@F@BB@B@D@BABCDEH@BBDB@F@F@DAF@H@DBB@BDFJBDFHHFPLTPJJDBBD@DABABIAEAG@CBCB@F@DBFBHBRBFAD@DBBBDFF@D@DABCBIDGFEDCFAN@DBBDBL@DBFDDF@F@DCFC@E@UCA@CBAB@BD@JBDBDD@FAFAJENELELAHBBFBHDFDDF@BADABEDIBCDCB@B@BBDPHDDFF@BABEBABABBFBDDD@FABA@EBCBGD@@SG@@ECMCKBATBLGJYBSJEDGJMFIBYGUCSE]IULCFBB@@AB@@A@@@@F@BB@@@FBBB@@@D@BB@DB@@@HKD@BAD@@@@FABH@BGCGACCAB@@B@@BB@@BAB@@@@ABA@ABA@@@@@AB@@@B@@A@A@@@@B@@AB@BB@@@BB@BA@ABA@CB@@@B@@B@BB@@BB@@@@BA@A@@B@@@D@B@B@@@@B@BBB@@BBBBB@B@BB@@@@@@@BA@@@A@@B@@BBB@B@@B@@A@@@ABAAABA@@@@BABAB@@AD@@@B@@B@B@@@B@@B@@@@B@@@@B@@BD@@ABABA@@B@@BD@@DD@BBD@@BB@@AB@@BBB@@B@@@@B@B@@@D@BB@@BB@@A@@B@@@@B@@@B@BB@@@B@@@@A@A@@@@B@BDFBB@@@B@@@@AB@@@BBB@@B@@@DCB@@@DAB@B@@@B@@B@@B@@B@@@@@@B@@@@@@@BB@@@@@@@@@@@@@@B@@@@@@@B@@@@@@@B@@@@@@@@@@@@@@B@@@@@@@@@B@@@@@@@@@B@@A@@@@@@@@@@@@B@@@B@@@@B@@B@@@B@@@@B@@B@@@@@@@@@BB@@@@@@B@@@@@B@@@@B@@B@@@@B@@@@@@B@@A@@@@B@@@@@@@B@@@@@B@@@@@B@@@@@@@B@@A@@@@@@@B@@@@@@BB@@@@@@@@@@@B@@@@@@@B@@@@@@@BB@@@@@@BB@@@@B@@@@@BB@@@@@@@@@B@@@@@B@@@@@@BB@@GDE@GBAHDN@B@F@@@JTAFEFE@@D@DBB@HDRLCRBVNTVFPJ@F@@@@ERHHIH@@BB@D@@@@@@A@@@@B@B@@DJDJHFFFNFPJHFBCTPBBBDBHFNDA@AHA@@BBJDAK@@@A@A@A@@@@BAB@@@@A@@F@BA@@@A@@B@B@BA@@B@B@@@@B@@@@B@D@@C@C@A@AF@@@@ALC@@BAD@@@@A@C@@@@BA@AB@@BB@BA@@B@DA@AB@@@AA@@@@B@B@B@B@BBB@@@@@@@CAAAA@@@C@@@CD@@@@@A@@DA@@FA@@FD@@BA@@BB@@B@@@@@CA@AB@D@BDB@@@@ABA@A@A@@@@B@BAB@@A@@B@B@BBB@@FBBB@@@@A@@@@BA@@@BB@@B@@@BFA@@@G@AB@@A@C@AB@DABDB@B@@@BABE@@B@@@@@BAB@@@@ABCB@@@@B@@FBBB@@DD@@B@@@B@HA@@AAA@B@C@@@@@@@BA@C@C@@@@DBDAB@@@@@CG@@B@@@DCBA@@AAFED@DABABCHU@A@@B@B@B@@B@B@@B@B@BB@@BD@BBHBD@@BBB@DB@BB@@B@BH@B@B@@DB@@@B@@B@@FFHLJH@ABA@AB@@@HBJB@@@@@@B@@@@@B@@B@B@D@BC@CDBF@BB@B@DD@B@B@F@B@BE@DDB@B@HBDBDB@BBD@@@ABIB@HCTCVC`EZCXEVENEJAPABAJAB@BBB@DBBBBD@@BB@D@@H@PEHBFDD@BEBCB@@@B@@@B@@A@@B@B@@@@@@@@B@@B@@@@AB@@@@@@@@@BA@@@@@@B@@@@@@@@@@@@@@@B@@@@@@@@@AB@@@@B@@@@@D@BA@@D@@@DADB@@@@@@@@@AB@@@@@@@@@BA@@@@@@B@@@@@@@DAD@@@@@B@@@BA@@B@@@B@@@@@BAB@@AB@@A@@B@@A@@@@@@BA@@@@BA@@@@@@@ABABA@@BG@ABA@ABADC@@HGDCD@HCBD@@B@@@@B@@@BA@@@@B@@BB@@@@BB@@@B@@@@BA@@@@BA@@@A@@@@AA@@BABEF@FB@@@@EC@@A@JA@BBB@B@@BB@@B@BBBB@@D@@@BB@@B@@BBBB@@BBBDD@@@@@@ABAB@@@@@@@@BBBBDBFFDD@@@@D@NDD@@@B@@@DA@@@@B@L@@@B@BBAA@@AA@@@@BA@A@@@@B@BADABABAB@@@@AB@@@BAB@@CDACA@@@@BA@@@@A@@@@AA@@B@@@@@@AAA@@@@AB@B@B@DA@@B@@@@@AA@A@AAAAE@@@@@@B@B@D@@@@@@@@@AA@AAAA@@@@AAA@@AA@A@@@@@@A@@@@@@@BB@@@B@@@@@@@@A@@@@A@@AACE@A@@@@@A@@@@@@@AA@@@@@@@ABAA@A@@@@B@@@@@AA@@@@A@ABCC@@@@A@@@@@AB@@@@@@@@@@@ABABC@@@@AAAA@@@@B@@ABA@AB@@A@A@CBC@E@EBC@@BC@AB@@@@A@@BA@@@@N@B@B@J@B@@@B@@@F@TM@AGCA@@AB@@ADC@@BCBADCDC@ABABAHE@@DCB@@@BABAFA@AB@F@@@@@@@@K@C@A@@@A@@@@B@B@@@@@@@@AAC@@@A@@D@@@@A@@@@@A@@@@@AB@@A@@AA@@@@@ABA@@@@JCDAB@@@DAHCB@@@@@@A@@@@@@B@@@@@BB@@@@B@B@B@CC@@@A@@AA@A@@@AB@B@BA"],"encodeOffsets":[[126058,42601]]}},{"type":"Feature","id":"210123","properties":{"name":"康平县","cp":[123.352703,42.741533],"childNum":1},"geometry":{"type":"Polygon","coordinates":["@@@ABA@AAA@AAC@ABADA@A@A@C@ABADC@@AAAACAA@C@E@C@A@AACCAACCAAAAB@@CHIFMBCBCDCDCBAD@B@DCBABAF@BAF@B@D@B@H@@@BABA@A@A@C@ABAFADAFAJGHGDA@A@A@ACCACAAC@AAA@C@EBA@CA@@AAAECE@C@ABABADCFADAH@BAD@@ABA@A@ABA@@AAA@A@@A@C@A@C@@AAEAKECACAAAAC@ABC@ACA@@@ABA@AJCBANAJADA@ABAAAACIEECCCECCCCA@A@C@AB@@AB@D@BAF@B@@C@A@AAAA@@ABA@CD@BABABA@@BAF@BA@@@EB@@@B@@@BAA@GEC@EAA@CA@AA@@AA@BCBCBA@AA@@AA@BC@A@CBCBABADE@@@A@AAA@ABAB@@AB@@ABAAA@AAAA@CAA@ACA@@AB@BCFCBCFEDC@A@A@A@A@AAAA@CAA@A@C@ABABC@A@ABA@C@A@GAAACAAAA@@C@A@ABADEDADADA@@BA@A@@AA@C@CAAAAC@C@ABA@CAA@ACAGAGAACCEEAAAA@ACAAAEC@@@A@C@ADCFABAHGDE@A@A@@DCDABAJ@BABA@@@C@CCCCACAAACAGBAA@@AA@ABABABADAF@DAFAFABADABCB@BCBEAAAAA@ABABCBA@A@AA@AAAA@@AB@B@FABADCBABCDGBABA@@FBFBBBBBDDBBBDABBDDFBBB@B@BBB@D@B@D@BAFAFADAB@@A@A@ABA@@AC@AAABA@E@ACC@ACA@A@@@AAAA@A@A@I@EAG@A@@@AA@A@@A@@@@@A@@@A@CA@@@A@@AA@A@@@@@A@@@A@@@AAC@@B@@@@AAA@@@@AB@@AAC@@@BA@@@@@A@@IB@@@@B@NC@@AA@AA@@@A@A@@A@@@A@@AA@@A@A@@@EAA@EDGJIFGBMCMCQCQ@SAY@WIUGUIOGGC@@@@AAKEKAKBSDWBKACCACAAABA@@@CA@@@AABCAEB@B@B@@C@@B@@@BA@AD@@ICcI@@ABA@ABGBCBMFULSEW[CMKG@@@@EA]UOMOIOGMAMASAMKKMOKW_MMKKOEKLCFCLGFIDIAOCA@A@@@@@A@A@@@C@@B@@E@@B@@@@AB@ACC@@A@A@EBE@@AA@A@AA@@@BA@@BB@@@B@@@B@@@@@@@@@@@@BB@@@@BA@A@@@aAA@OCBABA@@GAA@@@@@BGE@IEGEICC@@B@@@@@BA@@@@@A@@@@@@@A@@AA@@@AA@@@AA@@BA@@@@@@@ABB@@@BBD@BB@@B@@@@@@@@BA@@@A@@@@@@BA@@@@@@@A@@@@@@@A@@@@B@@A@@@A@@A@@AA@@@@@@A@@@A@@@A@@BB@BB@@@BB@@@@@@@@@@BA@A@@@AAA@@@A@A@A@A@@@A@@@@@A@A@@@@B@@@@BB@B@@@@B@@@@A@BB@@@@@@@B@@@@@@BA@@@@@A@A@@@@BA@@AA@@@ABABADABABGDGFC@ABE@CBCAABA@A@ABABA@C@@AAAA@A@AB@BAB@B@DBF@BBDBBB@@BA@AB@@@@@B@@A@@@@B@@@AA@@@@B@@@@@B@@@B@@@@@B@@ABAB@B@@@@@BA@@@@@A@@BA@@@@@@@@BA@@@@@@@@@AB@@@@A@@@@@@@@BA@@@@@B@@@@B@@A@@@@@@@@@A@@@@@A@@@@@A@@@@@@@A@@@@@@@@@@@A@@@@@@@@@@@@B@@@@A@@@@@AB@@@@@@A@@@@@@@A@@@@@@@A@@@@B@@@@@@@@@@@@A@@@A@@@@@@@@@@@@@A@@@@@AB@@@@A@@@@@A@@@@@@@@@A@@@@@A@A@@AB@@@A@@@A@@@@@@@A@@@BC@@A@CA@@@AB@@@BBBB@@B@@A@@AAAAAAAB@@CEAA@@ABA@@@AAAA@@@@A@@BDBED@AA@@@CB@@AB@B@@A@C@CAC@@AFC@@@AA@A@CDCBCD@@A@IDAAAA@AAA@@A@@@EBEDCBABA@@@@A@@@@CBC@@@AB@@@@AAC@@AA@@BA@CD@@@@@@@@A@@AABA@@@@A@@@@A@A@ABA@CBEBABE@@@A@@BCBABABI@@B@@GB@@@B@@KDA@ID@BAB@@CB@@@FG@@@@B@@BDABFFB@BBBBCBAB@@IDIDEBC@ABCBA@ABCBCB@@AAEAA@GEA@A@A@ABA@EB@@C@AAABA@A@@AAC@@@BA@AD@@A@@AAAC@@@KJINQLMHIF@B@@B@@@@@CD@@@@@@B@EL@B@B@@A@@B@@B@@BB@@B@@B@@@@BB@@BB@C@A@A@@BAA@BA@@B@B@@AA@@@@@@@@AB@AA@@@@@@@@@@AA@@B@@@@@@A@@@AA@B@@@@@@@@@B@@A@@@A@@A@@AB@@A@A@@@@@@@A@@@A@@B@@@@A@AA@@A@@@@AC@A@@@@A@@CBGBC@QAOAABA@@@@F@D@D@@BBABAD@B@@@@IHA@CBABA@AB@@A@@B@@@FA@CDA@ABC@@@CBCBM@CBGBABABCDGHA@CBD@BB@BB@DBALLJJFLD@@BDB@@@BB@@D@DAB@B@@BD@DDBB@@BDBB@DBB@@JAB@@BBBBBBBD@LF@@@BB@HANGBADAB@JADAB@B@@@B@@@@@@BFAH@B@BAD@BCBABD@FB@B@@@B@B@@@B@@@B@@B@@BB@@@@@@B@@@BA@@BA@@@@@AA@@@@A@@A@@A@@@@@AB@@@@A@BB@@@@A@@@A@@@@@@@@@@A@@@B@@A@@@@@@A@@@@AA@@AAA@@@@B@@AB@@@@@B@@@B@D@B@D@@A@@@B@@@@@BB@@B@BBB@@@@A@@BA@A@ABA@@BA@@@@@@@@BB@BDDB@BB@@BB@@B@B@@@@@B@BBB@@@BB@@@BB@@BBHD@@B@@BB@BB@BB@@BB@BBBBBBBB@@BBBB@@@@@@@@AB@@A@@@DDBB@BB@@B@@BB@@@BB@@@@@@@@@B@@AB@B@@AB@@@@D@@@B@B@B@B@@@B@@@@AA@@A@A@A@@@A@@@A@B@@D@B@B@B@@@B@BB@AB@@@@BBB@@BB@BB@BB@@B@@@BBB@@BB@B@B@@B@@B@@B@B@B@D@B@FBB@B@B@D@D@D@B@D@@@D@B@B@D@F@B@D@HBB@B@B@@@B@B@D@@@B@BA@@BA@@BA@AB@@ABA@@BA@ABA@@BA@@BA@@BABABCBAB@BA@AB@@ABDDF@B@@@@B@BCBABA@AB@@@B@@@B@@BD@B@B@BBB@BBD@BBDBHD@@DB@@BB@@@@ABABA@@@ABA@@B@@BDB@@BB@BBBB@@BBBBBBBBBB@@BB@@B@B@B@D@B@B@BBB@B@@A@@BAB@DBBA@@@AB@@A@@B@BB@@BA@@B@@@BB@@@AB@B@B@B@BBB@@@@@@@BA@@@A@@@AB@@@BB@@B@@@B@@@@BB@@@@@B@@@DA@A@@@A@@B@@@@@@@B@@@B@@@BA@@B@@@B@@B@@B@@@B@@@@@DCB@@@B@B@B@BA@@BA@@@@B@B@B@DBB@@@BBD@F@B@BBB@B@@@@@@@B@@@@BB@@A@@BA@@DA@@B@D@D@B@B@BB@@@B@@@B@@@@@B@@@@@@B@@BBAB@@@B@B@BB@@B@@@@@@@@@@@@@@B@@@@B@@@@@B@@B@@BB@B@@BBB@BB@@B@@@@@B@@@DB@@B@@B@@BB@@BB@@BBBB@@BB@@BB@@@@@@@BB@@@@@@@B@@ABAB@@@B@@@BBBBBBBB@@@@B@@@B@BA@@B@@@@@B@BBBBBBB@DDB@@@BBBAB@@@B@@@B@@@B@@@BB@@BBDB@BB@@@BBBB@@DB@@@@B@B@B@FB@@B@D@B@B@B@@@@@B@B@B@BBD@B@DBB@DBB@BBD@B@BBB@BBB@DBD@@@B@@@B@@@B@B@@@B@B@@@DBB@DBB@@@B@@@BBB@BBB@BBB@@@@@BBB@@BBBB@BBDBB@B@@B@@AB@@@BA@@B@@@@@@@@DBB@B@B@BBB@BBB@B@B@B@B@B@BAB@B@B@B@B@B@B@B@F@B@@@B@B@DBB@B@BBB@DBB@B@@@BAB@BAB@@@B@@@BB@@BBBB@BB@BB@B@@BBA@@@@@A@A@@@A@ABABABA@@@AB@@A@A@ABE@@@ABC@@BA@CDA@A@@@ABA@CBA@AB@@A@ABA@A@C@@@A@ABA@@BABA@@@A@@@A@@AA@@AA@@@A@A@@@A@AB@@A@ABA@ABABA@@@ABA@A@A@@BA@@B@@@D@@@@@DABBB@B@BBB@BBDDF@BBDDFBDBD@BBB@@@BBB@@@@@BB@@B@@B@BB@@B@BB@@BB@B@@@BBB@@@@@B@@@@@B@B@@@@@B@@@B@BBB@@@B@@AB@B@@@B@B@B@@@B@B@BAB@@@F@DA@@B@@@B@@@@@B@@@B@@@@@@@B@@@@@B@@@@AB@B@B@@@@@D@@@B@@@@A@@B@@@@@B@@@@@B@@@@@B@@@@B@@@@BB@@@@B@@B@@B@@@@BB@@@@@B@@@@@BB@@@@@@BB@@@@@@BB@@@@B@@@BB@@@@@BB@@@@B@@B@@B@@@BBB@BB@@@BDDB@@B@BB@@B@@BB@@@@@@@BB@@@@BBB@@@@@@BB@@@BB@@@BB@@B@B@@B@@B@B@@@@@B@@@B@@@B@B@@@B@@@B@@@B@B@@@B@@B@@@@B@@@@BB@@@BB@@@@BBB@@BB@BB@@@@BB@@@@B@@B@@B@@@BB@@@@@BB@@@@@@B@@B@@@@BB@@@@@@BA@@@@B@@@@@B@@@@@B@@B@@B@@@@@B@@BB@@BB@@@@BB@BB@@BBB@@BB@@@B@@B@@BB@B@BB@@BBB@@BD@@BBBDBDDB@@BB@BB@BB@@BB@B@@B@@@@@@B@@BB@B@B@B@BB@@B@B@BBB@B@DBB@@@B@B@BBD@B@@@B@F@DBB@B@@@B@B@B@D@@@F@@@B@B@@@D@@@BBD@B@D@B@B@B@@@B@D@B@D@B@BBB@B@B@@@B@D@B@B@BBB@D@BBB@@B@@@@B@@@@@B@@@BB@@B@@@BB@@@@B@@@@@B@@@B@B@@@DB@@B@@@B@B@D@B@B@B@BB@@B@@@F@B@@@BB@@F@B@BBB@@@B@D@BBD@B@D@DBB@B@B@BBB@@@B@B@FBBBB@B@B@@BB@A@@@@B@@@@@B@@B@B@@@B@@@BBB@B@@@D@BBD@B@B@BBB@D@B@B@BBB@BBB@@@BBB@@BB@@B@@@BB@@BB@@B@@B@@B@@B@@@B@B@@@@@B@@@B@BBB@B@@@B@@@B@B@@@B@@@B@@@B@BA@@B@@@B@BA@@B@B@B@@@B@B@B@@@B@@BB@BBB@@@B@BBBB@@BB@@BBBB@@BB@@B@@B@@B@@BBB@@B@B@B@B@@@B@D@B@BBBA@@B@B@B@@@B@BBB@@@B@BBB@BB@@B@@BB@B@B@B@B@@@BAB@B@FCDCDAFABABA@ABABA@@BA@@@CB@@@@A@@@@@AB@@@B@@@B@BA@@B@@@B@@A@@B@@@B@@@DD@@@@B@@@BA@@@@B@@A@@B@@@@@B@@@@@@@DBBBB@DB@@@@DB@@B@@@@@@@AAC@@A@A@A@@BAFAB@B@BAB@@@BA@@DABADC@ABA@@B@@@B@B@@@@@B@B@@A@AB@@@@A@@A@CAC@@A@@B@B@B@B@B@@@BA@@@@@@BA@@B@B@B@B@D@B@D@D@D@B@@BB@B@@@B@BB@@B@@@B@@BB@@@@@B@@@@@@@@@@AB@@A@@@@@A@@@A@@@@B@@@FA"],"encodeOffsets":[[126528,44038]]}},{"type":"Feature","id":"210124","properties":{"name":"法库县","cp":[123.416722,42.507045],"childNum":1},"geometry":{"type":"Polygon","coordinates":["@@@@AAA@@A@A@@DEDCDCBAHCDALEBA@A@@BAD@DAB@D@@@JCHCFAJCFC@AAA@A@ACAICA@AACAC@CA@A@ABAFBF@F@B@DAFGBCDGBADAFAHAD@HBB@D@B@BBD@D@D@D@BCBABAB@BABC@A@AAAA@C@C@E@C@A@@AAA@CDGBA@CBC@CB@DAF@D@D@DDD@F@B@DC@A@I@ACC@A@A@AB@D@FBH@FBDABADABABA@CCCAACA@A@ABABC@@D@BAF@BBD@@BBB@@BDDDBBD@B@D@FCDAJADABA@A@AACCCACEC@@A@]AEACACA@AA@A@C@@AC@AAA@CAA@AAA@@@CDA@QKCAaaEECBEJ@@A@A@IA@BA@@B@B@BA@C@A@A@A@@@@BA@A@A@EBA@A@@B@@BD@@B@B@BAB@@@DBFH@BBB@B@@GB@@@@@B@@@B@@AB@BBF@B@@@@A@A@@BB@BB@@BBBDA@A@AB@@@@BBBBB@@@CHABM@A@@@DA@@@@@@A@A@A@A@@A@@A@@@AB@@C@@@@@@BA@A@@@ABE@A@ECQG@@@@@@GC@@@@@@BA@@@@AAB@@@@A@@B@@@@@@A@@A@@@CBA@AB@@BKC@AC@CGBIBA@@@@@BC@@@AA@BA@@@ACGJCCGAC@AEKCC@AkFE@AAB@B@@AAC@A@@B@AC@@@AAA@AA@A@ABC@EBC@@BA@@BA@@@A@AA@@A@@@@A@A@@@@B@@AA@CC@@@C@@@@ADA@@BA@A@A@@A@@C@AAA@@AAA@A@@CC@@A@@@@AAAA@A@@BA@A@@@@AD@@@@@@@@AB@@@@@A@A@@@A@BAA@ABAACBCAA@@@CCAA@@AAA@@@AA@@@A@@@@AAAA@@@AE@@B@@@BA@@BAB@@@B@@CAA@AAA@A@@B@@AB@@@BA@@@@CA@AAAC@@DB@@@@@@@AA@@@AA@A@AB@AABA@A@@AB@@A@@DA@@@CACA@@@A@@@A@AC@@A@@@AA@@A@AAA@@@A@@@@E@A@AAA@AACAC@@@AA@@AA@A@@A@A@G@@@ABA@@BCAA@A@@@A@A@@BC@A@A@CCA@@AA@AAAAA@BC@C@@@@@AA@@@CAA@@A@A@@AAAC@@AAA@AACAAAA@A@A@@AA@@A@@CCA@@A@AAAB@@@BAB@@A@@A@AA@@@A@AB@AAB@@AB@B@B@@@B@BAB@B@@@@@BA@ABAACB@@A@@@A@@B@B@@@BCB@@A@@@AD@BABADAB@BA@A@@BAB@B@BC@CBA@@BAAACBA@CAAA@@@A@A@@A@@AAA@AAA@C@A@@BAB@B@@@A@@A@@@AA@@A@@@AAAAAA@A@@@@CB@@@@A@@@AAC@AAAA@AA@@@A@@@@@@BABAB@@@@AB@@@B@@A@@@AB@BAB@B@DA@@BAB@@AB@B@BAB@@A@A@A@@@AB@@ADA@ABAB@@AH@D@FA@BBA@@B@@B@@BB@ABA@ABAB@BC@@@C@@@@@@B@BA@@@A@@B@@@@@D@B@@@B@BABE@@DB@ABA@@B@B@@@@AB@@@B@AA@@BAB@BAB@@@@C@A@AB@@A@AB@B@H@@C@@@C@M@AAE@C@A@@A@A@CKEMCIEKKKGKGIEICAAAEAA@BBA@@@@@EB@@AB@@A@A@@AA@@@@A@@CA@@@B@@CC@@@A@@BA@@AA@@AACA@@FA@A@@AAAA@@ABC@@AAAAAC@@ABA@AA@@@ACGO@@BCFIBCBCDGBC@@KAIAAACSG@CEAA@@@@@A@@C@CGA@@@AC@CAE@@JA@@@A@C@@@@HA@@@@AC@AB@AAD@@BB@@@@A@@@@FABA@AAC@A@@B@HA@ADAAAA@@ABA@ECCGCCA@AAC@EAACAE@KDIDEAKIEEGAG@GBAB@B@BBDADCBCAECCEAE@O@GCAGAGAIBK@GAOOCAC@IBEFCHCDCBC@G@E@MDA@CBC@IAI@GBGAGCE@GDEDCF@FFLAFCFGBE@IAGACEAEEEC@GBEDGBQ@G@ADAHBFDFBDADED@JAPIROLUPQNEFIHIBMCQGGAK@GFGJONOJB@ABEBBHMA@@@D@@@@@@BDMFBDOF@@@@BBAB@@@@CFAB@@ABCB@@@@A@A@C@AAE@A@@@C@@@A@CBABC@@@@@A@@@@A@@ABABA@CAA@@@@@@@BBB@EBAAA@@@AAA@AA@AA@@@ABC@EBMMC@CA@@E@O@SIECGCIEK@A@@AA@A@@AA@@@@@@@EAA@A@C@GDA@CBE@EDEB@B@@@@@@A@EBC@C@A@@@C@@@@B@B@@CBA@@@E@A@@BA@@@IB@@@A@@AA@@ABC@GDEB@@AAA@A@@BA@@A@@@@@A@@A@A@@@CBA@@@AAA@AA@@AAA@AA@@@@B@DA@@@@@@E@A@@@B@@A@A@AA@@@CB@@AA@E@@@@A@AB@@A@CBAAABA@C@C@CB@@@BBB@@A@A@@@@BC@@BA@AAA@@@EBC@EACA@@ABB@@B@BBBCB@@@@@@@BGB@@@BB@@@@@@DCB@@A@C@ADA@A@ABABA@AA@@CC@@AA@A@@A@A@@AAAA@A@@@@BBB@@DB@B@B@@A@C@C@@@A@C@ODMDQS@@CACA@@AA@A@AA@@@IDA@@BC@AB@@EB@@A@@@@@EAG@AA@@@@AAA@A@A@A@C@ACAA@@E@EBGBCBE@ABE@A@A@C@C@EBE@CBC@EBEB@B@B@@@@@B@@@@BBEDC@A@G@@@A@CIA@@@E@@@@@@CA@@@A@A@A@@@@@A@AA@CC@@@@AB@@@@A@@@@CB@@AAABA@@AAB@@@AC@@@@A@CAA@@A@C@@ABA@@@@@@A@IBCBC@CD@BABA@A@@@ABCHA@EBC@C@AACB@B@BD@D@@@@@CBA@A@DD@@@BEB@BCBA@GB@@@@ABB@B@DB@@DCDA@BB@@B@@@@CF@BB@@BB@BBB@@@QHBBB@BB@@ABRFJD@@BBB@JFJBN@B@@BD@^RHFB@BB@@B@@@FHDFBB@@BBZPBBBBB@VBHDFDJFDDB@@@@B@@@@B@@@HF@B@B@@ZALBNDB@VBH@F@BDBDGH@BA@@FA@AF@@@D@BA@@B@BA@@BA@AA@@E@@@A@A@C@E@@@A@C@ADA@@@BB@BBB@BI@BHBDBBBB@BBBBD@B@@@BB@@@@BA@@B@@B@ABA@@AE@EAA@@@AB@B@@A@@@ABA@@BA@A@@BABA@@@@B@@@@@B@B@BAFA@@B@BADAB@@CAAC@@@@ABG@C@A@C@@A@@@A@A@AA@@B@@A@@A@AA@@@A@A@@@ABA@A@AB@@A@AAAB@@A@@@A@@@A@ABA@@BAB@@CD@B@@@B@@AB@@@B@@@BB@DBDB@@BB@B@B@@A@@B@B@@@AA@A@A@@@@@A@@A@@@@A@A@@@AAA@@@@@A@AA@@C@@@ABABC@@BBDBD@B@B@@B@@@@@@B@@B@B@@@F@@@BB@@@@A@@@ABB@@@@BB@@B@@ABA@@@B@BBDBB@B@B@B@ABAD@BCD@@@@@@@@AAA@@@@AA@@B@@A@CAA@A@@BDDBB@@B@@@D@@@@B@D@B@D@@@@BBAB@@CB@BDBAB@B@B@@CDCD@@@B@@@BDB@BB@@B@@CB@B@B@B@@CD@@@BBBBB@@@B@@@BA@@@@B@@@@@BCBBBA@@@A@A@@BB@@BB@@@@@@B@@AD@@@@@BFD@@B@@@@BBB@@@BBB@@@@@@D@@@@D@@EB@@EAA@AB@@FBDBVJRFXBbFV@@A@AB@@@@@B@BBB@BAB@@AB@D@BAHAH@B@D@B@@B@B@@@BFADA@@B@A@@BB@@@AB@@BB@B@@@B@@AJ@B@B@@DDB@@D@B@@@D@BB@B@DABB@@@@@@BB@B@D@DAB@BA@BDJLfV@@@@@@HD@A@@B@FABAB@@@BB@@@@DBDDB@@A@@DB@BFHFF@BB@@@BAB@@B@BB@@B@D@@@@B@B@@@DBD@@@@@@B@@B@ABCBABABBF@BCB@@@@@B@@B@BA@BB@@@@@@@@@DCB@@AB@@BD@BB@@@@BA@@D@DA@@@@@B@@B@BADAFCFA@@B@@@BB@BBBBBJCB@@@DCDADCB@B@@B@@ED@BD@DBD@B@@@@ABA@@DA@@B@@BFCCA@AB@@@@@BBBB@@B@BA@@BBDF@@BABBBBBB@@@BA@@@AAAA@@A@@B@@DBB@@@AD@@B@@@@@@@B@@@B@@@A@@BB@B@@@@@B@@@@@@@@@B@@@@@B@@@@@BA@@@@B@@@@@@@@@@@@@B@@@B@@@@@@@@@@@@@@A@@B@@@@@@@B@@@@@@@B@@@@@@@BA@@@@B@@@@@@A@@@@@@@@@@B@@@@@@@@@@@B@@@@@@@B@@@@@B@@@@@B@@@@@@@@@B@@@@A@@A@@@@@B@@A@@@@@@B@@@@@BA@@@@@@@@B@@A@@@@@@B@@AB@@@@@B@@A@@@@@ABABA@@@A@@@@@A@@@A@@@@@A@@B@@B@@@A@@B@@@@A@@@@BAB@@AA@AAAC@AAE@C@ABA@ABAB@B@BB@BD@B@BABAB@B@BADBDAF@BAD@HEHCBABABCBABA@@B@@BB@@A@@B@B@@@@@B@@A@@@@A@@@@@@@A@@A@B@@A@@@@@@AAA@@@@@A@@B@B@@@@@B@@@B@B@B@B@@@B@BB@@B@B@@A@@@@@@@@A@@A@@AAA@@AB@@@B@@@B@@@@@@@BB@@@BB@@@B@@@@A@@B@@@@@@@B@@@@@@@B@@A@@@@B@@@B@@A@@@@@@A@@@AAC@AA@@A@BA@@@@@@B@@AB@@B@@BB@@B@@BB@@@@@@@B@@@@@B@@A@@@@@AD@JDHFJFF@AH@@@@B@HB@@ABABPDB@bB@@B@B@@A@@A@@A@@@@@@@@@@A@@@A@@@A@@AB@@A@@BBB@B@@BF@FAB@B@@@DD@BBA@@@@@AF@@@@AD@@@B@B@@@@@B@B@PDJBJCHEDKDELKPFLLNNX`PLLNNLTBNBNBPHPJPN^VFB@@@@LHDNX\\TFVKNEDAHABAB@BA@@dJJD@@BCB@@A@@@AD@@@@A@AFADBBA@B@@DB@@B@BABBBDDDLBXATCLALBLFBB@@@@HDPHVJVHXJZ@TBR@RDNDNDHAJEHIFCB@FB@@B@B@@@BB@@@B@@@BB@B@@@B@@BBB@@MDA@@@@@JA@@@B@@@@AB@@D@BB@@BA@@@@BB@B@@A@@@BD@B@@@B@@@B@@@@@BBB@@@B@@DBB@@@B@@@@@B@@@@BBB@@B@H@FBJ@B@B@B@"],"encodeOffsets":[[126588,43681]]}},{"type":"Feature","id":"210181","properties":{"name":"新民市","cp":[122.828868,41.996508],"childNum":1},"geometry":{"type":"Polygon","coordinates":["@@@@FA@@BAB@B@B@@@B@@@@BB@@@@@@@@C@@@@C@@@A@@@A@AA@@@@@@BC@@@@@@B@@@@@@@CEACAA@A@A@@@@@@A@C@@@@@@@AA@A@@@@@@@AB@B@@@@@@@@A@@A@C@@@@@@@AB@@E@A@A@A@@@@DB@AB@@@@@@@@@@@@B@@@@@@@A@@@@BA@@@@@@@@C@AA@@A@@@@@A@@B@@AB@@A@@AACC@A@@@@@@@A@@B@@@BADA@@B@@@@AEA@@@A@@B@@@B@@@@@@@EEIG@@@@@A@@@@@@@@CAA@A@@BA@A@ABABA@@@@@A@@@AB@@@@A@@AACG@@@@B@@A@@@@@@@ACA@@@A@EBC@A@C@@@A@A@@A@@AB@@@@@BCD@@@@@B@@@B@@@@BB@@@BB@@B@@@@@@@@C@@@AB@@@@@@@B@@A@@@@B@@@@A@@@@@AB@@@@A@A@@@A@CCBAC@E@@@CBABA@A@@@@AACC@C@A@@@A@@@C@G@E@A@EBABABCB@@@@@@ACE@KBA@@@@AA@@@@@A@A@@BA@A@A@CAA@E@A@C@@@K@E@G@C@A@CACAA@AAA@@@K@A@@@@@CB@@A@@@C@MCC@@@@@CCEECAAAAA@@@@@@@@BABA@@@@@@CCAA@AA@AA@AA@@@AA@@C@@@AAAAA@@@AA@@@AAA@AIBB@@@FD@@@@EAE@AFAB@@BB@@@@@B@@AB@@@@AB@@@@@A@@AA@@@@AA@@@A@@B@@A@@@A@@A@@@ACGDC@CDGH@@CDAB@BAB@BAH@@ABAB@B@@@@@@AB@@@@AB@@@@@@@BA@@@@BA@@BA@AB@@@@A@@@A@@@AB@@A@@@@@C@CB@@@@@@A@@@@@@@AB@@@@@@@@A@@B@@@@@@@@CACB@@C@@@ABC@@@@@A@@@@@BA@@@@@@@@A@@@@@@@@@@@@@@@A@@@@@@@AB@@@@@@@@A@@B@@A@@@@A@@@@@@A@A@@@@BA@@@A@@@A@ADAFC@ECGAOFG@@@@CAA@@ACAACAA@AAA@IBABOBIBMFUFWFYD_FUDSDGDA@AJ@B@@AC@ACACAGAA@A@CCF@@A@A@E@A@ACCA@A@@AAEDCD@@A@C@A@AA@@@@@A@@@@@@@IAGA@@A@@BAB@BIGGKEE@@@AA@@@A@@CA@A@G@@A@AA@@ACAA@AA@@ACAG@AAC@@AAA@A@@@@A@AA@A@A@@@@BGVADABCBC@EFBB@@ABCD@@A@@@DH@@@@A@CBCA@@@@@D@DAB@@@@@@D@A@B@BB@@GBA@@@A@@@CC@@AAEA@@@A@@A@AD@B@@A@AB@@@@A@@@AFAB@@A@A@ACCBA@@B@D@BA@@B@H@@EB@A@@@AA@@A@@AB@@@@@B@@A@AA@EA@AAA@A@@@@BA@ABA@@@@@@B@BAB@B@@A@ACC@A@@BDB@@@@A@@@AA@@AB@@EC@@EB@@CB@@@B@@@@DC@@D@@@B@BBDB@@@@@@A@AAA@A@A@A@@@@@BB@@A@@BCBA@@@ABA@@AA@@BAB@@@@@D@B@@C@AB@@KD@B@@E@@B@B@D@DC@A@@@@@@A@@A@A@@@ABA@A@@@@B@@ABE@@@@B@@A@AB@@@@@B@B@B@@BLICAA@@GB@BCBEMAGACAASOAD@@ABABCFABA@C@CAK@GACBA@A@C@C@A@EB@AC@CAA@C@CDABAB@@BDBB@FD@@@@FA@@F@FA@ABGDA@@@@CAC@CUFDF@@@@GPIDCBGD@@BB@BAB@@EBABA@CBEBC@AB@@BD@D@@C@E@@@A@A@@@@BB@BFCAEC@BBBDDCBE@A@@@ABBF@@AB@@A@CAAACA@@A@A@@B@@@@@@CB@B@@@@@B@@A@CBID@B[H@BC@BDYHDHCB@DABAL@HBJBJEN@B@@@@EJCBIFEHCJDJVHD@R@RBhCT@H@D@@BBABAB@@@LEB@D@D@@D@B@BBB@@ABABCDABAB@@@B@B@@BDDB@B@@@BCBAB@BAHAD@B@B@D@BBBFD@B@@ABA@EBA@CAA@E@C@@@@BB@@BBB@@ADA@@B@DADAD@@@B@BABABAF@DABBDBBCH@B@B@DBF@B@BA@ADADA@@BBB@@@BCFABAH@BBBBF@FBF@BEJADEJCFCFABABADCFCBCBE@ABEDA@A@@B@@@BDFNJ@B@@AB@B@B@B@@A@C@A@@AAA@@A@A@A@C@I@ABCB@@AD@DBH@@AB@BBDAB@@C@C@A@@B@B@BCBGBAB@BBDDDDDBDBB@BA@C@OBE@CBABAB@F@F@DB@BBD@HBF@DBB@BB@B@B@@A@AB@@ABABABA@ABA@A@A@AAA@A@CAC@AAC@A@C@@@@B@@DHDDDB@BBD@BBB@@BBB@D@BBB@BDB@BBB@@@B@B@@B@B@B@B@BA@@@E@A@C@ABAB@BA@BB@@AB@@BBDB@@B@@@@A@@@AB@@BB@BB@AD@B@B@@@BB@@ABAB@@ABA@E@A@ABA@CAA@A@E@GB@@CDADCB@DAB@BAD@F@B@@BBHAB@B@@BDCB@D@B@BBB@@@@BAB@@CBAB@BB@@BBBBBBBDB@@@BB@@AB@@AFBB@@@@@@@B@@@BCBAJCF@NDTJRHZNNDXLPHPHTH^LZHRHPHTFXLRFFBEJAHCRD@F@B@J@ADF@@BDB@@@@@BBADB@@BABA@@BBB@BA@@@ABAB@D@BB@@B@@@@BA@BB@BCBBB@@RB@@BCBA@AB@BB@@BABA@@B@@BB@F@^NVHVJPNHJ`TPJ@@@@BBB@@@@@HD@@C@@@HD@@@@@B@BADB@FBFDDBL@BA@@AAA@AARG@@A@AAA@@AA@@ADE@@@@@AA@@ACBCD@@CAA@A@BA@@@@HAB@DA@AFA@A@@CCB@B@DA@@@@C@C@@A@ADABBD@D@FAB@DGBA@@B@B@BA@ADCD@DAJAB@@@@@@@AB@BD@B@@@BB@D@B@@D@@B@@BA@BB@BABB@@DA@@@@@B@@A@@B@@D@@DBBB@@@@@B@B@B@@@B@@D@@@@F@@@B@DJB@@@H@B@D@FCAA@@@@@A@@@@@A@AFAFAD@DAF@FAD@D@B@B@F@BAF@DAHAFAF@@@BBBDD@B@B@B@B@BB@@@@BBH@FB@@@@B@@@FA@@BAD@@AB@JC@@B@@B@BBB@@DBDB@@RTNCPCD@B@@@D@D@B@@@@A@ACA@@AA@A@@B@B@BB@BB@B@@@@BBB@@DD@@BBB@BABAB@B@BCD@B@@@DA@C@@@@A@@A@@HA@A@@@@@@DAAA@A@AA@BA@@DBFBD@FA@@B@BBB@@AD@@A@@B@B@@@AA@A@@DAD@D@B@BABBDAB@@@BAB@@@@@@FBB@@DA@@B@@B@B@BA@@@B@F@@@@@@@CBA@@@@@BBB@BB@@BBB@BB@@B@DA@@B@B@@@@B@@@@@BB@@AB@B@BB@@FAHCD@BA@@BB@@@B@@JA@@B@@AB@F@@@B@DA@@@A@A@@D@@@B@D@D@FAB@@@@@@@@AFAFCF@DAB@HCD@B@B@FB@@@@@@B@@BB@B@@BB@L@JFHDFDTJP@F@@@DBD@NNFAD@BA@@B@@BBBB@BB@@B@BBFAA@AA@@@@@@B@DBB@BABA@@@B@@B@@@@@D@BADAB@@@D@@@B@F@BBD@B@B@@@@@DABA@@BADE@@@@BAAA@@@@PEACNEAC@@@@@@@C@@NBAGFABAA@PIPMHIHEL@HBRHNDJAJGFERMVOPKJQBO@IFCBCACCEAEBGBCH@R@HAFCHAD@FFBFDFHBJBF@HADEBEEK@EDEFCHCF@HDHBHAJ@JBD@DAB@@C@A@@A@@BA@@@@@A@@@A@@@A@@@@@@@A@@@@@A@@@AA@@@@@@@A@@@@@@@@@@@A@A@A@@@@@@@A@@@A@@AA@@@@@AAC@@@A@@@AB@@A@@@@@@@A@@@@@@@A@@@@A@A@@@A@@@@@AB@B@@@@@@A@@@AA@@AA@@@@A@ABA@@@A@@@@A@@@@@AAA@@@A@@@@A@C@A@@A@@@@@A@@@AB@@@BA@@BA@A@@@AB@@A@@@@@@ACAAAAECGGEEAA@AA@ACCEACCC@@@A@A@A@A@@AAECCC@@@@A@@@@@CCEKEDCBABA@ACAA@@@A@@A@@@@@AA@@@A@@A@@@@@@AAAAA@@AA@@@@@@AAAAACAAEEACA@@A@B@@A@EB@@AB@@A@@@A@CE@@AA@@@B@@@@@@A@AAAEAA@AA@@@A@@@@@AAAA@AAA@@@@@ABC@A@A@@@@@@A@@@@@@@A@@@@@A@ABA@@@@@@@AA@AAA@@@@@@@@A@A@@@@AAA@@@@@@EBE@@@@@@@EE@AAAB@@@@@@@AECI@@@@A@G@@@A@@@@@@@A@@BA@A@@A@@@AACAC@@@@AA@@A@@@@A@AAA@A@@AC@A@@AA@@AA@@@@@@ECC@@A@@@@AB@BABA@DG@@@@A@AA@DABAB@@@@@@A@AAAA@@A@@@CFA@DE@@@@@@@@GCA@@@@@@@AB@@@@A@GE@@@@@@@A@CB@@A@@@@@@@@CACAA@@@@@AA@@AAAAA@@ACCAA@A@@@@HC@@@@@@AA@CCC@@@@A@@@@@A@@A@@@A@CA@@@@@@@EBE@A@ABC@E@ABG@@@@A@A@@@A@@AA@@AA@@@@BC@@@@@@@AA@EB@@@@@@@E@C@A@@@A@C@@@A@@A@CDC@AB@@AAACAEA@ABA@ABG@A@A@@@@@AAACAC@@@@BAD@@AB@BA@@@@@ACEACAAAAAA@AA@EAA@@@@AA@@@C@@@A@@B@@@B@@AB@@@BCBAB@@@@AA@@AB@A@@AAA@@A@AAA@A@@B@@@@@B@@ADC@@@A@@@@A@@ABAB@B@@A@@@AB@@@BA@@A@@@@@AB@@A@@@A@@@@A@@A@@@AAB@@ABA@@@@@A@@@A@@B@B@@@A@AEAEA@@@B@HCJCTIBCB@@AAA@AAAA@AA@@@@A@A@@@@@AC@C@@@A@@EBAEAI@G@@@@@A@@B@BAB@@@@AB@@@@A@@@@@@@A@@LCBA@@B@@@FFFDB@@A@@@ADAFC@@@@@@JGFCBADA@AGEEEEC@@@@BA@@BAA@@AC@ABA@CA@BA@@@@@@BABCB@@A@@AAACC@@@AB@F@B@B@@A@@AAAG@A@@CCAEAA@AAA@AA@AAA@@A@@AC@@@A@@@@D@@@B@@A@@@@B@@@@A@@BA@@B@@ADABB@@B@@@B@@@@A@A@C@@@@@@BAD@B@D@DA@@B@@@@CF@@B@D@@@@@@B@@@B@BA@@B@@@@@@CBCDE@CDEBE@A@A@AA@@A@@A@@A@C@@B@@A@@@A@@@A@@@@@A@@@@@AA@@@@@@@@A@@@A@@@@@A@@@@@ABBB@B@@BB@B@BABA@@@@@@@A@@@@@A@@@A@@@@@@@@B@@@@@B@DA@@B@@A@@BA@@@A@@@A@@@@@@B@@@CGA@@@@@@@AA@@GCAAA@@@@C@A@@AA@@AA@A@@@@@@BAA@@@A@@@AB@@ACAE@@F@AC@C@@AE@A@AB@@@@A@@B@@@B@B@@@@@@@@A@@@@@A@@@@@@@@C@@AAC@@A@@@@@AA@A@@@@@@B@@@@A@@@@ACA@@@BA@@D@@A@@@@@@@@BA@@@@A@@A@@AA@@@@@@@@FCBA"],"encodeOffsets":[[126120,42766]]}}],"UTF8Encoding":true}