{"type":"FeatureCollection","features":[{"type":"Feature","id":"451202","properties":{"name":"金城江区","cp":[108.062131,24.695625],"childNum":1},"geometry":{"type":"Polygon","coordinates":["@@EFCFEFIFKDG@KBEBEDIBKBIBOAQ@[DWBQFSDOBMCEGJWFMESGOEO@MDUDKBGCIEGS@OBI@QESEOEKEMMEMBQJSNQLI@@BEBEDCBA@C@ABADAFADABCBACECCCCKAEDEDABA@ACAGAECA@A@CDCBCBC@A@AC@EAC@EAAAACACCAGCEEIEEAC@AB@H@DEFADAFAH@DAFCFABGBMCK@KHILKFKDOGQMOOEO@MBM@IEIKAMAO@SGKICCCCELEJCPAJ@@GHCHBFDD@BCF@D@DBB@D@B@BA@@BA@EEA@CAAC@ACCA@AAA@C@A@CACAA@@@CAQCIDENAL@NADAJERCLCN@RBL@L@PCRARGPIREDEDMNCPDJ@J@BBJBD@DAFAFCDBB@DFFBB@BCDDD@L@DABA@CAAAEGEBCBCBAD@F@FCDCB@DFH@B@BCBC@GAEAABG@EJ@D@BAHCDEFEBEBE@GDCFAFCJCDADCD@D@D@D@BABG@GBIBQHA@EHAJBNBN@LDLHRDTBNPBDDLDDDDFBHEHGHIJMDIJBFFFH@JDHDADAHAHEFCHAJGLCHADALAD@DBBFD@B@B@F@BLFBBDD@DBFBBBBD@F@JDB@DDBB@DBBB@B@DCDBBADDBBFBF@FAJCDABABC@C@GAC@CAABE@KDOHWJWLGN@PHNJVH\\HN@PAR@VALLDNAZITGRAF@BBD@FBFBBDBFDBB@@@DBB@BB@B@BB@@B@@B@BABCBCBE@GBEDCDCDEDCB@BOTSRGPDHHJPFRFT@TCXALBNFLLRLLPLNLJPHNCLGLAN@PBN@BE@IBGPAHDLHLCFKDMDIHAB@DAF@BAF@D@DB@BBF@HBF@FAF@DBDDFDLDDDBBD@BBBDFHSHIBCHEDCD@@CAAECI@IBIBCCAC@ADAFCDABABCAECG@CDCFCF@BADAB@LDFDDDDDFFDBHBB@B@@ABA@AAAECCACCKKCECC@A@@DAFDD@D@@A@ACIAO@G@ABAJDJBBABC@CAAGAEBGCMAAA@CBEFEDEB@HB@@B@ZGXANGLQPQPCHALGDIHKDIHMJKFGF@F@HFFDHFJFLJHHNHR@JAFABGFGDCDCDAJAHAJBN@JANAJCFCJEJALALBHDHFDD@@DBB@BBFDBDBBBFBF@F@D@BBBDHDDDDFBF@H@F@DADCDAHEBA@CAAEGGGAC@A@ABAH@BA@ABGAC@AACCM@ABAB@BABADAB@HANDNBJAHCL@HABIEIBI@I@GBGFMBGAOEGAE@EBEDGDCBAAGGAMBIAIEKGGEECCEAE@C@E@C@ADCFCFEDCBADCBCDEDEDGBA@AAEAE@ABE@ABE@ABABAFABADADCDCBAB@DCB@ACCIAG@GFGDIBE@K@G@IBG@CAEAEKGKEECECAG@EAEGEOEWBOHUJQJOLKJIDGCCCEGCEGAI@E@G@GCEAECEBEFCLCFCHCFIDG@GCICCAGE"],"encodeOffsets":[[110654,25139]]}},{"type":"Feature","id":"451221","properties":{"name":"南丹县","cp":[107.546605,24.983192],"childNum":1},"geometry":{"type":"Polygon","coordinates":["@@@@BA@ABCA@C@@A@@C@A@C@AA@ABCBA@A@AAAAA@ABABAB@DAB@@ABA@A@C@@B@B@B@@@B@DABB@ACACA@@CC@AB@@@@ABA@A@C@ABAB@FAB@@AAAAAA@@AA@@@CA@A@C@ABE@ADAAA@A@@ACCAC@A@AA@@@C@A@A@C@A@A@AAAAA@@C@A@A@A@A@ACA@A@A@@@EFA@@@C@@@AA@@@A@@AA@@A@@A@@A@@@@AA@@@@A@A@@@@@AB@B@@AB@BA@@@@@C@A@@BA@A@C@@@AB@@A@A@AA@BC@A@@BABAB@B@BC@ABA@A@@DAB@B@BB@@BBBBB@D@D@BAD@@@@AB@@@B@B@B@@@B@B@@@BB@@B@@@B@@@B@@@BA@@B@@@B@B@@BB@@@FCB@BABABAB@BA@ABC@@B@BA@@B@B@@AB@@BB@@@BB@@@@B@@@B@D@@@@B@@@B@@BBBBB@@B@@@BB@BA@@B@@B@@@@ABA@@@A@@@@B@@B@@@AB@@@@BDD@DFFFJDLEHIHGHIJEHCJ@JBH@HEAKIKKKCKCMAOBIJOLQHOLS@GBGBMBIBGHEDATDTNJFPHJ@LAFMHQBOEQISGOK[CI@ABADCDC@C@@@@@A@@A@@AA@AB@@AA@A@ABAAAB@A@AABCB@@A@A@@DBBAB@BA@@B@BAN@LBFCHAF@FB@H@FBD@@B@D@B@@@DA@@BABA@AACBCACB@@CBAD@BBB@@B@@@B@D@B@DB@BBB@DA@@BBADAD@D@BBB@@BBBB@BB@BBDE@@BABAB@B@B@BAD@BBDBDB@DA@CB@B@@DDBB@DBBBBBBD@BDFDH@BB@@@BB@@BBB@BBBBBBBBBJBDBB@@@DBB@BD@BBB@@DBBB@@FAFABBDADAFG@@@ADAB@B@D@DBBB@@CDADABAB@DADABBBBBB@BAB@FADCDCBABA@@DDBBB@AB@BAB@BBD@B@BB@BBF@BB@B@BAD@BBD@D@@DFDHJRDJFLHNPHFBL@L@JBJAHCBEAEEGGKEGAQBIBMBKBOHMJOJKNKHCJEFGDG@I@MAGAEBGFCFCLFHNNPRVNNLJFLLDL@JIHOBIAKEMCKAKBGFMJILMLELGHMDIBGCMEKGGCEAACAC@@AABAA@@@@@@@AA@C@A@@A@AAAAAAAA@AA@AA@BA@AB@@ABA@CBAB@D@@BDBDDBBB@DDB@B@B@BA@A@A@AB@@AB@@@B@BAB@B@DAB@B@D@BABABBF@DBDBB@DBBB@BBF@BB@B@D@@BBBFBBBD@B@B@BA@AD@DA@@BABAD@HABADA@CBABADC@EBAAEBA@AFK@AB@BAFCBAF@JCBABAFAFEDABABABABADA@AB@DABA@AB@@GAA@A@CACAEAE@A@C@ABCBE@EAEBA@C@ABCDEBABA@@B@@ABA@@@C@AACAC@CA@BA@@BCBA@AB@L@D@@@DCFOBC@ABG@A@A@@BA@A@A@@BADA@@BAB@DE@A@CAAACAEAC@G@E@A@A@I@ABA@EBCBEBABAB@BAD@D@@AB@@AAA@ACA@AACA@AAAACA@A@A@A@CBCAAAAA@CAAACAAACEGGAACEAA@AACCACCCKCEAC@CBE@EAE@GAE@ACAC@E@ABE@CBA@GBCJCNELKDKGGCOBAH@JAFM@OAM@KBKHMDOGKIKMKOQKKKMEKAWBSDS@QEOEGICGHOTQPS@ADAFCDCDCFCHAF@DADABA@A@AA@@@AAA@A@@AAA@C@@AAECCAAAAE@EAC@ABEHQJSBYCMKKUBQ@OBM@[GUGMIOGM@KHIXGXCP@LAFBB@DBD@H@DADABCBIDEBE@EAAACCABCACDA@A@AA@CAACCA@ICE@C@AAAAAE@CCCAAKE@A@E@A@AECAA@CBCBKBCDGHKBIDGFEBGBGBCGCICG@EEAEJINCJIHGFGAGCECCKCCCOAE@GBEDOHINW\\S\\IJMJKDGACEAGGIIEIAEFGPGHIBMAO@WDUAIIMOIOQYGKIEMCQBWHQJKLIVIVGPCPAT@VDTDZBTBX@RGNIJGDKFEJGHMF@@@@ABYJMNIJMLINCLDNHHNLJFH@XETEPAL@DFDHANCLANBNDFDJ@LCLININELCLCPAPEZCVCXGZIVIPIHIBM@IBEFALAHALEJMRMNMLSEIAM@GLAFAJ@PBHHHLDNLDHAHEFGFMFGHBHDDFDNDLH@F@HCFIDG@UAiDqLGDGFGN@J@PBJ@HGDQFMHGLELAHGNGLMLELANDLJLPLPRFJBPENGT@NHVHNNJLFJBNLDHAHADEDI@KBQBK@QEYIIAMCGHCP@B@@CH@JCHCFCBE@GBC@ABAB@@B`BDGFIBUFWF_JYJ_N@B@@@B@DBB@DBD@@@B@@@D@DBB@B@@BBDBDB@B@@BBBB@BBB@B@B@B@BAB@BA@@B@@BBBBDBB@@@BB@@B@B@DBF@B@BBBBDBF@B@BBB@B@DBD@BAB@FBD@B@B@B@B@D@BBFBBBDBD@BBFBFFDBBFDF@D@F@DA@AB@@ABBB@@@B@@EBC@A@A@@@AB@BB@DB@B@@@BCDCF@D@BBB@BBBBB@BAD@BB@@DAB@D@BAB@B@@RFNHLFNBVCTER@XDXDL@BBB@BB@@BBDAB@B@BABBDBDD@BD@B@D@DBDAD@B@DBJDBBB@@D@B@B@DBB@B@D@D@BHFJHHLLHLBRAREFGHO@OEQCMAIDQLIRGTEPANIJEPM@@BCBCDABABCB@@A@@BABB@@B@@@B@D@B@BA@A@A@@@A@A@@BAB@@AB@BABC@@CG@ABABABA@ABAD@B@BBDDB@DDB@BAB@BAB@@@BA@@BC@ABAB@B@DBB@BA"],"encodeOffsets":[[109904,26111]]}},{"type":"Feature","id":"451223","properties":{"name":"凤山县","cp":[107.044592,24.544561],"childNum":2},"geometry":{"type":"MultiPolygon","coordinates":[["@@@IDABCAA@CBADADAB@FA@@DC@A@C@ABADAB@BA@AAAEAGECA@A@A@AD@DBJDHFDBDBD@DBDDDBB@D@TDNDTLNHLFLAPCP@RBLAJGJKHIJCH@JCJADEBUCMAQCIBMFWD[DWD]@SBSFQDKDIPOPSNUDKHMHODIDM@K@IAIEGGCQBOHOBQAYI]CW@KCUMQSMQGQGKMIQEaMKEKEGQAGAKFIJGFCEIMEKIGIAKFGPANDNC@AB@D@BABCAACG@G@A@CAECCEC@@AC@ABAB@B@DB@BBBBBB@@@B@@AACECAA@A@CDC@@B@@AAAA@C@E@CACACC@GAE@AC@ABGDEFEHA@AACCCACGECA@@B@B@BB@ABA@@@ABA@@BABBBBDBBA@ABA@ABE@CACACAIAC@AAAAAEECCCEAGCEAAECOCGIEU@SBI@MBMBI@GAIEEGBG@QGOGGIEMCIEMIIIBGBMDOFG@GAKQEMAKAIAKAICEHEFKDEFKHEJEV@NGPINGPDJHRJLHLAFGHKHKP@JLHTJJJGNILENMDGAQGQ@YPER@HALENQRQPKDKFKHAJ@HHNFLBPI\\MXMLICS@UVGTARHNHN@L@HANBNBR@NCPINOLKJS@GAE@EDABAAEE@AC@CBC@A@AC@A@CB@HABA@A@@@AAAE@A@C@E@CAACA@AAGBE@AAECCAC@I@CAGCA@CB@BBB@FBN@DDJDBHBJBDFBDDFDDFDBDADBDDDDBDD@DBBD@NED@TLVDTDRDXDRBR@NFNJPCRANEROPKPGLCNEHC@ABC@ADIHIDEDCDADAD@D@BADCDAD@D@D@B@B@D@BCDGBAB@D@FBDDDFDDBDBB@@JBFBDBFBJF@B@D@BCFEDCDABAB@D@B@BABBBCHBBBBDBJBBBDBBBGVABAB@DBB@BABADAFAB@DCFCDAB@B@BBBFB@DHPFJ@NAJCPEPITGJARDHNDJDDLBHLBNMLOHILGRILENCJGFANCJCFHBPCFKNWRKLINCJDJHFPBJ@NDJFHJ@LDN@N@JDDJDJAHENMJQFQJODI@@DE@EAGBEBADAB@FDD@DBHADBB@DDDBDFD@B@D@FA"],["@@GBI@AACAC@ADAB@HDFFDDBD@FAACBADAFC@C@CAA"]],"encodeOffsets":[[[109662,25370]],[[109716,24949]]]}},{"type":"Feature","id":"451224","properties":{"name":"东兰县","cp":[107.373696,24.509367],"childNum":2},"geometry":{"type":"MultiPolygon","coordinates":[["@@FCJQHOBQDQ@O@KAK@QDMDKFQBIBC@MBKFMJCRDDB@@B@DBDBB@D@B@BBB@DD@BBDDBB@FFB@@AB@@A@A@CAA@C@CDE@ACCAEDGHG@@BIDOFIFKCGCIEKCAMCQEI@A@EIQCG@AAGEC@A@EAKCI@ARAPGDOBA@EAECGEAC@C@CDCFCHADCDCBC@CACACCA@CACI@QDEAAC@S@MAKCIGKGG@KEEIAGDCREX@@@@GJCDADABBDBBB@DB@B@B@@@DB@@D@BCDA@ADADKDCBA@AAAAAAC@IACAA@A@AB@B@DABAB@BA@C@AACT@BBDBBB@DA@CBADAFA@AACDADBDDBH@FDDL@LD@BCFYRIHEHABAD@@îŶ"],["@@LEHCJIHM@QAWASCYCS@UBSDOHOJUJULKRIXGRANDJFHLRZJPNPJJVBXCP@NBJAHGHOFEJBJFHJBHDFHBLCNIJIT[X[JMPGFCHAF@AMCSGQCK@KAMAMBIFGB@RGJAHAH@BA@A@C@C@CDCBCDCDIBEDEHCF@FAFAFEDCBG@A@CFIH@BAFBHBD@DA@A@AEG@CDADC@E@EBCDADAFAFHBBDBB@BA@C@KCCDC@AAAEE@CAADCBEBE@CACAI@A@ICIDONMFCíŵG@ECECECIAGAAAECAAACISAC@ABAB@BAB@B@B@DFB@LABABAB@HCDAD@@@BAB@@BDS@@@AAA@@AAA@A@A@AA@CBCHGDAFCBABE@CACBCDAB@FBB@DAD@DA@ABADCDCB@B@BABA@ABABAD@DC@A@@AACCAEAEBADCFC@CAAGCA@E@CBEBADADBFBDHDBBAB@BC@EBA@CBABCF@@ABCBCAA@AACAE@AAC@EECCEEA@C@AB@B@B@DCF@DCDABCBE@EBE@CCAABAB@BAHA@A@@@ACCCA@ABAFCD@FCBEJKDGD@D@BABC@A@CB@FDB@BABABA@CAC@CEGCACAC@EACAGEA@CBCDC@AAC@CAEDAB@BBDD@H@@@DAB@@B@B@@ADCPAJABCDEDMFODMF@JbD@PGFQAM@MBK@ECAMFKCGIAKBI@ED@HDNAFGFGFADEHEDKCKIWWKICMBSVMIECKEKKMWHMBKFKPKPGFKAOIUCQCUCWDOBQFSLQPGNCN@PBRANCJAHAL@DBLCNGLKBIBA@C@AAEBK@A@ABADCB@D@BJBDD@BCDDHBBD@@B@FHFDD@B@BCBABCAAAA@EEG@ADEDG@EB@FDFNFHB@FCDG@OCGAEC@KEEECC@C@A@CB@BABABAAC@CAGCIAEAGBEACAECCAA@ADABC@ABA@@BBDFJBD@BA@CBAAGAGAICKBAAA@AAA@C@C@GEKBEBBD@BBB@D@DEDCBABBD@@FH@HCJ@D@BDD@BADCFA@M@@B@HDHBBADABC@A@@BMDMCOBEHBLHJLJNFFJEDIHEJBLBHHRLFLFbNRFNJHLHRNRRTVNLDX@^DZJRBPAPGRAHDFHBJ@J@LCNCJGPGNCLMVOTOPCJCLERAT@TC^CXC\\EXANDJBRDNAVCFIBIDG@IDGJILIHKBQAO@ODKBKEMGSKMCSCC@A@CACCCAC@CACAGEICCAC@@B@B@BDBHFFBBB@BABA@CBAB@B@D@BCD@@EBA@CBCBAB@DBBADCB@J@@DBBB@B@BBB@@DDDHFJBHDLJLRJNBRFRDPCNANEP@LJJHPJPFPFXJN@LAJKJCPCNBNFPHPFTFN@T@ZDPF"]],"encodeOffsets":[[[110236,25091]],[[109901,25440]]]}},{"type":"Feature","id":"451222","properties":{"name":"天峨县","cp":[107.174939,24.985964],"childNum":1},"geometry":{"type":"Polygon","coordinates":["@@`MZI`IXEVEJAHEACA_@@BABAD@HAF@DADEDG@IDG@@@ADOHGNDJBZJRFL@RALAJ@FCBCBGCGMKIAKEMIGMGU@MHSFMAOEIOQOKIKCKBMFKNKHKHMBGFKHKNGREHC@GAI@O@IHMHEHCrKjCVBH@JCDE@G@EKGMCECCCAGHGNEHEFEBGCGMKKCGGAG@OBIBEHKN@JBTFNKNMNQFIBKBGBKFEJAN@JAJGJOJUHYDWDUFYBODODKFKJMJMDK@KCICEAMBMDKBMCGCEK@OBSFWFG@IEMKGGCMDKJMNKJINMZIBA@@@@NEHGFIOEYCS@M@SEOEOGMEMAODIDILKBM@WIOEOEOIIGKIO@MFMBODQCQEMAQIIKCKAGEICGCC@@AA@A@AAACA@@EBC@A@C@CECACCA@CAGBCAC@ECA@CBABAFBH@FCF@@CJIPERIRMNGFIBICCC@I@MCM@KGIIEMCI@OAGECIDIJMLKXQLMDEAOEGIDMDEBIHMDKFQJKHGJKPMNKAAGCKICMCCGBQHIJSFODOBI@MEIGO@CEAAA@A@ABADCDE@CBABEBCBA@AAA@CBABAHUAACAAAIACAAAAADGAABA@A@A@CBABADCFCDE@A@C@AIEEACAEAIA@@AAACCCCECCEAC@A@ABCHADC@A@A@C@C@C@CBCDABC@C@CBCBCDCFGJCJ@BAD@BGDMFKDOHOLQPMFQBODFNBFAFIFSHQLEFGFGNGTINMLYHWBaR]PUJWN[XS^BNNTHFRJVF^FVBXEPGXQTMnKNHDH@LANFLLLB@@D@BABGFCB@DBBD@FBJFDBBFBFDDDBBADCB@FBJFBB@DAD@DDBJDNH@@BA@C@C@ABCDA@@NED@BB@F@H@H@BGJCDCBBDAJEJKPMRSJQDGFCF@JALEFGDMDOFUVINIROPQVU\\MdANBTPNJ@TEXBHH@BAHCFAD@FADCDCB@BABCFABABABA@CD@@EDADAB@B@B@FAB@B@@AB@BJFRJDF@BEFEFAFABBBABCBCBA@E@@@A@C@A@C@C@C@A@A@ABC@G@A@@AA@CCCAA@A@C@A@A@AAA@CACAC@A@@AAA@@@A@@@A@A@A@AB@BAACEACACAAACACAC@CAAABAAC@AECEEEEECACGAABEBABABEB@@AB@@CB@@A@AAC@EAGAGAE@MDA@A@CBG@A@A@A@@C@A@E@A@E@A@@AAA@AAG@CAA@A@@@AAA@A@A@@@AA@@A@CB@@@BABAB@@AB@@CBA@@BA@@@ABA@@@AB@@A@AB@BA@@BA@@@AB@BA@@BA@@@@BABABABABABAB@@ABA@@BAB@BAB@@@B@B@@@BA@@B@@@BA@@@@BA@@B@@@BA@@@@B@@A@B@B@@@B@F@B@B@@@B@BBB@@@B@B@BB@@F@FDFHDF@HDNFFDADBFBFDBFHFHBHFH@FBBDBD@BDBDDFBBDBFBF@HANCJBHFHFFFDLDJ@FBLBHDFBNHHBD@HBJAJ@JCJGLMLGF@D@B@D@DBLJJHH@D@BBLLDBFDJDD@BABBDABAJGBCHALGH@N@LBPFLBDBD@@@DBBBB@BB@@B@B@@BBA@@B@@@@@D@H@FDD@HBHFFBBBD@HAB@FBFAF@FCPCJ@D@D@DBBBDBBBB@BBBDDDBD@DBD@B@D@D@FAB@DBB@DADBD@D@HBH@DBDBD@DDDBDBBDDBDDDDDB@FDFDFBF@HBD@H@JAHAFAH@FANGRIDC@@BABA@AB@@@BBDBBBDBB@BBB@DBD@BBB@B@B@D@@@B@@@B@BBBB@@@B@@@B@@@@ABADCB@@CDABABABAB@BA@@B@D@BBDBBBBBBBBDBB@DDD@BBBB@@DBB@B@B@B@DBBBBBB@@BBB@@B@@DAD@H@BADADAD@B@D@BBBDB@@@B@B@BA@A@ABAB@B@FAFA@@B@D@DBF@B@BDHBD@D@D@DAD@BBF@B@DBB@BBDBD@D@DAFAB@DAB@BCBC@CBA@@@A@C@A@C@C@C@@@C@A@@BC@A@@BA@ABAD@B@DABAB@BAB@BAD@@CB@DA@@D@B@B@DBB@B@D@B@B@B@BAB@BAB@B@B@@AD@D@B@B@D@B@B@DABABA@A@EBA@AB@BAB@B@BB@@B@D@B@@@BBB@D@B@D@B@DAB@BAB@@@BABABAB@@@B@@@BA@@B@BBB@BBBD@@BBBB@BB@@DBDADBB@B@BDBBB@@BB@@@D@B@BAD@@@@AB@BADAD@@AB@B@B@BBBFBBAB@B@B@@@BBD@B@B@DDBBBBFBB"],"encodeOffsets":[[109573,26075]]}},{"type":"Feature","id":"451225","properties":{"name":"罗城仫佬族自治县","cp":[108.902453,24.779327],"childNum":1},"geometry":{"type":"Polygon","coordinates":["@@BBB@BDBAL@D@@ACAAA@AB@DAFADAB@BB@DDDDBBB@DJDLJAH@J@F@BDFFBB@HGJEH@DAHBJDHFH@H@DBBBDCD@F@BA@E@G@CFGF@VABAB@@@B@@@BB@@@BBD@DBD@FBF@FLJFHHFDH@DBDBD@DBBDDFDJALINQRANDNFTLHDJEHICGEKACBGLAN@LBJBJ@HEJGFAJAJBPDNLRPHNDR@NDLDHFFN@LGLAL@LHPJLJJNNNJHFFJ@JGFMNUJGLGLMHQBKBOHSHWFS@QEUCSCUCKGGGGEECIDMCSGGIGISEMGEMEOIOIOIMMQMMIMEKGMMGQ@ODQLUTIZA^E\\D`B`DTJPHND@FCRBJJBNBNBHCLKLODADCDC@GD@HGHAHEFGBC@GAGEGACC@GAE@EACAACCGB]BIBCFADADCCEEGCCCKAK@GBC@@\\BNWEOIQeaC@CFGJKFI@M@IDGF@HAJALAFGFGDIBG@GAIGICOCM@K@KBICKKEKO[CK@EIGOEGCCKEMCKCGEEKEOAIAG@EAIGBCFEFCFAAEGAKAO@GBEFGGAGEM@GDGJGJAHEFMBMBKDGHIFEHAFCDEAGECGGACEMEGGGIAG@KBICICGEQIGEECGGIBOGKEMEGBGDGFCHEHGBICKCKAMAIBKBKBOBQ@GDCBAF@HAHBJCLGHGFCB@@@@ABGBGAKAKGIGGGEICIEICCECECIAICG@EBEFGFGDKFIBIDGBKAGDCH@F@JBHBFCHALAJ@LBJ@F@HAJALAP@HCJEJELGLKLEJMFG@ECCCGIEGEEECECC@CBCDKJEHEFEEAG@GECEACBCDE@GCGGEKAK@CEEGCE@CDADCHAH@J@FADCFGFIJKHGFGBKDGAG@AB@D@FADCDCD@FBFDFFDJDFBDD@HAJCLINGHGFKFQFIHCHAHAJAT@NBD@B@D@BBHDB@F@FAHAF@BDL@F@HAHBDADCBCBE@ABCDADBJABABAD@DDFDDDBFLBFDDDDF@FBPB@B@@@DBD@B@DCBC@CDA@C@CBE@BBFLDDHFFFDHBD@D@D@FCFB@@B@BBF@JABABIFIP@@DHFHJDLBNBLAJCNGJGLCJ@NBNDJ@HADCFCDCH@FBJBLDHFDH@D@H@L@DAJ@HEJCFEHCL@FDDHDLDRHPDHDHFHHDJFHHFFBFBHBHCHGJEJKFGJEFAHBBDBFBDBHBJFB@D@D@TAJAD@BDBD@DBDBFJBDDBBBB@F@"],"encodeOffsets":[[111324,25704]]}},{"type":"Feature","id":"451226","properties":{"name":"环江毛南族自治县","cp":[108.258669,24.827628],"childNum":1},"geometry":{"type":"Polygon","coordinates":["@@B@D@BFDBD@DDD@JDHBJFFDDDBFBF@DBDFFDCD@D@@@L@D@BBDDD@FABB@B@B@DDBB@B@B@DDBBD@B@FBB@DB@BBBDBB@D@F@DAFA@@BBBDBBB@HDBDBBDDBDB@DD@@BBFBBBDB@@PDNBHBLFNFNFPHFFDFF@NC^DB@@@DBD@DBFBF@BCJBN@DBFAJ@JAHCD@D@FADAD@LDXJTLBFB@DBF@BB@BHTDRJBFBHDBDADBL@J@JBJDFFDFH@DCFGJENANFNFFJFLLDP@NELKHIDCJ@DFBLD@B@BDDJHBHBHBHBF@DABA@AD@FDDABAFCBGB@BGL@@FDPDHADALCFDFBFABAFAF@B@BDBH@AD@B@B@B@BD@BDFBHADEBED@FBDFDBBCBCBEBAFEHIBCDEBCACECAABCDCHCJ@DD@BDDDD@HDHFHDHDF@FBDFDBFBLIDADCF@FAB@BB@BB@D@DCD@DBDC@@HQBG@CAE@EBCD@FBJBF@JED@HBDDBBADBB@JADABGBEFIFABA@AB@@@@@@BB@@@@@@@@@@@B@@@@@@@@@@@B@@@@@@@@@@@B@@@@B@@@@@@@BB@@@@@@@@@@@B@@B@@@@B@@@@@@@@@@@B@@B@@@@B@@@@@B@@@B@@@@@B@@@@BBD@B@HJNHLFLBJ@LFFDHLJJJHJNHTDJED@@BD@BBBHHB@B@@@DB@ADADCB@BHABAB@DBBDBB@@@DBB@D@F@D@DDBD@@JCF@DBDBHAHGBCAC@GBGFEHIJCBADCHEHAFCFCDCDCD@@BDBDBBAHGFCBADEHMBGBGFABE@CBEFG@CAEBCDMDGDGNEFAD@DF@DBDBFBDDBFBJDLBJBJBHBDFF@FAFAJBH@DABEDEJAHCFEDEBE@IBADAFCDC@AAAAC@CACAA@EBCB@D@HDD@DBDBF@BEDADAB@B@FEHADADA@A@A@CBCFADABEBCFAB@B@BGDEHEBE@CACCCBABCFCJAFAHAH@FCBE@GFGDA@CDCBA@CCCAA@E@CAAAA@CDABA@@ACBAB@BADBBCDEFEDCFCD@BBBGDGBCFCFADAB@DBBB@@D@JCFELGFEBE@AAE@ADC@IBEDEBCAI@CBAD@@EAEEK@EBEDEBEFGDAEG@G@WBETSBCD@FBFBJEDBF@BC@GDEF@B@BABCDCJAHAFEJGJCHC@CACAAAC@AAC@A@E@GAEACAAA@C@EF@DBDAB@BA@C@E@KBCG@CCCCSECAA@EBADAAAAA@@BA@CAA@EBAA@QB@EBK@AECAADEDEDA@A@CAAB@D@B@DDDDBBBBB@@CBABADADA@CB@BADAD@FDF@F@BAFCE@A@AACAACEICACAC@CA@ABCBI@S@C@CEAAIAGACAEACGAEBIFEHILIFGHGDGAEAEAGEEGCIGGGEGCOCQGKCGCCC@EDKFGDEFI@GBI@C@K@G@CCGGEKCIAEAG@CDEDCDGBI@MCMAI@KDIHMHIDKBMAKAICEGCG@@JOJEBABA@IAE@A@AA@DE@E@C@CACCGEEGECCEKAAF@DAD@B@DCD@DA@C@AAC@C@@@AOAEAE@CCCCAEEKCACCCE@CBCBABAAIBCDCBAF@DADABCACBG@G@ECK@AAA@AA@A@GBAAAAAAACAC@A@@AAA@CAA@ABEBABKDIDEBQEM@I@IFGAGACACC@IFCJAHEBGAAECEC@C@EBGFMDEDABGACGCGAEC@E@EHGDG@EBIAEEKEKMKIKOGOGIGCIEEAEACAECCEAEAEAEAEAGDADCDGDE@EBIAK@GDI@E@G@EDCDADADEFEDI@CAKCKCU@ICC@CACCBECCEAGBGFMFMHOHODI@IBCBGBGBK@GDIBMAMCGBA@CBABABA@AB@BDNBD@BBDAH@BABG@AB@B@BBDHHFHBB@DABGFCBCDCBE@G@E@EACCCCCGAA@A@C@EAEAEAAACECAAA@CA@@CCGEGCKAKBIBIFEDIDMBIBM@IAGBIBCBCDCDEHAHEBIBQ@MGGGKIIEGEECGEE@E@EHILGNCJGLCJKHGBODORKRMHWBYHA@@@GAA@CFEFAF@DBBNBHDFAHBBB@DADABIAICAB@B@HBPDJ@B@BC@C@ECCB@@@BDDDFLLDDDBFDBB@BAB@BA@A@GACAEECCCCECKCA@CBABE@EDCD@DDHBFADABCBEDCB@BBDDDJAJAJ@FDBB@DC@CDGFADGJGTBBHHDFBBDBBBDBB@BBBBAD@D@B@B@BDBBBBBB@BD@BDB@BBB@BA@@BC@C@ABA@ABABAFAD@FAB@B@J@B@B@F@HBDBFBDBB@D@BCFA@AB@@CBAB@@@B@BAB@@@B@BAH@BADEPCD@@C@K@A@@BABAD@@ABB@@DBDBD@B@D@@AB@BA@@@ABABCFAD@B@DABBF@FAFAD@B@D@BBFBFBD@D@BBB@HA@@BABCBA@@BCBABABABABCBEFEBABABIDE@ABEDABA@@BEL@BABBFAB@F"],"encodeOffsets":[[110428,25719]]}},{"type":"Feature","id":"451227","properties":{"name":"巴马瑶族自治县","cp":[107.253126,24.139538],"childNum":1},"geometry":{"type":"Polygon","coordinates":["@@EBC@CAECCE@GBABCD@DBBBJ@HA@AACFALAHFD@D@B@BBB@BBLAJDHBHBBBDAB@@AACEIAC@AB@BAD@BABCB@DBFDDBFBHAFBJBHDDBD@BBBABA@ADAB@D@D@FDFF@LFDHBPDH@DC@EGAMECE@EFAH@FCBCH@FFB@BBDBBADA@A@ACCGE@E@AC@AACGDC@ACCIA@A@CDABCBAB@L@FABBD@B@JALAHKDMAK@CBKBGDIBMAQ@ODMHMROTKREPAXCVDRDVDPJLBHELOLOLENAXGLNFLDLJFUNATDNLJXXLJLDFCFGBCHEHEBECM@GFCJ@LAJBDHELBNFDL@NAN@RBHE@OaC@INEPCNEFCDCBABIDOBC@@@A@AA@CB@@G@C@AC@ABAFCDBD@BBD@DCDAB@CAACBADCCECGAC@ABAFC@EACCECCCC@A@CDIAEACECEACCCC@CACCCEAEAEAGCEECAG@EBEBCBGAIAGCECGEKKGGCACBA@ILABA@C@C@E@EBEAEAIBAA@E@G@ECEACCEEAIA@@C@CAEACECCEEE@KDEFCD@HBF@HAFADABAH@F@@@BA@A@A@ABAB@F@D@BCDCDCBCBCAECICOEECAEEGEEMEGGGIBEAC@C@A@ABABAFADANABABCBC@CFEDIBGBADCBABC@EBEBEAI@IDOBUDQFONONOLOCWBIBK@GDEDEDCHEFAHAJBJHFBD@FEHGDGDAHADBFDDBBABG@G@CDGDEBE@MBG@IDCNARHHEDCBEACCOAIBGBCDIBECEEEIACC@CHMBEFGJEDAF@DADCQIQOGGAC@@@@CEEECGEKKGICGCG@E@CDEJGNGNMTGNIHEBEAIAC@GDGNEPALAPAJCJGHGF@@A@A@C@@@CEAGCECCE@E@G@C@GDIDE@A@C@CBADABCHABI@I@OBEBCHENCLCRCNEJCHEHGJEHCHAJBFDJBD@D@BCFCDC@C@CAECCEGKEMGIIIKIOGK@MBMFOBQDMFOFOHMDSFKDE@GDCBCH@L@JIPGLEPEVIP@@CDABG@A@EDABC@AAACA@@ACAEBG@CBEBK@M@IBEBGDEBE@ABCDCBA@AA@C@CIMKQMIUAQFYJQPGLQVKLWNWFQL@NLLLRAJI@KEQIQIMAMFMJKLSNKVCDGNKPKTINITCNBL@D@D@B@@FBLFDFJHRHRFRFNFJJHNDRFXBPJDLBJBLBNBRFBL@HEHCPANAHJJNJJFNDJFHHHP@RAHFHJFHBJ@NANAJ@TAV@JFDHDPBFFBHDFBDDFDBFBBBBD@JBDBDBDBF@BAB@BAB@AAACAABA@AB@BA@@B@BAA@@A@A@AB@FDDHDBDDBBB@FGFEHCBAD@@BBF@HDDDBDBF@D@B@BB@BA@@@CD@D@BBBFDBD@BA@@@A@AAAA@ACAA@A@AB@BBD@@FDDDBF@DN@B@DEBC@ACC@A@CDI@GEG@@"],"encodeOffsets":[[109712,24960]]}},{"type":"Feature","id":"451228","properties":{"name":"都安瑶族自治县","cp":[108.102761,23.934964],"childNum":1},"geometry":{"type":"Polygon","coordinates":["@@FJ@JAN@NFPPPRNPHLCLEJKLGL@NDHABADEBE@CBGBEBCFE@C@GBAD@FBJFFFHDDBBDBDBBFBD@FBD@@B@BADADCD@D@BDBBFBHBDB@BAFCFCLBDDDDDFABADCBEBCBAB@B@DABCDAFAF@@KJMRITARFNNNLFPFTFRFJ@PAT@FHDJAHCLCV@NFPHPFTENIXFHNDPATCREXA\\CR@PBJALAJAFCFALAH@LCJEFEDEFEI@EECE@EDGDELCF@DCBE@EBGFCJCFAFCHGBEBE@EAEAGCCCEAE@E@GAGAKCGAEAGDIHEJCJCHGJGJEJAH@HCJEFEBCBGACEEEEACBCFGDGLENIJCJCH@HAJCH@FBHBJBJAHAH@L@LFHD@F@FCFKFGDCFAHALBJJLFFHBHADCDIBKDCHEJAFAJAFCDCJGJCHAHDJDHHFFDFDFHBDEDI@EDEHCF@JBFBFBDABCDG@EBCDCD@DDBHAFBDDDFDFCDC@G@GDGBEDCFEFCDCBCDC@GAGBEBEHAJAFCHCHCBEIAEBE@CAAEAE@EDEJBFFDBDDH@FABEDIDGFEHAL@H@HBFBDEDEACCEEECGDAH@BCGGKCGCAGFGLENCR@R@L@FBDDDD@FAHCFBHHBJAJEHG@@DIDGDGB@FEJANCN@DCBADE@@BG@GHKJKJIBADGFCDCAEAEBE@C@CACCG@ADEHADCBCAEEAK@GAAABGDEBCH@HBF@FEDE@CEEKGGAEACAEKAGCGACGIAE@CLEFEDI@QDS@IBCFCFG@CCEBCBADAFCBAF@H@@@BA@AAA@AA@G@G@E@CAC@AAAA@ABCBA@ABA@EAMBCBCBA@A@A@A@AB@DCDEBGDCD@D@@@DA@C@IBAFGFKBKBE@GEQCOGIEJAH@HCFEBM@C@AAACCECCAAAACBA@C@EAECECIEAAAAA@C@CDA@ABADBD@F@DADEDGFCBCBQDE@MAC@C@E@E@EAGAGEEEKEOGIAECEAECCEECEG@A@AB@B@D@BBDADC@A@@AC@A@CAKAEAAAAGBCBA@AAA@@AA@@ABECCCI@C@GDCFB@B@D@BB@@BBADKDA@C@EBADAAKAAACDABEAC@GCC@CDG@CAEDE@A@AA@AAAAC@A@EBUMABCHCBGGMBGCAEDEEA@AK@CECCCAE@@IH@BEGIBAD@BEIICCCCCAEECAAAEFCABIECDCGEBAFC@AEAACA@AA@C@ADEDC@@FDDCF@FAD@DACECEACACMGICBCAAAA@AA@G@@ACCACBABCCC@E@A@C@C@A@AC@AAE@@@AFEBBB@BABAB@@ABHHABGCCB@F@DGDEGEEAAAA@CDBDCECAEEFG@@JD@@@DBCDBDM@@EAEAEC@GFABAAAAC@CFAD@FD@DHAHABA@AAIBCDDDBB@B@BA@@@CB@HDLAF@FAFCJC@@A@CEAABA@C@@DEBABAFEH@B@HCHKEECECGGIICECGCI@C@CBEDCDCDCBA@A@CACAACAECE@E@C@CBCBEDCFENEJABABCBIFCBCF@BEBEBG@ECEG@ABCQSCEAGAE@C@AAEAEAC@AA@ICCAACACCECGCEECGAG@C@GDE@EBEACBA@CBCBEDA@A@A@A@CACACAOKABAD@BBDA@ABAB@DGPA\\QJkAIJMHQ@Q@GFHLBBNDBH@FCJBP@FAFADCBMBCD@DDDFBXBDB@D@DADEDCBU@KDC@GBABADGH@BBH@DADCBA@A@CAGIEAA@CAA@ADBDBDBF@BABAFIBEBCCGEKGEAEDEDEBGCECIBEBC@IA@@G@EBCBAFBFAFEBKFCD@DRLBD@DABABEBEBCFCF@DBDDB`LB@HFHBHDFFHDLFJB@D@D@DCFCDCDADGBABED@BDJJNRTCDI@IIIIEG@@@@@@A@@@@@CBBNHLCFG@KGGBGHIBE@UIM@M@IJFTCNGFUSCACD@PGJIJEJIHIFSNGRBNF^P^JPPPJR@PALOFUFSRIPGVARCTBXBTTPAJENALANKJINBFNBN@JHDJDFCHC@MGCDDJBJANJLEHCBIEI@EL@NELGL@FHBJJCLA^"],"encodeOffsets":[[110355,24953]]}},{"type":"Feature","id":"451229","properties":{"name":"大化瑶族自治县","cp":[107.9945,23.739596],"childNum":2},"geometry":{"type":"MultiPolygon","coordinates":[["@@B]DKIIGA@EHKFK@MFKJ@JFDAFGIKBMAICIDCNHD@DGCECIIGM@MAAEJMLIBMBKFMBISOASAWDSBQHUJOTQVEPEBK@OIQOOIOO]E]AMHQTMJEJGFIJIHI@ODCDBVTHEDMESJIN@N@VJF@JAHGHALHH@DEGKAMDA@@@@B@@@@@@@FHJJJJJ@DCQSIMCI@AFCBAHABCDCDCDE@C@C@CIAKEGCEEGCGAGEA@_KCAAC@CDEDEFAFABABA@CACQK@CDCLEFABEAEBEDAFAH@@@JBD@FAJAFDHDFAFCFCFBLHHFDDFAJABEBA@AAEACACBCB@DBB@FBHJDBB@B@DABC@CAG@AHGBCBAHAD@LCV@DAFCBC@C@CCAWAEACC@CDCNADABCBE@EAODI@EAGMCAAGKHER@R@NGJIlBRIB[HO@CBABAB@AC@ABCBACAACAACACCC@A@E@CACAACCCAEAE@C@C@A@CA@AC@A@@AAAA@A@A@AFGDA@CBE@C@CBC@CBEAGB@DAB@B@@CACBADDFE@ABB@B@B@BB@B@@@AC@A@A@A@@BABBBA@@@AAABA@@BBD@@@BC@CCACABEECDGECKIBGCCE@EADEE@A@AG@E@CC@BEBCCACCICI@C@CDA@AAEI@@@A@E@E@E@EACAAACACBEDK@C@AAAAEEAGEIEIAC@G@GDC@AB@D@B@DAB@BCDAD@DABADABCDEDIFABEDEDCBA@CAAC@C@ADEAA@AC@A@ABE@CACAAA@C@A@A@AAAA@E@GB@@K@EACA@A@C@EDGAECCECIAG@CAACBIGGGEEAEBCAAC@CCAA@A@CBC@@@@BCAABE@A@ECCCA@@ACAAAC@C@ADBNAFCDCBC@E@GEKKAAC@ADADADCBC@@@@ACAC@CAAA@A@E@A@EAAAACA@@CAE@AACAACCEACCC@@@A@C@C@A@A@A@ABABA@A@@@AAA@@C@A@E@GAKBCBGDGDABO@C@A@A@CAAAAA@CA@AAAAA@C@AAAACAABCB@BCBA@CCECCCECEECCEAEBABAD@DBB@B@BADGRCNCRAN@NBLBFBNBJBLLHPLNHRHNJNFHHFJHJTDL@LELALCLAJBLBFDLHDJBJBL@HBLDPBNCR@JEDGJKRCNCPQTEBOFKBMCKIOEMCK@CDKLINEL@HBLHHLHCDQ@MBMBECMCMBKBOHODK@IEKEIGIGIGKEOEICQ@OFMDKDOFIFMFIDMJKJCJ@H@NDN@LEDQFM@IBK@IDEFCFAHBRBFFFJDJHDJAHEHMBIFMDIDGAKEKCEEEECEICE@CDCBE@CBIFEHAFGN@DDDJBFFDFAFCJADAHBJDPBDAFCDGFQGMBCD@JAH@NAFCFCH@D@HAHABCAECCAGBCBCHGHEFC@EAIGIAGBEBGFCDCFCF@HALAJDXKPMPMPEPCRAVCP@JBJAFAF@FADABCDABAHCJEF@DADADABMBCBEBABAB@B@B@DBDAFHJHHNFFFFHBFFDPFJDFDDBDADADCDC@A@C@EBABAB@B@B@@A@@@EBGBABCBE@GAE@GDCFELCF@FFDDDFFBDBD@@@JBFBDFBDDF@F@H@FBBJAFBFBFAF@D@D@B@BAJKB@DADBHHLLHFFDHDJBHBDAFAFAH@DBFFHDFBFBFBDDBD@DDDDDFBFDBDBFCJ@D@BDDDDDFBD@FEDAB@BBDDHDFCDABBDDBHFDBFBD@DBDBFH@DBD@DABABABA@ECA@@D@BADABC@C@CHILAFEDC@EDAB@BDBDD@B@@@BGBABA@ABBBDDF@FAF@DABADC@CDE@C@A@ABAD@B@FFDDFFD@BBF@DBBBB@DBDABA@@DEBADAB@FAD@@ABAAAGCACAEBCBCFADAF@B@HDBB@DEDCDABBFBFDDBB@@@BCDC@ABAB@BABABA@A@CDCDAB@BCBC@CBA@EAA@CBADBD@DAFABEDCBGHAD@DBBB@B@B@BB@@BB@B@@BBD@B@@ABABA@C@ABAB@B@DBJBD@BBBBBBB@DALCBCBCB@DC@A@CA@@C@@@A@ACAA@AAACBABCDCHI@@@@FWDQHCJBFF@LHHHLDJBL@N@TBDFBRCJ@BD@DDBBDBD@DADCDCDGBEDCD@D@DBDHFFDFBB@PAHCBOBQJ@LDFBB@D@HFBBH@RDFJB@J@RFNDDBFLDJDHDDDDLJTHP@NBLB"],["@@@@BCBAFGJGZQDE@AKCK@CC@EAGCCCACBBD@BEBCBAB@DCBA@AAAC@A@AA@AB@@C@CBGDA@ABABKBA@CEA@A@A@ABA@AB@BBDJTBDBBFDBBHBJBFDFDFDH@"]],"encodeOffsets":[[[110355,24953]],[[110149,24936]]]}},{"type":"Feature","id":"451281","properties":{"name":"宜州市","cp":[108.653965,24.492193],"childNum":1},"geometry":{"type":"Polygon","coordinates":["@@BEBG@E@ECAAG@A@C@AAC@MBSBIBGDGJGRELEHEHGJMDKBI@GCCEAICECCEAE@EDCDCBC@E@CBAH@HBLCHAHELGJIHEDEBC@E@IBGDGBCDCF@HDFF@DBLFLHHHDF@DCDAFBFD@HBHFFFEFGLIDCDAD@FDFDFFFHHJDDFDH@NEFILKHKFKFIDI@GBOBKBI@G@EAI@KBIBKDGAEAG@I@EDGHCLBHAJCJALEHCHEFEFAH@JDJBFDFDDDFJDJFJHHJHLHLBHBHABA@@@@DAHEHGDKAIBG@GBEDAHCR@PALALAJANBLBLDJDHAFGDGHEHCHANFLFPHJAGK@GBEBEDCJAFEBE@EGKUGSMWGQAO@OBGGACAE@E@GAKCIECCIDIJEH@DIVWFBDB@DED@DHFJFFDJ@HCBCBGBEDAFA@AACEEBIFIHAbCdaNMr@lVMdLLOHKHSBWAKGMMGQCSAOAKEEKBIFMBSEQAG@AAEAA@A@A@C@C@ACA@@CBAB@DABE@CDCD@FADABE@ABC@A@ACACACCAACCCCACBCBEDC@A@E@C@GAAAGA@@MAKCIGKKAGFMFOBEBG@GCICEEIAO@SBMAUCSCO@S@E@EOBMBODIDGFCDCDGFEBEAEECCIBEJCHBHALGJEFCJADBHDBBHFHDHDDAFGJCFIDEHELITGHMDMHODQBKAKAM@K@GFODGBGFAFAFABICKMIOAA@A@C@EBE@AMICECCAC@A@C@ABCFCHCDCDADABA@CBEAE@CCC@@KACCAECEGGECI@@@CCGCECEAC@A@GDA@A@ACA@C@A@CB@@CFAB@@AACACACA@AAAA@A@AAEBCA@@@CBEBCDGBCDAB@BABA@A@ABAB@F@D@BABA@CAC@@@A@AD@B@@@BABA@A@AC@C@A@A@@@@CBA@AECACACCE@C@AFEBC@ABAD@D@D@FCLC@CAAIECCACCI@@@C@AAECC@A@AGA@C@GBC@@ACACACBGKOES@GBGDG@E@CCGEEOIIACBEAIAOGKAKAGBGAGAMAIDGJGJCDAA@AAC@CCEAGCGAC@C@GBAD@BBBB@@@D@DB@D@B@BA@A@C@C@AAACAC@E@CA@A@A@C@EAC@ABC@A@CACCCCE@I@C@CDCBEBC@EAE@CBABA@@DAB@BABA@CBAAC@G@CBCBG@A@CBC@AA@AAA@ACA@@CEEGAGAMDIFIBMBEAAC@C@EFIJKFG@EBGACEEKEMAG@OAEBKDIBG@QDKF@@HJDPFR@HAFALELEHAB@J@DCB@@C@C@CDAHCFCDA@@B@B@B@BABADADBN@FAB@BABAD@BBBBBD@DBF@H@H@B@@BBB@BAB@@G@E@ABEDCBABADDF@DEHEDAD@JCT@RCJEFKF@DBFHJBDDHBHFLDBFBHBLHFF@DCFEFE@GAG@ADCFAHBBHBL@FBBFADCDGBCF@BDHBD@D@DAFBFBFCDEDCHABIJILGL@HAH@@CFABCDM@MDIBEFA@CHCHCJ@@GHIFIBGAAGDEBG@ECCCCEAK@Q@Q@MDKFEHBHHDLDHHADG@CBDHFFDFBDCFCFEAGAG@K@GBEFCHCJAFEBG@CCCAEEIACF@FBFBFDBF@FAJBAFGDGDEDIBGBAFAFBH@HCDADCDEDEFCDAFCH@H@HCDEDECCCACBEAGCCC@CDAD@FCHADCBEAEAIAE@GDCF@FCJCFGACECEEEGGICGCGBIDIHCDEDIBEBIBGFCDALCJCDGBGAEEIKAIBKBGDEHCLEDE@E@EGCKEK@G@GBIBIAGAEAG@IDGBG@IDIDMJKFCHEHADBDFFFFBDAHADEFIFGDG@IBIFIHGHIDIDGFCJBHBFDHBLBH@H@FBFDFDDBHBF@FAFAFGHEDEBIDEDAH@FAFCDE@KDCFCH@FDFFFJ@HFDBJDHDH@JCDEDGDEDKFEFAFDFBHDH@F@J@HBDFFHDDHDJCLIPKRIVIPGXAPFHFBF@FBHFDFDLFLHBFBF@DAH@J@H@LAFCJEH@HBHDJBDA@CDA@ABCDCDCBABEBABAB@BAF@BAF@BBFBF@BABCHCFCFADCDABCDEFEDCD@B@D@F@DBFDFFDHFLHJFJBNAHBBHABCDCHAF@FBFFHBPAHENAH@H@JAJFJAJHADAJAJ@PCPGNGNEHEHAFBDDAFDDDBD@JDV@LDLDDBJ@FCFEBCBCDCFCH@F@J@HCL@JBFAF@HCDCBCHCFBFBFBFBFBDDBFBDBFFFDJJHPHPHJLNLFLFLBFAJ@FCHGH@F@FFDHBHDBDAHCBCFENAH@F@DFDFDBBAHGFIBED@JDDDBHBHBJEJ@N@RFFAJCLCBAFABAB@DBB@BB@@@BBDBDBBBBBBHAB@B@@BBB"],"encodeOffsets":[[111099,25462]]}}],"UTF8Encoding":true}