{"type":"FeatureCollection","features":[{"type":"Feature","id":"370902","properties":{"name":"泰山区","cp":[117.129984,36.189313],"childNum":1},"geometry":{"type":"Polygon","coordinates":["@@DCJALGFEHI@AAAJKJAB@BK@GDEBKAC@AJEFCRCXGDCDCFEDCFCJCFCBA@A@@AA@@H@TMECAA@ECGBEDOFCBADMDGACBABCB@DDD@B@DGHC@@DABEB@HGB@FDJB@FDBB@@AH@N@FAFAD@DE@G@ADA@AF@H@@ErFD@D@B@BAFE@ABEBC@G@A@A@A@C@ABK@CA@@AA@AAA@@AA@@@@A@A@@@AA@@AB@A@CAA@@@AAGGEAIICGCGCCAC@AAAECC@GBABC@C@ABCBC@@@ABABEDA@A@@@CBABE@AACCECAC@A@A@@@A@@BA@A@A@CCA@CACAACGAACCA@GEKCCCC@AAAACCA@CAKGG@SCUGA@A@CIECCBGF@B@B@@@B@DQFFP@B@@@@DJ@@@@CFAEOBA@@B@BBP@@@@@BB^@D@B@BABA@@@E@EAE@C@@@AA@@AC@@@@@@@@@@AAAAC@C@C@IBKBO@C@@@@@A@G@G@MCWEOCGAKAI@I@CBG@CBEDAB@D@DBDBBB@D@D@H@HBFBBBDBBBBD@BBN@B@BB@B@HAF@DABBB@@BBDBB@BA@@BCBCB@@@B@@ABAB@D@DAF@@@@@D@B@@A@A@EC@@A@@BABA@@@AAGEAAA@E@@@@@AD@BA@A@C@C@AB@@@DAH@JAD@@@@@@@@@@@BADCD@BA@@BADB@@@@@BB@@@@BDDJ@DNFFD@FHDBD@BCFCBABBD@F@BCB@@DHBDLFHDJDB@D@@DADCHCDA@EJ@DCLG@CFKFGDBBFHADIHEA@ABA@AKBOHFFF@DDH@FADDBF@DBHADAD@FDPBDDNFFBDFBDJAJBBBAB@B@@@B@DA@@@@BAB@@AB@@@DAB@@ADB@AB@B@BABA@@@@D@FD\\EDCDAFAD@FB"],"encodeOffsets":[[119949,37208]]}},{"type":"Feature","id":"370911","properties":{"name":"岱岳区","cp":[117.04353,36.1841],"childNum":1},"geometry":{"type":"Polygon","coordinates":["@@BOIMEU@WDUHWJUDQ@KNYHKPMLKLGLIDM@K@@A@@@MICEAEDOBAFEBABCBE@AAAAAAA@E@@D@D@BACA@AACJ@LC@KII@CBAB@@E@AD@D@NBPB@A@GBUBKBCBAEAA@I@MGQAAADG@IAAA@M@@AFCD@BAB@B@@EDAD@@A@A@AD@BAHCRCLDBFDBJDDDJBDCDAB@B@@AR@BMAEC@@@DIB@BBFAACAAIGECAECAF@H@@GBA@ADEDCB@DB@AAA@A@CNGBCNDBABA@DLBDEFAHBD@BAAAAAABAABGFG@GCAOGAAOB@BDBADA@EAEEGAEGAC@AAEAGCC@EAAB@AA@@@A@C@@A@ACCG@ADADCF@JBJADA@AAAKCE@AABCACDEACBCECEAABCABCDAAAEABCBAFCDBBA@@AGBAJOHEFIBCAAA@@A@@DEACKCA@@AGIKGMGICGIGEMIQIMBAB@@@@EBEJOLWAQAOA[GKCMIGOMOMMKEEC@EBEDCFEBAFAFCFEAC@ECECEACAE@A@EDCDGBCDCBA@@@G@E@AACACACCACACACCACAAACCEAEAECEECEEIEC@AAAA@EAC@A@AACACAC@C@A@@@A@C@@AEAAAAA@EACBC@C@A@C@A@CBABA@IDCDC@C@AACCAAACCACAAACAA@EBE@C@C@IBGFEBEBABEDCFCBI@GDCA@@IGCC@@@AA@KDGDAB@J@@@BIBABIJ@@EFEFABCHCD@BADDJ@LDHBFAFABCDKFCBGBCDEAEBCDGBABC@GAE@CBCBCBCBC@A@E@E@AAACACA@ECIAEAGEMAK@IBMBKBI@GBEDMDCBeBC@E@QDGBQ@MCK@G@EAK@I@EFABABAD@BBF@D@BBB@D@B@D@BAF@DBD@BB@BB@BBBAFA@ABIACD@B@BBB@@BB@B@@@FAFFDJLLNLJ^VDJMNKFSHMDQ@MBUAKF@BGDCDAHIBEB@DC@QBAA@E@AECG@EBCFC@EAE@EBEAGCMA@DDFDD@FBD@@D@RB@BBDBBF@BADBDDF@CL@FFF@FA@@DABABGB@@AFBJA@@DA@EDCFDLCDAFBFAHABE@OGBAAACDC@EAABFHH@DHB@@A@CHBDDDAD@@HDB@D@BABYGEB@@ABCBA@EEA@AHBB@BDH@BADIPGZKTDPRTNHLND@AH@DDBFDDHB@H@FB@LCB@DBDD@BDFHJJAFGL@BADBBJBRDFDHFDDPFB@@DDBD@D@@A@AFGBC@CDAFBDA@@FCPCLFFEFEDGFAJEDCBAJBDBBFFBDBH@B@HBDBFDB@BCFB@@ADABABB@@@BBA@@@@BB@@B@DCFBBBAD@FB@AHBDBHBPBBB@FBJFDPFB@DAJDBFDDFDDBFBPGLA@BAB@BFBJGBCEGAAHCLEDEH@DK@CFIB@DCDGBC@CC@A@ICGCKEACCG@@DA@A@EACBADADE@AACGC@EECME@CCIAC@@@@AA@@@@A@BC@AB@@ADCBC@A@@@@@@@@@@BC@IBG@C@@BAD@D@B@B@@ABC@@@@F@B@BBHFBB@@B@BA@AB@@@FDB@B@@@@A@C@@@@BE@C@CBABA@@@A@@DADA@AB@@AAAAC@AA@AACBE@GBA@A@@A@AAM@AACAACAAAEAGAG@C@C@A@AAAC@C@CBAFCDAH@DAJ@J@LBHBPDXFNDH@H@B@@@@@D@P@LAJAD@D@D@BBBB@@@@@@@@@@BD@@BB@@D@F@FBF@@@B@BA@A@A@CA]@A@@@@AO@A@AB@PABFDE@@@@CI@@@@@AEORE@C@A@@@A@AHEDAFDDJB@B@VHTDH@LHDBB@DDBBBBD@DDLDHFB@DDBBDHBBBD@DDB@D@B@BAB@@@B@@@B@BBDFDDDBBF@BADA@@B@B@FCBABA@@D@DABAD@D@BAHAD@FDBB@BBDDDDHDHJJFBHHBB@@B@DBB@A@@BB@@B@@@B@B@@B@@BB@BBB@@BB@@DAL@B@D@B@B@B@HADAF@BEFABA@C@C@qE@FG@E@@BCB@B@HCFC@EBEBM@G@@BA@CA@EIAECA@GHA@AFCB@@GDCHA@C@CCA@ADABBDCHCNABEDCPAFDH@FBBFDSNG@@@BB@@@BABEDIDEDCDEFCDCDWHQDEDIF@BBDALCF@HALA@IBILBB@BGJEFKHIBCDCHNND@FAFBXLP@TBHPCFA@AD@DDJFBLHDBRXBDBJBBDBFF@HT@FDHFLDF@DADAFFBD@B@BHLBHBDBJBFDBHHHBDFFHXDDHFJDBHHDFBJAD@BH@FABAFAB@D@DAD@B@@IBAFBD@FANAN@LBLAJC"],"encodeOffsets":[[120163,37339]]}},{"type":"Feature","id":"370921","properties":{"name":"宁阳县","cp":[116.799297,35.76754],"childNum":1},"geometry":{"type":"Polygon","coordinates":["@@J@L@FBH@L@NDR@HARCF@D@fADANCFCHAJ@LANAJAL@NBHFFBJBFDB@BDBDBBF@F@B@D@DADADADAF@HBD@BAHADCFAFBDCHADALEDCBABEAECG@KCIBC@ADCDGBAFEFE@@JIBAJA@A@@@IBAHCLCB@@B@@DDJH@@DBHCJ@DADEFCBAFAFAHEJAD@D@F@FAB@DBBBBCAGBEFEFC@@@@DAFEJIBEBCBK@ABCDG@M@ABEBAFIBADEJMDCFIBABCB@DAH@H@FAECAAAAAECCAAIAEACCCCCAICIEE@CAA@ACCACCE@C@A@EBG@EBG@G@GBI@G@CBIFCBC@G@E@EACACACAC@EBC@E@KDIBIBG@GCC@ACAAC@EAC@EACAE@E@E@ECECCAA@C@CBABABBBHDFDBDBD@B@D@DCBCBEBC@ABG@C@IBC@CAC@GBIDABADAD@D@B@BABCDEFC@E@E@EAEAEAECC@EAGAC@G@EBGBGBC@G@IAE@C@EAG@EDEBCBGDEBEDG@E@E@GAGA@C@C@EBCBECECEACCC@CCECE@E@CAGGGACGCE@EAC@CAE@G@GCCCACAACE@CACDEDAFEDGAEACCCACIEECEECACAGAGCGAGAGACAEAEAEBIAE@EAKAGCCECGEGACECGAGBEBGDGBKBE@EDGDEFAB@@@@ABCBCBGFCBCBCBG@EAEEAC@GAC@CAICCAECACAEAEAEBGBGDCDCBEDCDCFCD@DCDABAB@@@@AB@@@@ABEFEAEAEAEAE@EAE@@@@@@@E@G@C@E@EBIBG@EBG@EBGBEDCFADAF@FADEDE@E@ICIAGAGCGAECE@EAGAE@EAEAEAECEAEAGAEAE@E@CBGDAFAF@F@D@F@FAFDHAF@F@HBF@JBFDFDBDBDDHBFBFDFBF@H@FADAFAHCF@FAD@DBFDBDDFBDDFDFBDBFFDDFBFBFBD@DDJBFBF@JAFADEDEFCDEBEDGDGBIBGBGDEBEBCDCBCBCFEFEDED@@@@ABEDEDEBGFAF@DAF@FBFBDBDDDDDFDLDLBHBFBFBD@DDHDFFHDFDDDBB@@@FBD@D@DBD@BBBBD@DBD@DBB@DBBHF@@JAFADABAD@B@D@H@D@B@DAB@BAB@HBDBDBDBD@D@D@D@D@JCBAFCDADABC@A@CACACACA@@CAAA@CCAABGDCBCF@HADAFCFCHAD@F@D@H@DBLDFBFBFDHFDDFDDDBBB@DADAH@DAFAH@JADAFCDCDAN@N@LDD@HHDBDBBDBJBHDHDDBBFBP@HBJFPFNFFBDDDHBHDDDDDBH@J@FBPFFBHBJ@F@DBFBd@H@"],"encodeOffsets":[[119775,36814]]}},{"type":"Feature","id":"370923","properties":{"name":"东平县","cp":[116.461052,35.930467],"childNum":1},"geometry":{"type":"Polygon","coordinates":["@@PSPOJKJULSHMNMHKDQAOESEQ@[BOHSF@^QJENAHN@RJL^DPFLFPJNLHNFNRHPDV@LAJIDKBIRKN@X@@A@@D@BADK@AE@AG@EJC@C@CD@BCACAAAEH@@FHDBDD@B@BD@@F@BJBF@FL@BF@@JDPDR@LAfBVHLBXJZMJGRSHETEDMGWHKRBRLPFXDX@TCPAPDRALEBIGMIKGIEGIICCCG@CAAAA@A@C@C@A@CAC@ACEAA@AAC@A@GAC@A@C@G@C@ADABAB@DAB@FCDE@A@A@A@AAAAAEE@AE@IBE@EAGAECCAEGKGCCCEEEACAK@CEGEAGAM@GAOAICCACAEECE@A@AAC@ABCAAEG@E@WEM[UW@GLKUOBUESBUOOFQO@YA@@ACAC@@@C@@AA@C@AAAACAC@AAC@AAEA@C@AAA@A@C@ACAAACAE@ABA@ABA@CBA@C@CACAA@AACAA@AAA@E@C@C@A@CBCDA@CDA@@BEBCBA@C@AAAAAAAAAACAC@C@E@C@CACBA@C@A@ABCBABCBC@A@E@A@C@C@EACAC@CCAAAAAACCCGAAAAAAA@CAA@CACAAAAACA@ACAAAAACAABC@ABCBA@ABADAB@B@DAB@B@DAB@D@B@B@B@D@BDBDBB@DBAB@BCBA@C@@@@FEBEDE@G@C@E@GBE@GBEBCDADCBEDCFEFCFCDCFCBCHEFCJABADCDADA@@D@BAB@DABAB@B@B@B@BBB@B@D@BBD@B@B@D@B@F@B@D@BBD@B@D@B@B@BABABABA@C@A@A@C@A@CBAAAAAA@A@A@C@A@C@A@A@A@AAACDA@ABAB@B@DBDBB@D@BABCAAAACAAC@A@CBAB@BABCBA@E@EBAAC@CB@BADAD@BADC@C@C@GBABABA@ABC@E@AACAAAA@@CCCAC@CAAAC@AAA@AAAAAAAC@ABABABAB@BAD@DABA@ABC@CAC@ECA@C@CAA@AAA@CBSJ[JGD@@@@IBEDEFOPMNED@@@@a`CDCD@DFDLHFFFHDH@FELEHEDIFA@DdFTNfBBFAPC@B@BB@BD@BBB@@@B@D@B@BBB@B@BB@BFA@BF@HA@CD@D@@@DA@@DFA@AHAF@HDDDC@Q@@BB@@DB@@BD@BHJ@@DA@AHA@AJD@@@@@AHJB@JAFB@@BD@BDB@B@@BBNABBBCB@BF@BBAD@@AD@@@BDBABNJJDFFDJBJDDJFJDLDTDTBVFDLCR@PJFV@PAP@R@RAJBLD@@@@DB"],"encodeOffsets":[[119016,37042]]}},{"type":"Feature","id":"370982","properties":{"name":"新泰市","cp":[117.766092,35.910387],"childNum":1},"geometry":{"type":"Polygon","coordinates":["@@@@HCFALEF@DCHCB@@BHGCA@AHEPBFDBBDDB@@@B@HG@ALGDCHKEECCCCBEFABCBG@C@A@A@C@@@A@A@A@A@@@AD@FA@@B@@@B@B@BBDBBBB@@@B@BBD@BB@@B@D@B@D@DB@@@DDDDB@FABCB@BDFHBHFDBJADAL@DBB@DA@AAA@@@AD@BDDDF@@CB@H@@BD@BADGD@FDBBHADCFABBCH@@B@LCBA@AFAB@DDH@D@DCF@FD@BDBD@DHDBPFD@HAFBBBF@HB@ALAFBD@D@JGHAHMAC@ARADGBG@CBC@ABC@AACACAC@CBABCBCBCBCDAD@@A@C@A@A@C@ABA@CDADAD@BADBBBD@BBBBBBDDBBDBBBBBDBBBB@@@@@DAB@@@B@D@D@B@@@D@B@@@B@@BFBDB@@B@@@@@B@@@B@@@@A@@@@@@AAAAAC@AAAACAAACAC@A@A@C@CBA@CBADABA@ABCBABA@ABABABC@ADC@A@ABC@@@A@CBCEMKMEECAGC@@AAAEAE@CBC@EAC@A@@AAA@IACA@AA@AAACGKCIAA@AA@C@EBKDEBCBG@C@GBIFIFEBE@KBKBG@G@A@GBE@EAGCA@KGEGEACCECCCACCECGCC@CCEACEAICCAEACCQSAC@@@@@@AACEAGDCFEFC@@@@@@HCFEBCBCDE@CBC@E@CEGGEEAEACACAAE@CAGBEBCDIDMBCBCDS@C@ECEEAEBC@C@EBEACCEEGAC@@@@@C@G@EBE@IBE@E@EAC@EACACAECECACCCEIEGCEGCG@EBEBE@GBI@GDEBEDEDCDEBEDEBCBE@C@CAEAECCCCACCGCGACAGAEAIAGAE@CBG@GBGAI@GAG@QKCCACCECCIOGIIME_EUCekhEDCBCDEFCDEBCDCBCBCDGDCDEBEFGDEFEDCDEDCDCFADAB@F@DBDDFFDFBBB@BABABCBEBG@GBC@E@ICEAA@C@C@@@@@C@@@@@CCA@@@A@A@AB@@BD@B@@ABA@AD@BA@DF@BAB@BADCBAFCDCDCDCBGBIDKFSFC@IBG@CBCLABEJADCFGHGJEDEDCBC@CAKEC@AAE@EAEAEAE@ABABEH@DCBC@C@AACACAICCAA@CBCBCDABCFADEDCBGBEBABAJ@FABCBKBGAC@EAIAG@CBCBCDEBEBG@G@CBA@ADABEJCDINCFABEJABAF@B@NCHAD@BALADAFIJEFCB@@@@EDEFAFBHADDBDBBDBBDDBBD@D@DCJCB@BADAB@D@B@D@D@DAFBB@BBBBBF@@@D@B@@@B@DBDBDBD@B@BBD@FBBBBD@JFFFFDDFBFBFDFBDBBBDDDDBDBDBBDBDBD@B@F@H@@ABCDADCHCD@F@BBFBDDFDF@FBDEFEDEBABEFCDAF@FFDLFNNNPHPNJLD\\HPBRBXBPKFIFA@@@@BANARJNJHFHJJDNHLHHJ@BB@LDBDCF@@@BB@BBADEJGFIPABBHFDB@F@JAHFDADADBD@BDBBB@AFHHBBJ@DCAEFBDBBBJBJCPHNHPHB@@@@@JDP@JKDOHSHIJG\\I\\BZ@ZKNGRKXK^IH@\\@ZDFBHEDADA"],"encodeOffsets":[[120523,36913]]}},{"type":"Feature","id":"370983","properties":{"name":"肥城市","cp":[116.763703,36.1856],"childNum":1},"geometry":{"type":"Polygon","coordinates":["@@FJHF@@@@DD@DB@@BBFFVPNLRDJANCLSHKB@@EAEAACKAEB@@E@@D@BF@A@BDBB@DA@BDE@KA@EG@CAMBBHDA@FA@BBF@@B@@@BD@B@FJABBDDAB@HV@BGBMDILERINYBIFAB@@A@@AA@EH@DA@A@AFB@B@@DC@CFCF@BFD@@@@@@BB@DPFBFDDBBABA@AB@D@HL@JDHBFDDAFAADJH@D@DBJBDB@B@BAF@F@HBBAAC@@CAAABA@A@@DBHDD@HEBEF@FBNBD@B@BB@BAD@DDHB@@CB@DDBHHBLBL@B@@AAE@C@AB@@BF@B@DCB@BBBDCD@BDFBBDHRDJJTNJXL@VDT@NARINKVOVAPBNFTARJRPJFlPPFNHHFL@PAXKTKPEBBNCNAJDF@LBFFBDB@NA@AACAC@ADE@A@C@AHEJCFEA@CAA@DAFA@MFCAEFCDAH@DAFC@ENCBC@AHKBEIIEGACC@AC@CDA@KEAG@A@CGECCA@CBGC@KMMGQSCOLSHYJOBC@ACG@AAABGB@FFB@DABA@@FAZHBA@A@CCA@GC@CBCCGA@D@BA@CGG@EGBAFBD@DCBBABPHF@BABGAEBEDCCKDEFCB@@CB@AIBE@@HABABA@CB@@EEE@EDKE@CCCAABE@AAAC@AQAC@@@AC@ECCCE@CNBHDFBFAF@FBD@DEFAH@FD@B@FBBRAD@@CFAJABGDCHC@ALEVBNAR@NCTGLENMCI]UKIKMIKECBE@E@@@AAA@@AA@A@ADCJBBAB@BEAA@AAAA@@AAC@CBE@A@C@A@CAA@A@CAE@ABCBABAFEG@c@EACAE@I@GAEAOEEAI@G@CACCCCAGCGCCEAMEOEIEGAO@EAAACCCGAGAIACCACAGGC@KCM@M@CBCDEDCBIBG@EBCBG@CBCBA@AACCECCCGEECEAEAKCCAG@C@E@C@GBEDEDCBGBE@ADCDAHBBDDB@BB@DB@BDBDBD@D@BADCBCBEDABIDC@C@C@C@C@CACACAGAA@ABA@CBA@C@G@C@A@C@ABCBEBIB@@ABAFAD@@EB@BCHADABC@C@C@GBE@E@E@CAECE@C@@BFFBBBB@B@B@B@BCFEDA@CBA@ABCB@B@D@H@D@BBD@H@BBD@BBBDF@BBD@D@B@D@D@BBBBB@DDHDDJJFHHJJLHNAJKFQBOCOBSDW@WCOEQKQAGLHXCNSFGFQTIHYN"],"encodeOffsets":[[119330,36941]]}}],"UTF8Encoding":true}