{"type":"FeatureCollection","features":[{"type":"Feature","id":"330502","properties":{"name":"吴兴区","cp":[120.101416,30.867252],"childNum":1},"geometry":{"type":"Polygon","coordinates":["@@@A@A@AACCCGGGGAA@A@CBCDG@A@CA@CAAAAAAK@C@CBCBC@C@EBG@EAA@@A@@@@@@@A@CAGAE@@@@D@DCAG@A@BC@C@A@C@E@A@ABEDKAECAGAIBGDCBA@@A@@@ABCFWBAEACAC@GAGACAA@EECAEACAAAIEE@CCC@AAE@IAC@A@ABGBC@CAE@ICIAEACAE@I@E@IBO@K@IA@@@@@AB@BAB@@ABA@AA@@ACCCC@C@@BCBEJE@C@A@@AAA@EA@A@@AAA@@A@@BA@AE@@@@@@@G@CAA@A@@@A@CBA@@B@@@B@@C@AB@@EECEAA@C@@A@A@@@@B@BC@AB@@@AA@@@@ECBC@GDCBABE@@@OJEFA@A@AA@A@AWA@A@@@A@@@@@AA@CA@DCDAF@BA@@@A@AA@@AB@HABA@C@C@CCIGA@E@BI@ED@@@B@BABA@@EGEC@AC@@@A@CECEEGIOKMCCKQKSCGCE@CAIA@ACCECCGGACCE@A@C@CBABA`CD@D@L@JAF@D@BAB@DALA@@B@AA@C@C@A@A@@F@F@HAR@@@FCNIA@EA@@@G@E@A@@BAB@@C@A@A@ADA@@D@H@@@@@@AAC@AAAA@AAA@@GF@B@@@NFD@B@B@B@DAJCACACCIAC@C@A@A@@KAC@A@A@@B@@@@A@@@M@@@@BA@@@AAA@ABAFABC@AACAMCEAECAAC@C@CAACAC@AC@GBICA@IBI@CBEFEVE@C@GAGCECCCACCCGCCAGAA@CBAACAAAGEA@ABABC@CBG@E@AAAAAICC@@AAEDODCACCACAC@EACAAEGIEABA@ADADADCBA@A@AACAEECBCD@@A@M@ICA@A@A@ABIF@BCBCNEDK@G@KACCGIIGIEGIMAKDKRFJLHDFHJBPILYL@BA@G@E@KBA@AB@@DBDBBD@@ADEFCBGBABCFAFAD@BBBBBBDIBIJJJBBDPBBFBBBBBFBBBDFJJFFFBF@h@BDDBDBHDFDDBF@HDBBBB@D@B@F@BBDBBJH@FAF@J@F@HAJAD@BDL@J@D@B@BBBBDJHBBBB@DAHAD@B@BBBJP@B@B@L@DABCD@BBB@@AB@@@D@BCD@B@@@D@@@D@@@@@BDD@@@B@B@@AB@@A@@@ABA@A@EDADAD@BBDHDBDBD@D@FI\\@DBBBDBFBFBFDABABADCJRBDFDBB@B@HBHAFAFAH@@BBFBFBJ@F@JCLAFANEFBFDB@B@@BAD@B@BB@B@H@P@BBBBDDDBBDBBD@DABADCB@@ABBBBHDDBB@F@DCH@B@FDFDFDFFFBHBFBHBFB@BBBB@B@D@DBFFBDB@DBDBDFBBBB@@@@BB@@DCDC@@DCDA@@BAJERKB@BADA@@@AFAFBB@D@B@@@@AB@FA@@BA@@@A@@DABA@@XALARAD@VCHAFAB@@ABA@@D@FBDBD@BAD@B@@@@@B@B@LABAD@@@B@DAD@H@F@D@@@BA@@BBJ@D@H@B@@@@@B@B@B@B@B@B@D@TDJ@H@F@DBB@D@F@B@BBF@F@F@HBF@BBD@D@PDNBRFJ@JDD@B@@@FBB@FDB@D@HBBBDB@@B@B@BBB@B@FBB@DB"],"encodeOffsets":[[123261,31692]]}},{"type":"Feature","id":"330503","properties":{"name":"南浔区","cp":[120.417195,30.872742],"childNum":1},"geometry":{"type":"Polygon","coordinates":["@@A@C@A@AAABC@A@CBE@E@E@LWDMFG@CBC@@@EBA@AD@BCBA@A@C@AEGACACACAA@AC@@A@@@A@ACCEEGEAAICWAKBEEAEDCJCJGDEBEIAU@MCOASCSAK@KCIACECE@CCECEGAIACBA@AAAA@AC@A@IFCFCDA@A@C@GBC@AACAAA@C@EAGFIAACACBG@BDA@A@@@ABA@@AA@@@A@@@@@A@EFCB@@A@@@ACAC@@BA@AA@CE@@AGA@@@@@EFG@CB@DABC@C@BDDDDDBD@B@BE@EBAF@BB@B@B@BB@@BB@DBDBHADABGAKCC@A@EACC@A@ADGAEAAABA@CBEACACCAG@ABC@E@A@@AACBABCDABCBEBKBC@AA@A@A@@DCFCDCBC@ABAJEDE@C@CA@GCA@AAA@GDGBKDCBIDE@EBGAEBA@C@@@@F@H@BABGBGAAAA@CCACGBCBAD@DBJBLBLBBLHBFDF@@CBGBC@G@A@IBMBG@GBA@GBA@EBA@KI@AAAAGCGIDCBA@A@A@C@ME@@A@E@@HB@BBB@BB@BBD@B@@@@G@C@@@CB@B@B@B@DA@AB@@@B@F@H@@FBB@MJED@@Q@GBE@E@@@@B@B@D@DBBA@@@KBCBA@ABC@E@IBK@C@C@_DABAB@D@D@BDFBDHHDDDFBDB@BJ@DDFDHLTLRDDLNJPFHDFDFB@@@D@@BFDFH@@ABABA@@@C@@FAJF@B@JHDDD@D@B@BA@GBA@@BBB@@@B@@ABEDC@CDBB@@B@@@@@B@@@BXB@B@BBBB@B@FEPI@@F@BADAHCD@DA@F@@B@@B@@BAD@@A@A@@B@B@@@@DBBDFFF@@BAD@@@@A@@@AB@DAB@@@B@B@DBH@@@@@@@F@@BAB@@@BB@BB@@@BFBB@BB@@@B@DIFAFAD@@@DDDDD@BB@@BAB@BA@ABA@@B@@@@JBL@P@JAF@J@F@DBFBJBJDF@DBD@HABAB@D@JBF@BBD@DDF@JFBBDBFBDBFFB@DBHBHBD@DBFBABEXAD@B@@@BB@DAHCJAHBDBBFCLAF@B@B@F@D@B@DADB@H@DB@C@C@@F@HBDBB@@@@@@@BEA@@A@AJGDEB@ND@D@BJ@BHBDJ@H@D@F@D@TFLBD@DDFDB@BBJBCLCPCLAHBBDDBBDABAVKBCBCBC@MBC@AFC@@BAAA@AAACAA@CAAC@EAGBCJADCBEDEDEDAD@DCBCACCAEAGGCAAC@A@@@CBADCFADAH@BAB@BG@CDCDABABWAC@AGAAAAA@A@EBCBCDAF@BCDGJCD@F@BCBABE@A@AA@@A@I@ABI@ABABC@ADEFKFEBEBC@A@@"],"encodeOffsets":[[123381,31503]]}},{"type":"Feature","id":"330521","properties":{"name":"德清县","cp":[119.967662,30.534927],"childNum":1},"geometry":{"type":"Polygon","coordinates":["@@@ECEAG@E@CIWAEAAAAA@EAIAI@GAKBCAAACAAA@C@E@EAA@C@A@CLGDCHEFEBCBA@C@AEIGCAAACA@EAC@EAAAC@A@A@@EBCDEBG@KBE@G@G@EBGAEACAC@CBA@CAAACC@EAGACAAA@C@AAAABA@C@A@CA@CAACBEBQAE@E@EBG@G@GAG@E@EBSFEBE@E@E@ECA@CCAAABA@@DADAHAB@@AACAAA@AAC@CBA@A@AAAA@G@E@CAA@CA@AAAB@@A@A@@@@A@@A@@B@@@DABA@@@@A@AAGAAA@@@@CD@@A@@@A@AA@@A@@AHEB@AA@A@ABAB@BA@A@@@AA@@AABABEBA@@A@EBCBAA@AA@@@A@@@@A@@@AA@@C@A@E@EACC@@@AMCC@AAA@@@@@AB@BABAB@B@B@B@BBH@D@BA@ABE@EAIAKAGAE@GACACA@@A@E@ABADABABABC@CBE@CD@DADBBBDDD@DA@A@CBC@GAIBIBA@AAA@AAA@@@KBC@AMAG@CACAEGE@AAC@EBE@C@C@CAC@CDEBEFCFG@A@C@CACACA@AAA@A@@A@@BCDC@A@@A@CAE@C@A@EAEA@@E@A@AB@DAB@BABC@KBIBE@G@G@KBC@CBCDEJC@YBGBC@CAECECCCCACEACAAC@CAEBE@CBCBEJ@FCDCDA@GBC@EACBC@CB@BA@AB@H@FADABEDABC@C@EACACCCACAA@@@A@A@EDABA@CACAACC@A@C@CBEDGBCBI@A@E@AB@B@JBFBBBBDBD@BB@B@@@BEDE@E@CAA@CBAB@DADIFADILAHCJA@AB@@AAA@@CACICC@E@CBCBCDAFKHEDCBE@E@GCCAE@KCCAC@ABA@IFCDCBKBWDEDABABBBDBFBBD@D@J@HBH@FDHBDBFD@BBF@H@JAF@FBFBFBHDJBIZAF@DDLBZABCBKPEP@BJNDHDHBB@DBFBHBFHJBDBBB@B@B@DCFEB@BBDBDBDDBDBFBFAJJHFDBBBD@DIPDBDBDDFHBD@HAB@F@@BBD@N@FAFADADCB@DDJIJAACAAAA@ABCBEDEBAHADAFEBC@@ACCACA@@BAB@LAF@H@B@@AZKJKAOGICEKGEILQLCNBHJJFJHHJDDLBH@L@FCDMDA@AJEBAB@B@B@JDN@B@@@DCDAFFDBBBB@B@DABCBCBCB@BAJFFHBBBD@FBDBDDDDBPCFCBB@@DDBJBBBBF@H@DAD@BABAB@HFBBDBBBDAB@HBDBHDDDBDDDFDHDHBD@F@FUFEDAJ@JAB@JDHAD@@BBDBDDBD@D@BBFDFBNDDBBBD@BABEBAB@BB@@B@@A@@N@@@B@@@@@@AB@B@D@LB@@@B@B@DBDDJBDBDDHBHBB@BLJB@FAB@HAB@HAH@NAJAB@H@D@HADA@@CEAEKGAAAKAKAI@CBCDAHABDDDB@BBHBHABA@A@G@E@@D@B@FAHBFAF@JCDALCHAHCB@BBB@HDB@@D@DCFIFAB@BADCDEDCD@@@B@BBBD@LAFADABADCBADABB@@@B@FAD@BBHDDDBFBDAB@BABBBFCH@B@BDDFBB@D@LDHBBABCAGAC@CAA@@AAA@A@A@@ABEFAF@@A@AACCCCCACD@D@BA@CDAH@FE@@@@B@BH@@DFB@@BAB@@BDBD@@B@@@DAFEB@@@@@B@@@B@@BB@BA@@B@B@ACH@DADB"],"encodeOffsets":[[123232,31382]]}},{"type":"Feature","id":"330522","properties":{"name":"长兴县","cp":[119.910122,31.00475],"childNum":1},"geometry":{"type":"Polygon","coordinates":["@@@@@CBC@C@A@ABAFIFEBARKBABCBA@CBCAA@G@A@E@CBEB@J[@A@A@A@A@@@AA@@@CA@@@@@A@@@@@@B@@BB@@@BA@@B@JOBA@@@AJIFEBCFGJMDEDABAB@FCHEFEFEBC@A@@@ABGBEDEFGBE@G@@BIDCBAHELEJC@AB@@@@@BA^IJCB@NCNEHCBADCBABA@@@AHCPM@@RILGNMRQFC@@AA@@@@AAAACECACAA@ACEECAC@A@A@AA@AEAGAEAGAEAEEECECECA@G@CDE@A@CAGCAAAA@BA@CDABCBC@AAACCACCAAAAO@G@A@A@@A@ABC@AA@A@ECEAMFEBKBIDE@I@EAEAAA@@BGBEBEAG@G@AAAECACIQCDABABCBAEAEAEACAA@CJ[@E@CACACGCAC@ABCBCFCB@B@BA@@B@@@BA@@@A@A@@CC@A@@@@@C@@@C@@@ADC@A@C@@BA@@AA@ADCBA@C@K@A@AIOAA@A@ABCBG@CAAAAIGACAA@A@A@C@ICK@ABCBI@G@E@IBE@EIGAAAC@A@E@A@CAAAAGCE@CAECGCCACAACg@E@EAEDI@GJ@BAD@HH@B@BD@B@DAD@BABA@ABE@E@]CEDIFGHELCNCLILKNEDKDIDMDI@GDEHALBH@J@H@DIPCLBFFDFAJ@FDHBF@HAH@HBFDDFAFAHCBIAAAC@@DEHAB@F@HGFIBCAAGC@GHA@CEDG@ECCICGGG@KAICSCKJOPEFGFEBEBA@AAEC@ACAA@GDA@AACCAACCAAG@E@CBCBABA@AAAAKCE@C@EDA@CAKAKBOJMPKBOAKEOAA@CCAAE@KAIAICIAAAA@A@ADADAFABABA@GEECCAGAA@IAC@@@AAGFGLILCFAFAB@D@DDN@B@D@FEJ@DBBFHDH@J@D@DDFDBB@DDFBJHHDBB@DCF@FADBBFN@BAD@HCH@D@D@BBB@D@BBD@BDFDFFFFDLHBFFBFBBBFBBFHHHHNFHFDFDFFJAJALAL@VBFDPBJ@DAFCHAHAJAF@FBFDFDFHFHDHBFF@DGDSFULENBJBFNBNF@BB@@B@HBHDHB@HFFFDBLBBBDDFB@F@DBBRFL@BA@@DE@CDCFCNCLGDAF@DBDBFJFR@@FDDBLARDB@JD@@D@@@DCDCF@LDDAHDFBH@NJ@@FBH@@AFADADC@AH@DC@ABCACEG@A@CDEFAHDFAJOH@HBTHLJ@FCDGD@FFJBB@@B@DABAD@HBJID@FAH@DBDBBBB@DABAF@F@B@RKFC@@JBDBLDJDHFJ@R@D@B@@@DB@@@@B@@@"],"encodeOffsets":[[122798,31919]]}},{"type":"Feature","id":"330523","properties":{"name":"安吉县","cp":[119.687891,30.631974],"childNum":1},"geometry":{"type":"Polygon","coordinates":["@@EEIICEAAEAAAAAEAAACOAAIICCA@CDCBEBEBM@C@AA@@@EBA@GACEGCCCACAJO@CACAAECIGBIAEAEACCCCACAAAA@EFCDA@A@A@AAACGIAEAGAE@CAACGCGIM@AFOLODABAAYCK@CBEJYIAGCEAEAEAE@IBG@E@AAC@AEAFCDa@GAI@I@SDOR@@CBCFEBA@ABA@@AEEACCACACAIBC@A@AA@@@C@KDG@GDGDGDGDCDEBCBE@E@CDIBC@EAK@C@CCAA@AABCFI@ECGCICEAIACAAEAA@A@AABG@C@E@C@@BAHEDCBCDC@EFEBABC@AACAACAGAEACAECEEIGACACAECCEEGCGCEEKCG@E@EACAEBE@A@EDEBC@CBA@@BB@BBDD@FAHAHAHADAF@D@BBBDBF@FBF@B@DBAPEDCBEBCAAACCECCEECCACAECA@EAE@C@CBC@CAECCCC@AAG@EBMBCBCFEDCD@DAD@DADCDABCD]GGGAACGGEIGAC@CBEBE@CAAAAAAIAECGCICGAA@KFGBGBGBGBM@EAG@G@G@C@EDGBIBC@CBAA@ACG@CCC@CACKOE@A@A@AAAGCAAAA@CAA@AAGECCAACASCG@@BEHEFEDKBKBG@EAG@C@CBAB@D@FDRAJADGFCBA@A@GAGAA@A@AB@B@D@FDFDD@DBF@@ADADCF@DBJABAB@@CBEBMFA@@B@DDLAJABAF@B@H@T@FAFEF@B@DBFDHBHDN@BEJEHCJADBDADBDAD@BA@G@EAC@GAGCCAAEQKUMGAIAG@E@UPBD@H@DA@CBA@CBCBABK@E@C@CDABAPAFAFBFFDB@DBBD@D@F@BBB@@FFNFHHBBD@DBBB@B@BAD@BBD@DCBCDADG@CBAB@B@DBBBBABABMFCDIH@DADDFBDFHBBFDB@B@DCBCDCF@F@DBH@HBJBF@LCD@D@F@DBFDFBFBF@F@F@BBDDHFFDDDDDBHBDBBBFDHDD@DBDFJHHBBDFDBHDB@FAD@BBBBFFDDDBD@HJDBB@B@B@DAF@DBHHDBBBD@@@BABABAFIBG@EDIBODIDCBEHGHCDAF@HBF@HBB@J@HFNHHJBJBJDLFFFHDDLHDFHJLPJJAtEF@D@BBB@BDDDHBBAD@BGHAB@B@B@FBFBD@JAH@B@BBBBBDBD@HBD@FCBCDAFCH@F@D@BDFBD@D@D@DBHDBBBDDD@DDFJTHJDFFPDFBFDFFFDFHDBBBBB@D@FAD@J@DBB@BDBDADCFCL@FBL@BBB@@D@JBB@HBDBFDHFB@BABABEBCBCB@B@BBJBJDJBLBF@BBDDB@PBLFPBLANOPILALBDBB@FCD@F@LDBBBBB@BADADAF@H@BBDDBBDDBBB@HCB@DB@BFDBBB@FAFAHEFEPOLITDJDLBH@HHJDDD@FCHDFB@HGD@BHDBJAHE@G@EBAFG@CD@BBJBDABGBECEECGAG@GBE@GAECI@EBECAEDKJO@C@G@IAGBKFGHCJ@NCJCLCFCLMJKDKDMFKHGJEFC^DF@F@BAB@BA@ABC@C@AACA@G@@GBC@AHIJ@FC"],"encodeOffsets":[[122771,31460]]}}],"UTF8Encoding":true}