{"type":"FeatureCollection","features":[{"type":"Feature","id":"450902","properties":{"name":"玉州区","cp":[110.154912,22.632132],"childNum":1},"geometry":{"type":"Polygon","coordinates":["@@AD@@@BB@ABAB@@A@@B@@@BAB@B@@@B@@@@BBB@AB@@AB@@@A@@@B@@@@@B@@@@A@@@@BA@@@@@@@@@A@@@@@@@@@@@@@A@@@@@@@A@@@@@A@@@@A@@A@@B@@B@@@@BB@A@@@@@@@BBA@@@@BA@@@@@@BB@@@B@@@@@BDA@@@@B@@@@AB@@@@ABB@@B@@@AA@@B@@@B@@AA@@@BABA@B@@@@@@BA@@@A@@@B@@@@AA@@B@@@@@@@B@@A@@@@@A@A@@@@D@@A@@@A@@@@B@@@@@@A@@@@@@@@@@@AA@@@@@@@@@@@A@@@@@@@@@A@@@@@@@@A@@@B@@@A@@@A@@@A@@ABACC@BB@A@@@@@@@@@@@@@@@@@@B@@@AB@AB@@@@@BA@@A@@@@@@@A@@A@@@@@@@A@@B@A@BA@@@@@@@@@@B@@@@@BB@@@@@@B@@@@@A@@@@AB@@@@A@@A@@@@@@A@@@@@@BAA@@A@@@@AA@@@B@@A@@A@@@@@@@BA@@A@@@@@@@A@@@@@@A@@@@A@@@@A@@@B@AA@@A@@@@@@@@BA@@AA@@@A@@AB@A@@@A@@@@A@@@@@A@@@@@A@@@@B@@@@@@A@@@@AA@@@@@AD@B@@@@@@@@@@@B@@@@ABB@@@@B@@A@@@@B@@@@@B@@@@@@B@@@@B@@@@AA@@@B@@@@@@@@@@A@@BA@@@@B@@ABA@@@@@@@A@@@@@@@@@@B@@@DA@@B@BA@@BA@@@@@A@@@A@AB@@@B@@@@@@@BAAA@@B@@B@@BA@@@@@@@BB@@A@@@@@@@BB@@AA@@@B@@@@@@@@@B@@@@@B@@ABDB@@@BB@@B@@@B@@@@@@@@BA@B@@@B@@BBA@@B@@B@@BC@@@A@@@@B@B@B@@@BA@@@E@BB@@B@@B@@CBCB@B@@B@@@@B@@AB@@@@@@@D@@BBB@@BDBA@@@@@@B@@@@@@@@@@@@@@@B@A@@@B@@@@@@@@@@@@@B@@@@A@@@@A@@@B@@A@@@@A@@AB@@@BAB@@@@AB@@@@@BA@@B@@@B@@@@B@@@@B@@@@AB@@@@@@A@@@@B@@@@A@@@@@@@A@@@@@@@@@A@@@@@A@@@@@AAA@@@@@@@AA@@@@@@@AA@C@MEABEC@B@@A@@@E@CBEDABB@@B@@@@ABABAAAD@BA@@@@@@@AA@A@@A@@@A@@A@BAA@B@@@@@@A@@@@@@@@@ABA@@B@@@@A@@@@@@A@@@@@@@@@@@A@@@@@@@@@@@A@@@@@A@@@@@@A@@@@@A@@@@@@@A@A@@BAB@@A@@@A@@@C@@@AA@BC@@AA@@@A@BBA@@@@A@@A@@@C@@@@A@@AA@@A@@A@@ABA@@@@@@@@@AB@@@B@@@@A@@A@@A@A@AA@@@@A@A@@@@@A@@@A@@@AA@A@@A@@BA@@@@BAB@B@@A@A@@@A@@@@@@@AA@@B@@@AA@AA@@B@@@@@@@@@@@B@BA@@A@B@@AAA@ABA@@@@A@@AAA@@B@@@@AA@@@AA@@A@@@@@@@@@@A@@@@BB@@@@@A@@@@@@B@@@@@@@@@@@@@@@B@@@@@@@@@@@@@@@@@B@@@@@@@@@@@@@@@B@@@@A@@B@@A@@BA@AB@@@@B@@@A@B@@@@BB@@BA@@@BBA@@B@B@BA@@B@@@BB@@@B@@@@@@BB@@@BFCHKH@DNJLCT\\LHBFB@DBBCJFBFHHDBFA@HBB@J@DADCFGBCB@J@FCR@@@BFDDBJJFF^TF@FGBAJDFAHN@D@BADAFAB@D@@DBB@B@NEHDHFJDNHBAHEDEBTAT@DANBJ@BJNDLBFCLJBFBFFAJDDDDDAACBERDNBHACCAGAE@E@C@@A@ADCFAD@DA@A@AABCBCBE@@DGAGBEDCD@DABEBA@AAQAACEKSCECECA@E@GBGFEBODADEBAFABCBKD@DEGQRMFEBAL@@@BD@BABABABA@A@@BBDB@HHBBB@DBBBFDHDB@DAB@B@FEDE@CD@BBDFBD@BDBBBHBLANARETKFGPOPKJ@HDHLLFPFJAHEHKHGHILGJAFC@GGGEICMEGEMCOCKEQKIE@MBGBO@K@CGAACACA@A@A@ABA@C@AAACE@CB@@ABCC@CA@@C@EAA@@BEF@@GC@A@@AC@A@AFEBA@CAAGECCCBCB@BA@@BC@ABC@ABE@ABABADABA@A@AAE@AA@ECCEAKBEA@@CDA@@@@AA@ACAC@M@E@AAA@@AA@A@@KEECCAAACG@ABGBEBEBABAD@H@BA@A@EA@AACAGAECACCACAC@A@@BMJCD@BA@A@@AA@"],"encodeOffsets":[[112802,23082]]}},{"type":"Feature","id":"450903","properties":{"name":"福绵区","cp":[110.054155,22.58163],"childNum":1},"geometry":{"type":"Polygon","coordinates":["@@@@A@@A@@@@A@@@A@@A@@@AB@@A@A@AB@AA@@B@@AA@@A@@A@B@@@A@@@@@BAB@@AB@@@@AB@@@@@@A@@@@@@@@@@@@@@@A@@@@@@@@@@@@@@@@@A@@@@@@@@@@@@@@@A@@@@B@@@@@A@@A@@B@@@@@@@@@@@@BB@@B@@BB@@@@@AB@BB@@@B@@B@BAB@BB@@@A@BB@@A@A@@@@@@@@@@@AB@@BBB@@A@@@BB@@@@@@B@@@B@B@@@@ABA@A@@B@@AB@@@@BBB@@B@@@B@@@@@B@B@@@@@BBB@B@@@@BB@@@@@@A@@BA@@@@@@@@B@BA@@@BB@@@BB@@@B@@D@@@B@@@@B@@B@AAB@@@B@@BD@@ABB@@D@@@B@@@B@@@BA@AB@B@@@@@@@B@@@@@B@@@@@@@@B@@@@@B@@@@@@@@@@@B@@@@@@@@@@@B@@@@B@@@@@@AB@BA@@@@@@@@B@@@@@@@@ABB@A@BB@@@B@@@@BBB@@@@@@B@@ABCBBBABA@@@@@AA@BAFCDAF@@@B@@@@AFDBANFD@B@@B@@@@@@BB@@@@@@B@BB@@@@B@@@@@B@@@@@@@@@B@@@@@@@B@@@@@@A@@B@@@@@@@BA@@@@@A@@A@@@@@@A@@@AB@@A@@@@BA@@@@BA@A@@BA@@@B@@B@@@@A@@@B@@B@@@@@@A@@@@@@@@@@@@@A@@@B@A@@@@@@@@@@@@@@@A@@@@B@CA@AA@AA@@@C@@@@@@BA@@@A@@A@@@@ADADA@@@AA@@@AAF@@@B@@A@@@A@A@A@@B@@@D@@AA@@@@AB@AA@@@A@@@AAB@@@@@@@@@A@@@AA@@A@@CABA@@@A@@@@@A@@@@@@@@@A@@BB@@AA@@@@@@B@@@AA@@@@@@B@@AA@@@@AB@BB@A@@@@@@@A@@BAB@@@B@@@@@B@@AB@@A@AB@@C@@@A@@@@@@@@B@@@@@@@B@BA@@@A@@B@@AB@@@@@@@@@@@@A@@BB@@@@@A@@A@@@@@@@@A@@@@@A@@B@@@@A@@A@BA@@@@@A@@@@@@@@@@@ABC@@@@B@@B@@B@@@@@@@@A@@B@@@@@B@@@@@B@@@@@@B@@@BBA@@@B@@BB@@AB@@@@@@@@@BB@@B@A@@@B@@B@@@@@@B@@@@B@@@@@@@B@@@AB@@@@@@B@@@@BA@@@B@@B@@B@@@BB@A@@@@B@@@@@@@@BB@@@@@BA@@@@@B@@@@@A@@@@A@@A@@@@@A@@@@@@@@B@@A@B@AB@@@@@@@B@@@@B@@@@@@@BB@@A@@@@BAA@@B@@@A@@@@@@@@@@@@@@@@B@A@@ADDAB@BB@@@B@@@B@@@A@@@B@@@@@@@@@@B@@@@@@@@@B@@@@@@@@@@BB@@@@@@@@@@B@@@@@@@@A@@B@@@B@@@@C@@B@B@@@@@B@@@@A@@@@@@@AB@@B@@A@@@B@@@B@@A@@@@A@B@BA@A@@BB@@@A@@@AB@@B@@@AA@BA@@@@BA@@@@@A@@B@AC@@@@A@@@A@@A@@@@B@@A@@B@AA@@@@@@B@A@@A@@A@@@@AB@@@@B@@B@@@@@B@@@@@@@B@@@@@@@@@@@@@B@@@@@@@@@B@@A@@B@@@@@@A@@@@@A@@@B@@BA@@BAA@AA@@@@@A@@@ABA@A@@@AB@@@BABAA@@A@@BCAAAAAAACA@AA@@A@ABA@@@CCAACAC@GBCBC@CAAA@AAA@AA@AA@@BA@A@AB@@@@@B@@@BAB@@@B@@@B@@@B@@A@@BA@@BA@A@@BA@@@ABBB@BB@AB@@A@@D@BA@@BA@A@@@CBA@@DABB@@FA@@@@AA@@BA@@@AA@@A@@@@B@@BB@@@@@@A@@CA@A@@BAB@@@BD@@BA@AAA@AB@@A@@AA@@@@@@B@@A@@C@@A@@B@BA@@BC@AA@@A@A@@B@@B@@BAAA@A@@C@@@@AB@D@@@@A@@@A@@B@@@B@AA@@CAAA@A@@@A@@A@@@A@@@A@@A@@@@ABA@@@A@CAA@@AABAA@@@AAC@@@@AAA@BAA@@@@AAAAA@@@AB@@A@@EA@@AA@@@ABA@@@@A@@AA@@A@@@@A@@A@A@@AAA@@AAA@A@@@AB@B@@@@ABA@ADA@@B@B@@@BAB@B@@@BBBAB@@@AABA@@@A@@@@@ABAB@@AB@@@@A@@@@B@@@@A@A@A@@@@@@B@@A@@@ABA@@D@@AB@@A@A@A@CB@@A@A@A@@B@B@@@@ABADA@@BA@@@@@@B@BA@@B@@AB@@@CA@A@A@@AA@@@@@A@@B@BAA@BA@@@@@@@AB@@A@@B@@@@@B@@@@@@@@ABA@@@@AA@@@A@@AA@B@@A@@@@@@A@A@A@@AAB@@@B@@@@@@A@@B@B@@A@@A@@@BA@@B@@@B@@@AA@@@A@@@AB@B@@@@@BAB@B@@@@@@A@@B@A@@A@@@@BA@@@A@@@A@@BAB@@AB@@@@@@A@@A@@A@AA@@@@ABA@@@A@A@@@A@A@@@@@AA@A@@A@@@AA@@@@A@@@@@@AA@@@AA@@@@A@@@A@@A@@A@@@A@@@AAA@@@AA@@@@@AA@@@@@@@AA@@A@@@ACA@AA@@@A@@AAAA@@A@@@@@A@@AA@@AAAAA@A@@@@@AA@@@@@@@@A@@A@@AA@@@A@AAA@@@@@A@@AA@@A@A@@@A@A@A@@@A@A@@@A@@@@@@@ABA@@@A@A@A@A@A@A@@AA@@@AB@@@@AA@@@@@@@B@@C@A@A@@@C@AB@@@@AA@@@A@@@@AA@@@@BAAA@@@A@@BAB@@A@@A@@A@A@@@@@AA@@A@@AA@@A@@AAA@@@A@A@@AC@@AA@A@A@@@A@@A@AA@@A@@@AC@@A@@AA@@AACA@@AA@@@A@CA@@A@@AAAA@C@@@A@AA@BA@@@@@AB@B@B@B@D@B@@@BABA@@@@@ABA@@A@@@AC@@@A@@@@BA@@B@@@BA@@BA@@@@@A@@@@@A@@@AB@@@@BBA@@BA@@@A@A@A@@@@BAAABAA@A@@A@@@A@@@@@A@A@@BC@A@@@A@@A@@@B@BA@@B@@@B@@@@AB@@A@@@@@@B@BA@@@A@@@AA@CA@AAA@@BA@A@@@@B@@@BB@@@@BBB@@@@@@A@@@ABA@@@AB@@@@@BA@@@A@@@A@A@AB@@A@@A@@BA@@@@B@@@@A@@B@@@@@BA@@@C@A@C@A@@@@@AA@@@@AAB@@CC@@@@A@A@@@@@@@@B@@BB@@AB@@@@@BB@AD@@@B@@@@@@A@@@@BA@A@A@@B@@@B@@A@@@@B@@A@@@@@@@AB@@A@@@AA@@@@A@@@A@@@A@@@@BA@@@@@A@A@@@A@A@@@A@@BC@@@ABAAAB@AABA@@@AA@@@@AB@@ABA@@@AA@@AB@@@AAB@AA@@AABAAA@AB@@@@A@@B@@@@A@A@@@@BDB@B@D@D@HABBBABC@A@E@ABA@A@ABA@@BA@A@@@@B@@@B@B@@@@@BA@AB@@@B@@A@A@A@ABAB@@A@@@A@@@C@A@@@ABA@@AA@AA@@A@A@@A@@A@A@@AA@A@CB@@A@@@ABABCD@@A@@@@A@AA@@@@@A@A@@@AA@@AB@@A@@@@@@A@@@A@A@AAA@@BA@@A@@A@A@A@@A@A@CBA@ABA@AB@@@@ABC@@@A@@@A@@@A@A@@@A@@@@BA@@@A@A@@@A@@@@B@@AA@@ABA@A@AB@@A@@@A@ABA@@@A@A@ABA@A@@@@@AB@B@@ABA@@@AD@@C@ABA@@BAB@@@@@@@@BB@BB@B@@@@B@@@@B@BBB@@@B@@@@D@@DB@@B@@@@BA@@@A@@@AB@@A@@B@@BB@@@BA@A@@DA@@BA@@DCB@@@@@BBB@@B@@B@@@B@@@B@@@@@BBB@B@@C@@@A@A@A@ABA@@D@@@@@BB@@@AB@B@@@@BBB@B@@B@@@BB@@B@BB@@@B@@B@@@@B@@@@@@B@@@@BA@@@@BB@@@@@@@@@@@BB@@B@@@BB@@B@@@@B@@B@B@@@B@@B@@@@@B@@@@@@@B@@@@@@@BB@@@@@A@@@@B@@@@@@@@@@@B@@B@@A@@@@B@@AB@@@@A@@BA@ABCB@@CDA@@@A@A@@@@@A@A@@@ABA@@@AB@@A@@BA@A@@@A@A@@@A@A@CBA@ABC@@@@@@BAB@@@@@A@@@AAA@@A@A@A@@@@@@@@@BB@BA@CD@BAAA@CB@B@BADAAA@AB@@@@BB@B@@@B@B@@BD@BBB@@@BDB@BB@@BA@@@ABA@A@@B@@A@CA@@AA@AA@AA@@@@@@A@@@@A@@A@A@@@A@@A@@A@A@A@A@@@A@AB@@@@AA@@@@AB@@A@@@A@@A@@@@A@@@@@@@@@@A@@@@B@@@@@BA@@@@@A@@AA@@AA@AAB@@A@@@@@@B@@A@@@@@A@@@@@A@@A@@@@@@@AA@@@A@@@@@@@A@AB@@A@CB@BA@@@A@A@A@@@A@@AA@@@A@@@AB@@A@@@CA@@A@@B@B@B@B@@@@@@A@@@@A@@AB@@A@AB@B@@@B@@A@@BA@@@A@@@A@@BA@@AABAB@@@@@BBB@@@@@B@@@B@BB@@B@@A@@B@@@B@@@@CB@@A@@@@B@@@@A@A@@@@@A@@@AB@@@@BBAB@@@@@@CB@A@@@B@@A@@BBA@@B@@@B@DF@@B@@@B@D@BA@@B@BBBB@@@@AD@@BB@@DB@BB@@D@BBB@B@BB@@B@@D@@@B@@BB@BB@B@@DB@B@@@@BB@B@B@@@@@BA@@B@D@B@@@B@@B@@B@@BB@@B@B@B@@@B@@BB@DA@A@@BBB@@@BBB@@@@BADBD@DB@BB@@@@@B@@@@@@AB@@A@@@@AA@A@@@CBA@AB@B@@@B@@A@@@@@@@@BAB@B@@B@@BB@B@@@AB@B@BB@@@@@@B@B@@A@@B@@AB@@@@A@@BA@AB@@@B@B@@@BA@@@@B@B@@@@A@AB@@@BA@@B@@@@BB@@@@BB@BA@AB@@@BA@@B@@@BB@@@B@@@@@@@@B@@@B@@@B@@B@@B@@@B@B@B@@@@B@@@B@@BABA@ABA@@@ABBBA@@B@@A@A@A@A@@@A@@B@@A@@@AB@@@@@BA@A@@B@@@B@D@@AD@@@BA@A@@@@B@@DD@@BB@B@B@@BDA@A@@@@@BB@B@B@B@@@@CB@@CB@B@BA@@@A@A@AB@@ABAAA@CB@@ABA@@@@@AB@@AB@@AB@@AB@@C@AB@@ABA@@@@BA@@@@@A@@@@@ABA@A@A@@@A@@B@B@@AB@@BBA@B@@B@@@@@@ABA@@B@@B@B@B@@BBB@BAB@D@@@B@B@@@@BB@BB@B@@@@BBB@@@B@@B@@@@@@D@@B@@@B@BB@@@@B@B@@@@BB@@B@@@@@@D@B@@@BA@@B@B@@ABAB@@A@@@@B@@@@@@@@@@B@@BA@@@B@BBB@BB@@@@AB@@BB@@@@B@@@B@@BB@@@@BB@@@B@B@@A@@@BB@@B@@B@@@@B@@@@@@B@@B@@@@@@A@@@@B@@@BB@AB@B@B@@@BB@@B@@@@A@@B@B@B@@@B@@@BB@@B@B@@B@@@@@A@@@@A@BAA@@@AA@@A@@@@@AA@@B@@@@@@A@@@@DB@@BBB@@B@@B@BBB@@@@@BA@AB@B@DB@@@B@@B@@@@@AAA@@A@@B@@AA@@A@A@@B@@@@AB@@A@A@@@@@@@@BC@@@@B@@@@@@@B@BB@@B@B@@BB@B@@B@BBB@@@B@@B@@@B@@@B@B@@@@@@AAA@@@@B@@@BA@@AA@A@@B@@@B@@@@BB@@B@@B@@B@@BB@@BB@@@BBABBBB@A@@@@B@B@@@@@B@@@BAB@@A@@AA@@@ADA@@@AB@B@B@@BB@B@@BB@@@B@@BB@@@@@B@B@@AB@B@@AA@B@@A@@@BB@B@B@BB@@@@B@@@@BAB@BB@@@@@B@@@BB@@@@@AAA@@@@B@@BB@@B@B@@@@B@@@@@@AAA@@@@B@@@@@B@@@@A@@A@@@@@@@@A@@@AA@@@@AB@BBB@@@AB@@@B@@B@@@B@BA@@AA@@A@AA@@B@@A@@@@@@BB@BBB@@@A@AB@ABBB@@B@@AB@@@@@B@@@AA@@B@@BB@@A@@B@B@@@B@@B@@@@@@B@@@@@@@@@BA@@@@BA@@@@B@B@BA@@@@@@@ABB@@@@@B@@@B@@@@B@DA@@B@@A@@@@AA@@B@@@BB@@@BB@@@@@B@@@@@B@@AB@@@@AA@@AB@@B@@@@@@@@@BB@@AB@B@@B@@@@@B@@BA@@@@BB@@B@@@AB@@B@@@B@@@@@@B@@BBB@@@BB@@BA@@@@BA@B@@@BB@B@@BB@@@B@@@@A@@A@@AA@@@B@@@@A@@@@@@@BB@@B@@B@@@@@@@@@B@@B@@@@BB@B@@@B@@@BAB@@A@@B@@@@@@B@B@@@B@@BA@@@@@BB@@@@BAB@@@@B@@@@@@@B@@@BB@@@@@BB@@@@@BB@@B@@@@@@@@@BB@@@@@@@BA@@B@BA@@B@@@@@@@B@@AB@B@@@B@@A@@@A@@@A@@@@B@DB@@BA@@BB@@@@@B@@BB@@B@@@@A@@B@@@B@B@B@@BB@@@BA@A@@AAFA@@@@@DB@@@@@@@@B@@@@B@B@@A@@@@B@@@@@@@@@@@@BB@@AB@@@B@BAB@@@@@"],"encodeOffsets":[[112641,23177]]}},{"type":"Feature","id":"450921","properties":{"name":"容县","cp":[110.552467,22.856435],"childNum":1},"geometry":{"type":"Polygon","coordinates":["@@LSDIHEJAR@LBNCHMDCNBDBFHDLDNJJPDJCvGRALEDG@ICGA@@ADA@A@ABA@ABA@@AA@A@C@ADCFCD@FBDBFBD@BAAG@EEAACCG@A@CDAFEBABCD@D@@AB@B@DCB@B@B@FAFAH@F@D@BA@C@ABC@C@AAA@C@@BCAA@A@A@@D@B@DCF@D@D@DB@@B@@DBDB@HF@B@BB@B@BB@@@BBBB@B@@BB@BB@@@B@BBABAHABC@E@CBAB@B@BACC@@@CEC@A@ABEBABC@AF@BEDCDABA@ABC@C@CAC@ACACCCA@A@ADCDCBC@IECGK@IBCBCBCBC@ACCFGF@JEJGBMEEG@GAO@GAGGEGCGIMGCCG@GHCDCBG@GCGE@ECACBCJAAI@EAC@GHCBABIJOJMRYLIVALHJLNJN@LIFSCII_IWGQIYISGSAOLSPKJOEMCMLKNELAZENKNENDLBLCJGHMTaTeNYBABCBABEAKEGCC@CAABEBCBAB@B@@ABCHAFABABCAE@@@A@EBEDCBEAEAGB@@@UQIAI@IDCBEBCAA@CBCBA@CCCCCAG@EBCBEBC@MAGA@AAAEAEAC@AAE@AAGCCCEEAG@C@C@A@A@C@@CAC@CAA@EHCN@DADEDEDEBCDCDAFAB@BGDE@AAAC@AAAC@C@CBABCC@CBEBCBGBG@CEKOCGAAA@A@@DEFCDADABA@A@A@CCECG@EDC@ABABC@ADEDGBCA@AA@@G@EBCAC@CCCE@A@C@C@AACACCAAAAC@C@CBACG@AHKHM@@@E@@KQEAG@EAEAE@I@I@EBEDEBCBGHEHEDCBEBE@CACC@AAAABE@G@@@@@A@@@AAA@ABA@A@@@KEWAOAQFKRARHVHVFT@T@NETSRYRONEFOPSLSPUPEHOPMJIFIPIPOPKPEHCRHPNRFFHRGTCP@DIPUDOBSPADBB@DBDUAFd@DA@@@A@@@A@A@A@AB@@C@@@A@C@CCA@CA@@A@ABGH@@GN@@ADADCBABEH@B@@A@@B@B@@AHAJCH@J@F@FCHBJ@BFFBDBBRNPLNNDVGNCVAJENKHWDOLKPWVUHQ@QMQUUO[EMDMBUCOMGKCEOGMDKHOFOFQCOGC@CFCHANAL@RBNAPIT@LBNPPRJTPPTLPBZGREZBJLPJ@POJEPNDLFT@R@NDPJEHIFELGJCJCLBJBNHLFPPJHLFPCPQDGP@HDNDXTLHTHX@RGLALJBJARFNPBTNBNBLNJFDLFLDJF"],"encodeOffsets":[[113201,23682]]}},{"type":"Feature","id":"450922","properties":{"name":"陆川县","cp":[110.264842,22.321054],"childNum":1},"geometry":{"type":"Polygon","coordinates":["@@BINADUD@H@@@D@@@FATCV@RELEPENKHKGKCKBILKPIVWFMFO@OIMKKOIEK@MHIDOBOHININ@LDLDNIAM@QCO@OEKCOKIKK@KCODKHGPHRFLCNGJINMNIHAHDFNHBJMJSDM@QEOOOKQGQAQAQCMAQGUKCI@MECIAIFCJ@L@N@LAJE@AJIHGB@@@AA@@AA@@@@A@@@@BA@@@@@AAA@@@AC@@AA@AA@@A@@@@B@@ABA@@BC@@@CAC@A@AAE@@@@AA@@A@@@@@AA@@@@@@A@ACAAA@A@ABA@@@ABA@@@@@@@AAA@@E@CAA@@AA@@A@@@A@A@@@A@@@@@@@@@@A@@@@@@BA@@@@BE@@@C@A@A@@@AA@AAEAA@A@AA@@A@@A@@A@@@AAA@@@A@A@C@CB@B@@AB@B@@ABA@ADAB@@@BA@A@@@ABA@@@@@ADAB@@@@A@A@C@@@@@CB@B@F@B@@@@@D@BA@@@@@@B@@@@CD@@@@@@ADA@@B@BCB@@@BAB@@C@A@@@@@AC@@@AA@@A@@ACAE@@@@AA@@@@@@@AAA@@@A@@BA@@@A@@@C@@@A@@A@A@AB@DA@@@BB@B@@@BA@@@A@@@A@@@@@@AA@@@@@@@ACAA@A@A@@BC@A@A@@BAA@@A@A@@AAAA@AA@A@AB@A@A@@A@@AAAA@AAA@@A@C@C@A@@BC@C@@@A@A@@@@@A@@@@@@@@@@B@@A@@B@@@BAD@B@@@B@@A@@@@B@@@@@@@@@@A@@A@@A@@@@AA@@@@@@B@@A@A@AB@@@@@@@BA@@B@@@B@@BB@@@@B@@B@@@B@@@BA@A@@BC@AB@@A@@@@@@B@@@B@@@BA@@@@BCB@DC@@B@@AB@@@B@@@B@@@B@B@@@B@BB@@@@B@BAB@@A@@B@@A@@@@@@@A@@B@BE@AB@@@@@@C@E@@@AA@@@@A@@@A@@@A@A@AAE@A@@@@@@@A@@@@@@@@B@@A@@B@@@@@@@B@@@@@@A@@@@@@BA@A@A@@@@@@@A@@@@@@AA@@@@EA@@@@AA@@@@@AB@BA@@B@@@@@@@B@@@@A@A@@C@A@@@@@@@A@@@CC@@@@@@@@@@AA@@@@@@@@@BA@CDCB@A@@A@@@@@A@@@@@A@@@@@AA@@BA@@@@@@@@@AAC@ABA@A@@B@@@B@@A@@@@B@@@@@@@@@@A@@B@@@@A@@@@@AB@@@@@@@B@B@@@@@BA@@@@@@@@@A@@@@@C@K@@@@@@A@@AC@A@@@@@@@A@@@A@@@A@@@AC@@@@@@@@@A@@@@@@@@@ABB@@@@BAB@B@@@@@@AB@@@@A@@@A@@@AA@@AA@@@@@@ABA@A@@@@@@@AB@@@@@@@A@@@A@@@@@@@A@@@@@AAA@@@@@@@@A@@@@@A@@@@DC@A@@@AB@@A@@@C@@ACBC@@@A@A@@@@@AAA@@@A@@@@A@C@@A@@AA@@@@@AA@@A@@@@@A@@@@@@@@B@@AB@BC@@@@@@@@@@@A@@AC@@@@@@@@@A@@@@@@@@@@@A@@@@@@B@@@@A@@B@@@@@AA@@@@@@BA@@@A@@BA@@@@@@@@@@@A@@B@@@@A@@@@@@BA@@@A@@@@@AB@BA@@BC@@DC@@@@@A@@@@AAAC@@@A@@@@B@@@@@B@BBB@@@@@BAB@@@DABA@@@A@@@@@@@A@@@@@@A@@AA@@@AA@@@@@BA@@@A@@@@B@@A@@@A@@@A@A@@@@@@@A@@@@@A@@@@@@@@C@@@@@A@@@A@@@@@A@@B@@@@A@@@@BA@@@A@@@@BA@@@@@@@A@@@@@@@A@@AA@AB@BA@@@@@@@A@@@@@@@@@@@@@@A@@A@@@@@@@A@@@A@@@A@@@A@@@@@C@@A@@@@@@A@@A@@@@A@@@@ACAC@A@@A@@@@A@@@@AA@@@@@@@@@A@@@@@@@@B@@A@@@@B@@A@@@@@@F@@@BA@@B@@@@@@@BA@@@@@@B@@@D@@@B@@@@@B@@@@@@@@@@@@@@A@@@@@@@@@@@A@@@@B@@@@@@@@@DABB@@@@B@@@@@D@BA@@@@@@@@@@@A@@@@B@@A@@@@@@B@@@@@@BB@@@@@@@@@@A@@@@@A@@@@@A@@@@@@@@@A@@@@@@B@BB@@@@@@@AB@@@@AA@@A@@@@@@B@@@@A@@@@B@DADC@@B@@@B@DGBAB@AA@AB@BA@AA@C@AA@@@@@@@A@@@@@ACAAACAA@A@A@@@@@CA@AA@@@@@B@@@@A@@B@@@@@@A@@B@@@A@@@@A@@A@@@@@@@ACAAA@@@@@@AA@@@@@@@AA@@@A@@B@@@@@@@@AB@@@@@BA@@@@DA@@@@@A@@B@@@@@@@@@@@B@@@@@@BB@B@@B@@@@C@@@@@@@@@@@BB@@@@B@BABAB@B@BA@ADA@A@@@ADC@@@A@@BA@B@@@@B@@@B@AA@C@@AAA@@A@@@ADA@AB@@@@@B@@@B@BA@@@AAC@@@C@ABBB@@C@AA@A@A@A@@@@AA@A@A@@@@A@@@A@@B@BAB@@A@AAAAE@A@@BA@@AAAA@@AAAAA@@@ABC@A@@BABA@@@CCA@A@AB@@ACA@A@A@A@A@A@CA@@@@ADA@@@A@AAAA@@A@ABA@C@A@@AA@@AAAA@A@ABCDABA@CA@@AAG@C@CAA@A@ABABEBA@ABA@AB@BAA@@@@@@C@@@ABA@@BABCDABGLCDWHCB@D@@CBEDEDC@A@@@GBEAEAA@EBCBCDCBCFABKBOFQBSDMDMHKLILGPCPETANEPGTCLGJOVAPFNHNHNALCJGLKHSDQHMBGHBJFNDNJPFV@F@B@B@DBDAJ@B@D@DDF@B@B@BA@A@E@C@A@A@C@A@A@CIG@ICCDA@@DABBD@B@FBD@B@DADADEBABAJ@DCBA@@BCBEFAD@FBDDBBF@B@DBD@BBD@FAB@B@B@BABABA@A@C@AAC@ABA@EFEF@BABAFCDDH@BBFAJCBIDABC@AA@AAA@A@CCAC@CBABADABAB@DBBDBB@B@BD@B@BHDBBJBBABC@AB@J@B@HDBF@B@BCBFFLHF@D@@B@B@BBH@FDBDAFAJCB@D@@@FD@BBB@JFLFBBBB@HHBBB@B@B@@@D@B@DFBBD@FAD@DBBBD@LJDBDBB@B@B@BBBBBD@FBDBBDBBBFD@B@B@DCFABCDEFABCBCBABGHABEBODC@A@ABEBADA@ABE@@B@B@BBFBDABAB@B@B@B@B@B@B@D@BAD@DGN@@@@@@BB@@@@B@B@BBBB@@BB@@@B@@@@@BB@BB@BB@@@B@@BDB@B@@@BB@@B@@@@@@BB@@@@B@@B@@BB@B@@@B@@@BB@@@@B@@@B@@B@@B@@BB@@@@@@@B@@B@@B@@@BB@B@@B@@@@@B@B@@@B@B@@AB@B@@B@@B@BB@@@@B@@@@A@@BA@AB@@@B@@@B@@AB@@@@@BB@A@@@@B@@@@A@A@AB@@@@A@A@@B@@@B@@BB@@A@@@A@@@AB@@B@@@@BA@A@@@@B@@@@A@@@A@BB@@@B@B@B@@@@B@@@@ABB@@@B@@BB@@@@AB@B@@@@@@A@@@@@A@@@@BA@@B@@@@@@ABB@ABA@@@@B@@@@BB@@@B@BDB@@A@@BA@@@ABA@@@@@@@AB@@CBAB@B@@A@A@@@@B@B@BA@@D@B@B@BA@@BC@@@AB@B@@@BA@@@@@@@@B@B@B@@A@@@@@@B@@A@@BA@AB@B@@@@@B@@ABBB@@A@ABAA@@A@A@AB@@A@A@@@CB@BAB@B@@A@A@@B@@@BBB@BB@BB@@@B@BB@@@@@@BB@@BB@@@@@AB@B@@BB@@FB@@@BA@@B@@BBBB@B@@B@ABB@BB@@@@BD@B@@BBBA@BB@DBB@@@B@BA@@@@@BB@@@B@@@B@@@@B@@@BBBDB@@BBA@@@A@@@@B@@@B@@C@A@@B@@D@@@@BBBAB@@@AA@@@@B@BB@@BAD@@ABA@@@@BD@@@@BA@@@@@@@BB@@@BA@@BBB@BAB@@AC@@A@AB@@@BDB@@@B@@@@A@@AA@@@@@@BB@@B@@AB@@BB@@@@EB@@AACB@@AB@D@@@BAB@@ABC@@@@BA@@BAAA@AA@B@@AB@@@BAB@@AB@@@BA@@@A@@@A@@@A@AB@@A@@@@@A@@B@BAB@@BBB@@BBB@BBBDBD@DAHAD@DBBBDD@@B@BAB@@@BBB@BDBBBBBBB@@BB@B@@ADCNI@AB@D@DBDBBDFDHBDBBBB@@F@BABG@C@ABABAFAFAH@BDHBBDBFDLF@@@BBB@@BB@B@F@NBDBDB@@B@@B@DC@@FBLAFBDD@FBBF@BBB@B@BABCBABAF@BAD@BAD@@AB@@ADADADDHFBB@DABEF@B@BBD@@@BHD@@FE@AB@"],"encodeOffsets":[[112894,23141]]}},{"type":"Feature","id":"450923","properties":{"name":"博白县","cp":[109.980004,22.271285],"childNum":1},"geometry":{"type":"Polygon","coordinates":["@@HM@CBC@A@C@A@A@A@A@A@ABABAACAE@A@A@AF@BAB@BCFABAB@D@PCFABAHGBADADABAFEDCBADE@C@A@AECAACAAAAC@EACAAAAA@A@A@CACAKIC@AACAC@EBC@AACEA@C@@@A@A@A@AAGGA@AAEAEK@IAA@AEC@@C@A@IDEBCBCA@EAG@A@A@AC@E@KGEEDA@A@AAEGCA@I@A@@BADABIAAAGC@A@AACA@A@CAAA@CBABABCBADAD@DB@D@BBB@BBBD@BAJCDABIAE@ACGDCBEBA@AFEFEB@BAD@BBD@B@B@BABA@A@A@ABA@EAC@AAC@C@AAECAAC@EBCFEDA@AB@DA@CBIBAFABCBC@C@AAC@E@AACBA@CB@DCJDH@DJB@B@D@B@B@D@F@B@B@@A@A@ACE@C@C@ABIAC@C@A@A@EEUIOCMEMAIHGNARGTCLGHKDIBKGMGMEMBOPUHIDKHSFOBMFSDOHOJKLKNGNCTCRAPELABADEDADCDAFAB@FBFBHA@@B@D@@A@@@A@@@@A@@@@@@@@@A@@@@@@@@@@@@@@@BA@@@C@AB@@A@A@@AAA@AC@@@CAAAA@@BAB@@A@A@@A@@@A@AA@A@@@AB@@@@AACAA@@@C@@A@AA@@A@ABEA@BAB@@A@A@@@@@AB@B@@@@CA@@@@A@@AA@@AA@AA@@@@AAAAA@AACCA@@@BCAA@@CA@A@@@@@A@@@@C@@@@@@@AB@@@AA@@@@@@@@B@@@@@@@@@@@@@@@@@@@@A@@@@@A@@@A@@@A@@@A@A@@@AA@@A@@@A@@@A@@@@@A@@@@@@AA@@@A@@@A@@@A@@@@@A@@@A@@@@@A@@@AA@@C@@@A@A@@BA@@@A@@B@@A@@@@B@B@@@@@@@@@@AA@@@@@BA@@@@@@@A@@@A@@AA@@@@@@@@@@@@@@B@@@@@@@@A@@@@A@@@@A@A@@@@@@BA@@@A@@BA@@@@@A@@@@@@@@BAB@@@AA@@@@@@@A@@B@@AB@@@@@@A@@@@@@@@@@@@@@@@@A@@@A@@B@@@@@B@B@BB@@B@@BB@B@@A@@BA@@@@@A@A@@@@@@AAB@@@@CB@@@@@@A@@@@@A@@@@A@@A@@B@@@B@@@@@B@@@B@@@@A@AA@@A@@@@@A@@B@@@@@@B@@B@AB@@B@@A@@@A@@@@@@BA@@@@@@@@@A@@@@@@@@A@@AA@@@@AAB@@@@@@B@@B@@@B@@@@@@@@A@@@@AA@A@@A@@B@@@@ABC@A@A@@@A@A@@@@@@@AA@@@A@@A@@@@@AA@@@@@@@@A@@@@@@@@BA@@B@D@@@@@@CD@@@@AA@@@@A@A@A@C@@@A@@@@A@@@A@@@@@AAB@@A@@@A@@@A@@A@@A@@@@@A@@@@BA@@@@@A@@AA@AA@AA@@@@@A@@BA@@@AA@@A@@@AB@@A@@BA@AB@@A@@@@@A@@@@@@@@@@@@@A@@@@@@@@@@@@@@@@@@@@@@@@@@@@@@AA@@@@B@@A@@@A@@@@@AA@AAAAA@AA@@@AA@@@@A@@@AA@@@@AA@A@@@@@A@@@@@A@@AA@A@A@A@@@@@A@@EB@@@@@B@@@B@@@DAB@@@@A@@@@B@@@@@D@@@BA@@@@BAB@@A@A@@@A@@B@@C@@B@@@@@@@@BD@B@@@@BBBB@@@@@@AB@@A@A@A@@B@@A@@B@@A@A@@@@@A@A@@@@@A@AAA@@@A@@@A@@ABC@A@AA@@@AAA@@@@@@A@@AA@AB@@A@@@@@@@A@@A@C@@@@A@@@A@@@@@A@@@AA@@@A@A@@@A@@A@@@AA@@@@A@@A@@@A@@A@@AA@@@C@@A@@A@@B@@@@@@A@@BAA@@A@A@A@@@A@@BA@A@@@A@@@@@@A@C@@@A@@@@@A@@@@@A@@@A@@@@@@@@B@@AB@@@@B@@BB@@@@B@@AB@@@@A@@@CB@@@BA@@@@@@@BB@B@@B@@B@@@B@@@@@B@@@@AB@@A@@@@B@@@B@@@B@@@@@@@@@@@@A@@@A@@A@@@@@@@@@A@@A@A@A@@@@@@A@@@A@@AA@AAA@@@A@@A@@A@@@@@@@@@A@@@@@A@@CA@@@@A@@@@A@@@A@A@@@@@@@@B@@@@@@@@A@@@@AA@A@@@@@@A@@@A@@@A@@@@@A@@@@@A@@A@@@@@@@A@A@@@A@@@@@@@A@@A@@@@@AB@@A@@AA@@@@@@A@@@A@@@@AB@@A@A@@@@@A@@@@@A@@AA@A@@AA@@@@ABA@@@@@AA@@@@@@@@@AB@B@B@@@@@@@@A@@@@@@@@A@@@@@@@@A@ABA@@@@@A@@B@AA@@@@A@@@@@@@@@@A@@@@@A@@@@@A@@@@@@@A@@BA@@@@@@@@@@A@@@AA@@@A@@@AB@@@@@A@@@@@AB@@@@@A@@AA@@@A@@@C@@@@BA@AB@@@BA@@@@BAB@@@@A@@BAB@@@@A@@@@@@@@B@@@@@BA@@@A@@@AB@@AB@@AB@@@@@BA@@@@@@@A@@@@@A@@@A@@@ABA@@@AB@@A@@@@@A@@@A@@@A@@AA@@@@A@@@@A@@@@@ABA@@@A@@@A@@@@AA@@@@@A@@B@@@B@@@@AB@@@@A@@@AAA@@@@@@BA@B@@@@B@@B@@@@@@@@@@@AB@@A@AA@@A@@B@@@@@@A@@B@@CA@@A@@@C@@@A@@@AB@@@@@@@B@B@@@B@@@@@BA@@@@@@B@@A@A@A@@@A@AB@@A@@B@AAAA@@@AA@@A@@A@@@@A@@@@B@@A@@@@BA@@@@@@@A@@@@@A@CA@@A@@@A@@@@@A@@@@AB@@@@@@A@@@AB@AA@A@A@@@@@@@AA@@A@@A@@@A@@@A@@@@@A@@@@@@@@@A@@A@@@@@@@@@A@A@@@@@@A@@AAA@@AA@@@@@@A@A@@@@@A@@@@@@@@@@@A@@@@@@@@@@@A@@@CA@@EC@@@@@@@A@@A@@A@AAA@@@@A@@@@@A@@@AA@@A@AAA@@AA@@@AAA@@@@A@@@@@@@@A@@AAAAACAA@@AA@@@C@@@AAA@@@A@@@@AA@@@@@@A@@@A@@@A@@B@@@B@@A@BB@B@B@@@B@@@BA@@BAB@@@CA@AA@@@@@@@A@@A@@AA@A@@@AAC@@AA@@AC@@@A@@@@@@@@@C@CB@@A@A@@@@@@AA@@A@@@@@A@@A@@@@@A@@@@A@@AA@@@@@@@@@AA@@@A@@@@BA@AA@@@@@@@@@@@@@A@AA@@@@@@@AA@AAAA@A@@@A@@@A@@B@BA@@@@@AB@@@@@B@B@@@@A@@@@@@@@@@A@@@@AA@@@AA@@@@@@@AB@@@@@@A@A@@@@A@@@@AA@@AACA@@@BA@@@A@@@@@A@@@AA@@@BAB@@@@@B@@A@@A@@@AA@@@@@@@ABC@@BA@@@@B@@A@E@@@AA@@A@A@@@@@AB@@@@@@A@@@@AA@@@E@@@A@@@@@A@@BA@@@@@@@A@@@@@A@@B@@A@@@@@A@@CC@@AAA@A@@A@@A@A@@@@@@A@A@@BABAB@@@@B@@@@@@@BB@@@@@B@@@@A@@A@@CA@@@@A@@@A@@@A@@@AAA@@AA@@A@@@@@A@@@@@@@@@@@@A@@@@@@A@@@@@@A@@@@BA@@@@B@@@B@@A@@@@@A@A@@@@B@@@@@@@BC@@@@@@A@@A@@@@@@@A@A@@@@@A@@B@@AB@B@@@@@B@@@BA@@B@@A@@AA@@@@@@@A@@B@@@@@B@@@@A@@A@@@@@@@@A@@@@@A@@@@@@@@@BA@@@@@A@@@@AA@@@BA@@@@@@@@A@@@@@@@@B@@A@@@@@@@@@@AA@A@A@@@A@@@A@@@A@@@@@@@AB@@A@@@AA@@@@AA@@@A@@A@@AAAA@@@@@@@A@@@@A@@A@@A@@@C@A@@B@@@@@@@@@B@@@@A@@@@AA@@@A@@@@BA@A@A@@AA@@@@@@@A@@@@@@BA@@@@@C@A@@@A@@@A@@@@@@@A@@BA@@@A@A@A@@AA@@@@A@@@@@A@@@E@@@ABA@@@@@A@A@A@@@@A@A@@@@@@@@AA@@A@@@@@@@@@@A@A@@@@AA@@@@@@A@A@@@@A@@AA@AAA@@@@A@@AA@@A@@@A@@@C@@AC@C@A@@@AB@@@@@BA@@@B@@@BB@B@@AF@BA@@B@@@BA@@@@@A@@@A@@AAA@@@@AB@@A@@@@@A@A@@@@A@@@A@@@A@C@@A@@ACA@@A@@@AB@@@@@@BB@@@@@BA@@@@B@@@@B@@@@@@@@B@B@@C@@@AB@B@@@@@@@B@@@@@@A@@AA@@@AA@@@A@@B@AA@@@@AA@@AB@@AAABAAA@AABAA@AA@@BA@@@@@@A@@AA@@A@AA@A@AAA@AA@AAAAAAA@C@A@C@ABA@@@A@ABA@@B@A@@@AAA@@A@AA@@AA@@ABABABBB@BA@@@A@AA@@A@ABC@BDBBA@@@AB@BA@@@A@@AAA@AAACEACAAA@AAC@GBA@@B@@@BABA@A@A@C@@ABA@@@AAC@@A@C@EC@BA@A@@A@C@CAC@@A@A@AB@A@@@@AA@@A@CAABCDE@A@ACCD@BCAKAEBBB@@C@CB@@@D@BABC@AAAAAC@@AC@@@A@AAA@A@@@A@AB@@A@@@A@A@CI@AAA@CB@DABACAB@D@BADABAAABABG@CB@DADBDB@@F@DCJCFAD@F@DADAB@DADEDABE@CA@CEC@A@AAAC@A@C@AB@BA@AA@A@ACAAA@AAA@@@A@AACCAACAAE@@@AB@B@B@B@BAB@BABG@AA@@ACAAA@@@@BABBD@@ABAB@@ABC@A@AD@B@BC@A@A@@B@B@BABA@CAC@C@@AAA@CAA@AA@C@@BA@AA@A@@A@A@AB@@BC@A@@A@BA@AA@@@AD@BEB@@EBCDABAD@DAB@H@BAFIL@H@BBHFD@BBBBBDFAL@BDL@DCH@H@B@BBBA@ABC@E@@B@BBB@B@@@DBB@@B@AB@BBB@DA@@@BB@BB@@@AB@B@@@BB@B@@@@D@B@D@B@FDRFTHVBRHPGRIFKBCTXPHL@BBBCB@BBB@B@B@B@B@BABCD@B@@CD@@A@ADD@@B@@GHA@CD@@BBB@BBBBB@B@BB@@AD@@@BDBAB@BDDB@AB@@@BBDA@@BA@AB@@BB@B@B@B@B@B@B@H@B@@@BDB@BABADCBA@A@@AA@AB@B@@@F@BABAAC@@@AACAA@ICAAA@AAA@AAG@C@@@A@@D@BA@A@@@AAE@@@@@@AC@CA@@EDONEDQDSCCACACCBEAEEBCAA@CH@BCDA@EBA@ABAB@BAD@@AB@BBDBD@BA@@BBD@FABAD@B@D@BAD@BA@A@AA@AAC@EEEGEAB@DBB@F@F@B@F@DBBBBDBBHBDAB@DA@AB@@ABEBCBC@EBWREN@FDBL@ZQ@DNBDHCRAHAHAPAL@JAJAFGZIPKNGTBJFLENOJIDORGPCTATBZBND^FZDTLVLPHHNLRTBNETKLELCPDTFXFPHTJVLNRNRFDB@@BDB@B@DAB@B@B@BB@BDBBBDB@BB@BBB@BB@@LDD@@@B@F@NGBAHEBABAFEBABABCB@B@BABABABA@@B@@@@@BBB@BBFB@@AB@@INIJABABCB@BCBA@@@@B@BBB@H@@@BB@BDDD@@@BFH@B@@@BA@CD@B@@@@B@F@FB@@DGDADAB@BABABAB@B@BD@@@B@@ABA@@@@B@DBB@@BB@B@BAB@@AB@B@@B@B@BBJAD@@@BC@@B@@BB@DDBBB@B@@@B@@@@B@B@@AFBDBBB@DBB@@BDB@B@@FABAJCJ@DB@@DB@B@B@BAB@B@@BFBFCD@F@DBBBFB@@@DDB@B@BABCDIDGB@D@FADCBC@@AACAA@EK@@@ABABABCDCB@H@B@HCDADE@AFIBABAH@RARITQROTG`FTJJP@V@XDTFLHFJLBLEPMNEJI\\KPOLMFOJERDLLNNJPPFFDD@@@A@@B@@@DA@@@@@A@@@AB@@@@AA@@A@A@@@A@@@@AA@A@@@@BABA@BB@@AB@@@B@@@B@@AB@@@@A@@@ABAB@@@BA@@@B@@B@@@@@@@@A@A@A@AB@@@DB@@B@@@BA@@B@@@B@@BB@@@B@B@B@@@B@@ADAB@@@BAB@@@@@@@B@@@B@@B@@@@@@@BB@@@@@B@@@@@B@@@@A@@@@B@@@BA@BBB@@BB@@@B@@@@AB@@@@A@@@@@@B@@@@@@@@B@@@@@@BB@@@B@@@BA@@@@BB@@@@BAB@@@B@B@B@B@@@@BB@@@B@B@@@@B@@B@@@@@@@BBB@@BBB@@DBB@@@@AB@B@BA@@B@@AA@@ACA@A@@AA@AAC@@@A@A@@@AAA@@@@BAB@BBBC@A@ADAB@BB@ADCB@@AAA@@@@@@@@B@B@B@@@BB@B@@@B@@@@BA@A@@@@D@BAB@DAB@B@@@B@B@@@B@B@@AB@@@BA@@B@BA@@B@B@@@@@B@B@@@B@DC@@DABAB@@AB@@@@@BA@@@A@@B@@@@AA@@@@@@@@@@@A@@@@@@B@@@@AA@@@@@@A@@@@@@@A@@@@@A@@@@A@@@A@AA@@@@@@AA@@A@@@AA@@A@@@@@@@@@@AA@@@@AB@@@@@A@@@@A@@@@@@AA@@@A@@A@AA@@A@@@AA@A@AA@@@@@ABA@@A@@A@@@@@CB@BAB@B@B@@@D@@@@AAA@A@@@@@A@@@A@@@AA@@@AA@A@@@@DA@CB@@AB@@CB@B@@A@@AA@@@AB@@@BA@@B@@@B@@A@@A@@@CA@@@C@@A@@@A@AAA@@@@@@A@@A@A@@AAA@@@@@@@@BA@AB@BAD@@@BC@@B@BA@@@ABA@@@@B@B@BAB@B@@@B@BAB@@@B@@@BAB@B@BA@@BB@@@A@@B@@@B@B@@@B@@A@@B@@@B@B@@@B@@@B@@@D@BA@@@@BAB@BAB@DAB@B@@@@B@B@BB@@@AB@@BB@B@B@B@@@B@@@@B@@@BA@@BB@@B@B@@@@@B@@B@B@@B@@@DCBABA@@B@@@DAB@B@@BB@B@@@@BB@B@@@BBB@@BB@BA@@B@D@@@B@@@B@@@BABAB@B@B@@@@A@@BAB@@A@@@@@A@A@@@A@@B@B@@AB@BAB@B@BAF@B@D@BAAABA@G@C@C@ACA@A@@B@B@@@@@@AB@@@@@BAB@BBBA@BB@@BBA@B@@BA@@BB@@B@BA@@BA@@@@BB@@B@BA@BBABBBA@@D@@AB@@@B@B@@@B@B@@@@@B@@A@@B@@@B@@@B@@@@@BB@@B@@@BA@@@@@@B@@@@A@@B@@@@A@@@AB@B@B@@A@@B@@@@@@@@A@@BCA@@A@@@@BA@@AA@@@A@@@@@@B@B@@@@@DD@@BA@B@@B@@B@@@@@B@D@B@D@@AB@@@@A@@@@B@@A@@@@@AB@@@BB@@@BAB@B@@@B@@@B@@A@@@@BA@@B@BA@@B@@@@@@@AA@A@@A@@A@@@A@@B@B@@AB@BBB@@DBB@@B@@@B@@A@A@@@@B@@@BA@@@@@A@@@AB@@A@A@@@BB@@@B@D@@AB@B@@@@@B@@@B@@@@BBBBABB@A@@B@B@B@@@B@@AB@AA@@@@BA@@B@@@@@B@@@@@B@@AB@@A@@@AB@@A@@B@@@D@@B@@@BB@BA@@@@B@BA@A@@@A@C@A@A@ABA@@@@B@@ABBB@@@D@B@BB@BB@@@DBB@@@B@@BB@BD@BB@@BB@@@BD@@B@@@BBB@@@@B@@@B@BBB@@BD@@@B@B@@BB@BB@@@BB@@@BB@@B@@@@@B@BB@@@@BA@AB@@@B@@BBAB@@@@BB@@@@@B@@BB@@@@BAD@@@B@B@D@@@@A@@@@@@BB@@@@BA@@B@@BB@B@B@B@B@B@@@B@BA@@@@@@B@@@B@B@@@B@B@B@@@B@B@@@BB@@@B@@@@BB@B@B@@BB@@@BB@@@"],"encodeOffsets":[[112800,22898]]}},{"type":"Feature","id":"450924","properties":{"name":"兴业县","cp":[109.877768,22.74187],"childNum":1},"geometry":{"type":"Polygon","coordinates":["@@@AACAAIGGBMAQCAFBDCBCCCCBIEEEAIADKAECKIM@AAIBM@CBSASCFGFABMGICGEGCMFA@A@CA@@@CBABEBC@A@CGMEBICABEHE@]SEEIICAEC@A@@DQ@E@IDAHADEBC@C@IAA@GEBCAGGAEIEADCAA@AEKGS[KDMI@CLGDGAE@@@@A@ABA@@@A@@BA@@A@@@@@@@@@@A@@@@@@BA@A@@@@@@A@@@@@@A@@C@@@@EBBB@@@BAB@@A@@AA@A@A@@@A@@@@B@@A@@@AA@@@A@@@@AA@@AB@@CAA@@@@@@B@@@B@@@BA@@@A@A@@BA@@@@@@@A@@@ABA@@@AB@@@@@@A@@A@@@@@@@@@AA@@A@@@@AA@@@@A@@A@@@A@@@@@@@A@@A@AB@@@@AA@@@@B@@AA@@@A@A@@@@@@@@AB@@@BA@A@@@A@@@AAA@@@@@AA@@@@@@@@@A@@@@AA@@A@@@@@@@B@@A@@@B@@BB@@@@B@@A@@@A@@AA@A@@A@@@AAB@@@@AB@@AA@@A@AA@@@A@@@@A@@@A@@@BA@@A@@@AA@@@@AB@@@A@@@@@AA@A@@BA@@A@@@@@@@@@AA@@BB@@B@@A@@BA@@@@@A@@@@@A@@A@@AA@@A@@@BB@@@@@BA@@@CBA@@@@@@A@@@A@@@@AA@B@@@@@@ABA@A@@@@@AB@@@@AB@@@@@@@@A@@@@@@@@AA@@@A@A@@@@BA@@AA@@@BB@@A@@@@@A@@BA@@@AABAA@@B@B@@AA@AAA@@@@@@@BA@@@BBB@@@BB@@ABA@@@A@@@@A@@BA@@A@AAA@@B@@B@@B@@@B@@@@@@B@@@@B@@A@@@@@A@@@@@BB@B@@@@A@@@@@@A@AA@@AA@@@@@BB@B@@@@AA@@A@@@@@A@@ABA@A@@A@@@@@AAA@A@A@@A@@@BA@B@@BA@A@@BA@A@@@@@A@@AA@@@A@@AA@A@@AA@A@A@@B@@CB@B@@BB@@@BA@AB@@A@@@@@A@A@@@@@@BAAAAAB@A@@AA@@AA@@@AA@@@@AA@@A@@A@@@A@@@@BBB@@AB@@A@@@@@BB@B@@@@A@A@@@A@@@A@@@@A@@AA@A@AA@A@@AA@A@@@AAA@@@@@@@A@@@@@AD@@@@@@@@@B@BA@@B@@A@@@@B@BB@@BA@@@@BB@BB@@@@A@@@@A@@CAA@A@@BAB@@@@A@AAA@@@@AA@AA@@CA@@@@@B@@@@A@@@BB@@@@B@@@BB@@B@ABB@@@@@@B@@@@@AA@A@@@AA@@A@@@A@A@A@@@@B@@A@@@AA@@A@A@A@@BAA@@A@@@@@@B@@@@A@@@@A@@@@A@@@@@@AA@@@AA@@B@@@@A@A@@AA@@@@AA@@@A@@@A@@A@@AA@@B@@A@@AAA@A@A@@AB@@@A@@@@@@@@A@@@@@@BA@AB@BA@A@@@AB@@A@C@@@@@@@@AA@@A@@A@A@@@@@AAA@@@A@@@@C@@@@A@@@@A@@AA@A@@A@A@@AAA@@@@@A@A@@@CBA@AAA@AA@A@A@@@@AB@BA@@@@@@@AA@B@AA@@BA@@@A@AB@@@B@B@B@BA@@@@B@@@@@B@@A@@B@BA@@BAD@@@BA@@BA@@BA@@BA@@@@B@BA@@DAB@BBBA@@BAB@B@@@B@@A@ADA@@DA@@@@@A@A@AAA@@@@B@B@AC@@@A@AAA@@CC@@A@ABC@KBKBCBGB@FABEBE@EACBEBGBG@A@CDA@A@GEA@@HE@C@MD@BCCAEQ@GOB]SMG@KAS@OLCLGTIRMLQHOFQJ@@@@IFKNINGPA\\AXAJ@HFFABDBDBDFLPDDHFTJBDDBDBD@F@D@HBFBLDNANJBFADGBADCD@LHHDN@DDFFFHDNFH@D@DCHIBAD@DD@BBDJBVDJBDBDBBDBFBF@BHDBFADED@BA@A@CPCDA@IBE@CBCBGHEB@DBFFNBB@DCFAF@BBDCD@DAHD@BDBB@F@DABCD@@CD@HCDADAF@DADAD@D@B@DBDFBHDDFBD@DAF@BDBDADEDAFAFBD@DBHDFABCDCFC@@DCFEF@HD@DCDCB@@BDBDBDH@FBFB@@@BBJ@H@DAD@BABBBBD@D@D@B@DDBHBBBD@D@BCF@F@@BBBDBDADABGAA@ABCB@DAFAD@BAJAB@DADCF@B@B@@BBBBBBD@BA@C@EACBAB@DABA@ABCB@FABA@GCACDCDABA@A@@CACBCBCBADBF@@@FGDADABCDCA@@@BABABA@@DBBBDBBB@BBBBDBB@D@B@HCDAB@B@DCB@HBDBBBCFCDCBG@CDEDCBCBA@A@BBBB@B@B@JABABDBB@BB@HABAAAAAA@CC@A@AF@FCFABAB@DABABCBCF@B@D@BEFABADAD@B@BBD@B@@CACA@ABCEAA@C@CDEBEB@DAB@B@DBF@@ADAF@BB@D@B@FCJGB@B@@@DA@BHDBD@BDBB@B@F@DBBBD@@@DDBBHHDB@DBB@BBBDBDD@BB@B@B@HBBBFD@@@BA@A@DDDBBABBD@BD@@BAB@A@AA@AB@@C@AD@DAB@@DB@@@B@BBBBBB@BABA@ADA@A@@@@B@BBBAD@BB@B@B@BA@@AABA@@BCF@@B@BABBBB@BB@B@B@DAB@BBBBB@BBDBB@@BAB@B@BBB@DBDBD@B@@@@C@A@@F@@@BBB@@E@A@@B@@B@B@@DB@A@AB@B@@@@BA@BBB@@@BB@@BB@@@CB@B@@@A@B@DCB@@AB@D@D@@@B@AA@AA@BABBB@@BBBDBB@BAB@@BBBB@BB@BB@B@AEDABBCBB@@BBB@@B@@AACB@@@@A@AB@@D@D@@BBFAB@BBBAB@@A@C@AF@B@BFBBFCBABA@C@@B@@@@BBBBA@@@AA@@AAAA@@@B@D@D@@@D@@AAABAB@@BBBB@@ABCA@AB@@A@@AB@@@BA@BB@DAD@BAF@BA@A@@B@B@@@D@@@BAAA@@BABAB@@ABAB@@CDC@B@BB@BB@@D@BB@BBAB@D@@AACCA@CFEPKJC@A@AAGHAJE@EBC@@COBAFAFAFEBAFFJ@PE@@DCDCBAFCDGJEL@JNHNFFHDNABC@@@@DEBKJQFOHOLKHIDMDKDKDGFGJBLLNLLHRDXD`AT@XAR@LGJGPKFG@IBI@IAIEAQ@MGQEQIKEA@A@@@CAA@AA@@ACA@@@GCIG@@@ADEBA@@@AA@@AAACAEAE@@A@A@A@CAA@@EACA@AA@@A"],"encodeOffsets":[[112804,23372]]}},{"type":"Feature","id":"450981","properties":{"name":"北流市","cp":[110.348052,22.701648],"childNum":1},"geometry":{"type":"Polygon","coordinates":["@@D@PHRDPEPELGNCPHDFHLPNVDNANC\\FVPRVRNR@VGXULOPKXCLGFMBIDUHMCUMMOKQMAAACEE@AAIDG@E@E@IDGBIBG@@@A@AB@@@@AFGBADABCBC@@HM@@HGBAB@@@DBB@DDD@B@@@D@@@BAB@B@B@@@B@@@B@@CEcVBAC@CAABCTOPAVCJO@CDOHSGQEEMQGODQFGLOPOJOJOJENIPOFGVOTOTKPOFEPMZQTQFS@M@SESGUGUBQLQREPBXBLF@@B@B@BAB@BB@@B@@@@@H@F@BADKBE@AB@BCDCDABA@MBCDAHAD@J@BABADCDCBC@C@M@ABU@AAEACCCAECA@AA@@EBADG@@FE@E@EBICAAAAG@GBCBEFCDCDA@ABCBABAB@D@BFBDBBDBD@DCHAJCBABEBEDEHM@C@AACAC@CBA@A@C@A@CB@BADABADAD@B@BADCBCDAPY@WZAFEBA@C@CCCACCCC@AAC@ICE@AAA@AAE@CBEACAA@@@C@CBAD@@GDEDO@@BCDCDCFA@CBABC@@B@BABABC@CACCAC@A@AAA@AAA@ACAAAAC@A@A@AACCAEAC@CBMEGEAI@@DADE@CEEGKCAEAC@MCGAE@EBIECAECACAA@A@ACCCCAE@EAC@CBEDE@ABA@CBABC@AFEBAL@D@DEB@DGFE@G@AB@DA@A@ABGFSA@@@A@@@@@@@A@@@@@@BA@@@@@A@@@@@GAAA@@@@@CACCAAA@@@@@@A@@@@@A@@@@@@@@@A@ABC@ABA@@@@@EA@@A@@A@@@@AA@@@@@@@@A@@@@A@@@@@@@@@@@ABA@C@@@@CA@@GA@@A@@@@@@@@AA@EGCAGAA@@@A@@@@@@@A@@@@@GCADABAB@BEDABCBG@@@A@@@@@@@A@@@AAA@A@@AK@ABGDCF@@@BAB@@@@@@@@B@@@@B@@@@@B@@@@@B@B@@@L@BB@@@@@@B@@@@B@@B@@@B@@B@@@@@@BB@@@@BB@@@B@@B@@@@@@@B@@@@AB@@@B@@A@@@@@A@@@@@@@A@@@@@AB@@@@C@MB@@A@A@G@@@@@A@A@@BA@A@@BA@@@IFQF@@@@AB@@A@@@AB@@@@@@ABA@@@A@@@AB@@@@AAA@@@@@@@A@@@@AA@@@@@@@@A@@@@A@@@@A@@@@@@GCEE@C@A@@@@@@@@@@A@@A@@@@@@A@@@GE@@@AA@@@@@AA@@@@@AA@@@@@AA@@CC@G@@@@AA@@A@@@@A@@@@@@@@A@@A@@@@A@@@@@EG@@@A@@@@@@@@@IBCACA@ACIC@@@@AA@@@@A@@@A@@@@@A@A@@@@@A@@AA@@@@@@@AA@@@@AA@@@@A@@@@@AA@@A@@@@AA@ICC@CD@@@@@@A@@@@@@@C@@@C@A@@@@@A@@@@@E@C@A@CBAB@@@@@@@@AB@@@@@BA@@B@@@@@B@@@@@@@@B@@BB@@A@@B@@@@@DBBF@B@@IFGHCB@@@@@@@BA@ABAB@@AB@@@@IJABA@@@A@@BA@A@@BA@AB@@A@AB@B@@@@A@CF@DAB@B@@A@AB@@@B@@@@BB@@@B@@@B@@ABABA@A@@BA@@A@@A@AA@@@@A@@@@@@@AB@@@@A@@@@@@@AB@@@F@B@B@@A@@B@@EDGD@BA@EB@@EDE@A@GBA@@@A@@@@@A@CDA@GHIJ@BIFKBM@K@I@EDBJDJNFJ@LDHVBRDNBRBRHRLRPPFP@RCNITINGAEMGCGBMJMNIJMHKDQEOGGHCLDP@LLLLJDPFL@PDP@RBNMJKCKCM@MJGJAPCPGJ@NFLPJLLJN@PEPENUXOJKLAJDLHLGLMLOFKFQFU@SDEB@@C@@@G@C@CVMBAJFBD@@@DBD@AD@BA@@DDFBB@B@DAB@B@B@BDBDBBBDHL@P@HANAF@LJFRDLDPFNFHDNFJHH@HEDIBKHGJGHGLGFIBOEKEGKGCI@OLOPEHSLQFMBKBGAAACA@AACCEAAC@@DCFEFA@A@CBA@GCECAACAA@AAGGA@AC@AB@B@BABABA@AAC@@K@ABEFQNHRCFC@ALADEBABCFCBAPEFAH@H@FDBDFDFLTDFBBBR@BABAFCBC@CDAFBHCH@@AFADADBBB@B@@CBCDEBCB@@@@D@FBFBHDDJHBBBD@B@BB@@BDBFB@@BB@D@B@B@BF@FBDBBB@BB@@B@@ABCF@B@@JHHD@@B@BD@@BBB@DB@@B@B@LFRJRFNHR@FBHAPDRAXAHDDB@F"],"encodeOffsets":[[112917,23423]]}}],"UTF8Encoding":true}