{"type":"FeatureCollection","features":[{"type":"Feature","id":"440402","properties":{"name":"香洲区","cp":[113.55027,22.271249],"childNum":64},"geometry":{"type":"MultiPolygon","coordinates":[["@@@BKD@B@@@BA@@@A@@@@@BB@@@@CB@BA@@A@@BA@A@@C@CBCB@B@BA@@@@BBB@B@@@B@@BB@@@FBBD@B@BBD@@A@C@AAA@@BC@A@@DB@D@@B@BCBABEBA@@@@A@@@AA@@@A@A@@B@D@B@@@@A@@CE@@"],["@@C@AB@B@BBB@@DDDBB@@A@AAAACAC@@"],["@@A@EFA@ABA@AAA@@@AB@B@@@@@@@@C@CAABA@@@A@A@A@@BCBA@ADABAB@BBB@@@@B@@@AB@AA@@B@@B@@@@B@@A@@BA@@B@@B@@@BBB@@AB@@@BB@A@@@@@A@@DBB@BDBDBBBB@@B@D@@AB@@BDB@BB@BABABC@GAA@AB@BBBBD@BABC@A@CA@@@@A@ADAB@@AACAC@@@ACA@A@@"],["@@@BA@@BB@@@B@@AB@@A@@@@AA@@AB@@"],["@@A@IDEB@B@FB@DDBBBB@B@@BBBBD@BBF@DDBDDBLBLBHBBBADD@T@B@@BBDPHLBTBDBRABBBBFDBBCBCF@BFDLDHBJAFA@ECGE@KA@@BA@CAAECC@AABC@CA@A@BAF@@AAAIAKGCAG@G@KBACA@C@C@@AB@AAAAK@KGA@E@M@GACC@@EAI@EAGEAEA@CA"],["@@@@BBB@@@BA@A@AAAABA@@D@@"],["@@@DBF@BB@DD@@@BAD@B@@B@@@@@B@@@@@DE@AB@B@@@B@B@B@D@@@B@@@@@B@@I@@B@@A@@B@@@@@B@@@@@@A@@@@@A@@AA@@A@I@A@A@@@AAA@AACAA@A@A@@@ABAD@B"],["@@ABA@CB@@BBBBB@@@AFBD@BDD@@@@B@B@@AAAAA@A@CBC@C@ACA"],["@@@@BBBD@BB@@BB@B@@@FDB@B@@@BA@@@A@@@A@ACAA@@AACA@AA@@AAA@ABA@@@AD"],["@@@B@DA@A@AAA@@@@@A@@@AAC@A@@@@B@BBB@@@BA@A@@BBDBBADA@C@@@C@A@@BC@@@@BAB@@A@@@@BBDDBHHB@@AAA@@D@D@@AB@BDFDBBDADBBAB@@@D@DAB@AC@EA@@@AAA@A@@ACCAAAA@A@@BBBBDBDBDBF@D@BA@EB@BA@ACA@@A@CA@A@C@@CAA@C@ECA@AAA@"],["@@E@IBABABAFBD@DADAD@FDJBDBBD@PBF@HAD@F@D@F@FAHBF@FAFEBC@AACAAAE@CB@B@D@B@B@B@@AACAAECGAC@GBC@E@G@EBEAEACACCE@"],["@@@@@@@@BB@@DB@@B@B@@@@@BA@@BA@@@C@@@@@A@@B@DBB@BB@@B@@@@@B@@@@A@@AA@@@@AAGA@@A@@@@@@@AB@@A@@BEBA@@@AB@B"],["@@@@@B@@BB@@@@B@FB@@@@@@BAA@AA@A@@@@B@@AB@@A@@@A@C@@@@@@D@B@B@B@@BB@HDB@B@@@@A@@@@CE@A@@A@AA@@BAA@@@@@C@@@CEA@AAA@A@A@EBA@@BA@@B@B@B@BB@@@@B@@A@@B@@@BB@@B@B@@AB@@@B"],["@@C@ABADABGBGBGAU@E@ABABBDDBNHHBH@HAHBBBBD@HBFBBD@DADABCBAD@B@DBDFDBD@D@BA@ABC@CBCACCCCAAA@C@CCAKCCAAACCCA"],["@@C@CBEDAB@BBD@BCB@D@BABACEAAB@BAH@BBD@BGDGHAF@BD@DAB@@BAFBBD@D@BCDA@C@@BFBBB@FANAADBFB@F@B@DBD@DG@EDAB@@CACAEA@AB@@@ADCBGIGCCC@CB@A@GAGCC"],["@@@@@@@B@@B@B@DB@@@@B@@@@@B@@@@A@@@@@A@A@@@AAA@@AAC@@@@AAA@@@@@BA@@B@@BD@@@@AB@B"],["@@DFBBJBBBBBFDFBHAB@@A@@@AGEC@@AK@@@A@EEEAC@@@@@@B"],["@@CBAB@BDFBBCF@BBBDFFFDH@ABDFDDAFCDBDCD@BADABAAE@@@C@@AEBC@AB@D@@AEEAAA@@DAB@@A@MAA@EB@BAAAGAAK@"],["@@A@CD@BB@BF@B@DB@B@DB@BAB@BCCC@@BABA@@AABA@@@@HBFBBBD@DA@EA@@AB@BDDBDB@FBDDHBFCD@@AH@LCHC@AAC@AF@F@@A@EACCCCGCAAGKEE@EBEABACCC@CBAA@@"],["@@@B@@@BB@B@@AAAA@"],["@@@BDFFFDDB@VHFBBBDBBLBF@@BBB@BA@@BEB@@A@AAACCAC@ABABAD@F@HFDD@BB@@A@@BA@AAAAAEECAKEE@C@GBA@A@IAAAAA@C@CFE@@@A@@A@@AA@CDA@@BA@CCA@CACBCD@D"],["@@@B@@DB@@@@AB@@@@@B@@B@B@@@DA@@@@@A@@AA@A@C@@@AA@@@A@@B@@@B@@@@@BA@AA@@@@@B@@@@"],["@@@B@@B@@@@@B@@@B@@@@AB@@A@@@@A@A@ABA@"],["@@@@@@@B@@B@@A@@@@@@@@@@A@@@@@"],["@@@@@@@@@@@@B@@@@@@@A@@@@@"],["@@@B@@B@@@@A@A@@@@A@@@@B@@"],["@@@BB@@@@@@@@A@@@@@@@@@@@@@@@A@@@@@@@@@@AB@@@@@@@@@@"],["@@BBB@B@B@@A@CAAA@@@A@@@A@@@AB@BBB@@"],["@@ABB@@@B@B@@A@@@@@@@ABA@@@@BCB@BA@@@A@@A@@@@A@@A@A@@B@B@@AB@B@@A@@@A@@@@@@@@B@B@B"],["@@D@@BB@B@@@BA@AB@@AAAA@C@ABA@@D@@@@"],["@@@BABBBD@B@D@@@BA@AAAAA@AABA@CB"],["@@@BB@B@@@@A@@AA@@@@A@@@@@A@@B@@B@"],["@@AB@@BBB@@AB@@@@@@A@A@@@A@@@AB@@A@AA@@AA@AB@@@B@@AB@@@B@BB@@B"],["@@@BB@@@@@@@BA@@@@@A@@@AA@@@@@@BA@@@@@@@@B@@@@"],["@@BB@@@@@@@@BA@@@@@@@@@@@@@A@@@@@@@@A@@B@@@@@@@@@@A@"],["@@@DBD@B@BA@AB@BBFBBB@B@@B@@@B@B@@B@B@BBBB@@B@BA@AB@@@B@@DBB@@DDB@B@DBD@BBBA@A@@AAAACCCCAACAC@CAC@AA@@@C@A@AAAAA@A@@AAAA@A@@@A@A@AAAA@A@A@@AA@@@@@A@@B@@BB@@@BBB@@DB"],["@@@@@@B@B@B@@@@B@@@@@B@@B@@@@B@@@@@B@@@@@BB@@@B@D@DABA@@@A@@@A@@@@CA@@A@@@AA@@A@A@@@@A@@@@@A@@@@@@@A@@A@@BA@CB@@AB@@@B"],["@@@BB@@BBBB@@B@B@@BBBB@@@@@FBB@@@BB@@@BAFGBE@@@A@@AA@@ECEAA@@@A@A@A@A@@B"],["@@@@@@A@@@@AC@AAA@@@@BAB@B@BBBBB@BB@@A@@@AB@@@@BB@@@B@@@B@@@@@BB@@B@@AB@@ABA@@B@@A@@@AACAA@A@A@AAAAEA@A@@@A@@D@@A@@@@B@D@B@@@@@@@@B@@@@@BBAB@@BB@B"],["@@@@B@BA@@@A@A@@@@@@@@AA@@@A@@A@@@@@AB@@@@AA@AA@@@AB@@AB@@@BA@@@A@@BAD@B@B@B@B@B@@@@D@B@@@B@B@@@@A@A@A@@@@@AB@@@@@B@@A@@@@B@"],["@@B@@ABA@AAA@A@@B@@A@@@A@AA@A@A@@B@B@B@@BD@BAB@BB@@@"],["@@D@BA@A@@BA@@B@@@BA@@@A@@@@B@@@B@@A@A@AAAAAC@A@C@AB@@A@@@AA@@A@@@A@AB@DABAB@@@BB@B@@AB@B@@@@B@@B@@@@A@@B@@B@@@D@BBB@@"],["@@ACEACAEAIBCB@DBDB@BB@B@BBF@B@B@@DBBBBB@@B@@@BA@@B@B@@AB@B@B@BCBC@AD@@A@@@AAAA@@@A@@@@C"],["@@@B@@B@B@@@@@B@@AA@@@@A@A@@@@A@@@@@@@@BA@@B@@@@"],["@@@@@@@BB@@@B@B@@@@A@@A@@@@@AAAB@@"],["@@@@@@@@@@B@@@@@@A@@A@@@@@@@@@@B@@"],["@@A@AB@B@BBBBBB@BA@AACAA"],["@@A@@DAD@B@BD@BBDBBDB@B@BAAEAAAE@AEAA@"],["@@DBBBBBBDBBB@B@@A@ACC@@BAB@BA@@CE@CB@BAB@@CBA@AAAAA@@@AAACEA@A@A@C@AB@BBDDBBBBB@B@D@BA@EBA@AB@D@BBB"],["@@@@@B@@B@@@@@@@B@B@@@@@@A@@A@@A@@A@@@@@@@A@@@@@@B@@"],["@@DBBBB@@A@@B@@@BAB@@BB@@@B@@A@@A@AC@@A@@AA@@@A@A@ABABAB@@@@"],["@@HBH@@@BA@@@AB@BBBBB@@A@@@A@@B@@@B@@A@@@AA@C@@@AAACAACACAC@E@@D@B@BBB@BA@@@@B@B@B@@"],["@@@@B@@@@@@A@@@@@A@@A@@@A@@@@@@@@B@@@@@@B@@@@B@@"],["@@A@@B@B@@B@@@B@@BB@@AD@@@@A@@@AA@@A@@@@@A@@@@AA@@@@@@A@@@A@@@@@@B@B@@@@@B@@"],["@@D@DAB@@A@CBA@@BAD@@ABA@AAA@AA@A@@BABA@A@AA@@CBABCBAB@DBDBB@@BB"],["@@B@BA@@@@@@@AA@@@A@@@A@AB@B@@@@@@B@@@@@B@"],["@@ABB@@BB@@@B@@A@A@@@A@@@A@@@A@A@@B@@AA@@@@@@@@A@@A@A@@A@@A@@@@@@B@@@@@@@B@@@B@@B@@@@BA@@@@@@B@@@B@@B@@@@B"],["@@@B@@@@@@B@@@@A@@@@A@@@@@@@@@"],["@@BB@BB@B@@@B@B@@@BA@A@@@A@A@@@A@@AA@@A@@@@BA@@B@@A@@AA@A@@@AB@@@BB@@B@@"],["@@BA@@BA@@A@@@A@ABABA@A@@B@@D@BAB@"],["@@@@B@D@@AB@@@AA@@A@@@A@@@@BA@A@@@@BB@"],["@@DDPFFBNFLDFBFHBDB@FBDBDBJDFBFBHBD@@BABABCBCD@HBHDBDBF@DAD@BB@BB@B@BAB@D@BBDB@@@@FBJFBDBD@B@BB@BB@@@@@D@B@BA@@FC@AB@FABA@C@C@ADAD@B@D@BABC@A@ABADABB@@DBB@D@@A@A@A@ABADCDSVA@A@ADABABAB@BA@ED@BBBB@DBFBBBF@B@BD@BBDD@FADBD@PHDBBD@BABCBADBBABABCBA@AB@DBDCBEBA@AF@DB@@@B@@B@@AD@D@BBBBBBB@F@B@B@@@@AB@BADEF@DDBBDAFBFCDCDADAF@DBFFDDDD@DB@HANBDHBDBDBBBFDD@DCFEDADBB@@BBDBBBBD@BABADBBDDBB@DBH@NCPCX@JABAFINGNAP@TFJJH`JZNLR@LBN@LANCNCHEDKAOAKcuEGMYKUKSCGGEECGAEAE@G@CAAAAE@E@EBCDCDEHEHEBC@CACCECAICOAGCECCEAE@EDKBEDA@ABA@A@CAAACCEAC@ABCBADCD@BABCBA@CAI@I@GAMAGACACACCAAAA@M@M@C@A@CACAA@IKCCAA@@CGEBA@C@@@EBA@@@AA@@@@ACAA@@@@A@@@A@A@A@C@A@@@AA@@@@@CBGB@AA@A@A@E@E@@CECGEIAE@A@GBEDEFGDG@@FKJK@AJEDE@C@G@@@AAU@I@G@K@EBG@ABCHENMDG@QAEAECCEAE@G@]FQBE@EAIGMOSKICG@E@CBE@C@C@YnQf[ti[vJHPHDFDH"],["@@KDGBEBEFCB@B@DABA@ABA@GDCBGBCB@B@B@DDBB@D@D@BABAB@BBBD@DBB@BD@B@B@BC@ABCD@D@BDB@B@BAB@BABA@ABADE@CFEDEBG@ECAEA"],["@@EBABC@CBADBB@BA@@D@DA@CA@BADBDHFDB@J@HEJAFA@@DB@BBB@@@F@FBB@B@@E@A@AAG@ED@DBBA@@@C@@FEBCDGBAB@ACAAEECAEGAE@CA@"]],"encodeOffsets":[[[116547,22689]],[[116494,22644]],[[116790,22617]],[[116679,22597]],[[116973,22545]],[[116748,22582]],[[116654,22566]],[[116388,22560]],[[116642,22563]],[[116444,22536]],[[116931,22515]],[[116537,22532]],[[116557,22530]],[[116894,22503]],[[116496,22490]],[[116522,22511]],[[116866,22489]],[[116412,22466]],[[116453,22449]],[[116803,22455]],[[116772,22412]],[[116706,22333]],[[116957,22541]],[[116828,22427]],[[116828,22426]],[[116779,22406]],[[116677,22335]],[[116696,22345]],[[116703,22351]],[[116712,22344]],[[116710,22357]],[[116749,22367]],[[116750,22374]],[[116757,22397]],[[116724,22390]],[[116747,22378]],[[116752,22569]],[[116744,22556]],[[116736,22575]],[[116721,22587]],[[116572,22656]],[[116610,22649]],[[116636,22645]],[[116531,22709]],[[116577,22520]],[[116459,22483]],[[116425,22560]],[[116425,22566]],[[116394,22569]],[[116367,22556]],[[116456,22697]],[[116437,22675]],[[116440,22661]],[[116431,22645]],[[116432,22633]],[[116355,22774]],[[116344,22777]],[[116331,22776]],[[116327,22782]],[[116338,22866]],[[116342,22863]],[[116153,22735]],[[116552,22934]],[[116561,22649]]]}},{"type":"Feature","id":"440403","properties":{"name":"斗门区","cp":[113.297739,22.209117],"childNum":2},"geometry":{"type":"MultiPolygon","coordinates":[["@@CGCEOGIGSMECGGMIIIQOECECOGEAIAKBKDIBE@EAEAEECAEBCDCBABE@IKYS[OQOGGEGGQACAAC@G@E@CBC@C@AAECYWCAC@C@EBIFEDC@EAKIC@CBCDAFBFFHJFJ@JAH@BBDB@B@DABGJ@BAB@D@PDDFDDDBBBBBB@D@BABABCBC@GA]I@@@@MCOEQBYAUAGAEEMKGCGCMCU@uEAjBBHRJªDHDFFFBDJJGJTLFGDCRRFBFBJDTFRHJHJLDPDTDNDJ@F@H@JBHHHHJ@DBPBNB\\@RDRBFCBAB@B@DBF@@B@DBBLEDC@ADCLCDCDOHCDCBEDCDBBB@@@@F@DC@A@@F@D@JDDBBD@JAD@BBBDD@B@D@DCDCBABEDKDOB@HBPDJHBHBB@FBFDBFADCBCD@FBH@FEFAD@DBNHDDD@FATKXMFGHIRQdkNKFIHK@QBQBEDKJSN[DKFKDIDIDCDGFEHENITIB@DABAD@BBFCB@BCBCB@BBDBB@B@FENQPSJIDEJAHAH@B@BB"],["@@@@@@BBBA@@@AA@@@A@@@A@BB"]],"encodeOffsets":[[[116153,22735]],[[115800,22625]]]}},{"type":"Feature","id":"440404","properties":{"name":"金湾区","cp":[113.345071,22.139122],"childNum":6},"geometry":{"type":"MultiPolygon","coordinates":[["@@\\uj\\sReZmIAKGGCQGECEECEAE@I@ICKMOeWeI]IGEEIES@cCUK[ECQEGCGGU_MKQCICIBKDWHGDOLUTKN]fk|KJQJONOVEPAbIPMTCNGvFV@NDHDHDNLFFHBVBZBRAPFND@@@@^JHBD@DABABA@A@CAAAAAACCECCC@O@CBA@AHIBA@C@ACAAAG@IBI@IEEGAEBEDCDAD@LJFBD@FCJEFAD@D@DBZXFDBBD@D@DAF@H@D@BBBDHRFHHHRP\\PZTJLF@BADADCFADBFFFBFBF@JALCLAJBFBPHFDFDRPJJNJHHFDTN"],["@@BABA@A@@@A@A@@A@@@@@A@@BABAB@BA@@BA@@@@@@B@@B@@@B@B@B@@A"],["@@ABGNANAF@J@B@N@HBFBDDFDBFABAJOJAFF@JBFHDH@HEBGDGHGF@HJNLJBJ@HCBGEMKICACAEBAAAABCACAAGAE@C@AD@HADC@EAA@CBABEAEAECEGOKEEAG@A@CAAA@"],["@@B@BBBBB@@@@@@A@@AA@A@@A@@A@@A@@AA@@B@B@B"],["@@CD@B@FFNB@B@BBDD@BBBB@B@B@@@BBB@B@DCBE@A@ABAB@D@BC@AAICEECGEGAGAAAAAEKEEIGCCA@AB@B@LFNDDJBBDDDB@@B@B"],["@@BBB@BAB@@@B@BBB@B@BA@A@A@@A@@@AA@A@@A@@@A@@@@@@@@A@@B@@AA@@@@@@@BCB@@ABA@@@A@AAA@@A@EBA@AFAB@D@@ABAB@DBBBB"]],"encodeOffsets":[[[116136,22720]],[[115851,22482]],[[115859,22356]],[[115833,22417]],[[115854,22446]],[[115882,22481]]]}}],"UTF8Encoding":true}