{"type":"FeatureCollection","features":[{"type":"Feature","id":"220602","properties":{"name":"浑江区","cp":[126.428035,41.943065],"childNum":1},"geometry":{"type":"Polygon","coordinates":["@@B@DAB@B@BA@@@@@@B@@@@@@@@A@@@@BA@@@@@A@@@A@@@@DA@@B@B@@@B@B@DA@@B@B@@@BABA@@BAB@@@@@B@@@BA@@B@B@BA@@@ABAB@B@B@@@BA@C@C@@@@BABABA@@@@B@@AD@B@BA@AB@BABAB@BA@@BA@@@A@@@@@AB@BCBCD@BA@@BCB@@A@@@CA@AA@AB@B@BAB@BA@C@@AAA@@@AA@AAAAAA@A@AA@@AA@ABA@@@@AA@A@@@A@@@@@AA@@A@@AA@@@@AAAC@@@@@@@A@@@@@@@@AA@@@@A@@@@A@@@A@ABC@AB@BAB@@A@AAA@A@@@@@@@A@@B@@@@@@@@@@@@@@@@@@A@@@@@@@@@@@@@@@@@@@A@@@@@@@@@@@@@@@A@@@@@@@@@@@@@A@@@@@@@@@@@A@@@@@@@@@@@A@@@@@@@@@@@@@A@@@@@@@@@@@A@@@@@@@@@@@@@@@@@A@@@@@@@@@@@@@@@@@@@@@A@@@@@@@@@@@@@@@@@@@A@@@@@@@@@@@@@@@@@AA@@@@@@@@@@@@@@@@@@@@@@A@@@@@@@@@@A@BCBA@ABAD@@@@@BAB@AE@AA@AA@AA@A@A@A@@@AA@@@@@AB@AA@@CCACAC@@A@@@A@@@@@@B@@@@@B@@AB@@A@@@AB@@AB@@A@@BC@@B@@A@AB@@@AAE@@@@AA@@B@@AB@@A@E@CAC@A@@AAAC@AAA@ACAAA@@A@C@CBA@@@@@@@AA@@@A@@@@@@@@@A@@@@@AA@BC@A@AEAA@AAA@A@AACCB@D@D@@AB@BE@@@@B@B@@@BA@A@A@@@AC@@A@@@@@@BC@@@@AA@A@@@AA@@A@@@A@A@A@C@CAA@AA@A@@@@AAA@A@@@@DBD@@ABAB@B@DAF@DABBD@B@B@B@DAHAJAH@@A@ABADAB@DAB@BBB@BBD@B@F@B@B@BBDBDB@D@@B@B@D@B@B@B@B@DBB@DAD@D@BA@@@A@CAA@C@ABABAB@B@AE@C@@FCDADAD@BABEAA@ABA@ABABCBABCDE@E@ABADABCBC@AAABA@AACCE@A@@@CAAAC@C@A@@@CBA@A@A@@@@@ABAA@@AA@AA@AAC@@@@AAECCAA@@@@CAEAEAC@@AACAAA@A@@AAAAAA@@AA@@@@@A@@AA@A@@@AAAAA@A@A@@BAFADCBABA@AB@DA@A@@@ADC@@@ABC@@BAB@@ABA@@BA@A@C@@@ABAD@BABA@A@@B@@C@@BC@@BA@A@AAA@A@@@ABC@@@A@@AIAA@AA@@CBC@ACC@ABA@@@A@C@@AA@@@AB@BCB@@@BA@@BAD@BA@A@@BA@AB@BAB@B@@@BABBB@@@B@DAB@B@F@B@DAB@BABAB@@AB@@@B@B@@@DA@@BAB@@ABA@A@C@A@EA@CCAABA@ABAB@DADAFAFCBAB@BA@A@AB@@ABADA@A@@BABA@AB@@@B@B@FAB@BADAB@B@B@B@BA@@BA@AB@B@BAB@B@B@BAD@BA@@BBB@B@B@B@B@BAB@@@DADABABA@@BA@@D@FCJCBAD@@@@A@@@@AAC@A@AA@@CAA@AAE@CAE@A@A@A@@AA@CACECCAAC@EAC@C@E@C@CBABCBEFCBCFADABABEBABCBA@C@C@C@CAC@AACCCAAAAAAA@A@AACAE@A@C@CBA@@@AD@@@@A@@BA@AAAAKAA@CAEAAGCC@CAACAAAA@AAE@AAE@@@AA@@@@@A@@@GD@@AB@@AAEAA@EAOCGGACAE@GBEBI@@BA@@@C@@@E@C@@BA@AHEDABABA@@@ADEBEDE@ABGBG@C@C@CAAAAAACAICEACAEACACCAA@A@C@E@CCCECEA@A@@@@@@@A@@CB@AA@A@AA@@A@@@@@A@CB@@A@CBCB@@A@A@AA@@@@A@@@@@@BA@A@C@@@C@A@A@@@A@A@@@@@@@AA@AA@@AA@@@@A@A@@AAAAAA@@@@BA@A@@AAAA@A@@AA@@@A@A@@A@@A@@AC@@@AB@@@@@@@@@@@@@AA@@AA@@@@@@@@@@A@@@@AA@@A@@@AB@@@@@@A@A@@ACA@A@@AA@@A@@@@@AA@AA@@@@A@AA@@@@@@AA@@A@A@ABA@@@AB@@A@@BA@A@A@C@A@CAA@A@ABA@A@A@AAA@@@A@ABA@AA@@A@A@A@A@AA@@@@AA@@A@@@A@A@@@@@AAA@@BAB@@@B@B@BBB@B@B@@@B@@BB@@@B@@@@AB@B@B@B@B@B@BCBABA@A@A@C@A@AA@@CBA@A@C@A@AAA@A@A@A@CB@@C@A@A@@@CAAA@@@A@@@@@AA@@@@A@A@A@AA@A@@@C@AAA@@AC@A@A@@@ABABA@C@@@A@@@C@A@@@ABA@AB@@ABA@A@A@A@A@A@A@A@@@A@A@A@C@@@ABA@ABB@@@@B@@@B@@@@@B@@@@@@@B@@@@B@@@@@@B@@@@@@BB@@@@@@@@B@@B@@@@@@@@@B@@@@@@@@BB@@@@@@BB@@@@@BB@@@@@@@@@BB@@@@B@@@B@BB@@B@@@B@@@@B@@@@@@@@@B@@B@@B@@@@@B@@@@@@@@@@A@@B@@A@@@A@AB@@@@A@@B@@@@@@A@@@@@A@@@@@AB@@@@@@A@AB@@AB@@@@@@A@@@@@@BA@@@@@@@@BA@@@@B@@@@@@@@A@@@@@@B@@@@@@@@@BA@@@@@@@@BA@@@@@@BA@@@@@@B@@@@@B@@AB@@@@@@@@@B@@A@@@@@@@@@@@@BA@@@@@@@@BA@@B@@@@@BA@@@@@@B@@A@@@@@AB@@@@@@@@@B@@@@@B@@@@@@@B@@@@@@@B@@A@@B@@@@AB@@@@ABAB@@@BA@@B@@A@@B@@A@@@AB@@@@@@B@@B@@@@BB@BB@@B@@@@@B@B@@@@B@@B@@@@B@@@B@@BB@@@B@@BB@@@B@BB@@B@@@BB@@@@BB@@@@@BB@@@@@@@@B@@B@@@B@@@B@@BB@B@B@@@B@@@B@@@@@@BB@@@BB@@@@@@@B@@@@@@@BAB@@@B@@@@@B@@@B@@@@@B@BB@@B@@@B@@BB@@@@@B@@B@@@@B@@@@@@@B@BB@@@@B@@@@@@@@@B@@@@A@@@@@A@@BA@@@@@@@@B@@A@@B@@@@@@@B@@@@@@A@@@@@@@@B@@@BA@@B@@@B@@@BB@@B@@@BBB@@@B@@@B@@@BBB@@@@@B@@@BB@@B@@@@BB@@@BB@@@@B@@@BB@@B@@@B@@@@@BA@B@@@@@@@@BB@@@BB@@@BB@@BB@@@@@@B@@@@@B@@@@@B@@B@@B@@@@@@@@@B@@@@@@@B@@@B@@@B@@@@@@@B@@@@@@@B@@@@@@@BB@@@@B@@B@@@BB@@@@@@B@@@@B@@@@@@@B@@@@@B@B@@@@@@BB@@@@@@@B@@@@@@@B@@@BA@@B@@@B@@@B@@@@@@@@@BB@@@@@BB@@B@@@@BB@B@@@@@@@BB@@B@@@@@B@@B@@@@@@@@@@A@@@AB@@@@AB@@A@@B@@A@@BA@@BA@@@@B@@A@@B@@A@ABABC@A@@B@@C@C@@@@AA@@@@@A@@B@@A@@@@@A@@B@@@@@@@B@@@B@@@@@@AA@@A@@AA@@@AA@@A@@@AA@@A@A@@AA@@@A@@@A@@@@@AA@@@@@@A@A@A@A@A@A@A@A@@@A@@@A@@@A@@@@@A@@@@@@@A@@@@@A@@@@@A@@@@@A@@A@@A@@A@@A@@A@@A@@@@@@@A@A@@@ABA@A@@@A@@@A@@A@@A@@@@@AA@@A@A@A@@@A@@@@@A@@@@@@@@@AB@@@@@@@@A@@@@@@@@@A@@@@@@@A@@BA@@@A@@B@@A@@@A@@@@@@@C@AAA@@@A@@@AA@@@BC@@@A@@@A@@AA@@@A@@@A@@@@@A@@@@@@@AB@@@@A@@@@@A@@@A@@@A@@@AA@@A@AA@@A@@@@AA@@@@@@@@A@@@AA@@@@A@@@@@@A@@A@@A@@@A@@@@@A@@A@@A@@@AB@@A@@@AAAAA@@@@BBD@B@B@@AB@@@@@B@@@B@B@@@B@B@@A@@@@@@B@@A@ABA@ABA@A@A@A@@BA@@@@@AA@@A@@BA@@@ABA@A@@@A@@BBBBBBBBB@@@B@@ABAB@@@B@@AB@@A@AB@@@BA@@BA@CB@@AB@@@B@B@BB@BB@B@@@@@BAB@@@B@B@@AB@BABC@@BA@@@A@@A@@@@@A@@@AA@C@C@A@@@A@ABA@A@@@@BB@@B@@B@B@@BBD@@AB@B@BBB@B@BB@@@@BBB@@BB@BB@@DB@@BAB@BABABA@@@@BB@@B@@@BBB@@BBB@BBBB@@@BBB@BBB@B@@BBA@@B@@@@AB@@ABABA@ABA@ADAB@@@B@@@BD@@@BB@@@@@B@BB@D@F@@@@@BA@@BAB@B@B@@@BB@BBBBBB@BBB@@B@@@@AB@B@@@B@B@B@B@@@B@@A@@B@@@B@@@@@BA@@@BBB@BBB@@@BB@BB@@@B@F@BB@@@@A@@BCB@@@B@@@BBBBBBBB@BD@@@@@B@@@B@@A@@@@B@@@@AB@@AB@@A@@@AB@@@@@@A@@@@BBBB@@@B@B@@@B@BB@@@BBBBBBBBB@B@@BB@B@@@@@@@B@@@DA@@BA@@B@B@B@B@BBBBB@B@BBB@@@B@@A@@BA@@@AB@@@@AB@@A@ABCBA@CB@@A@A@AB@@@BB@BD@B@@@B@@A@@@@BBB@BAB@@ABC@ABC@@@A@ABAB@D@B@D@B@BAB@@@BA@ABA@A@@@@B@@@@A@@B@@@@A@@@@@@BA@@@@B@@A@@@@B@@@@@@@@@@AA@@@@@@@@@@@A@@A@@@@A@@@@@@A@@@@@@A@@A@@A@@@@AA@@A@ABA@A@ABA@CB@@A@@B@BA@@@@@@B@@@@@B@@AB@B@B@B@BA@@B@@@@ABABC@ABA@A@ABA@@@A@@@A@@@A@A@AA@@AA@@@@@@ABA@@@@@A@@@ABA@ABA@ABA@A@@@@@AB@@A@@@A@@@AA@@@@A@@@A@@@@@AA@@@@A@@@@@@AA@@@A@@@@@@@@@AA@@@@@@@A@@@@A@@@A@@AA@@@@@A@@@@@A@@@@@A@@A@@A@@@@@A@@@A@@@@BA@@@@@@B@B@@A@@@A@AB@@@@@@@B@@@@A@@B@@@@@@@@@B@@@@A@@@@BA@@@A@@BA@@@@@@@@@@B@@@@@B@@A@@@@@A@@@@@AB@@@@A@@@@@@@@@BB@@@@B@@@@@@@@B@@B@@B@@@@BB@@@@@@@B@@@@@B@@@@@@@B@@@@B@@@@@@BB@@@@@@@@B@@@@@@@B@@@@@@@B@@@@@@@@@@@@@@B@@@@@@BB@@@@@@@@@B@@B@@@@B@@@@BB@@@BB@@@@@@B@@@@@@@B@@@@@@@@@@@BB@@@@@@@BB@@@@@@@B@@@@@@@B@@@@@@BB@@@@@@@@BB@@@@@@@B@@@@@B@@@@@@B@@@BBB@B@@B@@B@@@@@@@B@@@@@B@@@@B@@B@@B@@@@@@B@@@@@B@@@B@@@B@@A@@@ABA@AD@B@@A@@BC@@@A@@@@@A@@@AB@@@@@@A@@@ADA@@@A@ABA@AB@@A@@@AA@@AA@@@@AA@@@@A@@@A@@@A@@@@@A@@@A@@@A@@BA@@@A@@@@@@@@@@@@B@@@@B@@B@@@@B@@@@B@@B@@@@@@B@@@@A@@@@@@@A@@B@@@@@@@B@@A@@@@B@@@@@BA@@@@@@@AB@@AB@@@@@@@B@@@@@@AB@@@@@B@@@@A@@@@B@@A@@@@@A@@@@AA@@@A@@@AA@@@@A@@@@@A@@@A@@@A@@AA@A@@@@@A@@@@@A@AA@@A@A@@@A@@@@@A@@AA@@@A@@@@@A@@@@@A@@@@@@@A@@@@@@BAB@D@BA@@@ABAB@@ABADABAB@@AB@@@B@B@@A@@@@BA@@@@@@@A@@B@@@@@@AB@@@@A@@@AB@@A@@BA@@@@@AB@@@@@@@@A@@@@@@@@B@@@@@B@@A@@@@@@@AB@@A@@@AB@@@@A@@BA@@@@@A@@@@B@@@@A@@@@B@@@@@B@@@@@@A@@@@@@@@@A@@@@@@@A@@@AB@@A@@@@B@@A@@@A@@BA@@@@B@@A@@@@@@@@@@@AB@@@@@@@B@@@@@@@@@@A@@@A@@@A@@@@@@@A@@@@@AB@@@@A@@@@@@@A@@@@@A@@@A@@@@@AB@@@@A@@@@B@@@@@@@@@B@@@@@@@B@@@@@@AB@@@@@@@BA@@@@B@@@@A@@@@B@@@@A@@@A@@@A@@@A@@@A@@@@@AB@@@@A@@@@@@@A@@@@BA@@@@@A@@B@@@@@@A@@B@@@@@@A@@@@@A@@BA@@@@@@@A@@@@@@B@@@@@@@B@@@@@@@@AB@@@@@@A@@B@@@@@@@@@@@@@B@@@@B@@B@@B@@@@@BB@@@@BB@@@@B@@B@@@@@@@B@@B@@@@@B@@@BB@@@@B@@@@@@@@@@@@B@@@@@@@B@@@@@@@@@@B@@B@@B@@@@@@B@@@@B@@B@@@@@@@BB@@@@@@B@@@@B@@@@@B@@@@@B@@@B@@@@@B@@A@@BB@@@@@@B@@@@@@@B@@@@@BA@@B@@A@@@@@@B@@@B@@@@@@@B@@@@@B@@@@BB@@@BB@@B@@@@@B@@BB@@@@@@@B@@B@@@@@@@@@B@@@@@@B@@@@@BB@@B@@@BB@@@@@@@@B@@B@@@@@@@B@@B@@B@@@@B@@@@@@@B@@@B@@B@@B@@@@@B@@@@@B@@@@B@@B@@@@@B@@@BB@@@@B@@@@@B@B@@@B@@@@@@@B@@@@@BB@@B@@@@@@@@@B@@AB@@@@@@@B@@AB@@@B@@@B@@AB@B@@AB@B@@@@@@A@@@@B@@@@@B@@@B@@@B@@AB@@@@@B@@@@@B@@@B@@@B@@@B@@@B@B@DA@@DB@@B@@@BBB@@@@@B@@@BB@@@@@@@@@B@@@@BB@@@@@B@@@@@BB@@@@@@B@@B@@@@@B@@@@@B@@@@BB@@@@@@@B@@BB@@@B@B@@B@@B@B@@@B@@@B@@@B@@@@@B@@@BB@@@@B@@@BB@@BBB@@@@B@@@@BB@@@@@BBD@BDBD@BBB@@@BB@@@@@B@@@@@@BB@@@@@B@@BB@@@@@@@BB@@@@@B@@B@@B@@@@@B@@BB@@@B@@@B@@@B@@B@@@AB@@@@@@@BA@@@@BA@@@@BA@@@@B@@@@@B@@@@@@@B@@@@@BB@@@@B@@@@@B@@@B@@B@@@@B@@@@B@@B@@@@@@B@@B@@@@@@@@@@B@F@D@@AB@@@@@@@@BB@@@@@@@@BB@B@@@B@@@B@@BB@@@BB@@@B@BB@@@@BBBB@BB@B@B@@B@@B@@B@@BBB@@@@@B@@@B@B@BBDBB@@B@@B@@BBB@@DBBBDB@@B@BB@@B@B@BBB@B@@@@@@B@@@BBB@@BB@@@B@@D@BAB@DA@@B@@@B@@@B@BB@@@@B@@BBBBB@@B@@@@@B@BAB@B@@@BA@@B@@BB@BBB@@@B@@@B@@A@@B@B@BBB@B@@@B@B@B@B@@@BB@@@BB@@B@@BB@B@@BD@@B@@@BBB@B@B@@@BBBAB@@BD@B@BBB@BBBBFD@@@@@@DDB@BBB@B@DBB@B@BBB@@@B@@@DBBB@BB@D@@BB@@B@@@@@BB@@@BB@@D@B@@@B@B@@@B@@@B@@@B@@@B@@@B@@AB@BAB@BBB@B@B@@@B@B@@BB@B@B@@@@@BB@@BA@@B@B@B@D@@@B@@@BA@@@@B@@@B@@@B@@@@AB@@@BAB@B@@A@@B@@@@BDB@@@@BB@@B@BBB@@@B@B@D@D@B@@@B@BA@@B@@@B@@@B@B@@B@@B@@@B@B@@@B@@@BBB@@@BBB@@B@@@@B@B@B@@@B@@@B@B@@@@@B@@AB@@@BB@@B@B@B@B@B@@@@@@@@@@B@@@BDB@B@@BB@@B@BBB@@BB@@@B@@@@B@@B@@@@@@@B@B@@AB@B@BAB@@@@@B@@@@@@@@@@A@@@@@@B@@@@@@BB@@@@@@@@@@@@@B@B@BA@@@@@@B@@BB@@BB@@@B@@@BB@@B@@BB@B@BAB@@@@@@A@@@AB@@@BA@@BA@@@AB@"],"encodeOffsets":[[129517,43080]]}},{"type":"Feature","id":"220605","properties":{"name":"江源区","cp":[126.584229,42.048109],"childNum":1},"geometry":{"type":"Polygon","coordinates":["@@@@@B@@@B@@BB@B@B@B@B@B@B@BBB@@@B@@BB@@B@@BBB@@@@@B@@A@@BA@@@AB@@@@@@@BB@@@@BB@@B@@@@A@@@AB@@@@@@A@A@@@A@A@@@A@A@@B@B@B@B@B@B@B@BAB@B@BA@@B@@DBB@@BB@B@BAB@@@@BB@DBBB@BBB@B@B@BB@@@@@D@B@@@@B@@B@@@@@B@@@B@@@B@@@BBB@BBB@B@@BB@B@@@B@@@BB@@B@B@@B@@@B@@BB@BB@@BB@BBBB@BBBBB@@B@D@@@B@B@@@B@@@B@B@@@BB@@DB@B@@@@@@B@B@@@BB@@B@@@BB@@B@@@@@B@B@B@@@B@@@@@@@B@@@B@@@@@@@B@@@@B@@@B@B@@AB@B@B@@@@@@@@@B@@@@@@@@@@@@@@@@@B@@@@@@@@@@@@@@@@@@@@@B@@@@@@@@@@@@@@@@@@@@@@@@@@@B@@@@@@@@A@@@@@@@@@@@@B@@@@@@@@@@@@@@A@@B@@@@@@@@@@@@@@@@@@@@@@@B@@A@@@@@@@@@@@@@@@@B@BB@BBBBBB@BB@B@B@D@@@@@BBA@@BAB@B@@AB@B@@B@@BB@B@B@BBB@D@@BB@@B@@BBBBBBBB@@@BB@A@@B@B@@@@@B@@@B@@BB@@BB@BB@@B@@@B@B@@@BA@BB@B@B@B@B@D@@@@@BD@D@B@B@D@@BD@FBB@B@BB@@BD@@@B@B@@AB@BBBBBBBDDB@BBF@FB@@B@BB@@BBBB@@D@B@BB@@B@BADADABBB@@@FCB@D@BA@@B@BA@@B@B@@@@A@@DAFCDCBAB@B@FADBF@B@BBB@BABB@@BBDBBB@BADCB@B@B@@BBB@BDDD@@D@D@B@B@BBBBFBDBB@DBB@B@DABBBDB@@@BD@@@DBF@@BB@@BB@B@D@DAF@DABBBBD@@D@@BB@B@B@@@B@B@D@B@B@B@B@B@B@B@B@B@B@BAB@@@@AB@@@BA@@B@@@B@@@@@@@BA@ABA@@BA@A@A@@BAAA@A@@AA@A@A@A@A@A@AACAA@AB@@@B@BAD@@AD@BAB@B@BAB@DAB@DAB@DA@@D@DADAB@B@B@@@B@BABB@@B@BA@@@@@@@A@A@@@ABA@@BA@ABABA@@BABA@@B@B@B@B@BAB@@@BAB@@@B@B@@BB@B@@AB@@@@AB@@@B@B@@@B@@@B@@@@@BA@A@@B@@AB@@AB@@AB@@ABA@@BA@@BAB@B@BA@@BAB@@CB@BCB@@@@A@@@B@@@@B@@@BBB@D@B@B@@@B@B@BBB@@@BB@@B@@BBB@@BBBB@@B@@A@@B@@AB@B@@BB@@@B@BA@@@@@A@A@@BABA@@@A@@@@@A@@@@@A@@@@@@@A@@@A@@BA@@@@BA@AA@@A@@@A@@@AA@@@@@@A@@@@BA@@BA@@B@@@BA@@@A@@BA@@D@B@@AB@@A@C@A@CACAC@A@@AA@A@A@A@A@@BABA@AB@@@@AA@@A@@@@@ABA@@@AB@B@@@D@@@B@BBB@B@B@B@@@B@BAD@B@B@B@B@B@B@B@D@B@B@BAD@DABAB@B@B@BBD@B@BBB@@@@BBBB@BBB@B@B@B@B@@@B@@@@@B@@@@@B@@@B@BB@@@@B@B@@@B@@@B@B@B@@@B@@@B@B@BA@@B@B@@@B@B@B@@@B@B@@@B@@BBB@@@BB@B@B@BA@@B@@AB@B@B@@@B@B@BAD@BADA@@BA@@B@BBB@FBBBD@DBDBDB@@B@@@B@@A@@@ABC@@@@B@@@B@B@@@B@BAB@BAB@@AB@BABAB@B@B@D@B@@@B@BAB@@ABCB@@A@@B@B@B@B@B@B@B@@@A@@B@@@B@BBB@BBDBB@BBBBBBBB@@B@@B@B@DAFAB@B@B@B@@@B@BBBB@@B@@@B@B@B@B@B@B@@BBBB@@B@@@B@@@B@B@@@BBBB@@BBB@@@@@BAB@@AB@@@@BBBBB@@@D@B@D@@@B@@BB@@@B@B@B@B@@@B@@@B@@@B@B@BAB@@@B@B@BBB@B@@@B@B@@@B@B@@@B@BAB@BA@@BABABAB@BA@@BA@@BA@@BABAD@@AB@@AB@@A@A@@BA@@BABABA@ABA@ABABA@AB@@AB@@AB@@A@@@AB@@@BAB@D@@@D@@@B@FA@@BAB@B@@AB@@AB@BAB@B@DADAB@@@@A@@@A@A@@@AB@BAB@B@B@BBB@DBB@B@B@DADAD@@AB@@A@@BA@@BAB@@@B@BBBBB@B@BB@@BAB@DAB@B@B@@@B@@@BBDBB@@@@@BB@@BD@@BBBBB@@@@B@B@@BB@@B@BB@@@B@BABB@@BBBBBB@@BB@@D@@AD@@@BBB@@BBB@BBBBBBB@@BAB@@@BB@@BB@@@@BB@@B@@@@@BA@@B@@@@@@A@@BA@AB@@AB@B@B@@AB@@@B@@BBB@BBB@B@BBBBDB@BB@DBBBB@@B@@@B@@ABA@@BABABA@@BC@@BAB@@@BAB@B@B@@@@@@@@@B@@B@B@@@B@@@@@B@BBB@@BB@B@@@BAB@BA@@B@@@BABAD@BABAD@BAB@B@B@B@D@B@B@BA@@B@BAB@@AB@B@BABCBABCBC@A@AB@@@DAB@@ABABAB@@AB@@@@@@@BB@@@BB@B@@BB@BBB@B@@@B@@@B@BABA@ABAB@@AB@@@D@B@@@B@DAB@B@B@D@B@@@B@B@BBB@B@B@@@B@BA@@B@DABA@@BAB@@AB@B@B@D@B@BAF@D@D@D@B@B@B@BB@@@@B@AA@A@ABABA@CBAB@@@B@@@BBB@@@BA@ABA@@@AB@@AB@B@@A@@@@B@@A@@D@D@B@B@B@B@H@B@D@B@FBB@B@B@DBFB@@B@BB@@@@B@B@@AB@D@DABAB@B@D@BBD@B@B@B@@@@@@@@@B@@@@@B@@@B@@@@@B@@@@@BB@@@@@B@@@@@@@B@@@@@@B@@@@@B@@@@@@A@@@@@A@@@A@@@A@A@@@A@@@@A@@A@@@@CA@A@@@@AA@@AA@@@A@@@A@@@AB@@AB@@A@A@A@A@A@@AA@@AA@CAA@@BA@@@AB@@A@@@A@@@AAA@A@@@A@@BA@@@AAA@@@A@@@ABA@ABC@@@AB@AC@C@@@ADABA@@@@@A@A@A@AAA@@@A@@BC@G@A@A@@BABA@@CACCC@CA@@ACAA@A@C@A@@BABA@@B@B@BBB@BBDBD@BBDBBB@@BB@@BBBDBB@BB@@BDFBB@BBB@@BB@@B@@@B@@@B@D@B@B@B@B@@@B@BAB@DAB@D@BBB@BA@@@@@@@B@B@BBBBB@BB@@@@@B@@@DABABAB@BADCHEBA@@@@@A@@@C@@@CA@@@AAAAAAACAAACAAAAA@AA@@C@@@C@@@A@AAA@@AA@@AA@@A@AAA@@A@C@A@A@@AC@AAAAA@AAAA@@@AA@@@BA@@BA@A@@B@@@@@@AB@@@@A@@B@@A@@@@BA@@@@@@B@AAB@AA@AAAA@@AAA@@@@@A@@@A@@@@@@B@@AB@@AA@AAA@AAE@CAA@@@A@C@A@A@CAA@C@A@ABC@@@CBAAC@AB@@A@A@@@A@A@AAC@A@@@@AB@BA@AB@@A@@AA@@A@BA@@@A@ABAAA@AAAA@AA@AAA@@A@A@A@A@@AA@AA@@AAA@ABA@A@C@@AA@A@@@AA@@@@@@AA@@@@@AAA@AA@AA@@AA@A@@@ACCA@@@A@C@C@A@@@ABA@@@CB@@AB@@A@@AA@A@A@C@C@A@C@AA@@AA@@@@@BA@AB@@ABA@@@A@@AA@A@@AA@@A@@A@@@@AAA@A@@@AA@AAAAA@@AAAA@A@ABC@ABABABA@@BA@ABAAA@A@A@ABC@A@AB@@@AA@@@A@AB@@A@@AA@@@@@A@@@A@ABA@A@AB@@A@ABA@@@A@@@A@AB@@A@A@@BA@A@@@A@A@A@A@@BA@A@@BA@@@A@A@@A@BA@@@@B@B@@BB@@DB@@@BC@ABA@A@@@A@ABA@@@@AA@A@@@A@@@A@A@@@A@@BA@A@A@ABA@A@@AA@AAA@A@AAA@A@AA@@A@AAA@A@A@ABA@@@@BA@@B@@@B@@@@@B@B@@@B@BA@AB@@ABA@@@A@ABA@@@A@AB@@C@@@A@@@A@@@@@@@AA@@@@A@@@AB@BA@@AA@@@@@AA@@A@@@AA@@@@A@@AA@A@A@A@@@@A@A@AAA@A@@@A@@@A@A@A@AA@@A@AA@AA@@@AAA@AA@A@@@@@A@AAA@AA@@@@@A@A@@AAAA@@A@A@AAA@@AA@A@@AA@AA@@A@CAA@AA@@A@@A@A@A@A@@AAB@@A@AB@AA@@@AAA@A@@B@@A@@@@@@@@@A@@@AB@@@@@@@@AB@@@@@B@@A@@@@B@BA@BB@@@B@B@B@BABA@@@@@@@@BA@@@@@A@@@@@@@@@@BA@@@A@A@@@A@@AA@@A@A@AAC@AA@@AAAAAAA@@AAAAAAAAAAA@@C@@@AA@@@AA@@A@@AAA@A@@@A@C@@@A@A@AAAA@@A@AAA@A@A@A@@AA@@@AB@BCDAFAB@DABA@@BA@A@A@A@A@A@A@A@AAAAABABADADAB@BC@A@AAC@C@C@C@ABC@ABA@ABA@ABA@A@A@ABA@ABC@A@ABA@@@@BAB@@@B@@@B@BA@@@A@@@A@@@A@A@A@A@ABA@AB@@A@AAA@C@A@A@A@A@AA@@AAABA@AB@@AB@@@BAB@B@@AB@BA@A@@@A@@@A@AAA@CA@@C@@@A@AA@@A@@@@@BBB@@B@@AB@@ABAB@BAB@@@BA@@@@@@B@B@@ABA@A@C@A@A@C@A@@B@@@@@B@@@BB@@BB@@B@@A@@BABA@@B@@@BA@@BA@@@ABB@B@BBD@BB@@BB@@AB@@@BAB@B@@ABA@@@A@@@A@A@AAA@@@A@ABC@A@A@A@@@A@@A@@@A@A@@@@@@A@AA@@AA@@AA@@A@ABA@@@@BA@@B@@AB@@ABA@@B@@A@@B@@ABA@A@@BA@A@A@AAA@@@A@@@A@A@@@A@A@@@A@@@A@A@AA@@@@A@AAAACAA@AA@@A@A@A@A@@@AAA@AAA@@AA@A@@@A@A@@@A@@@AAA@AA@@@AA@B@AA@@@A@@@A@@@AA@C@A@A@@AA@@AAA@@A@@AA@ABA@A@A@A@ABAAA@@@A@@@@@@@A@@@@AA@@@@A@A@AB@@CAAA@AA@@@@@A@@@AA@@A@@@A@@@AA@@AA@@C@ABAA@A@A@A@@@A@@@@B@A@@AA@@AA@A@A@@@@@AA@A@@AA@@@AA@A@@@A@C@A@@@@AAA@@@@@@@A@AA@@AA@@A@A@@@@AA@@@A@A@@@A@B@@AB@BA@@BA@ABA@@BA@AB@@AB@B@BA@@@A@@@A@A@A@A@AAAAA@@AA@@@AB@@ABA@@BA@@@A@@@@AA@AA@@@AACAAAA@ACA@AA@@AA@@@@@@@AAAA@AA@@@AAA@@@A@A@@AA@AAA@AAA@@@A@@A@@@AA@@AA@@@@A@@@ABC@A@A@@@@AA@AAAAA@AAA@A@@@@@@AB@BA@ABA@@@AAA@@@@@A@@@ABA@A@A@A@@@AAAA@@AAA@@@AA@CAA@AAA@AA@@AA@A@@@AA@@AA@AA@A@@A@@AAA@AAAA@@A@AAA@@@AA@@AA@A@@A@A@AAA@AAAAAAAA@A@C@A@@@A@A@@@A@AA@@AA@@AAA@@AAAACA@AA@AAAA@@AC@A@@@A@@@A@@A@@@@AA@@A@AAA@A@@@A@A@A@A@A@AAA@A@@@A@ABA@C@A@A@@AA@AA@AA@CAAAAAC@AAC@AAA@AAA@A@@AAA@@@A@@@AA@@@@AAAA@AAA@@AA@@A@@@A@A@A@AAA@@AAC@C@AAC@C@A@@@A@@@@AABAA@@A@@@A@A@A@A@A@AB@BA@ABA@A@A@ABA@C@A@A@CBA@A@C@A@@@AB@@@@BD@BBBB@@BB@AB@B@@@@@B@BAB@D@@@B@DBDBB@D@@@BDFBD@BABBB@BADADCBAB@B@FCFADABADAB@BAB@BBBAFABC@CBCBED@@@DBFA@A@ABAB@B@DBB@D@B@@ABC@C@CBA@CAA@A@A@A@C@A@A@@@@CCACAAAA@A@E@A@C@AAA@AAA@CBA@CBAB@B@BG@IBGBCBA@A@A@C@AACBE@CBA@A@AB@BC@CA@@@@@BBB@B@@B@B@@BBB@D@D@B@B@B@@@BB@@B@@@BBB@@@@AD@@@@@@@BD@@B@@@B@BAB@@A@A@@@@@AFA@@BC@C@A@DDBBB@B@BBB@FB@B@BADB@@B@@@@@B@@@@@@@@@B@@BB@@@@@@B@DAD@B@@@BBDB@BBB@BBDBB@@@BBD@D@F@BA@@BA@@@BB@@@@BF@B@@BAB@@@@AD@@AB@@@BA@@BA@@B@@@BA@@@A@@@@@A@@@@B@@@B@@@BDBDDD@@BBA@@B@@@@BB@@B@B@B@B@@BBBB@@BBFA@AB@@@@C@AB@BABADB@@@@@@@@@@@@B@@@@@@@@@@@@@@@@@@@@B@@B@@@@@@@@@@@@@@@@@B@@@@@@@@@@@@@@@@@@@B@@@@@@@@@@@@@@@@@@@@@B@@@@@@@@@@@@@@@@@B@@@@@@@@@@@B@@@@@@@@@@@@@B@@@@@@@@@@@B@@@@@@@@@@@B@@@@@@@@@@@@@B@@@@@@@@@@@@@@@B@@@@@@@@@@@@@@@@@@@B@@@@@@@@@@@@@@@@A@@@@B@@@@@@@BBB@B@BA@ABA@@BAD@B@B@@@B@@B@@@@@BB@@@@@@@@@B@@@@@@BDBB@@@@BB@@@BB@@B@@@@@B@@@BBB@@@@AB@BBB@@BBB@B@BBBB@BBB@@B@BB@@@DABA@ABA@A@@BBBB@@D@@@BA@AD@@ABC@ADADA@@B@@@@@B@@AB@@ABA@ABABA@@BABA@C@@BA@@@@@ABABAB@@@@@D@DAB@@A@A@A@AB@B@@ABA@A@@@AB@@A@@@@@A@AB@@ABAB@@A@A@@@CBA@A@@@A@A@@@CB@@@@@B@@@B@@@@AB@@@@@B@@@@@@A@@@@@@@ABA@A@CBA@A@@B@@AB@@AB@@A@@B@@@B@@@@A@ABA@A@@AA@@@AA@@A@@@A@@AA@@AA@@@@@@@ABA@A@@@@@@@@@@@@@A@@A@@@@A@@@@@@@@B@@@@@@@@A@@@@@A@ABA@A@@BA@A@@@@@@@A@@@@A@@A@@@A@@AA@AAA@@@AA@@@ACA@A@@@A@@@@@@@@A@A@A@A@A@@@AA@@A@@BA@@@@@A@A@@@A@@@A@A@A@@@@@@AA@AA@@A@AA@@A@@@A@A@@@A@@@@AA@A@@@A@@@A@@@ABA@@@A@C@C@A@A@@@A@AAA@@@AA@@@@CA@A@@A@@@@BA@A@AB@@A@@B@@A@@@A@@@A@@@@@AB@@A@"],"encodeOffsets":[[129431,43074]]}},{"type":"Feature","id":"220621","properties":{"name":"抚松县","cp":[127.273796,42.332643],"childNum":1},"geometry":{"type":"Polygon","coordinates":["@@BB@BBB@@@@AB@BBB@@BBBB@BBBBB@@BBB@BB@BBBB@DBB@D@BAB@B@B@@@@@@BA@AB@B@B@B@@@D@BB@@B@@@B@@BB@B@@B@B@B@B@@BB@BB@BB@BBB@B@BB@@@B@@BB@@@@B@B@B@BAB@B@@@B@B@D@BBD@B@DB@@BBB@@@DAB@B@BBF@DBB@DBBBFBF@F@B@@@B@BADAB@F@D@BBB@B@@@BBD@DBD@BBB@@BB@@@B@@@B@D@B@@@B@@A@ABABA@@D@B@B@B@BA@@B@@@B@B@D@B@D@B@BBB@BBBBB@B@B@B@B@B@D@B@@@@@BB@BBB@@@@@B@@BB@B@B@BB@BBB@B@DB@@B@@@BB@B@B@DBB@BBBBB@@B@@B@B@@@DBB@B@DBB@BBB@B@@@BAB@@AB@@CDA@@BABA@CDABA@AB@B@@@B@B@@@BB@BB@@D@B@B@BBB@B@BBB@B@B@B@BB@@B@@BB@B@@@D@BBB@@@B@DBFBDBB@BBDBB@BBB@@BFDDD@@DBB@BB@BB@@@@B@@@@AB@@A@@B@@A@@@A@A@A@@BA@@@@B@@@B@@@BBB@@@B@@B@@@@BB@@BB@BB@BBB@@BB@BBB@@B@BB@B@@@BB@@B@@@@@B@@A@@BA@@@AAA@@@AAA@A@A@A@A@@@A@@@A@@BAB@B@@@BA@@@BB@B@@B@@B@@B@B@B@B@DAB@D@B@BAB@B@B@@@BBB@@@B@@B@@B@@BA@@D@B@B@@AB@@@BA@ABA@ABCBA@CBA@@@ABA@@BA@@BA@@BABABABAD@@@@@@@B@@BB@BBB@BBBBB@BBB@BB@BDB@DBBBBBDBB@BB@B@BB@@B@B@BAB@B@BAB@@CD@BABABABABABAD@@ADAB@@@B@@AB@@AB@@AB@@@B@@@@@B@@A@@B@@@B@@@BA@@BA@@@CB@@CBCB@BC@@BA@CB@BCBABCB@@@@@BABABABABA@A@ABA@@@A@A@@@AAAAA@AAAA@@@A@CA@@A@@BA@A@ABA@A@@BA@@AA@AA@AAAAA@A@CA@@A@A@A@A@A@A@@@A@AAA@AAEAAAA@@AA@AA@@AAA@@AA@@AA@AAAACAA@AAAAAAA@A@A@A@A@ABCB@@AB@@ABADA@ABA@ABA@A@A@CAA@CAGCEAE@AA@@A@@BA@AB@BCBABABAB@@AD@@@BA@A@CBC@A@A@AAC@AAA@@AA@@A@@@A@@@A@ADCBCBADCBADA@A@A@A@A@AAACACACAC@E@CAE@ABA@ABABABEBABABA@C@AAAACCAAEGCAECCAA@C@I@G@C@CBA@@B@DBB@BBBDD@DBB@BA@@BC@A@C@EBGBE@CBGDABABA@CBG@GBGBE@CBAD@B@F@BDDDBBBBB@D@B@@@BAB@BA@ABA@@BA@A@AAA@A@A@CBA@ABA@@B@@@B@B@@BBBBBBB@BBBBD@@BB@BBB@@BBB@@@BAB@@@BABABC@ABA@C@A@C@CAA@A@A@A@C@A@@@AB@B@@BBBBBB@@BDDDFD@BBDBDDDBD@D@B@DBB@B@DBB@BBB@BB@BB@@BBB@B@B@DB@@BBB@@BBBBBBBBBBBB@BB@BB@@B@BBB@B@BAB@@@@AB@@C@ABABA@@BAB@BAD@@@B@BBB@BBBBBBBBB@@BB@@BBBBBBDBBBBB@@@BA@ABADABABA@@B@B@B@@@B@BAB@@A@@BC@ABCBABC@ABAB@@A@@B@B@BAB@B@B@@@B@@A@CBEBA@CBA@AB@B@@A@@B@@BB@@BB@@BBB@DB@@B@B@BBBBBBBBBBBB@@B@@BD@B@D@@@DB@@@@BB@@@B@B@B@B@@BBBD@@BB@DB@@BBBBBBBBB@@@BB@B@B@B@@@B@@@B@@B@@@@@@@B@@@@@BA@ABABAD@BAD@@AB@B@B@@BB@@BBBBD@BBDBBBBBBBBBB@@B@B@B@B@@@BAB@@AB@@BB@BBBB@D@B@B@D@B@B@B@B@@BBB@@@B@@ABA@@B@@@B@B@D@D@DBF@D@D@B@D@B@D@D@B@D@B@BBD@DBB@DBF@B@DBB@B@@BBBBBBDBFBDBB@DBD@B@DBD@BBD@BBBBBBBB@BBB@@AB@BC@A@A@C@CBA@C@@@CB@@@BAB@@BB@@BBB@B@B@BB@@B@@B@B@@AB@@BB@@BBB@B@D@B@B@D@D@D@B@B@BB@@BBBBBBBB@BBB@DBB@BBBDDBBBBBB@BDD@BDB@BDBBBDBD@B@BBD@D@F@D@D@B@BADAFADABABABA@ABABABAB@B@B@B@B@BBBBB@FBDBF@B@FBF@D@F@D@D@B@@BB@DBBBDDDBBB@@@AB@BA@A@A@@@A@A@AAAAAAAC@CCCAACAAACACAAAEAC@C@A@A@A@AB@BAB@BAB@B@B@BBD@DBD@BBB@DBB@D@BAB@D@BABADADADAB@BAB@B@BBB@B@BBB@BBBBBBBBB@DBB@D@BBB@@@B@BBD@BBBBB@@BBBDBBBD@D@D@B@D@BBB@BB@@BD@B@D@B@B@BAB@@@B@B@BBBBBB@BBDBB@BBB@B@D@F@D@DAD@BBD@D@DBD@BBBBB@BBDDDBB@BBB@B@B@B@@A@AB@@C@@@E@A@ABC@ABABABCBA@ABCDEBCDABCDA@CB@@A@A@ABA@ABAB@FAH@B@DAB@@@BABA@@@A@A@A@A@AAA@AAC@A@A@A@ABAB@BAB@D@D@D@FAF@F@BAFADADABADADAD@B@D@D@BBBAB@B@BABABAB@F@F@B@BA@@@AAA@@AC@@BAB@B@B@D@FBDBD@DBD@FBD@B@DBD@D@FAB@DABABABABAD@BAF@BABADABADAD@BAB@BBBBDBBBBBB@B@BBB@@@@BBD@BAF@DABBD@B@BB@@BB@@@@BBBAB@@@BA@ABADABA@AB@BAB@@@B@B@B@@BBBBB@B@@BB@B@B@BAD@F@F@FBB@F@DBFBB@FBB@BBB@@B@B@@@BAB@BB@BBBB@@@B@BA@@BA@ABA@A@A@CAA@AAA@A@@BA@A@@B@B@B@B@D@HAF@B@DBDBDBBD@BBD@D@FAB@B@B@B@B@BB@B@@BBBDB@@B@@B@@@BA@@BC@AB@BA@@B@DBHDDBFBPDB@BBDBD@B@HAB@BBJFHFFJDFBB@@B@B@D@BAD@DBBBFJBFBD@BBBDBD@DAF@B@F@B@B@DDFFBBDDDH@H@H@@@DBDDFFDFFHFDBJHDDBBHDHBF@F@B@D@JABBB@B@DDFDDH@DBFABABABE@GBCBAD@BBBBDFBHBBBBD@B@B@@AFA@CD@DDBBBDBDDBFBBBBB@B@B@BAB@DA@AB@@CDAB@B@D@BBBDBDFHBBDBBBD@BBF@D@DBBBDBBD@DB@BBB@DAH@F@D@B@FBBBBDBB@DABABADABAB@D@B@B@BBBBBB@DADABBHDHFBBBBBB@DA@ABC@C@CAA@AACAA@C@A@ABABBB@BBDDDDJBD@BBDBBDBBBF@H@F@F@H@FADCHADADAD@B@@@DAF@H@L@F@F@F@J@HAD@B@HAD@F@D@FAHGDA@C@E@C@ADADABCHCD@FAH@D@FCLCBA@@BA@A@AACCCAAAA@AAA@A@A@ABA@GBCAC@A@A@ABADA@AB@D@BBB@B@D@B@FADAB@BABCBABABAD@B@D@D@DBB@B@BABA@A@AACCAAA@E@A@ABCB@BCDAB@B@BA@@@A@AAA@@AAA@A@AAA@CBA@CBABCDA@ABA@C@ECA@AAA@A@A@@@@A@@@A@CBABA@ABABAB@B@@AB@D@BAB@BABAB@BABABC@ABA@A@AFGDCDG@AB@AA@@@ABABADCB@BAB@@@BAB@B@B@B@DBB@B@DBB@@@D@BADA@@BAB@BABA@ABCBA@C@@AAA@C@A@CBEDEDA@A@C@AA@AAA@A@C@C@EBABADADAB@DAFAFADAD@D@B@B@B@DBB@DBBBD@BBD@B@D@DAD@DABADABA@ABAHCFCDAD@F@F@B@BAD@BABA@@BA@@D@FAD@DAB@DABC@AA@@A@AA@@C@@@A@A@A@@@@@AB@@@AA@@@@A@@@A@C@A@A@A@AAA@@@A@@A@@@@A@@@@A@@@A@C@@BA@AB@@@@@@A@@AA@@@@BA@AB@@@B@@@BAB@@A@@@@@A@@AA@@@A@A@A@@AA@A@@@A@AB@@@BAB@BBB@D@D@D@B@B@BB@@@@B@B@@@@A@@@A@@AAAA@@AA@@A@@@@AA@@C@AA@@A@@@@@A@@@AB@@@B@@@B@@@B@@@B@BB@@B@D@@@B@@@B@@@@@B@@@D@B@@A@@@A@@@AA@@@AA@A@A@A@@@@@AB@BA@@@@B@BB@@@@@@@@BB@@B@@BB@@@B@@@BA@@@AB@@A@@B@DABAB@@A@@A@A@A@A@A@EA@A@A@@BADCBAB@BAB@@ABCBAA@@ACAA@@A@@@@@AB@B@@@B@@ABA@AB@DAD@HAD@DA@@BABABAD@@ABA@@BABA@A@AAAAAACAA@@@ABA@@BAD@@BDBBBD@@BB@DADABAB@@A@@@A@@A@CA@AA@@AA@AA@@@@BA@A@A@A@AAA@C@AAAAE@A@A@AB@DAB@BBB@B@B@@@BA@AAA@AAACAAA@@AGB@@AD@BAB@D@B@@@D@B@B@@A@A@AAA@A@C@A@O@@@CA@@ABA@A@C@A@A@ABA@@@@@A@ACCAC@@@AFCDE@A@CBABADEDC@@BA@@@@@A@@AAAAAACGAEACCCEE@@CCCCGCEGCCAA@AACAEAE@CAC@A@ABABCBCAC@AA@@AA@AAACACAC@CAA@AA@AA@@@@@@@@A@@@C@E@C@AAEACA@@@@AA@@@ACAEECAEAICEAKEEAGAACCA@A@AAAAECG@AACCKAACA@AAAECAAA@A@C@E@O@A@GBA@A@A@A@CAEAA@C@C@E@A@G@A@@@@AAGAABEBC@ABC@E@ACACAA@AA@@A@@@@@AA@A@@AAEECC@E@@ACAC@@@A@@@@IAC@E@IAA@A@E@A@C@MAE@A@A@E@A@CDCBA@A@A@@@A@AA@A@AAAA@@@A@AB@@C@CAAACAC@AAC@AAABA@C@A@A@A@A@@A@@BA@@AA@AAACCCCACACACAC@A@CBCDI@AAA@AB@B@DALIDCFEHEDAB@B@B@LBFB@BD@F@DBH@D@@ABADEHIB@@@BBJD@ADA@CBC@AB@B@BADABA@@@AB@@AAA@@@@BABCBA@ABC@AAA@A@C@CBABABEDC@A@@D@@AB@@@BA@@B@@@@@@@B@@@@@B@@@@@B@B@@@B@B@B@B@BA@@B@@@B@@@@@BB@@B@@BB@B@@@BBB@@BB@@@@@@@B@@@@@B@@AA@@A@@B@@@@A@@@A@@@@@A@@B@@A@@@A@@@AB@@@@A@@@@@A@@@@@@@A@@@@@@@@@A@@@@@@@@BA@@@@@@@A@@@A@@@A@@@A@@@@@@@AAC@CAA@A@@DCBA@@@A@A@A@@AC@@@ADC@CBC@A@AB@FE@@BC@A@ABCDABCBCDAB@BADAB@DADADADAFABABABADCBCBABABAB@D@H@D@@@@@B@@A@A@@BA@A@@BAB@DABAB@@A@@@A@@@AAACCAA@@@C@C@@@C@A@AAACEAA@A@A@@BA@ADCD@FEDAFCHE@ADABAD@HCBAB@@CBCBCBCBC@AB@BAB@@ABA@AB@BABCBCDGBAFEDA@@FGFEDEFGDGDEBCBE@@@C@A@@@A@@BC@AB@BC@ABCBABABABC@CBA@E@ABCDCBCAA@A@A@A@CBCDEBCDCFCFABABABABA\\SkMSGDIXSp[HEAAACNCB@@A@@@AACAGBAACB@@ABAB@B@@AAAAA@A@A@CAA@AAA@ABCB@BA@@BAHAAC@A@A@A@@@A@ABAB@DC@ABA@C@C@CAEA@@AA@@BA@AB@BA@CBA@A@C@C@A@AAAAA@G@A@AB@@AA@A@AA@AAA@@A@@@A@A@@BADA@@BE@A@ABA@CB@BAB@BABA@ABABABA@A@@@A@AB@@A@@@AA@@AACCC@@@@BA@ABAFEB@BCDEDE@@@CDCFC@@AA@@@@CA@@AA@@AAAAC@CACAC@AAAA@@AC@A@A@@@EBC@CAA@AAAACAAA@CAAACAAA@@CCCCAA@AAA@@@AAAAC@AAAA@@AA@A@A@A@EBA@@@ABA@A@A@A@AACBC@A@ABA@AAAAAAAAEAAAA@CAC@A@@ACAC@C@AAA@EA@@C@EAC@CACAA@AAACA@@AAC@BC@A@A@CAA@CAEAA@@AA@@A@A@@AAAA@ACC@AAACECCEECAEACAE@CA@@@@@@@@BABABABAFC@@BA@@AA@CACA@AAA@@AA@AA@AAC@AAA@AAAAAAAAA@A@AAA@@AAAA@@A@A@A@AAA@ACAA@A@AA@A@A@A@A@A@C@@@E@GBABA@A@A@@AAAAAEC@AAAA@AEAECCAACC@@AA@@A@ABA@ABAB@B@@A@@@C@ABEBCD@@A@AAA@C@A@CB@BAD@@ABA@C@E@C@I@A@E@A@A@@@@AACACACA@AA@C@A@AA@@@@@A@AACAAACACCEEAA@AA@AAA@CAECECCBABEDABABEFCBCDAB@BAB@@@DBB@BBDB@@BADAD@B@@A@A@E@C@C@AA@@C@A@CBE@ABA@A@AAA@A@A@A@C@A@CBCBCBGBGDEBCBCBA@ABADCDCD@BA@@@AACAC@A@@AE@C@ABC@CBCBA@A@C@A@A@CBGBEDEBIDGDEBABA@ABC@I@E@CBE@CBGBEBCBABABCDCFEFCHCBCDEDA@EBCBC@C@CAC@C@A@CBCBADA@A@A@A@AACAAAECEAAAA@A@A@A@ABA@A@A@ABA@@BAB@@CBA@ABABABAD@B@B@BA@A@C@CBA@A@CBGBCBEDCBA@@B@@BBB@BB@@BBBB@DBB@BAB@BA@@B@@A@@B@@@@@B@@@@@@@@@BA@@@@@@B@@@@B@A@@@@@AB@@@@@@BB@B@@@@@B@@@@@@@@@B@@@@@DBB@B@@@BA@@@AB@@A@A@A@A@@@AA@@A@@@@@@@@B@@@@@@BB@@@@B@@@@BB@@@BBB@@BB@B@@@@@@@B@D@B@@@B@@BA@@@AB@BAB@@AB@@A@ABA@AB@@@@A@@@@@AA@@@@@@@@@@@@@@AB@@@@A@@@@@@@BB@@BB@@@@@@@B@@@@@@ABA@@BA@@@A@@@A@@@@@@AA@@@@@@@AA@@@@@A@@A@@A@@A@A@@BA@@@@@@B@@@B@@@@@B@@@@@B@@@@@B@@@@@B@@@@@BA@@@A@A@@@A@A@A@@@A@AB@@A@@@BB@@@@B@@@B@B@BBB@@BB@@BA@@B@@E@A@@B@@@@@BA@@@CBC@E@C@C@E@AACBA@C@A@A@EAA@A@AA@@A@A@C@CBC@C@EBA@ABC@A@A@@@@@@@A@@@@@A@@@A@@@@@A@@@A@@@@@@@A@@@@@@@@@A@@@@B@@@@A@@@A@@@@BA@@@@@A@@B@@A@@@@@@@A@@@@@@@@@@@A@@@@@@A@@A@@@@@@@A@@@@@@@@@A@@@@@@@A@@@@@@BA@@@@@@@A@@B@@@@A@@@@@@@@@@@A@@@@@A@@@A@@@@A@@@@A@@@A@@@A@@@@@A@@@AA@@@@@@A@@@@BA@@@A@@@@@@@@@@@A@@@@@A@@@@@@B@BCDABCDABABCBEDEBEBEBCBCBGBEBCBAB@BBB@BBDBD@B@@@BC@ABCBAB@B@B@B@B@@@@BBBBBBB@@BB@@BA@@BBB@D@@BBB@B@B@BB@@@@BB@B@BBBB@BB@BBB@B@B@BBB@B@B@BABAB@@CBAB@@ABAB@@CDADAB@BAB@D@B@BAF@B@B@@@BB@DBDBBB@@ABB@@BBB@DAB@D@DAD@D@B@B@@BB@@B@@BBBBD@@@BAB@@AD@B@@@DBB@BB@BBBB@B@@@B@BCHAB@BABA@A@AB@B@@@DAB@@@BAB@@AB@@@@@B@B@B@@AD@DAD@BAB@BA@@DABAB@BABABABABAB@BAB@BABCBAB@BEBABADA@A@C@CBC@C@A@C@C@C@EBC@GAE@EB@@E@C@E@C@A@A@C@A@CBC@EBE@E@GBCBE@EBIBC@C@CBCBC@C@C@EAC@EBC@C@E@CBC@A@C@CBEBC@E@GBCBGBCBCBCBCBA@ABA@@ACAE@A@E@A@CBAB@@@BAB@B@D@B@BA@@@C@E@E@GBG@C@C@ABC@A@C@C@A@A@@@A@@BA@A@C@A@ABC@A@A@@@A@A@AAA@C@G@I@@A@D@@@D@@@B@@@@ABGFCDABA@ABABCB@@A@@@@@A@@AAAAA@A@A@A@@@@@@ABA@AAC@A@CBA@ABA@@@A@A@A@A@C@A@@@A@@@A@@@AA@@AA@AAACE@AA@@AAAACAA@@AA@@AACAAAC@CAAAA@AAA@A@@@ABAB@@@B@D@BBBBD@@DBD@DDDB@@ABAB@@@B@B@HAD@@@B@@BB@B@B@B@B@@@@ABCB@B@@@DBDA@@B@@AD@BAB@B@@@B@@BB@B@@AB@@@B@@@BBB@B@@@B@@@BA@@B@@AB@@BB@DBB@@BB@@@B@B@B@B@BA@@BA@@B@@@B@@@B@@BB@@BB@@@@@BDB@@@@@BB@@@@@@B@@@B@B@@@B@@@B@@@@@B@@@@A@@@@@A@@@@@@@@A@@@@@@@A@@@@AA@@@@A@@@@@A@@@A@@@@@A@@@@@@@@@A@A@A@C@AAC@A@A@ABCBC@A@@BA@A@@@@@AAA@@@EACAA@A@A@EAA@C@A@G@A@A@A@A@C@C@@@@BA@@@@@@BA@A@@BA@@B@@AB@BAB@@A@AA@@A@@@A@AB@DABAB@B@BBBA@@@@@AAA@A@A@C@C@C@E@ABA@C@A@A@A@@BA@AB@@ABCBA@@@ABA@@@"],"encodeOffsets":[[130136,43158]]}},{"type":"Feature","id":"220622","properties":{"name":"靖宇县","cp":[126.808386,42.389689],"childNum":1},"geometry":{"type":"Polygon","coordinates":["@@@@AACACCAACAA@@AA@C@C@E@C@E@EAA@E@CAEAA@AAAAA@A@A@A@A@ABABAB@BABABABCBEBCBABA@C@C@E@C@C@AAA@C@CAAACA@ACA@ACC@AAAAAAACCAA@AAA@CAA@AAAAAAAAA@@AAA@A@C@C@C@A@A@C@A@A@AA@@AA@@BA@@@A@AA@@@AAA@A@A@AA@@AA@@BA@A@@DA@@D@B@DAD@B@B@D@@ABA@@AA@AAAAAAAAAC@AAC@CAA@C@CAA@CAEACAAAAAAA@@@AAA@C@AAE@CAA@CAC@A@A@C@A@C@C@A@C@A@C@CAE@C@C@C@A@A@@@AB@BA@@@A@@AA@AA@A@A@A@C@A@A@C@A@AA@AAA@@BA@@BA@A@@@A@A@A@AA@AAAAAAAACAAAC@AAAA@@AA@@@A@ABA@@BC@ABCBABAB@@A@@@@@A@@@@@@@AA@@@A@@@A@A@A@A@@A@@AAAAAAAA@AA@@CAA@@ACAA@@@A@A@A@A@@AA@@@@CA@@C@A@C@@AA@@@AAAAAAAAAAAAA@A@@@CAA@AA@@AA@@AA@@@AB@@@@ABAB@DAB@FADAB@@@@A@@@A@ABA@A@A@AB@@@BABAD@BADABAD@@AB@@@BA@A@A@@@A@A@AB@BABABCBAB@@A@@AAAACAAAAAAA@@AA@@AAAAAAAA@AAA@A@A@@BC@ABA@AB@BABAD@@@BA@@@@BA@A@AAA@A@AA@@AAAA@AAAAAAAAAA@AA@AA@@CAA@A@A@AA@@AAA@@AAA@AAA@C@AAA@C@A@CACCCACAC@AECCCAC@@AAAAAA@@@ABA@@B@D@B@B@B@B@DBD@B@D@B@BAD@BABA@A@@BA@A@@AA@AA@AAA@@AC@AAAAA@AAAAAA@@@A@A@@@AB@BAB@DAB@B@B@BBB@B@@AB@BAB@@ABA@A@@@A@CAAAACACC@A@E@ABCDAF@HAHAH@DAB@BABAHCDAF@HAFAD@B@D@@AB@@AAA@CCCAA@AAA@C@AB@DAD@H@J@D@B@DBFDDBFHBBDDBBBBD@B@BABAFABABABAB@BAF@DBF@D@DBDBDBBB@B@B@B@B@BCBABCDABADCD@B@B@@@B@@@BB@@BB@BBD@BBB@B@D@DAB@B@@A@@BC@@BABABADA@ABAB@@AB@@@BBF@FBHDDBB@DBB@B@B@BAB@BAB@BCBA@@BA@@DABAB@B@B@B@B@BBBBBBB@DBBBBBB@@BB@@BB@BB@@BBB@@BB@BBFBBBB@BBB@@@B@B@B@B@B@B@@@DBB@B@BBBBB@@BBB@@AB@@@BAB@B@BAB@@@BB@@D@B@@BBBBB@BBBB@@B@B@@@B@BAB@B@BABABABA@A@@@@DABADA@ADAB@@AD@@ADADA@@DA@@B@@AB@@A@@@A@@@AB@@@@A@@@@@A@@BA@@BA@@BA@@@A@@BABC@@BCBABABABABA@ADC@@BA@A@ABA@A@A@AA@@A@AAAA@CAAAAACAA@ACA@@AAA@AAAAA@AAA@AAA@@@A@@@@@@BCBABABA@AB@@AB@@AB@BA@@B@DAB@DABAB@BAB@@A@@BA@@@A@A@CB@@AA@@@@AA@@@A@AA@@A@A@A@ABA@C@A@CBA@A@A@A@@@@AA@@@@AAA@@B@@A@@@ABA@AB@@@B@@@B@B@B@B@B@BB@@B@BB@@B@@AB@@@@A@@@@@AA@@A@@@AAAA@@@AA@AAA@@AA@AAAA@@AA@@A@@A@@@@A@@AA@A@@@A@@@A@@B@@AB@B@B@@@B@@@@AB@@@BA@@@@@A@@A@@AAAA@CA@@CCEC@AA@AAA@CAAAA@CAEACAA@@@A@AAC@@@A@A@@AA@@@AAA@A@A@A@AAA@A@AAA@A@C@@@AAA@@A@@@A@A@@@ABAB@BADCB@BA@AB@DC@@BA@@BA@A@@@AAA@AAA@C@AAA@C@@@A@AA@@@AAAA@AAA@C@A@AAA@@A@@@CAA@A@AAA@@A@A@AAA@@@A@@@@AA@AAA@@@@A@C@A@A@A@A@A@A@AAAAA@AAA@C@A@C@A@A@@@A@@@ABA@A@A@C@@@ABAB@B@BA@@@A@C@A@@@A@@@A@@AA@AAC@CAC@AA@@A@A@AAC@E@A@CBABA@@@A@E@E@EAAACAA@CAE@AAA@A@CB@@A@AA@@CAA@C@AAC@A@A@@@A@A@ABA@A@A@@@@@AA@@@A@@AAA@A@AAA@@AAAA@@AA@A@A@A@@@@AAA@@@A@@@AA@@A@C@@@A@A@ABAB@@A@@@@A@A@A@ABC@A@CAA@AA@AAAA@AA@@AAAA@AAAAA@@AA@ABA@@@@AA@AAAA@A@A@AAA@A@@@A@C@A@A@A@CBA@@@A@C@@@A@@BA@AB@BABABA@@@A@@@A@A@AAA@@AA@A@@A@@AA@@@@@@A@@BA@ABAB@BA@CB@@A@@B@BADADABADABA@A@@BA@ABA@@@ABA@A@C@A@A@A@A@ABC@ABABC@ABAB@@A@@@ABA@AB@@A@A@@AA@AAA@@@@@A@@@A@A@@@@A@@@@@@@@@A@ABA@A@@BA@AD@@AB@BABA@AB@BA@@@A@@@AA@AACAA@@ACAAAAAA@A@AAA@AA@@@A@@BA@@@A@ABA@@BAB@@AB@@@@@@@@AB@@A@@@@@AA@@A@@A@@AA@@A@@BA@AA@AAAAAAA@AA@@AA@A@@BC@@@CA@@AA@AAAA@AA@BA@A@A@@AAA@@@AA@@@A@A@@A@AAAA@@AC@@AA@@@@A@CAAA@@A@@@A@A@A@CBA@AB@@AAA@A@AAAAA@@@A@AB@@AB@@@BA@@BC@CBCBA@A@A@CAA@AAA@A@A@ABA@@B@@@B@B@@@B@@A@CBCBA@A@ABA@@BA@@BA@A@AB@@EBA@@@C@@@C@A@AB@@A@@B@@@BA@@BA@@BA@@BABAB@BAB@BABABAB@@AB@@@B@BA@@BA@@BC@ABAB@@AB@@AB@@ABA@ABABAB@@ABA@ABA@@@A@A@@@A@A@@@A@A@AAA@A@@@A@ABA@A@@@A@@@A@@@A@A@A@A@@@A@@AA@@@C@A@C@@@A@AAAA@@@@BA@@BA@A@@@@AA@AA@AA@A@@@A@A@@@A@@@AA@AA@AA@A@A@A@A@A@@@A@@@AAAAA@@@A@A@A@A@EBCBA@A@@@@AA@AAAAAA@AAAAC@AAA@A@A@@@AB@@@A@A@A@A@A@A@A@@@@BA@AD@BA@ABA@@@A@C@A@A@A@ABABA@@BA@ABA@ABA@@@A@A@@@A@@@@@AD@B@@@BA@@@A@@@CACACAC@AAEAA@AAA@@@AB@@CBABC@ABA@A@@@A@A@A@@BA@@@ABA@A@A@@A@@AA@AA@@@A@A@@@A@A@A@@@A@A@@@ABA@A@@@A@@@A@A@A@@@A@@@A@A@@@@@AAA@@@A@@@@@A@@@@@A@@@A@A@A@A@A@AAA@AA@A@@A@AAA@C@AAA@A@A@ABCBC@ABA@A@C@A@A@A@A@A@A@A@C@ABA@@@A@A@A@A@AAA@@@C@@@A@A@@B@@AB@B@@@@@BB@@B@@A@@BABAB@@@B@B@B@BBB@@@BBDBD@D@B@D@BA@@BA@C@@@AB@@@B@@AB@@A@@@AB@@AB@@@@@B@@@@B@@B@@@B@@@BB@@BAB@@@@AB@@@B@@@B@@@@@@@B@@@@@B@@@@@B@@ABAB@@@B@B@@@@ABA@@@A@@AA@A@@BA@@@@BA@@@AAAA@@AA@AA@@@AA@@A@AAA@A@@@A@A@C@A@AA@@A@@@@@@A@@@B@@A@ADA@@DA@AB@@ABA@A@AB@@AB@@AB@BA@@BA@@BA@@BA@@@@BAB@@@@A@@@A@@@A@A@@@A@@B@@A@@BA@A@@AA@A@@@A@AB@@A@ABA@A@A@A@@@ABAB@@ABAB@BAB@@AB@B@@@B@B@@@@@@ABA@@@AAABA@@@A@A@A@CBCBC@@@CBA@CBA@CBA@ABA@A@ABC@@BC@ABA@@@A@@BBBBD@B@B@B@B@B@BBB@@@BBBAB@@@B@BAB@@AB@BAB@@@@@@A@@@A@@@AB@@A@@B@@A@ABA@A@A@A@A@A@A@A@A@A@C@A@A@@@A@A@A@@AC@@BA@ADA@ABADCB@@ABA@A@A@A@A@A@CBABEBEBCBC@A@CBA@CBA@CB@@@BA@AD@BA@@BA@@@A@A@CBA@A@@@C@@@A@@BAD@BA@A@A@ABC@AB@B@BBB@B@BB@AB@@A@ABA@@@@@@B@B@@@BB@DBBD@B@@@@@BA@@B@BB@@B@@ABAB@@@B@BA@@BAB@B@B@B@B@B@B@@@B@B@@@B@B@BB@@B@B@B@B@@@B@B@BD@BFDB@BDBB@@B@B@BAHA@@BAB@B@BABAB@B@DBD@D@BB@@BBBDBB@B@BDBB@B@B@BBB@B@BBB@@@@@B@@@BB@@@@B@@@@@B@B@@@@BD@@@@@B@@@B@@B@@B@@@B@BCDA@@@A@A@@@@@@@B@@BB@@B@@@B@@@B@@@DA@AD@BABEBABABAB@BA@ABAB@B@BA@@BCBAB@@A@ABA@@B@B@B@B@B@B@BABAB@F@@@B@BBB@B@BBB@@@B@@@@@@@B@@@BB@@B@@BB@B@@@B@@ABB@@@AB@@ABA@ABCB@@AB@@@B@@@@BBAB@B@D@@@B@@@@@@@@AB@@@@ABA@BB@@BA@BB@@@@@@@@BB@@@@B@@@@B@@@B@@BB@@@@BBB@@BB@@@@@@B@BBBBDDBDBBB@D@B@B@BBBB@B@@@@@B@@@@@BDBBB@@@@@@BB@@B@@@@@B@@@@@B@BBB@@@BBB@B@FD@@@B@@@BB@@@@B@@@@B@@BB@BBBBBBBBDB@@D@@B@@B@@@@@@@BB@@B@B@@@@AB@@@B@@BBB@@BB@@@B@@@B@@DBBB@@@@B@BB@B@@@@B@@B@@@@B@@@@@BB@@@B@B@BBDBBDB@B@BB@B@@@B@BABAB@B@L@F@JBD@F@B@DAFCFA@@B@B@@BB@@BD@B@B@BBBBBBDB@@BB@BBBB@B@BB@@B@AB@BAB@B@@@@AB@@BBB@@BB@BB@@@BB@B@@BB@@B@B@@A@@BB@@B@@@@AB@BABA@AB@BBB@BBB@@@BBB@@@B@F@@@@@@@@@@@@B@@B@@BB@@@D@@@B@@@@@@@BB@B@@@B@@BB@@BB@@BABAB@B@@@B@@DB@@AB@@@BA@AB@@AB@@@B@B@@@BAB@BBB@B@@@@B@@BB@@@BBBBB@A@ABAB@@AB@@@B@@BB@BDBBB@@@@@BA@@@AB@@@@@B@BA@AB@BA@@DA@A@@B@@@B@@@B@@@BAB@@@B@@@@@B@@@B@@BB@BB@@B@D@F@@CD@BAB@B@B@B@BBB@@@B@@ABAB@@@BAB@@@B@@ABAB@BA@@BC@ABAB@@@@BBBBBB@BDBBDBB@@B@D@B@B@D@B@BAB@B@@BD@BBBBB@@B@B@B@BBBBBB@BBBBB@@@@@B@@@B@B@B@B@BABAB@D@B@B@B@BB@BBB@@B@B@@@BA@@B@BA@@@@B@@@BBBBB@@@BBB@@@BB@@@B@B@@B@@@B@BAB@@@BAB@@AB@@B@BADDBB@BB@@AB@B@D@@@BB@@@D@B@B@B@B@@@B@D@BAB@F@BBB@BAB@B@@@BB@@BB@@B@@@DBB@@BB@BD@@BBB@@B@@AB@@BDBB@DB@@F@B@D@B@@AB@@A@BBDB@BB@B@BBBBBBBBBDB@@B@@@B@B@@B@BBBBFDBBBDDD@D@@@B@@@@B@@@@@B@B@B@@BBB@D@@BDAB@@A@@BA@@B@B@BA@@BBBBBBBBBDBB@BBD@B@@B@@@@BB@@@BB@@@@B@@@@@@B@B@@@B@@@@@BABABABA@@@@B@BA@@B@@@B@DB@@B@@@B@B@@@B@BB@@B@BBD@@B@@B@@@B@@@@@@@@B@@B@@@@B@@@@BB@BB@@B@@@B@@@@@@@B@@@@@@@@B@@BB@@@@@@B@@BB@@@B@@B@@@B@@@BB@@B@@@@@@B@@BB@B@B@B@B@B@B@@@@@BB@@BBDB@@BB@@BB@@@B@@B@@@@B@@@B@@@B@@BBB@@@BB@@@DBBB@@B@D@B@B@B@@@B@B@@@B@@@B@@@@@BB@@BB@@BB@@@B@@@@@@BB@@@@@B@B@@@@@@@@@BAB@@@B@@@B@@@@@B@@@B@@@@@BAB@B@D@@B@@B@@@B@@@@@@@@A@@@@@A@@@@@A@@@@@A@@@@@AB@D@@A@@BA@@@AB@@@BAB@@@B@@@B@@@@@BA@@@AB@@@B@@@B@B@B@@@BB@@@@@@B@@@B@@@B@@BB@@BB@BB@BB@@B@@@B@@@BB@@@B@B@@@@@@BBB@@@@B@@@@@@@@@B@@@@AB@@@@B@@@BBB@@@B@@B@@@B@@@B@@B@@B@@@B@@@B@B@B@@@@@@@B@@@@BB@@@@@B@@A@@BAB@B@@@@@BB@@@BBB@B@B@B@@@@@@@@B@@@B@@@B@@B@@@@B@@B@@B@B@@BB@@@B@B@@@@@@@B@@@@B@B@B@DADBDA@@@@B@BB@@B@BBB@@@DDB@B@B@B@D@D@@@BBDB@@BB@@B@B@BBB@B@@@B@B@B@BA@@B@@@DAB@B@B@D@B@@@B@@@BB@@@@@@B@@@B@@@B@@@B@BAB@@A@AB@B@@@B@BA@@B@@@@BB@B@@BB@@@BBB@B@B@@@@@B@@@B@@BB@B@@@B@B@@@B@B@B@@@B@@B@@@BB@@@@@B@@@B@@@@B@@@@@@@B@BAD@B@BA@@B@B@B@B@@@B@@@D@B@D@@@@BB@@B@@BB@@@BB@B@B@@B@B@B@BBB@B@BB@@@@B@@@BA@@B@BA@@BA@AB@@@@@@@@@B@@@@@@@B@@@B@@AB@@@B@B@@@@@@@BB@@@@@@B@@@B@B@@@B@@@BB@@@@B@@@@@B@@@B@BAB@B@B@B@@@B@@@B@@@@@B@@@B@B@B@B@B@@@@@B@B@@@B@@@B@B@@@B@@@BB@@@@BB@B@@@B@@BB@B@@@@B@@B@@BA@@D@D@DAD@D@@@B@B@@A@@B@B@BA@@@@B@@@B@@@B@B@@@B@@@@@B@@@@@@@BA@@B@@AB@@@@@B@@@BA@@@@B@@@BAB@@AB@@@@@BB@@@@B@@@B@@A@@B@@@BB@BD@B@B@BA@A@AB@@@BABAB@BABA@@@@BABA@ABA@A@@B@@@@@B@@@B@B@@@@@BA@@BABA@@@@@@B@@@B@B@B@B@B@@@B@DC@@B@@@B@BB@@BB@BB@BB@@BB@B@BD@B@@@BBB@BA@BB@@BBD@BB@BB@@B@@@BB@B@@@BB@BBD@BBD@B@@@B@@AB@DAB@@@B@@@B@B@BABBD@BB@@B@@BB@@@BB@@@@B@@@B@@@B@B@B@B@BBBB@@BB@BBBBBB@B@@BB@B@BA@ABAB@BABABAB@B@B@B@@@BABCB@BAB@B@BADADABAB@@AB@@@BB@@BBBBB@D@BBD@D@D@B@B@@@B@BBD@@@B@B@B@D@D@DBB@@@B@B@@@@@DBDBB@B@@@B@@C@@BABCB@BA@@BBB@@@D@DBB@D@B@BBBBB@B@@@B@DA@@BA@AA@@A@@B@@@D@BBB@@BB@B@@B@@@@AB@@@@BB@@@@@B@B@BBBBB@@@@B@D@B@BBB@@@@@B@@@@BB@@@@@@@@B@@B@@B@@@@@B@@@B@BB@@BB@@@@BB@@@B@BB@@B@@@@@@@BB@@B@@B@@B@@B@@BB@@@@B@@B@@@BAB@@BB@@@BB@@@@@@B@@AB@@@@@BB@@BDD@@BB@B@@@B@@D@@BB@BB@@BBBB@BB@BBB@@@B@B@@AB@BABABA@ABABC@A@AACAAAA@A@AAAAACC@AA@@AAA@@@A@EAE@C@CBE@CAABCBABEBCBABABABABA@ABA@CBC@C@E@E@AAA@G@AAC@A@A@A@A@A@ABABADCBABADCBADA@A@A@A@C@ABABADCDABAD@FABADA@ABA@CBC@ABABCBABA@A@C@CBABABAB@B@DAF@DABAD@DCDABABCBA@C@C@CAI@CAMAA@A@AACAE@CCEACECCCCE@@A@@@CEACCCAAAAAACACA@AAA@AAA@AACAC@AAA@AAAACAA@A@A@C@C@A"],"encodeOffsets":[[130272,43659]]}},{"type":"Feature","id":"220623","properties":{"name":"长白朝鲜族自治县","cp":[128.203384,41.419361],"childNum":1},"geometry":{"type":"Polygon","coordinates":["@@VOXQFAB@@ABAJ@BA@@AE@CAS@KAA@A@CA@@A@A@ABCBS@ABC@ABA@ABABAJG@AB@@@@A@@@@CGAG@AA@@AA_@@@AAC@@@AAKCU@A@@@AAA@@@@AA@@@@AE@@@@@@@E@A@@@@BC@@B@@A@@@@B@@@@@@@@@@A@A@@@AA@@A@@@@@@@@@E@@B@BC@A@@@@AC@@@A@@@@BE@@@@@@BABAB@@A@@@@BCBC@@@A@@@@@C@@@@AACC@@A@@A@@@@@@@@BEB@@@@CBE@@BG@A@@@@@A@@@@@@DA@@@@B@B@F@@@@AB@B@@@@@@@DC@@@@B@@A@@@@B@BA@@@@@@@@B@BA@@@@@@B@@ADA@@@@@@@@BA@@@@@@@@B@@@@@B@@A@@BBB@@@B@@@@@BBB@@@@@@B@@@@@@B@B@@@@@@@@@@@@C@A@@@@B@@@@@@AD@@@@@@@BAD@@@@@@@B@@@@@@@@@@A@@@@CA@ACA@@@@@@@@@@@A@@@@@@@@@@@@BABA@@@@@@@@@@@@@@@A@@@@@@AAA@@@@@@A@@@@@@@@@@@A@E@@@@B@@@@A@@@@B@@AB@@@B@B@DA@@@@@@@@@@@A@@AA@C@@@@@@@@@@@A@@@@@C@@@@@@AA@@@@CC@@@@@@@@@C@@@@@@@@@@@@@A@@B@@@BAB@BA@@@@@@BA@@@@@A@@@@@A@A@@@A@@@@BE@C@@@@@@@AB@BABA@@@A@@DC@@@@@@@@@E@@@@@@@A@@BABADC@AB@@@BC@@@@@AB@@A@@B@@@BAB@@@@@B@@@@@@ABA@@@@@C@@@@@@@A@@@@B@@@BA@@B@BAB@@@B@B@D@B@@@B@B@@@BA@@@@BADA@@@@B@@@@@B@@@B@@BDA@@B@@@@@@@BA@A@A@@@@BA@@@@BA@@@@@@B@@AD@BADAB@BA@@@@@A@@@@AA@@@AA@@ABA@@@@@@BADA@ADA@@@ADCBA@@@@@@B@@@@@B@@@B@FBB@B@D@@@@@@@@@B@@@@@@@BCBG@@@@@@B@BA@@@@@@BA@@B@D@B@DA@@B@B@D@@@@@B@@B@BB@@@BBB@B@@@BA@@@@BA@@@@BA@@B@@@@@B@B@D@B@B@@@@@B@@@@A@@@@@AA@@A@@A@@A@@@@@@@@@A@@@@@@@@B@@@DAD@DA@@B@B@B@@@@@@@B@@@@@@@B@B@@@@@@@@A@@@@@@@@@A@A@@@@@@@A@@@@@@AA@@@@@@@@@@@A@@@@@@BA@@B@@@B@@@@@B@@@BB@@B@@@D@@@B@@@B@@@@@@@B@@@@A@@@@AA@A@@AC@@AC@@@@@@@@@A@@@@DC@@@@@A@@D@B@@@B@@@@@@@B@DB@@B@@@B@@@@@B@@@@@@@@@@@@@@A@A@@@AA@@@CCCC@@@@@A@A@A@@@@@A@@@@@@BA@@@@B@@@B@B@D@@@@@B@@@@@@@@@@@@A@@@@@@@@@@@@@A@@@@@@@@@C@@@@@@@@@A@@B@BA@@@@@A@@@@AG@@@A@@@@BA@@@@B@@@@@@@D@B@@@@@@@B@@@@@@@BA@@@A@A@@@@@A@@AACA@@@@@@@@@@@AB@@@@@@AB@@@@@B@@@B@@@@@BBBBB@@BB@@@B@B@B@B@D@@@@@B@@@@B@@B@@@@@@@B@@@BB@@@@@@B@@A@@@@@@@@@@@@@@@@AA@@@A@@A@@@@@@@@A@@@@@@@A@@@@@@@@BC@@DCBC@@@@@@@A@A@@AA@@AAA@A@A@ADA@@@A@A@@@AAAAAAAA@@@@@@@CB@@A@@BA@@B@@@B@@@DBB@BB@@DB@@B@B@@@B@@@@A@@@A@@@A@@@@AAA@AAA@@@@@@A@@@@@C@@@@@@@@BA@AB@@@@@@@B@B@@@@@@@@@B@@@B@BBB@@@@@@@@@B@@@@@@@D@B@@@@@B@@@B@@@@A@@@@B@@A@@@AA@AA@@CAAA@@@@@@@A@A@AB@@@DC@@@@@@DA@@@@@@@AB@@@@@@@@A@A@@AA@A@@AA@@@AA@@@@A@@@@BA@@@A@@@A@@@A@A@@A@AAA@@@@@@A@@@A@@@@B@@@@AB@D@@@@@@AB@@@@@@@@@@A@@@@@AA@@@@@AAA@AAA@A@A@A@@@A@@AC@AA@@@@CC@AA@CAAAA@@@AACA@@@@@A@@@@@@@AFC@@@@@@B@@@@@@@@AA@AA@@@@AAA@@@A@@@A@@@AA@@@@AA@E@@@A@@@A@@@@BA@@@@B@@AB@@@B@@@B@@@@@FC@AB@@@@A@@@A@@@A@@@@@A@A@@A@@@AAA@@AC@AAA@@@A@ABC@A@@@A@@@@@AAA@@@AA@@A@@AA@@@@@@A@@AA@@@@@@@@@@BA@@BA@@@A@@@@@A@@@@@AAA@@@AA@@@AA@@ECC@@AA@MK@@@@AA@@@@AAA@@AA@@@AC@AEC@@AA@@A@@@A@A@E@@@AA@@A@@@@@AC@@@@AA@@A@A@@@GACA@@@@EC@@@@AC@@@@AA@@@A@@BA@A@A@@B@DA@@B@BA@A@@@@BC@@@EAI@C@@@AA@CCAA@AA@@AAC@AA@ACCE@AAA@@@A@C@A@@@A@@BA@@@@B@BAB@@@B@B@@@H@@@B@@@B@@AB@@A@@@A@@@AA@@AAAAACAA@CAA@A@@@K@A@@@A@@@AAGCCA@A@@AAAC@@AGAA@AA@@AA@CC@@AA@@@@@AAK@E@A@@@A@@@@@AAA@@@AAA@@AA@AA@@@@@EA@@A@@BE@ABCBA@@@A@ABC@C@@@AAA@EAAACAICCACACAAAA@@@AA@@AAACAA@ACGA@@A@CA@@AAA@AAAAACACAAAC@OCA@@@A@@@@@A@ABC@@@A@A@A@C@C@A@@@A@@@AAA@AA@@A@@AA@@AA@@A@@@AAC@@@A@@BC@@@@@AA@@@CCGI@@@@A@@@A@@@A@A@@@EB@BA@CDCDA@@BA@@@@@ABA@A@@@@@ABA@A@A@A@@@E@ABA@@@A@@B@@@BBB@BBBBBDDB@DBBBD@NB@@BB@@@@BD@BBB@B@B@@@B@@@@AB@@ABA@AB@@ABAB@B@@A@@@C@@@A@@@@@@@@A@@@@@@BE@@@A@@@@@A@@A@@@A@A@KDA@A@C@A@A@A@AAA@AAA@@A@@@A@@@A@@DEBE@A@@@@@A@@@@@A@@A@AA@@A@@@C@A@A@@@AB@@CB@BAB@@AB@BAB@@@@@B@J@@@B@@@@@BA@@@A@ABA@CBA@AB@@A@A@A@E@A@@AA@A@GE@@A@@AE@@@A@I@A@@@A@@@ABA@@@@BA@@@@@@@@B@@@@B@@BFB@BB@@@@B@@BB@@@BA@AJAB@@@@@B@@B@@@HJ@BBB@@@B@@@@@B@@A@AB@BA@@BA@AB@@A@CBA@A@@@@@A@@A@@A@@A@A@@AA@@@AA@EEAAA@A@@@E@A@A@ABA@AB@@AB@B@@@DAB@@@BB@@BBHB@@B@@@BA@@@@BA@@@A@A@G@@@IA@@A@AB@@A@@@@BA@@B@@BB@@BBBBDBJDB@@BB@@@@BBB@@BBBB@@@B@@@@@B@@@B@B@@@@@BA@@@ABA@@@A@A@A@C@ABAAA@@@A@A@AAA@@@AA@@AAAA@AAAACCMGQ@CA@AAACA@AA@@A@A@@@AAAB@@A@@@@B@@AB@B@B@@BJ@B@B@B@B@@@B@@@@@@A@ADABA@@@ABA@CBCB@@A@CBA@A@A@A@E@A@C@IAA@A@A@CBA@ABA@A@@B@@@B@@BBFH@BBB@B@@@B@@@@A@@BA@AAGAAAA@A@@B@@A@@B@B@F@B@@@BA@@@@BA@@@ABA@A@AAA@A@@AAA@@@A@A@A@G@A@A@A@@AA@@AAECA@AA@@GAA@A@AAAAC@@AAA@A@@CE@A@@AA@@A@@@A@A@@@ABGHABA@@BA@A@@@AAEAAAA@A@A@@@A@ABA@ABABAB@B@@@@@B@@BBDD@@BB@@@B@@@BA@@BA@ABC@C@A@A@A@A@@AA@A@@ACC@@AAAAA@@A@A@@@A@@@A@A@@@A@C@@@A@I@A@C@E@AAC@A@A@@@ABA@ADCBA@A@A@@@A@AAA@AA@CAAAA@@@C@C@ABA@ABABCDCDAD@BABAJ@@@BA@@B@@A@CB@@@@A@C@@BA@@A@@E@IAA@A@AAA@@@AA@AA@@@@@@A@@@@@@@A@@@A@A@@@A@AB@@@@A@@@A@A@A@@@@@AA@@@A@A@@@C@A@ABA@ABABAB@@@BAB@B@D@B@@AB@@ABAB@B@@A@@BA@ABA@@@CBA@A@A@ABA@@@A@A@A@GAA@AA@@CAA@@AAA@@AA@@@A@@@@@C@C@@@@@A@@@@@@@@@A@A@@@@@A@@@A@@@@@A@@@AA@@@A@@@A@A@AB@@ABAB@B@B@B@B@H@B@B@@@B@B@B@@@@AB@@EBAB@@A@@BA@@@A@@@@@A@@@@AA@AAAAGC@AA@@@@@A@@@ABKDABCBEBA@@@A@A@@BA@@@AAC@A@E@E@C@@@@@@@A@@@@AA@@@@@A@@@@@@@A@@@AA@@@@A@@@A@AA@@C@OGCAA@C@A@O@CBC@A@MDCBIBA@A@A@A@A@A@A@AAA@AAAACECC@@AA@@A@@@A@A@@@A@AB@@A@@BAB@DA@@BADA@@B@@CBCD@@A@CB@BA@A@A@A@A@@@AAA@@@AA@A@@@A@A@A@A@@@A@@BA@AB@@AB@@@BAB@BA@@DA@@DCB@BABA@@@A@@@A@@@@AA@@CAAAC@C@C@C@EBIBIFEBABABCBCBAB@BA@@BA@@BA@@BABAFABCF@BA@ABABA@ABA@A@AAE@GAEAA@CAKCA@A@CAA@ABC@eHE@CBCBCDEDIJGHEH@BAB@@@DAB@D@F@D@H@B@@@BB@@@@@DF@@@@@B@@BD@@@B@@@@@@AB@BAB@@@@@@@@@@A@A@A@@@A@C@A@A@@@A@A@AAA@@@@@AA@@@@A@@A@@@@@@@@@@@A@@@@@@@A@@@@@@AAA@@AA@ECA@A@A@AAC@ABA@EBCBA@ABGFCDAB@@@@A@@@AB@@G@A@@@@@A@@@@@@@@@@@@AA@@@@@AAA@@AA@CAA@ICA@A@A@A@A@A@@@AB@@A@@@@B@@@B@@BJ@B@@@B@@@B@@A@@BA@A@A@C@C@@@@@A@@AA@CA@@@@A@@@@AAA@@AA@@@A@AAA@A@C@@@A@@@A@@@AB@@ADC@@@@BA@@AA@@AA@@GCA@CAC@C@M@CBA@A@C@@BIBC@C@ABC@A@@@A@@@A@@@AAC@AA@@A@@AA@@AA@@AA@A@A@C@A@A@CBCBABEF@BA@@B@@@D@B@B@D@@@D@B@B@@@BA@@@@@ABAB@@A@@@A@CBA@A@EBG@@@@@A@@@C@@@A@@@CA@@AA@@@@E@AAA@A@@@A@A@E@CBG@C@A@@@A@@@A@@AA@@@@@AA@@@@@A@@@@@@@A@@BA@@@A@C@AB@@A@@AG@A@@AA@@A@A@C@A@C@A@A@CBMDA@A@@@ABC@CDA@A@@@EB@@A@@@@@ABA@A@ABCB@@CBA@CBCBA@CBCBABC@@@CB@@A@CBABEBCBE@@B@@A@@@A@AAA@C@@@@@A@@A@@A@@@@@@AA@A@A@CA@@A@@@CCAA@@A@C@E@K@A@E@ABCBC@CBABAB@BA@@B@B@@BB@@B@BBD@LDHBD@D@H@DBB@B@BBBB@@B@BDB@@BB@@@BB@@@@BB@@BB@B@@@@@B@@@@@B@@@@@B@BADAD@BA@@B@@ABA@@@ABA@@@@@A@EB@@A@E@@@A@A@A@@@EAC@@@A@@@@@A@@@@AAA@@@@@@AAGEGGAACAAAA@@@A@A@A@A@@BWN@@@@@B@@@@@B@@B@JH@@BB@@@BBD@B@@AB@@EDABA@C@C@A@C@GCOCA@A@ABA@AB@B@B@@@B@D@@BB@@@@B@@AB@DBB@B@@@B@B@@B@@AD@DAB@BB@BBB@BB@@B@B@BA@@B@@@@@@@B@@@B@B@B@@@@B@@@@@B@@@B@B@@B@B@@@@@B@@AB@@@@@@@@@@@BB@D@@@B@@B@B@BBBA@@B@@@@@@A@@@AB@@A@@B@@BB@BD@@@BBB@@B@B@@@B@B@BA@@@@@@AA@@@@BA@@B@@@BAD@B@@@@@B@@@B@BBB@B@@B@@@@AB@@@BABAB@@@B@@A@@B@@@@ABB@@BB@BB@@B@B@B@B@BAB@@@B@B@B@B@@@@@DBBB@@B@@@B@@B@@@@@B@@A@@BA@A@A@A@@BA@@B@@A@@@@BB@@BBB@@@B@@B@B@BB@@B@B@@BBBB@@B@@@B@B@B@@BBB@@BB@DBB@@BB@BBDBB@BBDBD@@@BB@@@@BF@B@@B@@@@@@B@@B@BBD@@BB@@BB@BBBB@@@@@B@BBB@@@@@BB@@BB@DB@@BBB@@@B@B@B@BAB@@ABAB@BAB@B@B@@BB@@@B@B@@@B@BAB@B@@@B@B@BBB@BB@@BBBBBD@BB@BBD@B@DBB@F@B@B@@@B@@@B@@BB@B@BB@@@@B@@@@B@B@BB@@B@@@BB@B@B@@@B@@@BB@@B@@AB@@@B@@@B@@BB@@BB@@@@BB@@BB@@BB@@@@B@@@B@@AB@B@@BB@@@BB@BBB@B@D@@@B@@@@@BD@@B@@BB@B@B@BAB@D@B@B@B@B@@@@B@@B@@B@@BB@@BBB@B@@@B@@@DBB@@BB@@B@@@@@BB@B@B@@AB@@AB@BA@@B@B@@@B@BA@@B@@@BBB@@@B@@@B@@@B@B@B@B@B@BBBBD@@@B@@@BBB@B@@@@B@@@B@@AB@@@BB@@@@@B@@AB@@@@@@@BAB@BAB@@A@A@A@@@@@AB@@@BBB@BA@@B@B@B@@@@B@@@BB@B@D@B@B@BBB@BBB@@@B@@@B@BA@@BA@@@@B@B@BBB@@@B@@B@@A@@@ABA@A@AB@AA@A@ABA@AB@@@BA@B@@@@BD@DBB@@@B@B@@@B@B@@BB@@B@@BB@@B@@@F@@@B@@@B@D@D@B@BBB@@BB@@B@@@BABABCDA@A@@@@B@@@@@B@BB@BBB@B@@@B@BA@@@ABA@@BAB@B@B@B@D@BBB@@@B@@BB@BBBBB@@B@@B@B@B@@AB@@@BA@@B@@AB@@@B@BAB@B@B@B@@@BBBBBB@B@@@BB@@@@BB@@B@@B@@@B@@BDBB@@BBBB@B@B@@@B@B@@BB@BBBBB@@@BB@@B@BA@@B@BA@@@A@@@A@A@A@@@@@@B@@@@@@@B@B@@@B@B@BBB@B@@@B@@@F@@@@A@@B@@@@@B@@@@@B@@@@@@@B@@B@@B@@@B@@@@BB@@@@B@@@@@@BB@@@@B@@B@@@@@BB@@B@@@@B@BBB@B@@@@@B@@B@@@@@@@BB@@@@@B@@@@@@@B@@@@@B@@A@@BA@@@@@@@@B@@@@@@@B@@@@@B@@@@@@@@A@@B@@AB@@@@A@@B@@AB@@@@@B@@@@@@AB@@BB@@@@@@@B@@@@B@@B@@BB@@@@@BA@@@@B@B@D@B@@AB@B@@A@@@@B@@@BB@@B@@@B@@@@AB@@@@@@A@@@@B@B@BA@@BAB@@@@@B@@@@@@A@@@@@@B@@@@B@@@@@@BB@@@@@@B@@@@B@@@@@@@@B@@@@@@@@@@@BB@@@@B@@@@@B@@B@@A@@@@@B@@@@@@@B@@@B@B@B@@ADB@@BA@@@BB@@@@BDBDBD@@@B@@@B@@@BB@@DBB@@@B@B@@BB@@@B@BB@@BB@@DB@BBB@@BB@BBBBB@BB@BB@@BBD@D@DABAB@D@BBB@D@BBDBBBB@B@FBB@B@@@@AB@BA@@B@BAD@B@D@D@B@D@D@F@B@B@B@B@@@D@B@B@B@B@@AB@B@B@DAD@B@@@BBB@B@FBB@@@B@@@BBB@@@@@B@@@@@B@BA@BB@@@B@@AD@B@BAB@@@B@B@@@B@@@B@B@@@D@BAB@B@@@BBJ@B@B@@@BA@@B@B@@@B@B@@@B@@@B@BBB@@@B@@@B@B@D@DAF@DAD@@@B@B@@B@@B@@BB@@@@@B@@BD@B@DBBB@@B@@@BBB@B@@BB@DBDBB@BBBBDDBBB@BBB@B@B@@BF@B@BB@@B@@@B@@@@@@@B@@@@@B@@@@@@@@BB@@@@@@@B@@B@@@@@@@@@B@@@@@@B@@@@@@@B@@B@@@@@@@@B@@@@@@@@@BBDBBBD@BBD@D@FBD@F@D@H@B@B@DBB@B@BBF@@BB@BBBBDDBBBBBBBDBB@BDB@@BBFDFDDBB@BBB@@BBBFFDDDBBBDBBBB@@@@@B@@B@B@DBBB@BDBDBD@B@@B@B@F@B@J@D@F@D@B@BA@@BC@ADAB@D@B@BBB@@@DCFABAD@@@B@@@@ABABAB@BAB@@@BB@@DDBBDDBFBFB@BB@BFDBBBB@BB@B@B@BAHAF@@@D@B@B@B@B@B@B@@B@BBBBDB@BBB@B@B@@@BBBB@@BB@B@BBBBBBBBB@BBB@BBD@BBBB@@BB@BBB@BD@DBB@@AB@@EDABABABAB@@@@@@@@DBF@DBFBDBFFDDDFBB@BDD@BBBBB@@@B@BB@@BB@FBDBB@DBB@B@D@@ABD@BB@BDBBB@DBDBD@FBD@@@FBB@BBD@D@DB@BB@D@DBB@BBFBBBBBBBBBB@BAB@D@DABBB@B@B@B@BA@@B@FAB@B@B@B@@BB@BB@BBDBB@B@@BB@BBBDDDD@@BBDBBBDBB@BBBDBB@BBB@DAD@F@@@B@BBD@@BBBBD@DBDBD@BBBB@@BB@@DB@@@@BB@@EDCD@D@@CFCFADA@EFAB@BAB@@@@DDBD@BB@@B@@@BA@@B@B@@@BABABAB@BABABA@ABA@@DAB@B@BAF@@CBAB@@@B@B@@@BB@BBB@@B@BBB@@BAB@H@B@BBBBB@D@D@B@B@DAB@@ABAB@@AB@@BB@BF@D@D@DAB@BCDA@AB@B@B@@@B@B@BBDGBAB@@ABA@AD@BBB@BBB@D@B@BBBBB@BA@A@AB@BA@BDABBHBD@B@@@BA@MDBDBB"],"encodeOffsets":[[131149,42977]]}},{"type":"Feature","id":"220681","properties":{"name":"临江市","cp":[126.919296,41.810689],"childNum":2},"geometry":{"type":"MultiPolygon","coordinates":[["@@DDDBDBB@@@@@@CA@@AE@AAA@AA@@A@BB"],["@@A@@AA@@@A@@@@B@@@@AB@B@@@@BB@@BBDDBB@@@B@B@@@B@@ABA@CBA@ABAAA@EA@@A@A@E@CAE@C@C@C@C@A@C@CBCBABC@CDADAB@@@B@B@BBD@BB@BBB@B@B@B@DAB@HEBAB@B@D@B@@@BB@DBF@D@B@J@@BB@BBBBB@@BBB@HBD@D@DAB@B@@@BBFBB@@BB@@@@B@B@@CLAB@B@BB@@BDBHFBBB@B@B@B@F@B@FAB@FAB@R@D@B@D@BBBBB@@BBB@B@@@B@B@B@BA@@BCBADA@@@@@@BA@A@@@A@@@A@@@A@@@@@A@@@C@A@@@A@A@KBE@]AG@G@EBE@CBA@CBA@AB@BABAB@B@@@BB@@BB@DBBB@@BB@@@B@@@B@@AFA@@B@B@D@@@BA@@B@BA@ABA@A@A@A@A@A@KEA@AAA@E@A@A@A@GD@@A@EBA@A@@BA@@BAB@@@B@BB@@BRDB@B@BBDDDDBB@B@B@B@B@B@@@BA@CB@@ABAB@@ABA@A@IAA@A@A@EEA@@@A@@@KD@@A@C@A@A@A@@@AB@@@BA@@F@B@BAFADABABA@EDEBC@SFC@CBEBCDGDABAB@BAB@@@BBB@@BBBDJJBBBB@BDL@@@BB@BBB@B@B@B@BAB@@ADA@ABADAB@DAB@B@DBF@DBDBDBDBDDBB@BBB@DBBAB@B@@ABCBC@C@EAUCC@C@CBAB@BAH@D@BBB@B@B@@AH@B@B@@ABAB@@A@@B@@@B@B@F@B@BBHB@BF@B@D@@AB@BABABA@A@@@A@A@A@C@M@C@A@C@AAC@C@E@C@E@EBC@KDABA@ABA@@B@@@@@B@@@@@BBDDDBDB@@B@BAD@@@B@BA@A@AB@@@@AAA@A@A@WDC@C@CBABA@@@@B@BAD@@@BEH@@AB@@A@A@A@G@C@I@IAC@KAA@A@@@AAAAA@A@AAA@ABA@EBA@CDA@AB@BA@@B@BBH@BBB@BBBBBD@B@@@B@B@DAB@B@@@B@B@@BB@DHBB@BBD@D@D@DAB@B@@@B@@ADAB@@A@@BA@@@AB@@A@A@A@@BA@@@C@@@@@A@A@A@ABA@@@A@A@@@AB@@A@C@@@A@A@@@A@@@AAA@A@@AAAA@AAAAA@ACA@@AA@AACAAAAAA@@AA@AACAEAEAGAGAEAA@@@CAAA@@A@@AA@AAAAA@AAAA@AA@@@@@AA@@@@A@AA@A@@A@AA@@@@@@@@@@AA@@@@@@AA@@@@AA@@@@AA@AA@@@AAAA@@@ACC@@AA@@CCA@@A@@AAACAC@AA@@@AC@@A@@A@AAA@CAGACAA@CCC@AAAAE@A@@@A@A@@@A@@@@@A@@@@@A@@AAAAACA@@ACAA@AAC@E@C@ABC@ABABAB@DAB@BENAHADABABCBABA@A@A@AAA@CAA@@AA@CGAAAA@@AA@AA@@AAAAAAAACAAAA@C@AAI@A@CAC@CBA@EBCBCBGDG@A@A@@@AAAACA@AAC@C@C@E@EBCBA@CDABAD@DAD@BBD@B@F@B@B@@@BABABKHIFCDKFCBCBCDCBABCD@@EFCBEDOJGFCBCBCBC@ABC@A@G@EAKAEAA@CACAAACCCEEGAC@C@C@ABCBABADCDAFAFCJAF@FAF@J@BAB@B@@@BA@@@@@@@AA@@@A@@@AA@@@@@@B@HC@AB@@A@ABA@A@@@@@AA@@@@@@@CB@@@@AA@@@@@@@C@@AA@@@AECKGACAAAAACAA@@@@@@A@@@AB@@@@A@@@@A@@@@BA@A@@@A@@@@A@@@EAC@AAA@C@AACAECAAAA@A@AAA@A@A@A@@BABA@@@@@@C@ABIDEDC@@@AB@@ABABCBCB@@A@ABA@A@A@A@A@AA@@ABC@ABA@A@A@ABA@A@@BAB@@ABA@A@A@A@CBABA@EBA@A@@@A@@BABAB@@@BCBAB@BA@@B@BABA@ABEDEBCBCBA@AB@BABBBDDB@@F@B@D@BAB@BA@AB@@CB@@A@A@@@A@@BA@ABABA@CBA@E@A@A@CBA@@@A@AAAB@@A@A@ABA@@BAB@@@BABC@AB@@AB@@A@ADA@@B@@BB@@@D@B@@AB@BDD@BAD@DB@@BBBBJ@@@B@@AD@B@@@BBB@B@BAB@@AD@@@DA@@@@BABABC@AB@B@@@D@BAB@@AB@BA@AB@@AD@B@@CD@B@@@BCBA@@BABABCDEBAB@@@B@BBBBB@B@@@BBB@@@B@@@@BB@@BBBBBB@@@BBBDBBB@@BDBFBF@D@@B@DBFDBBBA@@B@D@B@B@DAB@B@D@B@BAB@B@B@BAB@@ABAB@B@B@B@B@@@B@@@BBBA@B@@B@@@B@D@D@BBD@D@BB@@BB@B@B@B@B@@@BB@@BB@BBB@BB@B@@B@@B@@@B@@BB@BB@B@BBB@BBD@BBD@BBBBDBB@@BBBB@@BB@B@D@B@BAB@@@B@B@BBB@B@B@B@B@@@B@B@BBB@@@BB@@@@@BB@@@B@@@B@D@@BB@BB@BBBB@BDBB@BB@BB@@BB@@BBB@@@B@B@@@B@D@B@B@BBBBBB@BBB@B@B@BB@B@@BB@@B@@BB@B@BB@BB@BBB@BB@@@@BBBB@@BB@@B@@@BBB@@BBB@BBB@DBB@@B@@BB@BB@BB@B@@@B@B@BAB@B@@@B@@@@BB@B@@AB@BABA@@B@@@@B@B@BBB@BBBBB@@B@@B@B@D@BA@@B@@@@@BB@@BB@@B@@@@B@@BB@BBB@BBB@@@B@B@@BB@B@@BBB@BB@B@@@@@@BB@@BBB@BDB@BBDBBB@@B@@BBB@@@@@B@@AB@@AB@BA@@B@@BB@@BBBB@B@B@B@B@B@@@B@@ABA@A@@BA@@BAB@@AB@BAB@@ABA@@BA@B@@@B@B@@@B@@B@@B@B@@@BB@@BBB@@@@@@@B@BB@@@@@B@D@B@@@BBB@@B@@BB@B@@B@@@@@B@BBB@@BB@@@B@A@@B@@@B@B@B@B@AB@B@DB@@BB@@B@@@B@@@BB@@B@@@B@@@@BBB@BB@DA@@B@B@B@@B@@B@@B@@@@@@@B@@@B@BBBAB@B@B@B@BAB@@BB@@@BB@BB@@BB@B@D@B@@B@@@B@@@B@@BBA@B@@B@@BBB@BB@@B@@@B@B@@@B@B@@BB@BBB@BB@@B@B@B@B@@@BBB@DBBBBBB@@@@@BBB@B@@@B@@@B@B@@@B@B@@@B@@@B@BBB@B@B@@AB@B@BA@@@AB@@@@AB@BA@@BA@@@AB@@A@@B@BAB@@@BB@@BB@@BBB@@@@@@@@B@B@@@BB@@@B@B@B@D@BAB@@@B@BBB@B@@@B@@@B@BA@@@ABA@A@@BA@@AA@@AAC@AAA@A@BA@@B@@AB@@A@@@AB@BA@AB@@@@AA@@AA@@A@@@A@@@@@AB@D@B@B@D@B@B@BA@@@A@A@@@@B@@A@@BA@ABABA@@BA@@@AA@AA@@@@B@@@BBB@@@D@@@DBB@BBB@@@B@@@B@B@@ABA@@@ABA@A@@BA@@BAB@BABB@@BBB@B@B@B@D@B@BBB@@@BAB@BAB@B@B@B@@@B@@@B@@@B@@A@A@@@A@@BA@A@@B@BAB@D@BAB@BAB@B@B@BAB@BAB@BAD@BAD@D@D@D@BBB@D@@ABABCBCBABABBBBB@B@B@B@B@B@B@B@@AB@BA@CBABEDC@ABA@@B@@BB@B@B@B@BBB@@@BBBBB@B@@@D@B@@@B@B@BB@@@BB@@B@@BB@@D@@@BBBBBBBBBB@BB@BBBBBB@@BBD@BBB@B@@@BB@@@B@@@B@B@@AB@@@@@@@@@@@B@@@@AB@@@@@@@@ABABA@A@A@@@A@@AABA@@@@@@BA@@@@@A@@B@@@@@@A@@B@@@B@@@@@@@@@BA@@@@BBB@B@@BBA@@B@BA@BB@@@B@B@B@BB@@@BBB@DBB@@@BBB@@BB@B@@BB@BBB@B@@@BBBB@@@B@B@@@@BBB@BBB@@@@@B@B@@BBB@B@@BBB@@B@BB@@B@B@B@B@@@B@@@BBB@B@B@B@@B@B@B@B@@BB@@@@@BB@@B@@@BB@@@@B@@BB@@ABA@@B@@@@@BB@@@@@@B@@@B@@@D@@@BAB@@@B@BAB@@@B@BA@@BAB@@A@A@@@A@A@@@@@A@@@AB@@A@@B@BAB@B@B@BBB@@@BBB@B@BBB@B@BBB@@BB@B@BAB@B@B@@AB@@@B@B@@@B@@@B@B@@B@@B@BAB@@@B@B@BAD@@A@@CA@@AA@@@A@A@@B@@A@BB@B@@@B@@AB@B@@AB@B@B@B@@@B@B@@AB@B@@@BAB@@@B@@@B@BAB@@@BAB@B@BAB@@@B@@@@@B@@BB@@@BAB@@@B@@B@@BAB@D@BAB@B@B@BBBAB@@AB@BABABAD@BAB@B@BB@BB@BBBBB@@B@@@BBB@B@@B@@@@BB@@BB@B@@BB@@@B@BA@@BAB@@A@@@@BB@@BBD@B@D@D@B@B@B@@BB@@@BA@@DA@@B@BA@@B@D@D@B@@@B@DD@B@@@BBB@@BBB@@BBB@B@@@@BB@@@@@@BB@@B@B@@BD@B@B@BAB@BB@@BBB@@BB@B@B@B@@@BB@BBBB@BB@BBBAB@B@B@@ABB@@@BB@@@BA@@BABA@@B@@B@D@BBB@B@@@B@B@@@BAD@BBDA@@D@BAB@D@B@DBB@B@D@B@@@B@DBF@BBB@BBB@@BA@@BA@@@@@@@@B@@@B@@@@BB@BB@BB@BBBA@BBA@@@@@@@AB@@@@@BA@@@@B@@A@@B@@@@A@@@@BAB@@AB@@B@@B@@BBBBB@BBBBD@@BB@B@D@B@@@BB@B@BB@@BB@@BB@BBB@@@D@@@D@@@BBB@BBBBBDBBBDBBBBBB@@B@@BJ@H@D@B@BBB@B@@@B@B@D@BAB@D@B@B@@AB@@@B@B@D@D@B@D@BAD@D@H@HAF@F@D@@@B@@A@A@C@ABA@A@@BADAB@F@B@F@DB@BB@BAB@DADADADAHADAHAF@D@FADAD@B@D@DAF@D@D@FAD@FBD@D@D@DADAD@D@JAFAF@DAHAF@F@FAD@DAB@D@B@B@D@F@D@F@@@FAF@HBD@FAD@D@D@B@D@D@DAD@B@B@BCBAFA@ABADABA@ABA@ABABABABABA@ABABA@CB@@ABA@ABC@CBC@@@A@A@A@@@@BA@@BA@A@@BA@C@@@ABAB@B@BA@ABADG@A@A@@@AAAAAA@@AAA@C@@@ABC@@BA@A@@ACAA@AA@@@AA@@@A@A@CBC@C@CBA@CAA@AA@BA@@AACACAA@@A@@@A@ABE@A@A@CBA@ABABCDC@@BABA@@BADA@@BABA@A@A@AAA@A@A@AAA@AAAA@AA@A@AAA@@@@AAA@A@A@AA@@@CAA@AB@@AA@@AA@AAAAAA@@@@@A@A@A@ABADABAD@@A@@@AACAC@AAA@ABADAFAHADADAFAFAFAFCDABABADCBADC@A@A@@@@B@@@@@B@@@@@@@@@@@B@@@B@@A@@B@@@@@@@BB@@B@@@@@B@@@B@@@B@@@@@@B@@B@@@B@@@@@B@@@@@@@@@@@B@@@@@@AB@@@@@@@B@@A@@@@B@@@@@@@B@@@@@@@@@B@@@@@@@B@@@@B@@@@B@@@@@@@@@@@B@@@@@@@B@@@@AB@@@@@B@@A@@B@@@B@@@@@@A@@B@@@@@@@@@B@@@@@@@B@@@B@@@@@B@@@B@@@@@B@@@@@@@B@B@D@BAB@FAD@D@DAD@B@B@@@BBB@B@FBB@B@D@B@DABBF@D@D@F@D@DA@@B@@A@@@@@AB@F@@@@AB@@AA@@AA@AAA@A@@@A@@@@@AA@@B@@@BAB@@@B@B@B@@@B@B@@@B@@A@@@@@A@@@@@A@@@@@A@@@@@A@@@@@A@@@A@@@@B@@AB@B@@@@BB@@@@B@@@@BB@@@@@@B@@B@@@@B@@@B@@@B@@AB@BA@@@@@@@A@@@@@@AA@@AA@@@@@@B@@@@@BA@@@@@@@@@@@@@@BB@@@@B@@@@@BAB@BAB@@@BA@@BA@ABA@@B@@AA@@@A@C@A@@@@@@@A@A@@AA@AA@@A@@A@@A@@@@@AA@@@@@@@A@@@@@@B@@@BB@@B@B@B@B@@@BA@@B@@A@@@AAA@C@@@@@A@@@@@@@@@A@@@@@AAA@@@@@@BA@@@@B@A@@@@@@A@@@@B@@A@@@@@@@@@A@@@@@AB@@@@AB@@ABA@AAA@CAAAA@@AAA@AA@@@AB@DAFCDAHADAB@B@DAD@B@B@@A@A@ABCBABABAB@DA@@BA@AB@BAB@B@B@BAB@B@B@B@BBFBFDBBDBBBB@B@B@B@BCDADAB@D@D@DBD@D@DAFAB@FCDCDADGFEDEDCBABADAFAHADAF@DAF@J@D@BAB@BAFAHCJCFAFCHADAB@B@D@B@B@DADAD@BAD@F@@BB@D@DBBB@@B@@ADCDCBCBAB@DADAFAHCHADADADAB@D@B@B@B@B@BBB@B@BAF@DAB@D@@@BBD@D@F@B@B@@@@ABCBC@AA@AC@AAA@C@@BA@ABADCDAFEBABAFCBADAAA@@CA@AAAACAAAAAACCAAAAA@@AE@AAA@A@CAA@A@G@C@E@C@EAC@C@AAC@AACAAA@@@@@@@@A@@@@@@@@@@AA@@@@@@@A@@@@@@@@A@@@@@@@@@AA@@@@@@@A@@A@@@@@@A@@@@@A@@@@@@@A@@@A@@@AAA@E@@AA@A@A@AAA@AACCAAAAA@CACAA@@AA@A@AA@@A@@@AACAA@C@@AA@@@@@A@@AA@@@@AA@A@@@C@CBE@CBC@A@A@@@A@@@A@AAA@@@A@@@A@A@@@A@A@@@AB@@A@A@I@AA@@A@A@ABC@@@A@A@@@A@@@A@A@@@A@ABA@C@@BA@@@A@@AABA@@@@@A@@@@@A@AA@@A@@@A@EAA@A@AA@@A@C@CBA@A@A@@BA@A@A@A@C@@@A@A@A@A@E@C@C@A@C@C@A@C@ABA@@@ABA@@B@@A@A@EAA@A@AACAAAC@A@AAC@A@ABCBC@C@AA@@AAA@@AAAAA@AAA@@AA@ACA@@AA@@AAA@@@A@@AA@A@@@A@CA@@AA@@A@@@A@@@C@CACA@A@@A@@A@@AB@@CA@BA@A@A@@@A@@@@@@@A@@@@@B@@@@AA@@@@@A@@@@@AA@@@@@@@@@@A@@@@@@@@@@A@@A@@@@@@@AA@@@@@@@A@@A@@@@@@@@B@@@@A@@@@@A@AB@@ABA@A@@@@@@B@@@@A@@B@@A@@@A@@@AA@@A@@@@@@BA@A@@BA@C@A@A@@@@@AB@@@@A@@AA@@@@A@@A@@@@@@@A@@AA@@B@@@@A@@@@@A@@BA@@@@B@@A@@BA@@@@B@@@@@@A@@@@@A@@@@@@@A@@@@@@@@@AB@@@BA@@@@@A@@@@@@@A@@@@@A@@A@@@@@@@AA@@@@@A@A@AAA@@@@@@AA@@A@@@@@AA@@@@@AA@@@@@@@A@@A@@A@@A@@@A@@@@AA@@@@@@@A@@@@@A@@@@@A@@@@B@@E@@@A@@@A@A@AAA@A@@@A@A@@@@@@@A@@@@@@@@B@B@B@@@B@@ABA@@@ABA@@@AA@@A@AAAAA@@AA@A@@@A@A@A@AA@AA@CA@AA@@@A@@@@AA@@A@@A@@A@@@AAAAAAA@@A@A@A@A@ABA@@@A@@BA@@@AB@@A@@BA@A@A@@@@AA@AAAAA@@AA@@@A@AAC@A@A@A@A@AB@@AB@B@@ABA@@@A@A@AAA@@A@A@@@@@A@@B@B@DCBABA@A@@@AA@@AA@AAA@C@C@A@@@A@@@E@@@A@@@AA@@@AA@@AA@A@@@A@A@@@A@CAC@@A@@A@B@@A@@BAB@BAB@B@@BBAB@B@BA@@B@@@@AA@@@A@AAA@A@@@@@AB@@ABA@@@A@@@A@AAA@AAA@A@C@A@A@@A@@@A@@A@A@A@@@ABA@AA@@A@@B@@@@@B@B@BA@ABA@AB@@@@@@A@@BA@@@@@A@@A@@BA@@@A@@@A@@A@A@AA@@A@@@C@AAAAA@A@A@A@A@@@A@@@A@@@A@AA@@A@@@ABA@@@A@A@@@ABA@@BA@@BA@A@A@@A@@@@@AA@@AA@CA@@A@@@A@A@AA@@AA@@@AA@@@@A@@A@A@A@A@C@A@ABA@A@A@@AA@@@AC@@@@A@@@C@A@A@AAA@@A@@AA@@@ABA@@@A@@@A@@A@@AA@@AA@@A@@A@@AA@@AA@@@A@@@A@@BA@@@AA@@A@@@A@A@A@@A@@@AA@@A@A@A@@A@@@@@AAA@A@@AA@@@A@@@A@A@E@A@CAA@C@AAA@@AACAAAA@@AAA@AAA@A@@@A@A@ABA@@@A@A@@@A@@AA@A@A@ABA@AB@BA@ABA@A@A@@@A@AA@@CAA@@AA@@A@@@@AA@A@A@@@@AAAAA@@AA@@AC@AAA@@@@A@@@@A@@@@AAE@@@@AA@@C@CAAAA@CAAAA@@AA@CAA@@AA@AA@@@A@A@A@@@AA@AA@AA@A@@@AAA@A@@@@A@@AA@AA@@A@@B@@@@AB@@AB@B@B@B@@AB@@@@A@@@@@AA@@@A@@@AACA@@@@A@A@A@A@@@A@ABA@A@A@A@@@AAA@@AA@BA@@@@@AB@@@@A@@BABA@A@@BA@@@@@AA@A@AAA@@@A@@@@@A@C@AB@@A@@@AB@@@@BB@@@@@@ABA@A@@@A@A@@@AA@A@@ACA@@AA@@@@BA@@B@@@B@@@@A@@@ABAAA@A@@@@A@@@CAA@@@@@@@@@@A@@BA@@@@@A@A@@@@A@A@@@A@@@@@A@@A@A@A@@@A@@@@@@@A@@@ABA@A@@@AAA@AAA@@ABA@CBC@@@AA@A@@@A@A@CAA@@BA@BD@B@@@B@B@@A@@BA@CBA@C@G@A@@AA@ECAAAACACAC@A@C@C@GBC@A@ABAB@@AD@B@BAF@DAB@BA@ABC@E@C@A@A@AACAMKA@AAA@CAA@CACA"]],"encodeOffsets":[[[129967,42811]],[[130196,42528]]]}}],"UTF8Encoding":true}