{"type":"FeatureCollection","features":[{"type":"Feature","id":"320902","properties":{"name":"亭湖区","cp":[120.136078,33.383912],"childNum":2},"geometry":{"type":"MultiPolygon","coordinates":[["@@EGACCACA@BQDOBODDHHLBHFV@@DDBLAP@BCH@B@BJDFF@BB@XB\\B`GBA@AACIUEM@CGG_k"],["@@HAJCJEFEJCJAHAFABBBBBD@DBDDBFBHDFDBB@FCHGLAD@D@DD@DBD@HAJAFAD@DBBB@@DDDB@@PDLD@@BB@B@@CDABCDA@@@FDB@B@@BDDBB@F@@B@JEJHfe~§RUIEDC@AECCAAA@A]YQJEBYU@@@AA@@@AAXK{g]QK­CACGACACGCSG@@CAEAEAMGGEAA@C@C@CBABCFC@AHIHGBKCKB@BBB@B@@@BBB@BBBB@@B@BBBBB@@AFE@C@CDGBO@E@E@E@@CAMCOGA@@ABELMBCNUDGB@@@BABCDCDIJDJSHQWGYGAGCMECAECYGCAMIAAGGCCECGEECOKFEBAFCFGBADAEEECICIEIGMKMKMKMKEEOMMGYMAB@@@@EBMLSD@@@BA@@BAJIP_fSJ@FBBB@BBBBB@@BB@B@F@FBD@B@H@D@B@B@BB@@B@@@B@@B@@@@@@B@@@BB@@@BB@@@B@@@B@@@B@@@B@@@ABCF@BCBCDADCDCDAB@B@@BBCFA@GJAF@@@@AB@B@BCD@@EBC@I@CB@@AB@@ABCD@BABADCFAB@D@@@@B@@@@B@@@@B@@@@@@B@@@@B@@@@@@@B@@@@@B@@@@@@@B@@@@@@@B@@@@@B@HBV@LD@@@@@BB@@@@@BB@@@@@@FDDA@@@ABABABA@A@@B@@@BADEB@@ADC@AB@bZ@@@BB@@@@@@BADADEDC@@@A@@@@@@A@@A@@@AA@@AA@@A@@@AB@BA@AB@@BD@@@@@DAB@BAB@@@@@@B@@@@@@@A@@FDD@@@@BBB@B@BBB@@BB@ABAB@@@@A@@@ED@@A@@@@@@@@BHBB@D@@@@@B@@@BBDB@B@@@@B@@@@@@@@@B@@@@@BB@@@@B@AB@@AB@BA@AB@B@@AB@B@B@@AB@@ABB@@DADEFIBIBA@@@@@ABCDA@CDCB@@IEBAEC@@@@@@A@@AA@AB@@B@@BA@@BKDKFOHKJC@ODABQJQJOJ[L[AaBq@QB[FCHEHEF@BMVCFABAFCDADADADCFCFABADAB@BABADAB@DA@@BABADAD@BAB@BADAB@B@B@@@BAB@@@BAB@@@BAB@BCHAFCFADBBB@@@@@@@BB@@@@B@@@@@@@B@@B@@@@B@@@@@@@@@B@@@@B@@B@@@@@B@@@@@@BB@@@@@@@B@@@@@@@BB@@@@@@B@@@@@@BB@@@@@@@@@B@@B@@@@@@@@@B@@@@@@@B@@@@A@@B@@@@@@@B@@@@@@@B@@@@B@@@@@BB@@@@B@@@@@@BB@@@@@B@@@@@BB@@@@@@B@@@@B@@B@@@@@B@@B@@@@B@@BD@TRDFBFBHAD@BB@DADAHAPDBB@DBD@B@@@BBDDDBB@BBB@D@B@B@B@DA@@B@BA@@B@D@B@DAB@HAF@JCB@FAFAFAFAB@D@J@F@F@F@B@FBDBFBBBBB@DB@DBDBBBBBBDDBBBB@DBDBB@D@F@D@@@DBFBB@BBB@F@D@B@F@D@D@D@B@DBFBDBDDBBBBBA@ABA@CBC@A@A@A@C@A@C@C@CAC@CAE@C@C@E@CDEBCBCFEBCBCBC@CDEBCBCBC@CBA@CBA@CBA@ABAIEEADEBAJDHBH@JANANAJAJ@D@D@JHNNLLFFONCHAD@D@DBBBBB@DAH@JABADB@B@BABEFEDAD@B@DHJDDDBDAFEPMFGJBJBDNBFFBLBJ@LEHEDGFCD@J@THLDDD@HELCJAL@FAHENAF@FAHADGBGDA@@D@D@D@DABADCD@D@D@@BBFBLDNDNDDADABABC@EBCBCDAD@F@FDDDHHDD@DABABIBGDCBAD@BBDDDHDJDLBHB"]],"encodeOffsets":[[[123333,34569]],[[123287,34401]]]}},{"type":"Feature","id":"320903","properties":{"name":"盐都区","cp":[120.139753,33.341288],"childNum":1},"geometry":{"type":"Polygon","coordinates":["@@@ABABCBADEDEBCBCBCDCBEBADENU@AFEFGDG\\ERAr@bA\\B\\KPIRIRIBAPCD@LIPGLELC@AB@@AA@@@BAB@@BB@@@@@@@FDABJF@@DADCB@DCBA@@@@B@JAJAFEBC@CA@BA@@BA@@@A@ABA@@@ABAB@@ABA@@BAA@@@@@AA@@@@A@@@@@@@@@A@@@@@@ACAAA@@A@@@@@C@A@GA@A@@@@@@B@@@FC@@B@@@@@BABAA@@AA@AAA@A@AA@@@@CC@EB@@@@@@@A@@@@@@@BA@ABA@C@@@@AC@@BAB@@ABA@@B@@@BB@@BB@@B@@@@B@@@@B@@@D@FCBCBC@A@@@@A@@A@@aYA@@BCD@BA@CFAB@@A@@@@BABABAB@B@@CBEC@@@@@@AA@@@@A@@A@@@@KCU@GAA@@@@@A@@@@@@@A@@@@@@@A@@@@@A@@@@@@@A@@@@@@A@@@@A@@@@@@A@@A@@@@@@CBADEBCBA@ADCBA@@BA@@DAJ@D@FA@@DC@A@ABA@@@@BEHIB@DEAA@@@ABADCDCBCDCDA@ADEBA@@A@@@A@@@A@@@A@@@A@@A@@AA@@A@@@@@@@@AA@@@A@@@AAA@A@C@G@A@C@EAE@A@A@@AA@AAAAA@AA@ETI`eJOBI@AB@@A@@TCNKFA@@@@BAA@CAAAAALIBEAGAABKCCEIC@EBA@ABODCBEBIDGBKFKDC@CBGBGDE@EBEBC@EBEDEBGBEBGBCBGBCBCBEBABC@GDC@CBGDC@CBIDCBC@GBEBC@GBABAAC@QKKEIEMGECC@A@GAIAICGAGAGAE@C@C@A@E@KA@@AB@B@BA@@@ECIEICA@G@I@A@EACAA@A@E@A@A@CBC@C@CBGBE@KBGBC@C@CBA@@AC@ECIAGAEAA@A@AAA@C@A@C@A@C@A@A@AAA@ABC@A@C@ABABA@@@CA@@@AA@@@@@@@@A@@@@@@@A@@@@@@@A@@@@@@@A@@@@AA@@@@AB@@A@@@@BA@@@@@A@@@A@@@@@A@@@@@A@@@@@@@A@@@A@@@@@A@@@@BA@@@A@@@@@A@@@@@@@@A@@@@A@@A@@@@@@@A@@@@AA@@@A@@A@@A@@A@@@A@@@AB@@A@@@@@AB@@A@@@A@@@@B@@@@@BB@@@@@@B@@@@BB@@@@@B@@@@@B@@@@@B@@@@@B@@@@@B@@@@@BA@@@@B@@@@@B@@A@@@A@@@@@@@A@@@@@@@A@@@A@@@@@@@A@@@@@@@A@@@A@@@@@@@A@@@@@A@@@@@A@@@@@A@@@@@A@@BA@@A@@A@@@A@A@@@A@@@@@A@A@@@A@@@AA@@@@A@@@A@@@A@@@A@@@AA@@@@A@@@A@@@@@AA@@A@@@A@@@A@@@@@AA@@A@@@@@A@@@A@@@AA@@@@A@A@@@@@A@@A@@A@@@A@@@A@@@@@AA@@A@@@A@@@@@A@@AA@@@A@@@A@@@A@AA@@A@@@@@A@@@A@@AA@A@@@A@@@A@@@AA@@A@@@A@@@A@@@A@@AA@@@A@@@A@@@AA@@A@@@A@@@A@@@AA@@A@@@A@@@A@@@AA@@A@A@@@A@@@A@@AA@@@A@@@A@@@@@AA@@@@A@@@A@@@@AA@A@@@@@A@@@@@AA@@@@AA@@A@@@@AA@@@@@AA@@A@@@@AA@@@@AA@@@A@@@@@A@@@@@@@A@@@@@A@@@@@A@@@@@@@A@@@@@@@A@@@@@A@@@@@@@A@@@@@@@A@@@A@@@@@@@A@@@@@@@A@@@@@A@@@@@A@@B@@A@@@A@AA@@A@@@@@A@@@A@@@A@@@A@@@@@A@@@@@A@@@@@@@@BA@@@@@@@@BA@@@@B@@@@@@A@@B@@@@@@@B@@@@A@@B@@@@@@@@@B@@@@A@@@@B@@@@@B@@@@A@@@@B@@A@@B@@A@@@AB@@@@@@@B@@@@@@@@@B@@@@@B@@@@@@@B@@@@@@@@BB@@B@@@B@@@B@@@B@B@@@@@@B@@AB@@@B@@@@@B@@@@@B@@@B@@@@@@@@@B@@@@B@@B@@@@@@@B@@@@B@@B@@B@@@@BB@@@@@B@@@@@BB@@@AB@@@B@@AB@@@@B@@@@@@@B@@@@@B@@A@@BA@@@@BA@@@@@AB@@@@AB@@@@@B@@A@BB@@@@@BB@@@@B@@@@BB@@@@@BB@@@@@ABA@@@A@@@@@@@AA@@A@@A@@@@A@@@@@A@@@@@@@A@@@@@A@@@@@A@@@@@@@A@@@@@@@A@@@A@@@@@@@A@@B@@A@@@@@A@@@AB@@@@A@@@@@A@@@@BA@@@A@@@@@AB@@@@@@AB@@@@@@@B@@@@@@@B@@@@@@@@@B@@@@@@AB@@@@@B@@@@@@@@@B@@@@@@@B@@@@@@@B@@@@@BB@@B@@@@@B@@@@@@@B@@@@@@@B@@@@@B@@@@@@@@@B@@@@@B@@@B@@@@@BB@@@@B@@@@@@@B@@@@BB@@@@@@@B@@@@@B@@@@@@@B@@@@@B@@B@@@@B@@@@@@@B@@@@@B@@@@@@@B@@@@@B@@B@@@B@@@B@@@B@@@@@B@@@B@@@B@@A@@B@@BB@@@@BA@@@@@A@@@@@A@@@A@@@@@A@@@@@A@@B@@A@@@@@@@A@@B@@@@@B@@@@@@@B@@A@@B@@@@@@@B@@@@@B@@@@A@@B@@A@@@AB@@@@A@@BA@@@A@@B@@A@@@AB@@@@A@@BA@@@@@A@@@A@@@@@A@@@A@@@@BA@@@A@@@A@@@@@A@@@AB@@A@KDUFE@AHEFCFAD@B@DDBB@DFBJDF@BHHFLAFDFFFFALDDB@@AB@BCBCF@@@JAB@@ABBB@@@@B@@B@@B@@@@@B@@BB@@@B@B@@@B@@@B@@@BB@@D@@CFBFBFDDBDBB@FBDBFBB@D@BAF@AD@@@B@@@B@@@@@B@@@BA@@@@B@@@@@BB@@@@B@@@@@BB@@@B@@@BB@@@@@@@BB@@@@B@@@B@@@@BB@@@B@@@@@@@BA@@@@B@@@B@@@@BB@@@@BB@@@@BB@@B@@@@@@B@@B@@@@B@@@@@B@@@@@B@@BB@@@B@@@@@B@@@@@@@B@@@@JDH@NBF@B@HBJ@J@HBH@F@D@D@FBH@F@H@H@D@F@FBB@F@D@B@B@@@B@FDFDHFB@BBFBFBFDFDHDFBDDB@@BBBBBFBBBB@FBHDBDBFDBDDHBDDFFBBBBDBFBJFDDDBBB@BB@@B@B@D@B@B@B@DABAB@BAB@@B@BB@BBB@D@B@B@B@@B@B@BDDDDDDDBBBBB@NBH@HBD@B@D@BBD@NBPBF@DBBA@@B@BBD@FBF@HBJ@DBD@B@D@B@BB"],"encodeOffsets":[[122881,34225]]}},{"type":"Feature","id":"320921","properties":{"name":"响水县","cp":[119.579573,34.19996],"childNum":1},"geometry":{"type":"Polygon","coordinates":["@@RGT@fIvCnGlCfG^GTE\\IPIlQc¼}KOGG@O@CCCEAIEECCACCECCACACEACIUIOCGAEACAA@ACAC@ACAACICCCMCC@CAC@C@CCEACCCMKYSKIIGMIKIMKKGMKMKKIUUYUUSMMKKMKGECE@AAAECIEGCKGKIGEECAACACEEICIAIACCCCECGAAEEIIACAACA@AAA@CAECGAECECCEECEKKEIIIAAAC@AACACCAAAAAAAA@A@AA@A@A@@AAA@C@EBE@G@OBA@GAEAC@EAEAGCEAAACAA@@A@A@A@AAAACCCAAAACCCAC@CAC@A@A@A@CACCOCCAC@AA@@@ABAD@BA@A@AEEECCACAC@E@CACAGEGGCGGGGEIIKQGGAAYIGCACAGCKCB@@A@@@A@@@@@@AA@@@A@@@A@@@AA@@@@A@@@A@@@@AA@@@A@@@A@@@@AA@@@A@@@AA@@A@@@A@@AA@@@A@@A@@@@@AA@@A@@@@@AA@@@A@@@@@A@@@ABA@@@A@@@@@AB@@@@@BA@@@@B@@AB@@@@@BA@@@@B@@A@@B@@@@@B@@@@@BA@@@@@@BA@@@@BA@@@@B@@A@@@@BA@@B@@A@@@@B@@A@@@@BA@@B@@A@@@@B@@A@@B@@A@@B@@A@@@@B@@A@@@@B@@A@@B@@@@AB@@@@@BA@@@@B@@A@@B@@@@AB@@@@@BA@@@@B@@A@@B@@@@AB@@B@@@@BB@@@B@@BB@@@B@@@@BB@@@@@@B@@@@@B@@@@AB@@@@@B@@@@@BA@@@@B@@@@@@AB@@@B@@@@@B@@A@@@@B@@@B@@A@@@@B@@@@@B@@B@@@@@B@@@B@@B@@B@@@B@@@@@AB@@A@@@@@AB@@@@A@@@A@@@@@@@A@@@@@A@@@@@A@@@@@@@A@@@@@A@@@@@@@A@@@@@A@@@@@A@@@@@@BA@@@A@@B@@@@A@@B@@@@KBA@@B@@@@AB@@@B@@@@AB@@@@@BA@@B@@@@AB@@@@@B@@AB@@@@@@AB@@@@A@@B@@@@A@@B@@@@A@@B@@A@@BA@@@@BA@@@@@BB@@@@@B@@B@@B@@@@@@BB@@@@@@BB@@@@@B@@B@@B@@@@@@@@@B@@AB@@@@@B@@@BA@@@@B@@@@AB@@@B@@@@@BA@@@@B@@@B@@@@AB@@B@@@@@BB@@B@@@@BA@@@@B@@@BA@@@@B@@AB@@@B@@A@@B@@@BA@@@@B@@AB@@@@@BA@@B@@@B@@A@@B@@@BA@@@@B@@AB@@@B@@A@@B@@@BA@@@@B@@AB@@@B@@@@AB@@@B@@A@@B@@@BA@@B@@@@@B@@B@@@@BB@@@@@BB@@@@BB@@@@BB@@B@@B@@B@@B@@B@@B@@B@@@@BB@@@@BB@@@@@B@@@@@B@@@@@B@@@@@@@B@@@B@@@@@@@B@@@B@B@@@@@B@@@B@@@@@B@@@@@B@@@@@B@@@BB@@@@BB@@@@BB@@@@@@BB@@@@@@@BB@@@@B@@B@@@@@@B@@B@@B@@@@B@@B@@@@@@@B@@@@@@@B@@@@@@@@@B@@@@@@@B@@@@@B@@@@@B@@@@@B@@@@@B@@@@@B@@@@@@@@@BB@@@@@@B@@@@B@@B@@B@@@@B@@@@A@@B@@A@@B@@A@@@AB@@@@AB@@@@A@@BA@@@@@@BA@@@A@@@@B@@A@@@AB@@@@@@A@@B@@A@@@@@AB@@@@A@@B@@A@@B@@A@@B@@AB@@@@AB@@@@@@A@@@@@@@@AA@@@@@A@@@@@AA@@@@A@@@@@AA@@A@@@@@A@@@@AA@@@@@A@@@A@@@@@A@@B@@@@@@@B@@@@AB@@@@@@@B@@@@AB@@@@@B@@@@@@@BA@@@@B@@@@@BA@@B@@@@AB@@@@@B@@A@@B@@@@@BA@@@A@@@@AA@@@@@A@@@@AA@@@@@A@@A@@A@@@A@@A@@A@@@@@A@@A@@@@A@@@A@@A@@A@@@A@@AA@@@@@AB@@@@@B@@A@@@@B@@AB@@@@@@@B@@AB@@@@@B@@A@@B@@@@@@AB@@@@@B@@@BA@@@@B@@@@A@@B@@@B@@A@@@@B@@@B@@A@@@@B@@@BA@@@@@@B@@A@@B@@@@@B@@AB@@@@@@@BA@@@@B@@@BA@@@@B@@@@@@AB@@@@@B@@A@BB@@B@@@@@B@@@B@@@B@@BB@@@@@B@@@B@@@@@@@@B@@@@@@@B@@A@@@@B@@@@@B@@@@@B@@@@@B@@@B@@@@B@@@@@B@@@B@@@B@@@B@@@B@AB@@@B@@@@AB@@@@@B@@@@@@@BA@@B@@@@@B@@@@@B@@@@@@@@@B@@@@@@@B@@@@B@@B@@@@@@@@@B@@@@@@@B@@@@@@@BA@@B@@@@@B@@@@@B@@@B@@A@@B@@@@@B@@@@@B@@@@@B@@A@@@A@@@A@@A@@A@@@A@@@@@AA@@A@@@A@@@@AA@@@@@A@@@@@AA@@A@@@@@A@@AA@@@@@A@@@@@AA@@@@A@@@A@A@@@A@@@@@@@AB@@@B@@@@@BA@@@@@@B@@A@@B@@@@@B@@@@A@@B@@@B@@@@@@AB@@@@@B@@A@@B@@@BA@LFFDDBFBFDFDBBRJFFFHFBFFJJDBBD@@DAFAB@B@J@B@HBJBLHD@BDDBDDVPHFL@JFLHDDTNDBJFNDB@BBLDHBPHB@BBNHBBDBPJHFJFJHHDDBNJ@@BBJFDDDDB@FJBB@@JHDBDBD@DBFBDDBFBD@JFFDBBBB@JD@@BD@BBD@BADAH@BAD@FBDFHBB@@HBJDHBB@HHBF@BBBDHFFHDDBNBB@FBFDBBBB@@BB@D@BAFEFCHABMNADCF@F@BDJDFJTBF@BB@APCPAB@BCJCLAD@B@L@@BHFDAHHDFDFBD@DBDBFD"],"encodeOffsets":[[122688,35314]]}},{"type":"Feature","id":"320923","properties":{"name":"阜宁县","cp":[119.805338,33.78573],"childNum":1},"geometry":{"type":"Polygon","coordinates":["@@@@@AB@@@@A@@@@@A@@A@@@@@@A@@@@@A@@@@@@@@@A@@@@@@AA@@@@@@@@@A@@@@@@@A@@@@@@@A@@A@@@@A@@@@@@@AA@@@@AA@@@@@A@@@A@@@A@@A@@A@@@A@@@@@@A@@@A@@@@@AB@@@@A@@@@@A@@@@@A@@@A@@A@@BA@@@@@A@A@@@@@A@@@A@@@@@A@@@A@@@AA@@@@A@@@A@@@@AB@@A@@@@@A@@@A@@@@BA@@@A@@B@@A@@@@BA@@@@@AB@@@@@@@@@B@@A@@@@B@@@@@@AB@@@@@@@@A@@@@@@@@@A@@@@@A@@@@@@@A@@@@A@@@@AA@@@@@A@@@A@@A@@@@@AB@@A@@@@@AA@@@@@A@@AA@@@@@A@@@@@AA@@A@@A@@@@@@@@@AA@@@A@@@A@@@@@AA@@@@@@@A@@@@@A@@@@@A@@@A@@@@@A@@@@A@@@@@@A@@@@@@@A@@@@@@@A@@@@@@@A@@@A@@@@BA@@@A@@@A@@@AB@@@@A@@@A@@@A@@B@@A@@B@@A@@@@@@@@B@B@@@@@B@@@BB@@B@@@B@@A@@@A@@B@@@@AB@@@B@@@@AB@@@B@@A@@B@@@B@@AB@@@@@B@@@@@B@@@@@@@B@@@@@B@@@@@B@@@@@@@B@@@B@@@@@@@B@@@@@B@@@@@LMHGDAJ@@AB@@@B@@@@@B@@@BA@@@@B@@A@@@@B@@@@A@@@A@@A@@@A@@@A@@@@AA@@@@@@@AA@@@@A@@A@@@@@@@A@@@@@@@A@@@@@A@@@@@@@@@AA@@@A@@A@@@@@@@A@@@A@@B@@AB@@@@@B@@@B@@@@@BA@@@@B@@@@@B@@@B@@@@A@@B@@@@A@@@@B@@@@A@@B@@@@@@@B@@@@@@@BA@@@@B@@DBDBBDBDAF@F@FADBFBFBDFDFBDDBBBDBF@F@FBHDFDLDFBNDHDFF@DB@@@B@@@B@@A@@B@B@@@B@@@@@B@@@BA@@B@@@@@B@@A@@@@BA@@@@@A@@@@@A@@@@@A@@@A@@@@@A@@B@@A@@@A@@@@@A@@@@@A@@@A@@B@B@@@B@@@B@@@@@B@@@@@@A@@B@@@@@B@@A@@B@@@@@B@@@@@B@@@@@@@B@@@BA@@@@@ARBPAFAAEB@@@@@@@@A@@@@A@@A@@@A@@@@@A@@@@@A@@@A@@@@@@@A@@@A@@A@@A@@@@@A@@@@@A@@@A@@@@@A@@@@AA@@@A@@@@@A@@@AA@@@@A@@@@A@@@A@@@A@@@A@@@A@@@A@@@A@@@A@@@A@@@A@@AAB@@A@@@A@@@A@@@A@@@A@@@A@@@A@@@A@@@@@AB@@A@@@@@A@@@A@@@@@A@@B@@A@@@A@@@@@A@A@@@@@AA@@B@@A@@@@@@@A@@B@@@BA@@@@B@@@BA@@@@B@@@B@@@B@@@@@B@@A@@@@@A@@@A@@@@@@AA@@@AA@@@@AA@@@@A@@@@@A@@@@@@@A@@@@B@@@B@@@@@BB@@@@BB@@@A@@@@B@@A@@@@@@@@@A@@@@@AB@@@@@@@B@BA@@@@B@@@B@@@B@@@@AB@B@@@B@@@@@B@@A@@B@@AB@GCEACAA@AACAGCEACA@@@@@A@@BA@@@@@A@@@A@@@@B@@AB@@@@@B@@@@@B@@@B@@@@@B@@@B@@BB@@@B@@A@@B@@@@@@@B@@@B@@@@@@@B@@@@B@@BA@@@@@@@A@@@@@@@A@@@@@@@@@A@@@@@A@@@@@@@A@@@@@@@@@AA@@@@@@A@@@@@@@@A@@A@@@@A@@@@@A@@A@@@A@@@A@@@A@@@@@A@@B@@@BB@@B@@@@@B@@@B@@@B@@@@@B@@@@@BB@@B@@@@@B@@@@@B@@@B@@@@A@@@@@@@A@@@@@@@@@A@@@@@A@@@@@@@@@A@@@@@A@@@@@@@A@@A@@@@A@@A@@@@AA@@@@@A@@A@@A@@@AA@@A@@@@@A@@@@@A@@@@@A@@@@@@@A@@@A@@@@@@@A@@@@BA@@@AA@@@@A@@@A@@@AA@@A@@@A@@@A@@@A@@@A@A@@@A@@@A@@@A@@@A@@@@@@AA@@@@@@A@@@@AA@@@@@@@A@@@A@@@AB@@@@A@@AA@@@@A@@A@@@@@@@AB@@@@@@A@@B@@A@@@@@@BA@@@@@A@@@@A@@AA@@@A@@@A@@@AA@@@@A@@@@@@@@A@@@A@@B@@A@@B@@@@@B@@@B@@@B@@@B@@B@@B@@@B@@@BB@@B@@@@@B@@@@@B@@@B@@@@@@AB@@@@@@A@@B@@A@@@@@A@@@@@A@@@A@@B@@@B@@@B@@@@@@A@@B@@A@@BA@@@@BA@@@@@AB@@@@A@@@@@@@A@@@@@@@A@@@@@@@@@A@@@@@@@A@@@@@@@A@@@@@@@@@A@@@@@@@A@@@@@A@@@@@@@@@A@@@@@@@A@@A@@@A@@@@@A@@@A@@@@@A@@@A@@BA@@@A@A@@@A@@@@@A@@AA@@@@@A@@@@AA@@@A@@@@@AA@@@@A@@@A@@@@@A@@@@@A@@@A@@@@@@@AA@@A@@@A@@@@@A@A@@@@@AA@@B@@@@A@@@@@@@A@@@@@A@@@@@@@A@@@@@@@A@@@@@@@A@@@@@A@@B@@@@@@A@@@@@A@@A@@A@@@@@A@@@@@@@A@@A@@@A@@@A@@@AA@@A@@@A@@@AA@@A@@@@@AA@@A@@@A@@AA@AAB@@AB@B@BAB@B@DABABABAD@BAB@D@B@BD@@DA@AB@@@@A@@B@@A@@@@BA@@@@@AB@@@@A@@@@BA@@@A@@B@@A@@@@B@@@@BB@@@B@@@B@@@@BB@@@@@B@@@@AB@@@@@B@@A@@B@@@@@BA@@BB@@@@B@@@B@@@@@B@@@BB@@B@@@@@@@B@@@B@@@@@@@B@@@B@@@B@@@B@@BB@@@B@@@B@@@@@BB@@@@B@@@BB@@@@B@@@B@@BB@@@@@B@@@@@B@@A@@@@@AB@@@@A@@B@@@@@B@@@@@B@@BB@@@@A@@@@@AB@@@@@@A@@@@@A@@B@@A@@@@@@B@@@@@B@@@B@@@B@@@@@B@@@B@@@@@@@B@@B@@B@@@B@@@@@B@@@@@B@@@@A@@A@@@@A@@@@A@@@AA@@@@@@AA@@@@A@@@@A@@A@@@@@@AA@@@@@@@AA@@@@A@@A@@@@A@@A@@@@A@@@@A@@A@@@@@@AA@@@@@AA@@@@@@A@@A@@@@A@@A@@@@A@@@@AA@@@@@@AA@@@@@@@AA@@@@A@@@@A@@A@@@@A@@A@@@@@AA@@@@A@@@A@@@AB@@@@A@@@A@@@A@@@A@@@A@@A@@A@@@A@@@@AA@@@@@A@@@@A@@@@AA@@@@@@@AA@@@@@@A@@@@A@@A@@@@@@AA@@@@AA@@@@AA@@@@AA@@@@AA@@@@@AA@@@A@@AA@@@@@AA@@A@@A@@A@@@@@AA@@A@@@@@AA@@@@A@@@AA@@A@@@AA@@@@A@@@A@@@@AA@@@@@A@@@A@@AA@@@@@A@@@@@AA@@A@@@@@A@@@A@@@@@A@@@@@A@@@A@@@@@A@@@@@A@@AA@@@@@A@@@A@@@@@A@@@@@A@@@A@@@@@A@@@@@A@@@A@@@@@A@@@A@@@@@A@@@AA@@A@@@@@A@A@@@@@A@@@A@@@A@@AA@@@A@@@A@@@A@@@AA@@A@@@A@@@@@A@@@A@@@@@A@@@@@AA@@@@A@@@@A@@A@@@@AA@@@@@AA@@@@@@AB@@@@A@@B@@@BA@@B@@A@@@@@A@@@@@AB@@A@@@A@@@A@@@AB@@A@@@@@A@@@A@@@A@@@@@A@A@@@@@AB@@A@@@A@@@@@A@@@A@@@A@@BA@@@BL@HBDA@Q@C@C@C@@@@@@C@@@A@@A@@@CBC@AAA@CBC@CBA@A@C@E@C@C@@@A@A@A@@BE@A@E@CBI@ABA@@@ABA@E@C@GAE@E@G@C@C@C@C@GAGAIAC@A@A@@A@@A@A@@@AA@@@@@@A@@@@AA@@@AB@@@B@@@@@B@@A@@@@@A@AB@B@@A@@A@@A@@B@@BBA@@@A@@@C@AB@@A@@AAB@@A@@@@AA@@@A@@@A@A@AAA@@A@@A@@@@@@BA@@BB@@D@D@D@BB@@BA@@@A@@@A@A@C@A@A@A@@A@CCCA@A@C@A@E@CACAACAC@A@ADAFAFADCBCACAC@C@AAACAA@GCECCA@C@A@@B@B@B@BBBA@@@@AA@A@@@AB@@@D@B@@@@AA@AA@@BAB@@ABA@AAA@@AAA@@@A@@AA@@A@@AA@@@A@A@A@EAA@A@AAABA@A@AAAACACAC@CAGACAA@CAC@A@AAIAEAEAGAIACAE@EACAE@A@AA@A@A@@AAE@CAGAACGIMEKA@@@@@A@@@AB@@@@A@@@A@@@@@A@@@A@@@A@@@A@@@@@@@A@A@@@@@A@@@A@@@A@@@@@A@@@A@@@@@AAA@@@@@A@@@@@A@@@AA@@@@A@@@@@A@@AA@@@@@A@@@@@AA@@@@A@@@AA@@A@@@AA@@@@A@@A@@A@@@@@@@AA@@@@@@@@A@@@@A@@@@A@@@@@AA@@@@@@@@A@@A@@A@@@@@@AA@@@@@A@@@@@AA@@@@A@@@A@@@@@A@@@@@A@@@@@A@@@@@A@@@@@A@@@A@@@@@A@A@@@AA@@@@A@@@A@@@@@A@@@@@A@@AA@@@A@@@@@A@@@AA@@@@@AA@@@@A@@A@@@@A@@@@@@@A@@@@@@A@@A@@@@@@@A@@@@@A@@@@@@@A@@@@@A@@@@@A@@@@AA@@@@@@@@@A@@@@@A@@@@@A@@@@@@@@@A@@@@@A@@@@@@@A@@@A@@@@@@@@@A@@B@@A@@B@@@@@BA@@@@B@@@@AB@@@@AB@@@@@@AA@@@@A@@@@AA@@@@A@@A@@@@A@@A@@@@A@@A@@A@@@@@AA@@@@A@@@@A@@A@@@@A@@@A@@@@AA@@@@@A@BA@@@A@@@A@@@A@@@@@A@AA@@A@@@@@A@@@A@@@AA@@A@@@@@@@AA@@A@@@@@@AA@@@@@@@AA@@@@@@A@@@@AA@@@@@AA@BA@@@A@@@@BA@@@@B@@@@@B@@@B@@@BA@@B@@@B@@@@A@@B@@A@@@@BA@@@@BA@@@@BA@@@@@A@@B@@@@A@@B@@A@@@@BA@@@A@@@AB@@A@@@@BA@@@@@A@@@@@A@@@@@A@@@@@A@@@@@A@@@@@A@@@@@@@A@@@A@@@@@@@A@@@@@A@@@@@A@@@@BA@@@@B@@A@@B@@@B@@@BA@@@@B@@@B@@@@AB@@@B@@@B@@A@@@A@@@A@@@A@@AA@@@A@@@A@@@A@@@A@@@A@@@AA@@A@@@A@@@A@@@A@@@@@A@A@@AA@@@@BA@@B@@@@@BA@@@@BA@@@@B@@A@@B@@A@@B@@A@@B@@@@AB@@@@AB@@@@AB@@@@@@AB@@@@AB@@@@A@@B@@A@@B@@A@@@@BA@@@@B@@A@@B@@@@@@@BA@@@@B@@A@@@@B@@@BA@@@@@@B@@A@@@@@AB@@@@A@@B@@A@@@@B@@AB@@@@@@AB@@@@AB@@@@@@AB@@@@@B@@A@@@A@@@AB@@@@A@@@A@@@A@@@@@A@@@A@@@@@AA@@A@@@@@AA@@A@@@AB@@@@A@@@@@AB@@@@@@AB@@@@A@@B@@@@A@@B@@@@@@AB@@@@@@AB@@@@@@@BA@@@@@@@AB@@@@A@@@@BA@@@A@@B@@@@@B@@A@@B@@@@@@@B@@@@AB@@A@@B@@A@@@A@@BA@@@@@A@@@@BA@@@@@A@@B@@@@A@@B@@@@@BA@@@@B@@@B@@@@AB@@@@@B@@@B@@@@A@@B@@@B@@@@@BA@@B@@@@@B@@@B@@A@@B@@@@@B@@@@@BA@@B@@@@@B@@@B@@@@BB@@@B@@@@@@@B@@@@@@@@@B@@@@@@@B@@@@@B@@@@@@@@@B@@@@@@@B@@@@@@@B@@A@@@@B@@@BA@@B@@@@@B@@AB@@@@@B@@@@AB@@@B@@@BA@@@@B@@@BA@@@@B@@@@@BA@@B@@@B@@@@@@@B@@@@@@AB@@@@@@@B@@@@@B@@@@@@@@@B@@@@@B@@@@@@@B@@@@@@AB@@@@@@@@@B@@@@A@@@@B@@@@@@@@@BA@@@@@@B@@@@@@@@AB@@@B@@@BA@@@@B@@@B@@@@@B@@AB@@@B@@@B@@@@@BA@@B@@@B@@@B@@@@@BA@@B@@@B@@@@A@@B@@@BA@@@@BA@@@@B@@AB@@@@@BA@@@@BA@@B@@A@@B@@@@@B@@AB@@@@@@@B@@@@@@@@@BB@@@@B@@@@@@@B@@@@@@@@@B@@@@@B@@@@@@@BA@@@@@@@@B@@@@@@@B@@@@@@@@@B@@@@@B@@@@A@@B@@@@@@@@@B@@@@@@@B@@@@@@@BA@@@@@@B@@@@@@@B@@@@@@A@@B@@@@@@@B@@@@@@@@@B@@@@A@@B@@@@@@@B@@@@@@@B@@A@@B@@@@@@@B@@@@@@@B@@@@@@@BA@@@@B@@@@@@@B@@@@AB@@@@@@AB@@@@@@AB@@@B@@@@@B@@A@@B@@@B@@@@@B@@@@AB@@@@@@A@@B@@A@@@@B@@@@@B@@@@@@@@AB@@@@@B@@@@@@@B@@@@@@@B@@@B@@@@@B@@@@@BB@@@B@@@B@@@B@@AB@@@B@@@B@@@@@B@@@@@@A@@@@@@@@@AB@@@@@@A@@@@@@@A@@B@@@@@@A@@@@@@@@@AB@@@@A@@@@@@B@@BB@@@B@@BB@@@B@@B@@B@@@BB@@B@@@BB@@B@@@@BB@@@B@@BB@@@B@@BB@@@B@@B@@B@@@BB@@B@@@BB@@B@@@BB@@@@B@@BB@@@B@@BB@@@@@BB@@@@B@@BB@@@@@B@AB@@@@@@AB@@@@AB@@@@AB@@@@@BA@@@@@@@A@@@A@@@@@@@A@@@@@A@@@@@A@@@@@@@A@@@@@A@@@@@A@@@@@@@@@@B@@@B@@@B@@@B@@@@BB@@@B@@@B@@@B@@@@@B@@B@@B@@B@@@@BB@@@@@BB@@@@BB@@B@@@@BB@@@@@BBA@@@@B@@AB@@@@@B@@A@@B@@@BA@@B@@@@@BA@@@@B@@A@@@@@AB@@@@A@@@@@A@@B@@@@@@@B@@@B@@@@A@@B@@A@@@@@@@@B@@@@@B@@@@@@@B@@@@@@@B@@@@@B@@@@@@@B@@@@@@@@AB@@A@@@@@A@@@A@@@@@@B@@A@@B@@@@@@@@@B@@@@@B@@BBD@B@B@@@@@B@BBBBFDFFJJDFFFDDDBDBDB@@@BBB@F@D@D@H@B@B@D@B@D@B@BBDBFDFBBBBB@@BBB@DBDBFDF@DBDBDBBBBB@@BB@BBDBDD@@BB@DBF@DBDBB@B@B@@@DBD@D@D@B@@@@@BDBDDHDB@@B@B@B@@@DADAD@@@B@BBDBDDDBDBBFDDBBDBB@BBDDN@B@BBBBBBBB@FFHDJFFDDBDDFFHHDFDDBBBB@DDBBBDBHDHDD@FBF@D@B@@@B@FFHFFDFDBBDBDBFDB@@B@@ABAB@B@@@D@B@BBFBJDHDHBF@BBD@B@@B@@@@@B@@@@@B@@@@@@@BA@@@@B@@@B@@@BA@@B@@@BA@@@@BB@@@@B@@@B@@@@B@@@BB@@@@@B@@BB@@@B@@@@B@@@@B@@@B@@@@@B@@@B@@@BA@@B@@@@@B@@@B@@@@A@@@A@@@@A@@A@@@A@@@@AA@@@@@@@A@@@@@A@@@@@A@@BA@@@A@@B@@A@@B@@B@@B@@@B@@@@@F@@@B@@@B@@A@@B@@@B@@@B@@@B@@@B@@@B@@@@@B@B@@@@@B@@@B@@@B@@@B@@@B@@@B@@A@@B@@@B@@@BA@@B@@@AA@@@@@AA@@A@@@@AA@@@A@@@@AA@@@@@AA@@@@A@@B@@@@AB@@@B@@@@AB@@@@@B@@@BA@@@@B@@@BA@@@@B@@@@@BA@@@@B@@@BA@@@@B@@@B@@A@@B@@@@@BA@@B@@@@@BA@@B@@@@@B@@AB@@@@@@@BA@@B@@@@@B@@AB@@@@@B@@AB@@@@@B@@@@AB@@@B@@@@AB@@@@@@@B@@@@AB@@@@@@@@@BA@@PNPJPLNHVLNHTHFDBC@@@A@@@@BA@@@@@AB@@@@A@@@@BA@@@@@A@@B@@A@@@AB@@A@@@@@AB@@@@@@@BA@@B@@@B@@@B@@@B@@@@@B@@@B@@@B@B@@AB@@@B@@@B@@@B@@@B@@@B@@@@BB@@@@@B@@B@@@@B@@@B@@@@@B@@@@@B@@A@@@@@AB@@@B@@@@@BA@@B@@@B@@@@@B@@@@@B@B@@@@@B@@@B@@@@@B@@@@A@@@@B@@@@@@AB@@@@@@@@@BA@@B@@@@@B@@BB@@@@@B@@@@AB@@@@@@@@A@@@AA@BA@@@@B@@A@@B@@BB@@@@BB@@@@@B@B@@@@A@@@@B@@A@@@@@AB@@@@A@@B@@@@@B@@@@@B@"],"encodeOffsets":[[122717,34716]]}},{"type":"Feature","id":"320924","properties":{"name":"射阳县","cp":[120.257444,33.773779],"childNum":3},"geometry":{"type":"MultiPolygon","coordinates":[["@@AAE@@@EAEAAAMA@A@@CF@B@@@@NB@BD@@@C@@@@HB@@FBABCB@@C@@BELBFBB@@AC@"],["@@IGIFA@@@@EAACC@AA@A@EC@@B@DCBADC@@@AAA@@KCOC@@CACC@@AACAC@EBIBGBC@CAC@@C@CBCHKDG@EAAECGCEACAAC@CACAAAAEBGBIBIDEFIFIDGBZƌPCPARC@ADBDBBDFHªķ"],["@@GAKAICGCCCAC@ABCDAHCJABABA@CCCGGCCECE@C@CBADAD@FADABCBCBMCMCKCEAAA@@@C@CDCBCBA@C@C@C@CB@HCHABCBG@EBEFMBG@EBKDIFK@GCCKCSGI@C@EDCHGFKFI@KAEAAECMIAIAEHONEFCBCACCGI@C@ABCFCFEBA@A@ACAABIBG@CBA@AAAA@C@CBCDGPMEEKKMMIGC@C@I@IBMBMBIBG@GAICABCFFBJFAB@BAB@DAB@DAB@DADADADCF@DADADADEFADADCF@D@F@D@DBF@DBD@D@D@D@B@D@B@B@BAD@DAB@BABAAAACCCAEACAA@C@C@C@E@A@C@E@A@AAA@EACA@@C@E@C@A@CACAA@AACAACAAAACACAA@@CAAAAEACAEAA@E@E@E@I@C@A@EBEBEBEBA@IDE@GBA@CBA@C@A@@@ABA@@@CBA@A@A@C@A@AAOhE\\@bC\\@DHFPLJHFDHDHDND@BMVGFaXC@AAICQIA@ECEAEAIJEJ@FDLFHLHDHBJAH@R@RBDCXCAEAEAAAAAAAAAEACAC@CAAAE@CACACAA@A@A@ICA@@A@@A@@@A@@@@@AA@@A@@@@@A@@@@@A@@@A@@@@AA@@@@@@@A@@@A@@@@@A@@@A@@@A@@@@@A@@@@@@@@BA@@@@B@@@@@B@@@@A@@B@@@@@B@@A@@AA@@@@@A@@@@@A@@@@B@@A@@B@@@@@BA@@@@@A@@@@@A@@AA@@@A@@@@@AA@@A@@@@@AA@@@@A@@@A@@@A@@AA@@@A@@@A@@@A@@@@@@@A@@@A@@@@@@@A@@@AA@@A@@@@@A@@@A@@@@@AA@@AB@@@@A@@@@BA@@@@@A@@B@@A@@@@@A@@A@@A@@@A@@@A@@A@@A@@@@@@BA@@@@B@@AB@@@@@B@@A@@B@@@@AB@@@@@BA@@@@B@@A@@BCB@@ACA@C@A@ABC@ABABABCBA@A@ABA@A@@BA@BBB@@BB@@@B@@@BB@@@@B@@@BB@@B@@@B@@@BB@@B@@@B@@@B@@@@B@@@@@@@B@@@@@BB@@@@B@@@@@B@@@@A@@@@B@@@@@B@@@@@@@B@@@@@@@B@@@@@@@B@@@@@B@@@@@@@B@@A@@@BB@@@@B@B@@@@@B@@@B@@@BB@@@@@@B@@@B@@@@@B@@@@@B@@@B@@@@@BB@@@@B@@@B@@B@@B@@@@@B@@BB@@@@@B@@@B@B@@@B@@AB@@@B@@@@@B@@@B@@@@@B@@@B@@@@B@@@@@@@B@@@@@@@@@B@@@@@B@@@@@@@B@@@@@@@@@B@@@@@@@B@@@@@@@B@@@@@@@@@B@@@@@@@B@@@@@@@B@@A@@B@@@@AB@@@@AB@@@BA@@@@B@@@@A@@@A@@@A@@@@B@@@B@@@@@B@@@@@BA@@@@B@@@@A@@B@@@@A@@@A@@@@@A@@@@@A@@@AA@@A@@@A@@@@AA@@@A@@@A@@@A@@@@@A@@@@BA@@@@B@@@B@@@@@@B@@@@@BB@@B@@@B@@@B@@BB@@@@@@B@@@@AB@@@@@@@BA@@@@B@@@@A@@B@@@@@@@BB@@@@@BB@@@B@@A@@B@@@B@@@B@@@@@@BB@@@@@B@@@@B@@B@@@@B@@@B@@@B@@@B@@@B@B@@@B@@@B@@@B@@@B@@@BB@@B@@@B@@@@@BB@@B@@A@@B@@@@@@@B@@@B@@@@@@@B@@@@@B@@@@@B@@@@@B@@@BB@@B@@@@BB@@@@@B@@B@@B@@@@B@@B@@@@B@@@@@@@B@@@@@B@@@@@@@@@B@@@@@B@@@@@@@@@B@@@@@@@B@@A@@@A@@@@@A@@@@@A@@@AA@@@@A@@@@@A@@@A@@@A@@@@@A@@@AA@@A@@@@B@@@@@B@@@B@@@B@@@BB@@@@@B@@@@@@BB@@@@@@@@@@B@@@@B@@B@@@@@@@@@B@@@@@@@B@@@@@B@@@@@@@@@B@@@@@@@B@@@@@@AB@@@A@@A@@@@@@@A@@@A@@@@@@@A@@@@BA@@@A@@AA@@@A@@@@@A@@@A@@@@@A@@@@@A@@BA@@@@@@B@@@B@@@@AB@@@B@@@@DBFBHDDBBBB@DBFBHDA@@BA@@@@BA@@@@@A@@@A@A@@B@@A@@@A@@@A@@@@@ABA@@@@@@@A@@B@@@@@B@@@@@@@@@BA@@@@@@B@@AA@@@@AA@@@@A@@@A@@@@@@B@@@@@@@B@@@@@B@@B@@B@@B@@B@@BB@@@@@@@B@@@B@@@@@BA@@@@@A@@@A@@@A@@@@@AB@@A@@@@@AB@@A@@@@B@@@@@@@BA@@@BB@@@@B@B@@@@@B@@@B@@@@AB@@@@@B@@@B@@@@@B@@@BA@@@@B@@@B@@@B@@@B@@@B@@@B@@@B@@@B@@@BA@BB@@@B@@@B@@@B@@@B@@@B@@@B@@@B@@@B@@@B@@@@@@B@@B@@B@@@B@@@@@B@@BB@@@@@B@@@@@B@@@B@@@@@B@@@@@BB@@@@B@@@B@@@@@@@B@@@B@@@@@B@@@@@B@@@BB@@@@@@B@@@@@@A@BFEBOBQA@B@@@@AB@@A@@@@@@@A@@@@@A@@@@@A@@@@BA@@@@@A@@@@B@@@@A@@@@@A@@@A@@@A@A@@@@B@@@B@@@@@B@@@@@B@@@BA@@@@B@@@@@B@@@B@@@@@B@@@@@B@@@@AB@@@@@BA@@@@@A@@@AB@@A@@@@@A@@@A@A@@@@BA@@@A@@@A@DFBJ@@JLDFBDBDBBBBDBB@DBD@DBLBFBD@DBB@@@DADAFCD@B@J@HB@@DBDDB@BFBF@D@B@@AHEFA@CDABEDCDCF@D@DBFDB@@HBJ@J@BAD@@AB@BAB@FAB@B@BAB@B@B@D@LDBBDBBDBDBF@JCB@BA@EDC@CBIBE@CBC@CBEBA@ABABABAD@B@@@@@B@@@@@B@@ABB@@B@@@B@@@@BB@@@@@B@@B@@B@@BB@@@@BBD@DBD@@BD@@@D@@@DBB@B@B@B@DBB@JDFBB@@@BBB@B@B@B@B@B@B@@@B@BA@@B@BA@AB@@@@A@A@A@A@A@C@C@A@ABA@A@ABA@ABA@@BA@@B@BAB@@@D@BBB@B@B@BBB@@BB@BB@@BB@@BDB@BB@B@@BB@B@BBB@B@B@B@F@B@BB@@@@D@BBB@@BB@@@BB@BBB@@BB@B@B@B@D@B@D@BAB@B@BABAB@BABA@@BA@ABA@@@A@ABA@@@C@CAC@A@@AC@@AAAC@AAA@A@A@@AA@@@ABA@@@@@A@@B@@@B@@@B@B@BBB@D@BBBBD@BBB@@@DB@@B@B@B@B@BAB@B@DA@AB@DCB@BA@A@@BABAB@DEBCBADEDEBA@ABC@@B@@AB@B@B@@@@@@B@@BB@BBB@BB@BB@@@@BBB@B@D@@@B@B@@@@@B@DA@@FAF@D@BAB@B@B@B@B@DB@@D@@@BBB@BBB@@B@BBB@B@@@BBB@B@BAD@B@@@B@B@B@F@BABA@A@@BABABCDADCHGNGN@@@B@@@FBD@JBP@B@BBF@F@HBB@@ADAF@BAD@@DBBBB@B@@B@@B@BBBBB@@BB@@BGD@@BDB@@@B@@BBB@@@@JNIDFNNEB@@@@@BB@A@@B@@@@@NJAFK@@JUBBP@BBD@@@BC@GDMDKBCBLRG@HJAB@B@@@B@@B@T¦\\BBTDFB^JZFJDHBHDJBHBF@DBFBFDHBFBFDD@B@HADAJ@RBh\\LmDO´ĭ¾ĭRqLaVut­ZNgMUDOLSBMI_BMBGEECDJFQV}¨ef©ĸ`lHH@DFNJVBD@BAB_H[AWAA@@AEEIC@A@ADG@ABOAKCC@@EUAGGKCGYƋ"]],"encodeOffsets":[[[123130,34908]],[[123386,34445]],[[123287,34401]]]}},{"type":"Feature","id":"320922","properties":{"name":"滨海县","cp":[119.828434,33.989888],"childNum":2},"geometry":{"type":"MultiPolygon","coordinates":[["@@ň¯ºgRKVI@EGMFkFiRkRq`}R{Hyg[QAI@CBGBA@C@ECEAGAECEACAE@GAIAGCGAICYE]IEACHD@@BA@EAKAAF@@@DA@ADAB@EA@@G@@D@@@C@@AMA@@@@@ADE@@@BNBBBDEAA¥[SA@@@@A@@@ABAGIH@KQDALANCHCD@@A@@AC@AAOVA@IL@BEMI@@@@A@@@@BAA@@@@A@MFEMJCIM@@@@AA@AA@@@A@AC@@HC@AA@@AA@AAAAA@@@@AA@A@AACA@@BC@ABEBC@@AA@G@EAE@A@AAO@IAC@E@@@A@@HMHMDGBCDCBABA@AB@B@BA@A@E@A@A@A@@@ABC@A@AAA@A@@@AAA@A@AA@AAA@AA@@C@@@CAA@A@A@A@A@ABC@E@EB@@CBA@@@@@A@A@@@C@A@A@AA@@@@AAA@@AAA@AAA@@@A@@@@A@A@A@@BA@@@AD@BABCFCFABADCFA@ABAB@@@BABA@CDA@@BCBA@A@ABA@A@A@A@@@CA@@A@AAC@AAAAC@A@AAA@A@@@A@@@A@@@@B@@@@AB@B@@BB@@@B@BBB@BBDBB@@BD@@@BBD@D@D@@AB@B@B@@AB@BAB@@ABABA@ABABA@A@ABC@A@C@A@A@A@A@@AA@AAA@@A@@AA@@AA@A@C@@A@@A@A@E@A@A@AAA@A@AAA@@@AAAA@AC@@AA@@AAA@@AA@AAA@A@A@AAC@@@A@ABA@@@AB@@AB@BAB@B@BAB@B@B@D@D@B@B@B@B@B@@A@@BABA@@@ABA@@@A@A@A@A@A@A@A@AA@@A@EAICA@CAA@A@A@A@CA@@C@@@C@@AC@CAC@AA@@@@AA@@@AA@@@@A@@@@AA@@@@@A@@@AA@BA@@@A@@@@@A@@@@@ABCBABABAB@FADAD@DAF@JADAD@FCB@@ADA@IAEACACCAAAKCC@A@A@A@ABA@A@EBA@ABA@@BC@ABI@I@GA@@CAAE@C@CDEDCFCBADCB@FEBG@@@A@CAEAEA@CCCA@@GAI@A@C@EDCBCB@@A@CAC@EAKACAC@CAA@CAAAAAACACCEIK@@AICE@CEEGCMCEAKCECGCEAE@E@CAAACAACCECEEAEACAEBE@E@CBCAAAAC@CA@@@@@AB@@@@@@A@@@@@@@A@@@@B@@A@@@@@@B@@A@@@@B@@A@@@A@@@@@A@@@@@AB@@@@A@@@A@@@@@A@@BA@@@@B@@@B@@@@@@@BB@@@B@@B@@@@@@@@@B@@@@@B@@@@@@@B@@@@@@@BB@@@@@BB@@@@@@B@@B@@B@@@B@@@B@@@@B@@@B@@A@@@@@@BA@@@@@AB@@A@@@@@A@@@A@@BI@CBGHKN@@@@A@@@@@A@@@@@@@A@@@A@@@@@@@A@@@@@A@@@@@A@@@@@@@A@@@@@A@@@@@A@@BA@@@A@@@@BA@@@A@@B@@A@@@A@@B@@A@@@@B@@@BA@@@A@@@AA@@A@@@@@A@A@@@@@@@@@@BA@@@@BA@@@@B@@@B@@@B@@A@@B@@@B@@@B@@AB@@@@@B@@@B@@@@@@@B@@@@@@@B@@@@@@@B@@@@B@@@@@@B@@@@@B@@@B@@@@@B@@@@@B@@@@@@BB@@@@B@@@B@@@B@@B@@@@@@@@@BB@@@BB@@@@B@@@@@B@@BB@@@@@B@@B@@@@@BA@@B@@@@@BB@@@B@@@@@B@@B@@B@@@@@@B@@@@@@@B@@@@@B@@@@@@@@@B@@@@@@A@@B@@@@A@@@@@@BA@@@@@@@@@A@@B@@@@AB@@@@@BA@@@@B@@AB@@@@@B@@@B@@@@@BA@@B@@B@@@B@@@@@BB@@B@@@B@@@@@B@@@B@@@@@B@B@@@@@B@@AB@@@@B@@@B@@@@@B@@@@@B@@A@@B@@@@@B@@@B@@@@B@@@B@@@@BB@@@B@@@B@@@@@B@@B@@B@@B@@@@@@@B@@B@@@@B@@@@@@@B@@@@@@@B@@@@@@@@BB@@@@@@@B@@@@@@@@@B@@@@@B@@@@B@@@@B@@@@@B@@A@@B@@A@@@@@A@@@@@A@@@@B@@A@@B@@@@@BA@@@@@@B@@A@A@@@@@A@@A@@A@@AA@@@@BA@@@@@ABB@@B@@@B@@@@@@A@@B@@A@@@@@A@@AA@@@@@A@@@AB@@@@@@@@A@@B@@@@A@@@@@@B@@A@@@@@A@@@A@@@@@A@A@@@@@A@@@@@A@@@A@@@AB@@@@A@@@A@@B@@@@@BA@@@@@A@@@@@A@@@A@@@@@@AA@@@@@A@@A@@A@@@A@@@A@@@A@@@A@@@A@@BA@A@@@A@@@A@@@@@A@@@A@@@A@@@A@@@AB@@@@@@A@@B@@@@@BA@@B@@@BA@@@@B@@@@AB@@@@@B@@A@@B@@@@AB@@@@@B@@ADECSGMGUKMGOKOIOM@@AB@@@@@@@@A@@B@@A@@@@@@@A@@B@@A@@@A@@B@@A@@@@@A@@BA@@@@@A@@BA@@@@@A@@@AB@@@@@@A@@BA@@@@@A@@@AB@@@@A@@@AB@@@@A@@@@BA@@@A@@@@@AB@@A@@@@@AB@@@@A@@@@@AB@@A@@@@@AB@@A@@@@@A@@B@@A@@@A@@B@@A@@@@B@@B@@B@@@@BB@@@@@B@@BB@@@@@BB@@B@@@@BB@@A@@@AB@@A@@@A@@@@BA@@@A@@@A@@@A@@@A@@@A@@@@@A@A@@@@@A@@@A@@@A@@@A@@@A@@@A@@@@BA@@@A@@@E@@@@@A@@@A@@@@AA@@@@BA@@@@B@@AB@@@B@@@@@B@@@@@B@@@@@@BB@@@@@B@@@BB@@@@@@B@@@B@@A@@@A@@@@@A@@@AB@@A@@@A@@@@@A@@@A@@@@@@A@@A@@@A@@AA@@@@@A@@A@@@A@@A@@@A@@@@@AA@@@@AB@@A@@@AB@@A@@@A@@@@@AB@@@@@@A@@@@@A@@@@@A@@@@BA@@@@@A@@@@@AB@@A@@B@@A@@B@@A@@B@@@@@B@@@B@@@B@@@@@B@@A@@B@@@@@B@@@@@BA@@@@@@B@@@B@@@@@@@BA@B@@@@B@@@@B@@@@B@@B@@@@B@@@@B@@@B@@@@@@@@@@@BB@@@B@@@@@B@@@@BB@@@B@@@@A@@B@@A@@@A@@@AB@@@@A@@@@BA@@@A@@@A@@B@@A@@@@@AB@@B@@@B@@@B@@B@@B@@@B@@@@@BB@@B@@@B@@@B@@B@@@@B@@@B@@@DADLBHBDHDZJBBHHLRJJHFHHDHHHHFDBDBF@D@DBDBFDFF@B@BABC@AB@B@@BBD@DBPDDDDBB@B@B@D@DBD@DBDDBBBBDDBDBB@B@B@B@BB@DBBBFBHDFBFBD@FBHBB@PAH@F@FAD@B@BB@@@B@BBBB@B@BBBBBBDBBDBD@BBDBBJJFJLLDFFFDDDFBFDHBF@DBB@BDBBBBDJJFFBBDHDFDDBDBJDJFJDFDBBBFDHFLJLHHDJFFDBB@BDFHFNLLLNNVTZVVVLJNLNLLHNLLJNJJHLJZTNLDDBDDF@D@DBD@DDDDNDDDJBBBDD@DB@BBBBDBFDHJPJVBDDFDBDBFDDDDBFDJFFBDD@D@PHHLP"],["@@DGSCCFFBFB@@F@BB"]],"encodeOffsets":[[[122987,35218]],[[123130,34908]]]}},{"type":"Feature","id":"320925","properties":{"name":"建湖县","cp":[119.793105,33.472621],"childNum":1},"geometry":{"type":"Polygon","coordinates":["@@@@BB@@@@B@@@B@@@@BB@JDB@B@B@DBDBDBF@BBDBD@DBFBBBBBBBBBFBFBDBDWAC@Q@QBGAICGKGEGCK@EFIJIFBFBFDB@RJJDBBD@bWHENU@AMCGCGCECIGOKGE@CD[@aF[PgA@CACCAA@@A@C@CAA@CABOBGBC@CAAC@GBEAEAQCSC@@AA@@@@@@AA@@@@@A@@@@A@@A@@@@@@@AA@@@@A@@@@@A@@A@@@@A@@@@@AA@@@@A@@@@@@A@@@@@@@A@@@@@@@AB@@@@@@A@@@@@@@A@@@@@@@@@AA@@@@@@@@@A@@A@@@@A@@@@@@@AA@@@@@@A@@@@@@@A@@A@@@@A@@@@@A@@@@A@@A@@@@@@@@@A@@@@@@AA@@@@@@@A@@@@@AA@@@@@@A@AABCDEBEDG@ABA@A@@BA@A@@BA@A@@@A@ABABC@ABA@ABCBCBA@AB@@CBABCBAAAA@C@A@C@CAI@GAE@EAC@AAA@@@ABCAE@OAMAC@AAC@A@C@GAG@MAA@AAAACCCCCCACA@A@@@@A@A@A@CAA@AAAA@@@BA@ABABA@C@A@A@A@C@A@AA@@AAACACCIEEACAAAAAEECCGACCCAAEACGCEAA@AAEAAAAA@AA@CCEAGCECECEAEAAAA@GEECECA@@@A@A@C@E@A@EAE@C@G@G@E@G@EAC@C@E@G@GAI@I@GAA@E@MAG@IC@@@@@A@@@@@@@A@@@@@A@@AA@@@A@@@@@A@@@@@A@@A@@@@A@@@@A@@@AA@@@@AA@@@@AA@@@@@A@@@A@@B@@A@@@@@@@A@@AA@@@@@A@@@A@@A@@A@@@@@@AA@@A@@@A@@A@@@@@A@@A@@A@@@@@A@@B@@A@@@A@@@@@A@@@A@@BCE@ABC@A@EACAEAA@CACAECEAEA@DC@@@AA@@A@@@A@@@A@A@@@A@@AA@@@@@A@@@@AA@@@@@AA@BMDANC@A@A@AAQA@GA@gEM@AE@ACA@@C@A@[ZDLBD@BAF@DAHGB@@GFAD@@DF@@@BBFBFED@BBJA@AB_CA@@HAVA@@@ET@@D@@@Ol@@A@@BO@KBA@GAKEC@ABKXGR@@B@B@@@@@B@@@@@@B@@B@@@@B@@@@@@@B@@B@@@@B@@@@@@@@BB@@@@@@@BB@@@B@@BB@@@B@@@@BB@@@B@@@B@@B@@B@@@B@@B@@B@@@@@B@@BB@@@@@BB@@B@@@B@@BB@@@@@@@BB@@@@B@@B@@B@@@@@BB@@@@BB@@@@B@@@@BB@@@@@@@BB@@@@BB@@@@B@@@@BB@@@@@@@@@B@@@@B@@B@@@@@@@B@@B@@@@B@@@@@@@BB@@@@@@B@@@@@@@B@@@@BB@@@@@@@B@@@@@B@@@@@B@@@@@B@@B@@@@B@@@@@B@@@@@B@@BB@@@@@B@@B@@B@@@@@BB@@@@@@@BB@@B@@@B@@@B@@@@@B@@@BB@@B@@@B@@@B@@@@@B@@@B@@@@@BA@@@@@@BA@@@@B@@@@@BA@@@@B@@@@AB@@@@@@AB@@A@@@AB@@@@A@@@AB@@@@A@@BA@@@A@BB@@@@B@@B@@B@@@@@@@BB@@@@@@B@@B@@@@B@@@BB@@@@@@B@@@BB@@B@@@B@@@@@B@@@BBB@@@@@B@@@B@@@B@@@B@@A@B@@@@BB@@@@@B@@@B@@B@@@@B@@B@@@@@BB@@@@B@@@@BB@@@@@@BB@@@@@@BB@@@@@BB@@@@@B@@B@@B@@@@A@@B@@A@@B@@A@@@@@AB@@@@A@@@@BA@@@@B@@@@@@@@@B@@@B@@@@@@@B@@@@@B@@@@@@@@@B@@@@@B@@@@@B@@@@@@@@BB@@@@@B@@@@@B@@@@@B@@@@@@@B@@@@@B@@@@@@@BB@@@@@@@@B@@@@@@@B@@B@@@@B@@B@@B@@@@BB@@B@@@@@B@@@B@@BB@@@@@B@@@@@B@@@B@@@@@BB@@B@B@@@@@B@@@B@@@@@B@@@@@B@@@@@B@@@@@B@@@@@B@@@B@@@@@BB@@@@B@@@@@B@@B@@@@B@@@@BB@@@@@@@@@BB@@@@B@@@@@@B@@B@@@@@@@@@BB@@@@@@B@@@@BB@@@@@BB@@B@@@BB@@B@@@@@BB@@@@B@@@@@B@@BB@@@@@B@@@@@BB@@B@@@@@B@@@@@B@BB@@@@B@@@B@@@@@B@@@B@@@B@@@@@B@B@@@@@@@B@@@B@@@B@@@B@@@@@B@@@B@@@@@BA@@B@@@@@B@FLJNDHBBBH@DBF@BB@B@B@@B@BBFBD@FBFBDBJBHBFBFBJ@B@BBD@DBBBDBH@DBDBDBDBB@B@BABBB@B@BBB@F@B@B@B@@BB@@@BB@@BB@@@B@BB@@BB@BAB@BA@AB@@BBB@@B@@A@C@@@A@@B@@@BBB@@@@ABAAA@A@A@@@@B@DDBFDHDB@DBBB@B@DBDBDADCDEBEBCB@B@BBDBDDBDBF@B@D@B@B@DD@D@BB@B@B@D@B@B@@@B@@@B@@AA@@A@C@C@CA@@AB@@A@@@@B@@@@BB@BBB@B@@@B@@@B@@B@@B@@@BA@BB@@@BAD@@@B@@@B@AA@@@AB@@@@BB@@@@ABAB@@@@@B@@@@A@@@@@A@@BA@@B@@B@@B@@@@@@@BB@@B@B@@@@BB@B@D@JBHBHBD@D@D@D@H@F@F@HBD@F@B@BA@@B@BAJ@DAF@B@F@@AB@B@B@@@D@D@F@D@B@B@DAD@DAB@BBD@DA@@B@@@@B@@@D@@@@D@D@D@R@B@AC@GAK@@B@@AB@@@B@@@B@@@@@B@@@B@@@BA@@@@B@B@@@@@B@@@B@@@B@@@@@B@@@BA@@B@@@B@@@B@@@BA@@@@B@@@@@B@@@@AB@@A@@@AB@@@@@BA@@@@@@BB@@@@B@@B@@B@@@@B@@B@@@@@BB@@@@B@@@@@B@@@B@@@@@B@@@B@@@BB@@B@@@B@@@B@@@B@@BB@@@B@@@B@@@@@B@B@@@@@B@@@BB@@B@@@@@B@@@B@@@@@B@@@B@@@@@B@@@@@B@@@B@@@@@B@@@@@B@@@B@@@@@B@@BB@@@@@B@@@@@B@@@B@@@@@B@@@@@B@@@B@@@@@B@@@BB@@@@B@@@@@B@@BB@@@B@@@@@B@@B@@B@@@B@@@@@BB@@B@@@BB@@B@@@@@BB@@@@B@@@BB@@@@B@@@@BB@@@BB@@@@B@@BB@@@B@@B@@@@BB@@@@BB@@@@BB@@@@BB@@@@BB@@@@@@@BB@@@@@@B@@@@B@@B@@@@@@BB@@@@@B@@B@@@@@B@@B@@B@@@B@@@@BB@@@B@@@B@@@B@@@B@@@@@BA@@B@@@B@@@@@BB@@@@B@@@@B@@B@@@@B@@B@@@@@BB@@@@@@B@@B@@@@B@@B@@B@@@@@@BB@@@@@@BB@@@@@@@BB@@@@B@@B@@@@B@@@@B@@B@@@@@@BB@@@@@@BB@@@@@BB@@@@@@B@@B@@@@B@@@@B@@B@@@@@BB@@@@@@BB@@B@@@@@@B@@B@@@@B@@"],"encodeOffsets":[[122882,34476]]}},{"type":"Feature","id":"320981","properties":{"name":"东台市","cp":[120.314101,32.853174],"childNum":1},"geometry":{"type":"Polygon","coordinates":["@@T¹DSAIAEEEECOEDIHaNANGH]COAIDEDAF@PHzBFADK@QOăDYCGEEOCFKIMIIEEECEAI@IHIDI@IBIFGHMBEAKAE@OAWHgQEMIAA@@CAC@@AA@@@@@A@A@C@@@C@C@@@E@@@A@@@@AC@A@A@C@C@E@C@C@C@C@A@A@@@@@@A@A@ABA@A@A@A@A@@@@@A@@@A@@@@@A@@@@@@@AA@@@@@@@C@C@@@C@@@C@@@A@A@A@A@@@@A@@@@@@@A@@@@@A@@@@@A@@@A@A@@@A@A@A@A@@@A@A@@@@@@B@@@@@@@@@BBBBBB@BB@@@BB@@@@@@@@@@B@@BBAFADAHBBBBAAACAC@@@@@@@ICEACAE@C@EBCBC@K@ISGCQE]SGA@AIAGAD^@DAF@F¥EC@CE@MBEC@K@ABAJA@E@K@@FALI@GB@@ADCBE@IAMCKEMEGEKG@ECGKM@@AEGAGBA@CDBJBFABGFBHBDFBDD@FABDF@DCFKHIFCBACC@E@CBAHA@EBGI@AAAEC@GAEA@C@A@AHA@BDDPHVADIHA@ABAB@BFB@DADGBED@BEDIHMG@AAA@@ACACGCCAKCI@EB@BCAOACB@@MACBECECQDW@IBIBA@A@A@@BABABEDA@A@QC@CBW@AMB@@ILA@GBECA@AC@@EDGBE@GAM@I@C@CAE@@TCFB@ABABEFI|OBC@E@GD@FCDAF@@ADA@IAK@KACFEBFbCBGBCACBEDEAEAIEAAAAOBC@C@CAEAIDG@QCBE@CAAG@A@ADABABIC@DGFKEOKMKECWMICqBMAIAI@QCAE@Q@I@ABCD@BABC@EAAKAAABK@IAC@AE@AK@@C@EE@C@EEI@GAGHC@EE@GB@BCA@ACCA@IDA@@F@BDPAJE@ABADCBE@CL@@M@C@@G@G]GMCCBMAIBGCCAG@IEGAGDEBAAABAB@JAJADAB@BCB@@@@@DB@JFBENFAD@D@D@FD@@D@H@DAHCDAB@BDHDF@NAPBDDFBBHHD@FAHABDBBBDBDDJBL@BD@FAPABBBFGH@FRLB@FEJCDFJHDBADA\\BJEJXDXFH@BFFHFHDFFDJFDDDDDF@FAFCHEHCAOEA@KAKACGAAMMGCE@CBEDGD@DG@OBEDAB@BBFFBLH@BABDD@BABCFADCBEB@B@F@BFBDDDDDAFAD@D@D@D@NAFJFLBD@BI@O@@@DLDFJFJLBB@H@FA@J@H@DBFNBDAHSD@@BDBH@DA@C@A@@@ABABC@C@C@CBC@M@A@@BBHBF@B@BBBB\\BDADGF@d@B@HABrCFA@KBEJAN@HCJBR@@BBBHB@H@FHAJ@L@HAT@RAF@D@@G@ABABA@@D@D@DDBHB@BAD@B@DCBA@@B@@BBB@@@@F@B@DBD@B@B@D@BBD@D@D@F@B@FBB@D@H@@@DA@@B@BDD@@BFDDDB@@BDBBBDBDDB@DDBBB@B@@@B@BBD@B@H@B@FAB@D@B@B@B@H@B@B@H@B@B@F@B@B@D@BAD@B@F@BBD@B@BAD@B@BA@@BAB@@AD@B@DADCB@BAB@B@BA@AB@DA@@B@BBB@@@BAB@@@B@B@BA@BB@B@B@B@B@BA@@D@B@B@@BB@B@F@@@D@BA@AB@D@BA@@B@B@@@B@B@BB@@B@B@B@B@B@D@D@D@D@D@BADBD@FBD@BBD@@@B@B@DAB@B@@@B@BBB@BBBBB@B@@BB@@B@@BB@@BBDKUODGFBNFPFJBFBDBFBDDJFNHLFDBDDHDDBLDHBFDLFJFHBBBHF@CBEBIAAJABA@CDCAC@EACVO@GBAHBFCHAFEFAD@DBD@N@H@FCHEHED@F@FA@@F@JAD@DDHFHDFDRJ^V`N@^\\@@Pj@@R@´A@V@B@BCBAB_HDFDBLDDD`VD@D@P@@@F@RAN@tV"],"encodeOffsets":[[123812,33812]]}},{"type":"Feature","id":"320904","properties":{"name":"大丰区","cp":[120.470324,33.199531],"childNum":1},"geometry":{"type":"Polygon","coordinates":["@@BANUNQJGd[TYJUPKTYHOAOBKLIRGRSRuHUTAPSXDUBQJ[J[TQVQPY\\E\\DRARCPINMHSBMCKEGIAGO@eLET@PIHSGUMMOQCQPTPqLYPYLEnQRIFGHUsUM@QBE@@@O@C@C@_UCCKCCACE`GBADA@A@A@U³B@@Qi@@O[@@]_M]UQIECGCGECCC@IBE@@@EBE@C@GFGFEDG@M@C@CAC@EBEFGBEDGAAB@HUPBD@FBDCD@DABIBBBAJAF@DGEAAGAIEKEECGAKCCAGCCCCAKEMGIECCEACAEAIAOEMEEACHVPCLAA@@AA@@@AA@@AA@A@AAAAA@AAA@@@A@A@CBA@A@@@C@AAC@EAC@CAABC@C@C@C@C@A@A@A@A@A@@@AAA@A@@@A@A@@@ABC@A@@BABC@@@E@A@A@@AA@A@C@@@ABA@A@A@A@A@@AABA@A@@@A@AB@@A@AAA@@@CBA@@BABA@A@ABA@CDCBA@C@@BA@AB@@ABA@C@ABA@C@AAE@A@C@ABC@A@A@E@A@A@G@A@A@G@A@A@A@C@A@EBA@G@A@C@AAA@@@A@A@AACCA@CCCAAACA@AA@CCEC@AC@ACA@@@CB@@G@C@A@EAA@E@C@C@C@AAC@A@A@C@CAA@E@@@@@AA@AA@@@ABCDA@C@ABA@AGCCC@C@@@ABAB@B@HBBBBDBHDFFBB@BAJ@BBBDB@DBBA@IBABC@@D@FBFB@FAD@BCB@B@FBBBBB@D@HAFAB@B@BDDBBBDBDBDDFBDDHBDBH@DBDADADAB@D@HAH@H@L@D@FBF@D@BBB@D@D@D@B@DBH@DBD@BAB@B@@@D@D@DABAD@B@BAB@BA@A@ABA@A@@BBB@@B@@B@BABCBABCBEBABAD@DABCDAB@B@B@BBDBB@B@@@D@B@D@D@D@@AD@DADABA@@B@B@@@BB@@B@@@D@BBB@B@BBB@B@@BB@B@BBD@B@B@B@DBB@BBB@B@@@@CBEBE@C@EBC@C@E@G@K@E@C@A@CAA@A@C@GDEBABA@@AA@GBE@C@E@C@C@GBE@EBG@FJDDALBBBHAFKJBBBBDBB@ZNNHPNFFNLNLNLNLJHJFJDFDFFCBABEHEDABEFPLFDHFFDDDHHBBNJDBZHFDDBNFHDHBZXHGRITICCJCDADAB@@A@CHMVADKNAF@BB@PHNDDB@@@F@F@FAPCH@D@DEF@BA@AAAAA@@@AAAAA@AA@@A@A@AAA@DLALGHGJ@BEDADAB@D@D@DBBHFNHFBFBDB@@THHDBDBDDHDB®RLh^|WLBB@@B@@B@@ZVFARI^Z@BBBDBFD@BFF"],"encodeOffsets":[[123484,34394]]}}],"UTF8Encoding":true}