{"type":"FeatureCollection","features":[{"type":"Feature","id":"511402","properties":{"name":"东坡区","cp":[103.831553,30.048128],"childNum":1},"geometry":{"type":"Polygon","coordinates":["@@F@DADCHMFMBCAAEI@A@AFAH@@A@AA@G@E@C@C@A@AC@EBEDC@C@A@AGE@A@@@ABC@@CE@C@C@EBMBGDGDEFIDCFATID@J@HADADAJEFCD@DBBBBD@@BBD@H@D@@@D@BABCBADADAFAJAD@HAFAD@FBF@BBDAD@D@DCDEDAFCFCHAFANAD@D@DADA@ADEBAFAHAL@B@@B@H@BDBD@JAJGBEAGAGAIBGBIBKFEDAF@FDDFBDAF@JFNFLJLFBJ@LALCPGJANGLGLGPGHG@O@GDEDCHIFIDIHUDK@K@M@GAEEQAC@CAACCCCAAAAAAACBCBCBA@A@A@CBCBABC@@@C@@AAGECC@A@ADC@A@CAAAAAAACAA@A@ABCFG@@@A@@A@ABABC@@@AAA@BA@A@AAAEACAA@AA@A@ADCDC@@@A@A@ACEAACAC@EBCHABC@C@GCEA@@CBC@E@A@ABA@@B@B@@@@@BA@A@C@AC@C@AA@A@A@@@@BCB@A@A@C@A@A@@@ADCBAD@D@D@BAD@BADAFCHAD@B@H@B@B@@A@ACGBCBCBCDGBA@C@C@KBE@ABEBCBA@EBABAB@B@BC@@@CAAEECECA@A@@FECB@GCEIGKESFKFODIBCCC@A@ACAA@AAIC@AAEBCBAB@BBD@B@BCBE@A@@A@ABIAAC@CBKJGFC@E@@A@@CBCDABA@CAAAAC@CBC@@BABADACAA@A@A@CBA@ADABA@A@E@CA@AECCCCAAA@@ABAB@@CDGJIFG@EBG@IDCDCFEJINGDIAGIAMAIAO@IBGPCNIHK@KBKGAOBQFODI@QBOBK@SCMAOCMEA@EDI@AB@BC@@@AB@@CBA@@@@BBB@B@@DB@D@@ABEDAAA@KBCBA@@BAFAB@BB@@BB@@BABABE@A@AB@B@BBBDB@B@BA@C@ECC@EB@@AB@BBB@BAB@@EBC@@@@B@BDD@BBD@@AB@BBJAB@BCBC@EBEBA@CDCBEBCBKBC@C@A@@ABCBE@@AAEAAAAAC@AAC@A@I@GAABA@ABA@A@C@A@CAIGCA@A@C@@A@AAEBA@CB@@@@CBCB@BB@EDABGBCBCBB@@B@B@BCBAB@B@F@B@DCBCF@B@BBB@B@BCDABA@EAGAA@C@A@@@CF@BABA@A@C@A@A@C@CCA@C@IDCBEBABABAD@B@@DB@@@BBB@B@B@@@BADA@ABC@@BABBB@@BBB@DBHD@BA@@BABEHAD@B@D@BBBBBFDB@@B@BLPFJHPBJ@@@@DBB@BB@@AFGNEFABC@C@AACGA@A@ABGFABADBDA@C@C@C@IIGCC@A@CDAD@DADAD@BC@A@A@@A@EACA@A@A@A@AB@BCPADADAD@DBL@FBF@D@BADABABG@CBGHIJABAB@B@B@LDH@BD@D@FAD@B@@BBDABBBBDFLBBHJDBDBDBF@B@@B@B@@ABCBADCFAH@D@DBBBDBF@FBDBBHDTHHDHHBDBBBBBBBB@BB@@B@@@BB@@B@@@@@B@@@@@@A@@@@B@@@@@@@@@@A@@@@@@@@@AB@@@@@@@B@@A@@B@@@BA@@BA@@B@@A@@B@@AB@BA@@B@@A@@B@@@B@@@BAB@B@@@@@@@B@@@@TFJDPDFBDBB@BFBDBBFBTH@@B@FAB@B@B@FHBBJ@BBFBD@F@JAHAB@@A@ACCACAABABAB@D@DBDBBBDFLRBDDL@@B@BABADCBC@CDABAHARID@B@BD@LEL@B@FB@@BABEFAB@B@DBFDHBDFBB@ZDTBNDJDHF@@@@BAB@BBB@B@@@@B@@B@@B@AB@@B@@B@B@BBBBB@@BB@@@BBA@@B@@@B@D@@B@BBDB@@@B@@@@ABAB@@C@@@@B@@@@@B@@CB@@BBBB@@ABB@B@@@BAB@@@BBD@BB@@B@@@BD@@AB@@@B@@B@@@B@@@B@@B@B@@CBABA@@B@@BBBDBB@@"],"encodeOffsets":[[106205,31007]]}},{"type":"Feature","id":"511403","properties":{"name":"彭山区","cp":[103.8701,30.192298],"childNum":2},"geometry":{"type":"MultiPolygon","coordinates":[["@@B@JDDAD@F@FADAFBDA@@@A@@@AECAACAAA@C@ABCBE@@DCBADG@A@@BEFCDCBA@@BADC@@DC@@DADAD@D@DA@@BC@BDC@C@@BCBA@@BC@@DABA@@DAB@BA@A@C@@AMAA@@@EBCBCBCDA@@DABA@@DABC@ABC@ABAA@@E@AACCAICGIAE@EBEDIDGAIEKEGECAGAACGGIHGBA@A@ABABADABCDAD@DA@@JAH@FCDABA@CAA@CEECAC@KAA@@@AECM@@DCJEBABA@CCEAE@ABCDA@ABAEKGIO[GHOHKHKHMHIBOHKDKBI@EAIKEKEM@IBEACCEECE@CBEFALAJAHBJBHBHAFIHIBC@CA@A@G@AA@K@GBEBABCF@BCBCBC@C@MBEBGBEDEDCBCFCDC@C@CBAAE@EAC@EBGBC@IBEBCBCBABADABC@@@C@G@C@AA@@ACAACAC@EDIFCBCBGBI@C@SJEBCDEJCFCHAHAN@F@D@DDF@@AD@B@@@BHF@B@B@DCDAF@FBDB@D@D@F@H@B@@B@BG@EB@B@BFJBBADENGNCDCBE@DFBBDAB@B@@BBBDDBBB@D@JCB@B@B@@BBD@D@DILIL@D@B@BBBDBF@H@B@BAFEB@BBDBB@FA@@BB@N@DDDB@DBH@D@BADAB@B@BB@@@D@DADAD@BB@FJDBDDLDFDJFNHFBD@FAJCF@B@J@V@DBF@FATAB@D@DBDBDBFBHB@@@@@@N@DBDBDJ@BD@@A@M@ABADADGBABA@ABEBABA@A@A@CDAB@NDHBH@D@HADABB@DBHBDB@A@BBD@DB@@BD@B@DAD@AAD@@CFAB@DBBBD@@DBDB"],["@@@AB@BADA@@@A@AA@@@A@@@A@@@@A@@BA@@AC@@A@@@AAC@AA@@A@AB@@A@A@BA@@AAAA@@DA@@@A@@@@@A@@D@@@BABA@@@@@A@@CAAAA@@@@C@A@@@AB@AA@@A@@AA@AAAAA@A@@@@AA@@B@AA@@@@A@@A@A@AAA@AB@@@BCB@BAB@BBBA@@@@@B@BB@@A@@@@@@B@@BB@@A@ABA@A@AB@@@@@@BBAF@B@BA@ABC@A@@BAB@FBD@@@BB@@@B@FCDAF@@@BB@DBBFBB@F@@A@@EAA@@AB@HADABBD@B@BBDDDH"]],"encodeOffsets":[[[106414,31088]],[[106202,31003]]]}},{"type":"Feature","id":"511421","properties":{"name":"仁寿县","cp":[104.147646,29.996721],"childNum":3},"geometry":{"type":"MultiPolygon","coordinates":[["@@DBBBABA@@@C@C@A@CBCBAB@@@B@B@BB@HB@@@DA@ABG@A@E@AD@B@@DBDBBB@B@B@BC@C@@@@@@@@B@@@BA@A@A@A@@@AD@D@B@B@BBBBBBB@BAB@DABA@CBABA@C@CACCA@A@A@ABAA@ABC@E@A@@AAEBA@E@A@A@AAA@A@A@AB@BBDBBAD@BABA@A@AB@@ABBD@B@BA@AB@B@D@BBBB@BDDDBB@BABABA@A@AAA@AAAGCAEAG@AB@DBNDH@@@DBB@BBB@@@@@B@B@BA@@BA@@@ABA@C@CA@@A@ABAD@@CDA@A@A@A@ABA@CBC@G@CBC@E@EAA@AA@@@MCAC@CDCDA@C@EAC@AB@@@BADABMDABCFA@ABAFAF@DCDCFC@A@A@A@@BA@@@A@CBABBDBB@DABE@@@IDA@A@GEA@CBA@ABAD@@@DADADABABC@A@ADADCDA@ADA@@BAD@B@FAFGDABAB@@EDABAB@B@BBBBBBBH@B@D@BBBBBD@BAB@DBB@BDFBBBDDDBDB@JBBB@D@B@F@B@B@B@@ABA@E@A@CAAAA@CBAD@D@@@D@D@D@BABABCBEBA@A@EBEAC@A@A@C@A@ABCBABA@AAAA@@C@A@AB@DBF@B@BD@DBB@DFDFBBBB@@BBBF@D@B@@@D@B@B@B@BAD@@CBCBAB@B@D@B@BA@A@AAA@AA@A@A@@CAA@A@EDCB@B@BA@A@A@@B@BA@ABCBCB@@EAACCAC@A@EAA@CBABC@EBA@CAA@AAAAACAAAC@AAAACA@@@AAAA@AAACAC@A@AAEA@AAAAAC@C@ABA@ABADA@CBCBA@CB@CCC@@A@ABABBJ@JJFDHJFNDLFLHFHBHANGBECGEGEI@GBKNOXABEF@@@BDBDFFFBB@D@@ADA@A@ABAB@FABADAF@BAF@L@D@DABCHADADADDH@B@BA@A@G@A@C@GBEDCBABC@ABC@C@C@ABCD@B@@@B@B@D@B@BDA@A@@B@B@B@@B@DBDD@B@B@@A@@@@@A@AB@BAB@F@D@DA@@FBHDD@D@BADGFAD@DBBBDF@B@B@B@@CDCD@B@BBBB@DBFBBB@B@BABB@BB@@D@BABAB@@@@B@@EHAD@B@BBBBDBBBBBB@D@BCD@B@BDDHFBB@@@D@@ADABAD@D@B@BABADADBDBBBBBBDDDDBB@DBDFRBF@H@N@LCLGVCJEJGJCDCF@H@PP\\HJFLAB@BCBAD@BBFDF@DABABIFCD@@DNBF@@B@LBD@DBFF@DBB@DABCBEDG@IB@@CBC@CBADCBABAB@B@BABGHHJDHBBBHFDFHFLBJCHCJAF@FBFHJJDDBBD@B@FB@B@DCDCDCBCBA@@BCDA@@B@B@FA@@HB@@DB@@HD@@BB@@DB@@D@DAB@DB@@FDBBD@@ABC@E@@@@BA@AD@@@FDLD@@LD@@D@B@BC@C@@@ABA@@BABA@@B@@@D@BB@@DD@@BBB@@@B@BC@@DG@@BAA@DC@ABA@@DA@@D@DBDBB@DA@@BA@A@@AA@A@@@A@A@@B@@@BAB@DBFBA@D@DABABCBABEBABA@@DAPCDAB@B@BABC@@@A@@@CBCDA@@DA@@D@D@@@JBBB@@DD@@B@BBBBHBFBBBDB@@BBFDDD@@BBDB@B@@BB@D@H@@@B@D@D@A@F@B@DBB@D@B@@DDBBB@@BDLBBBDDBDBBBBBBD@@BBBH@B@D@B@@@BBDDB@@DB@@BB@DDDA@DHBHBFAF@B@BDBBB@@BBFFBDBBBD@@@@BBB@D@B@B@@ABEBADABADG@CB@BAD@BBFDDBBB@@D@FAFCJAHCF@BADABC@C@@ACAAA@AA@ABG@C@K@AKI@A@A@ABC@C@@AC@@@A@@@ABADADCB@@@BBFFB@B@B@@@@A@C@@BABADCBA@AA@ACCC@@A@CA@@@@CCECAA@A@A@ABCBADAFAB@FGDA@ADBD@B@B@LED@B@JB@AB@BADGHK@E@CAA@A@A@A@ABABCB@@AB@FDDBB@DBB@@ADCHEBCFCJEDAF@F@B@BADE@CB@BAB@B@D@NDFBFBB@@@BABCBADABABABAD@HAPAB@BALGNGBABA@AAAAAA@A@MBC@@@ACBABCFGHAJCHEXCB@FGBABG@EDQ@C@ABC@A@AAACGHIDCDAB@DAJ@DBD@D@@@BA@@@ABC@AFEDCBG@A@CBADE@AGCA@@A@AHIFCLGD@D@DBB@B@@B@BAB@B@BB@@BBB@D@BBB@BNEBBHBB@DA@A@A@@@A@AHEDCBA@@AA@AB@@ADAF@F@DBFDD@B@JABABABC@AAAAAICAA@AB@B@B@D@DAB@@A@AEEACEAEAG@A@AA@A@A@EBCDCNKDCBA@C@@A@@@E@KDGBC@EAAAAAACACAC@A@A@CBAB@BAD@B@FBD@B@@@@A@@AAOMAAAE@@@CBABAB@BA@@@A@AAACAAIAA@A@A@A@AAI@@CAAA@@@A@@BAB@DC@@B@D@B@@BB@BBBBB@DAB@DA@@DAB@BA@@HEDC@CA@EA@AAA@CAA@AAA@@AAAEAAAAA@CC@A@AAC@AAAAE@E@@ACA@@A@GBC@@D@@BBBDBB@@@B@@A@AAA@A@AB@BA@@B@HAH@BABABCB@@C@A@AAA@@AAEBA@A@AAA@@C@@FEBAB@BABABABEBCBA@@BAD@D@@@BC@A@CBCAC@AACAA@ABA@ABAD@B@FAFABADCBCB@@C@ACECCCAA@A@@A@C@@@A@AAE@ABC@ABA@ABCB@D@B@BA@A@AAAAAAAA@EAC@C@@ACCCEACEG@AA@@@@@A@@@@@@@@@@C@@B@@B@A@AAG@A@CAA@@ACAEAC@GBCBEDA@C@A@A@A@AACAA@EAAAAACB@BADADADABABBDBB@B@BDD@DBB@DADADABABAAAEEAAAAAA@A@A@AAA@AAAE@@AAAAA@AAAECA@A@CBA@A@AC@AEAA@ABIBAA@@CGCECEAACGCEAGAA@CAA@EBA@E@EBAACAAAACACAEAEC@AAC@A@AAAA@A@E@A@ABCBC@EACACBC@CACAAAA@C@ABABABC@A@A@@BABABAB@DADCHABAB@@C@A@CACACAAAA@EACAAAAAG@A@A@AACEACA@CDA@ABA@AAA@@AAAA@ABABABA@A@AAAA@A@A@ACAC@A@A@@C@AAAAACAA@A@AAA@C@AACACA@A@@@CBCA@BADAB@DCBAB@JEBEBA@EAAAACAAACAG@A@A@CBEB@BEDAB@DABGFA@CBCA@AA@@AAEAAA@CAAA@@@E@AA@@ACAA@AAA@@A@C@AAA@ACACE@A@C@AAA@@A@@AC@@AAA@A@A@A@AAAAACAAAAA@CAAA@A@ABCBA@@ABC@ABCAA@AAACCAC@A@GAA@@AAC@AA@A@@AA@ABC@AAAAE@AAACAAACA@@C@A@ABABCBA@A@C@CAEAA@A@A@@BA@@B@B"],["@@@@@@@@B@@@@A@@A@A@@B@@B@"],["@@AC@@@B@@@@@@@BB@"]],"encodeOffsets":[[[106752,30348]],[[106735,31009]],[[106992,30571]]]}},{"type":"Feature","id":"511423","properties":{"name":"洪雅县","cp":[103.375006,29.904867],"childNum":2},"geometry":{"type":"MultiPolygon","coordinates":[["@@BAB@B@B@BFBB@@B@B@BA@C@ABADANA@A@A@ADADIFIBGBSFKDEFAF@HBDFDHFLHLHJJDLBJCNEPGLEJGLGLGLGRIPELCRDRFPFHEHILKHCLBP@JAPGLDFFJLLFHAHGJKLMFKJKJKHIFKJQJIBC@AEE@@AA@A@A@C@@BAFAAA@A@C@ABAB@DANBBA@@@A@@@AECA@@A@ADAF@HABABABE@AaE@B@@@@@BAB@@@@@@@B@@B@@@@B@@A@@AA@A@@@@A@@AAAAA@@@@@@BCAC@AA@A@@BA@ABAB@B@@@AAB@@@@@@@@BB@@@D@@@@A@@B@@@B@@@@A@A@A@@B@B@@@B@@MA@A@C@AAA@@AAEACAEBAAAAACCAACEAA@@A@ABE@GACCA@CECEAAAAABKFIFG@IBK@EAO@I@EAA@C@EBA@@AAA@KDE@@AA@ABC@CAG@A@A@@BEEKACBCFMHEBC@C@AAGCGACAAC@ABABAH@B@F@DCB@@CAA@A@A@@BABA@A@C@AB@B@@@B@D@BA@@@A@A@CCAAA@A@ABBB@B@D@@ABADABCDADADBBFFHB@B@@ADCB@@G@C@CBA@AHA@ABAAA@@CGIIGGCCBCBCBG@@@A@@@A@@BA@A@@@@C@@@@A@A@ABADA@ABABA@E@@@E@@@C@CAA@A@@@A@A@@@A@@@C@@A@@ACACA@C@EBA@@AAA@IACAEAAECCAEACCCECA@EAE@C@ADD@AAC@AEEAEACAALGBABEACAACAKECAGICCAE@C@M@EBEHKAAEEEEAA@AACBADELGBA@A@IACAABA@@JA@BD@@@B@@@@@@@B@@@@@BBDB@@@@EF@B@DB@F@DBHBFBB@B@BA@A@@@AA@@AA@A@@@A@@@A@@@AA@@@@A@@@@@@AFEBAD@D@BABCBA@ABAB@F@FDFBDDDBBDBJBF@DADGFAD@BBBDBD@D@DABADA@ABAAAAAAC@@BADEBC@EDABC@CBCD@D@HDD@DBDABABEBGGDC@CACAAA@CKIKCGCICECICC@ACAC@EBADO@CAAIAAAACCIACAAACA@E@EAECEGACEAG@EACA@CBEAA@AAAIAGBODEBEAEACCGE@ADCBCDKACACBKACA@AAA@A@A@@@@@@AA@A@@@AA@@CAAC@@@@ACAEAE@CAA@A@@BAJO@@BA@@DGDEBC@@@A@@BCDE@@@A@@EE@@A@AA@AAC@@AA@A@A@AACCEAAAA@CB@BADADAB@B@D@F@@@@@B@@@BBB@@@DB@@B@@@@@D@DAJ@F@FADAACCCCCGCECACEI@AAE@AACC@C@AAGCEAKCM@IBMFOAM@MBMBOBKAKAEAAEEGAQ@IAMAMCKAK@IKEQCO@MDEBEBEDCDEFEDGDG@E@E@EC@C@CAAEAE@CBCAGAEAC@EACCECE@EBEBGDEBEDCFGFGBEFCDCDEBE@CCG@GAMFIDGBG@C@@AEAGGGGCGCEGIIGIEGCCACCAECCCEECAC@@BCBC@ECBCBC@GBI@MBQ@QAG@IBMDKDSFUFQFKBMLMJKLKLILKJGHGDIHGFGH@FBHFH@@JNNNRNBDBHBFBDFFFHFFLRHHLHHFJDJDPFLDJFHFFDFFDFBFDJAP@N@NFRFPFJDN@NCJALBJAJBNAN@PBFFFFFDDBD@DCDEBADAF@FBFDD@D@DAFADADCDAFDBD@@BL@fRF@D@@@@CB@FENGHEFAJAL@J@FBBBBBBB@@@@BFDDBD@D@BBDBB@@BBB@@@@@@@B@@@@@@@F@FBB@BADABCBA@C@ABA@@@@B@BAB@B@BAB@BCBCBA@CACAAAA@A@CDADAD@F@F@D@DADABCB@@@@A@C@@BA@@B@@@@AB@@CAC@A@@BECC@EBCDC@@B@D@D@BBDDBBB@@@LFHDDBB@BABABAB@B@D@B@DBD@B@D@B@D@@@@@DDBBBBBB@BBFBDD@BABABCDCBCDAD@D@FADEFEDCLIFCHALAJ@FDBD@BEH@BAD@DA@@BCDCB@B@B@@@B@B@BBBBB@D@DABAB@D@B@B@@@DNLFFFB@@@B@D@B@BCDEFAB@DABABADABJBFBHBDDFBDB@DAD@DBD@BABCBIDGBCBGBCB@BAFBFFBFDFBHDFBHBFBBF@D@FAHCHAHAFABCHKNGNITITAJAFCJENGNENKJKFKHKFGHGJCF@JDJHHJJFJHDNFLDLBHBJBPFNBPFPNFDDFFDDDH@H@D@D@DA@ABCB@D@BBBD@BBDAD@BCD@B@B@DABCDAFADBB@BB@B@FAJ@H@F@D@FDBBFDB@BBB@HAF@DDBD@D@DAD@BBBBBBD@BBDDBDBBB@BA@ABEDID@@@B@B@@@BD@BBJ@DBD@BB@@"],["@@@C@CBOAC@A@E@CAACAC@A@IDGDA@@NB@@@@B@@ABB@@@B@@@@@BB@B@@@BA@ABA@@BA@@BbF"]],"encodeOffsets":[[[105718,30723]],[[106019,30578]]]}},{"type":"Feature","id":"511424","properties":{"name":"丹棱县","cp":[103.518333,30.012751],"childNum":2},"geometry":{"type":"MultiPolygon","coordinates":[["@@@@B@DABA@@BA@A@AEC@A@ABCJOBEDCB@HAB@F@FBHFDFDJ@DAFAFCDGFEBEBABCDEL@DDDF@HBFAHGD@B@@@FBBBB@@ABA@GACAE@ABADADCDA@ADGBK@CB@@@BBB@JRNRNNDBB@HC@C@CBGDEBCDABA@@@A@AA@E@CACACAGIAAEKACAABAAC@AA@C@EBC@C@@ACG@K@A@ABABAJIHGDAH@BABABC@A@CAE@EAK@CBCBCBCDO@ABAB@B@B@B@BD@F@BB@B@D@@ABCBC@CBCDCB@D@HDJJD@D@D@B@ACBCBAHEBAB@B@DHBBD@D@BAFEHMBE@@AAA@CA@@@@AIGOEIKO@A@AA@ECAAAA@A@C@ABCFGBA@AB@@AGCCAA@AA@@AABA@AD@BAB@BC@A@@@A@AAA@A@@CA@@@ABCBABAFADAJCD@B@DDD@B@B@D@B@B@BA@ADE@@B@D@B@HBFBB@BADC@A@AAA@A@ADEDA@C@A@E@ABADA@A@A@AA@@AE@AABCB@BABABADC@E@E@@AACCGEIEA@AAA@ABCB@BAAEA@A@@@ABAB@BA@ABCB@B@B@D@@@@AACBCBAB@DA@CCECAA@CAA@AAAA@AAAA@AAA@A@ABA@EAC@CBAAAAAA@AA@CB@@E@ABA@ABA@@@A@A@@@A@@@A@A@A@A@@@@B@BA@ADA@A@C@A@AAA@AB@B@@BB@BA@@DA@ABE@@@ABAD@BC@E@CAAAC@@AEBAB@@@D@B@BBB@@FF@BADIJIRELGJILILELKNILGHGBKEIKEEKCOHIBO@KAGDKLGJGFOEQEQCKDOFQJKHKHKHIHKFOHMFIDKAICGIGKEKCGCEGAE@EBCFELATAHEJCJCB@B@B@BMBCBAB@B@DABA@A@@@AAAEA@A@A@ABBD@@BFBBBFBBA@@BEDA@@B@BDB@B@DBBHB@BBJDJFNFJHHHJPNFDLHBBB@LBB@DBBBBDBJFJDDHFB@B@DABABA@AAACG@AFEJEDABBLDFBD@JAH@D@FBBBBD@B@H@BBBDDBBBFFP@@F@B@FS@A@A@@BAB@DBHDB@BAB@DGBABA@@BB@B@H@DFJBBDBB@FEDAD@F@DBFBBBDAH@FDX\\DBFBBBBDB@DBBAHMB@B@D@FDBB@B@D@B@D@BBB@BB@"],["@@A@E@A@@@A@AB@BAD@B@@BB@@D@HBB@@B@@BAB@@A@@BAB@@@@@BABA@@@A@@CAGA"]],"encodeOffsets":[[[105923,30843]],[[105927,30843]]]}},{"type":"Feature","id":"511425","properties":{"name":"青神县","cp":[103.846131,29.831469],"childNum":1},"geometry":{"type":"Polygon","coordinates":["@@BAPWLMHAJ@HFHFFDHABMAGEGKGKEMCIECGIE@IAI@@A@@AAGCCAAA@AAGAAA@A@CFA@ABABEBABAFAB@BC@A@@@C@AABKCA@GAABA@ABA@AB@BABCBA@A@@@CAAACAC@A@GAA@AA@A@EAI@ADGBABAHGBA@AC@A@AAA@AAAAEE@CAG@ACAGACAGC@@A@ECA@@AEBAAAE@ABCBALBBABABIAEAAC@GFA@CAAAEO@C@G@E@A@AACAAAAACCAC@C@M@E@CBA@I@G@GDEBEBCAAA@CAG@CC@KECCAAAAA@A@C@A@C@A@A@ABC@E@EAC@CAA@AAKIKIEEC@ECA@C@CBA@C@CCIAG@CAAAAC@C@CAAABA@@AB@@AA@@BA@ABC@EBCBABAB@@IPADABABE@E@C@A@ABABADCDADA@ABA@AB@@CBC@A@A@@A@ADABC@A@AAA@AA@AAC@C@A@A@A@AACCAAA@@AC@C@CAAAC@AAC@C@AB@BAD@D@F@BBBBBB@BB@B@BABAF@D@D@BAF@@CHABABABA@CBABAB@DABABEFABAB@BBB@BBD@DCD@D@B@BBD@@DBBB@@D@FCB@BAB@DADBB@DBBBBBDA@@D@DBDBFDFB@ABAHADCJED@@B@BAHAD@B@D@@DDBDDBB@B@DBD@B@B@BB@BAHDD@D@BABCBC@CBA@AB@DBBBF@B@DA@A@E@C@A@CBA@ABAB@D@B@D@BBD@B@BBBBBBBBDBB@DAB@BABA@ABCBAB@BAD@BBBFD@B@B@DABA@A@GACACBA@IDA@@BB@BFBBBBB@FBD@@BBBEHAD@@ABGF@@J@FCB@NFPDNBTDL@PARAJ@PCREPAHBAL@LGLMJODAH@JBPBJBNHJJBHCJMFIDEDCJCH@FAH@JEHIDC@@BABA@@BBDBDDFD@BDBF@B@B@BABCB@DAB@B@B@DBCBABAB@@AD@DBDBBDBB@BADCDA@@@BF@D@HELIDAD@BBAJ@B@BB@F@DA@A@AAC@ABADAFABBD@BJ@BBBBDB@D@DDJAPCLETELFJHDF@HDA"],"encodeOffsets":[[106454,30630]]}}],"UTF8Encoding":true}