{"type":"FeatureCollection","features":[{"type":"Feature","id":"330602","properties":{"name":"越城区","cp":[120.585315,29.996993],"childNum":1},"geometry":{"type":"Polygon","coordinates":["@@DCFKFGJEJGbUJGJGB@DABAB@BA@@DAD@BAD@HA@@DA@@B@HAF@B@DAB@D@D@J@D@D@B@@@@C@A@@@A@@@C@@D@@@@AD@@@BA@@B@@@@A@@A@@@@A@@@A@@B@AAB@AA@@B@AA@AB@@@@@DA@@@@@@@ABB@@@AA@@@@@ACB@ACB@@A@@@@@A@A@@B@AAB@@@@BB@B@@A@@@A@@AA@ADA@@@AAA@AAAAAA@CA@AA@AAA@AAAAC@@@AI@CAGDBB@B@@AB@DBFBBB@B@@D@@@@A@@B@AA@A@@B@@@B@@AF@@@@@@A@A@@B@@@BB@AB@@BD@@B@@DCDC@A@@A@A@@@@A@@@A@@@AB@@@B@@A@A@@@@@AAB@AB@@@@A@@@@BA@@@@@@B@AABA@@BB@ABB@@@@@A@@B@@@@A@@@A@@BA@@@@@@AA@ABA@@B@B@ACDAB@D@@AD@HA@@B@@@@@B@@@@@F@B@@@@E@A@@A@@AB@@@A@@AA@@A@AAB@@@A@@A@BAA@@@B@AC@@AA@@C@AB@@@A@@@CBA@@A@@A@@A@ACAC@@@@B@BA@@D@@@@@@B@@@@@@@@@B@@@@B@@@@@@A@@@@@@@A@@@@AA@@B@D@@@@B@@BA@@BA@@@@@B@@FABA@@@@BAAA@@@@CABAA@AA@@@@@@@A@@@@B@@@@@@@BA@@AAB@@@@@@@AA@@@@BC@@BAB@@@@@BA@@A@@AA@@A@@A@@AA@@@@@@A@A@@@A@@@@@AA@@@@@B@@A@@@@@@A@@@@A@@AB@@@A@@@@@@AA@@@@@@@A@@B@@@B@@@C@@@@@A@@@@@@@@B@@@@AB@@@@A@@@@@AA@A@@@@B@BB@@@AB@@@@@@@@@@@@AA@ABA@@AF@@@@AAA@@A@@@@@B@@A@@@@C@@B@@@@BBA@A@AB@@@@AB@AAA@@@@@AB@@@BAB@@A@@AB@@AAA@@A@A@AB@@@B@@@AC@A@@A@@A@@BA@@BA@AB@@ABA@@B@@AB@B@BAB@@@CA@@A@AA@@@A@@@ABA@@AC@@B@@@AAA@AA@@@A@@@C@@AA@@@@@A@@B@@A@@EACE@@B@B@@@@@@A@AB@@AB@@@B@@@BBBB@A@A@@AAA@@A@@BB@A@@@@A@@@@@@A@@@A@@@A@@@A@@@@@BB@@@@B@A@@@A@A@@@@@A@AB@@A@@@A@@A@A@@@@@@A@@A@A@AA@@@@@CA@@AA@A@@@CAA@@A@AA@C@C@@@ABA@@B@@@AA@AA@@@ADA@@@@A@ABAAAA@@@ABA@@BAB@BA@@@@BA@@@A@A@@AA@AB@@A@@@A@A@A@@@@BA@@@@AAAA@@@AAA@@A@A@AA@@AA@@BABB@@@@@@@@@A@@@@@@@A@@@@BB@@BAB@@@A@A@AAABAA@@@BA@@A@@A@@@A@@@BA@@AA@@@@A@@@@C@@@A@AA@@BA@@D@@@BB@@@BB@B@@@@A@@@A@@@A@A@@@AAA@@@A@@@@@AAAA@ACAA@AA@@A@AB@@AA@@A@AA@@@A@AA@@@AA@@E@@@ABA@A@@@A@@@A@@@@@AD@B@@A@A@@B@@@@DBAB@@AAAA@@ABA@A@A@@B@@@@A@ABA@ABBB@BA@AB@BA@@BC@@B@BA@BB@@AD@@A@@@A@@BAAA@@@ABBDBB@@@@@@@BABA@@@ADAB@BA@@@AD@@BB@@@BA@@B@@@@C@@B@@@B@@BB@@@B@@A@@@@@@@@B@@AB@@@B@B@B@@@BABA@B@@BBB@@@@A@ABABABELEHAB@B@B@@@BBD@B@B@BA@@BCDCBA@@B@BA@ABCBA@C@KBG@@@AB@@A@@D@@BD@F@DAB@B@@AB@@ABA@C@ABAAGAKAAAA@@AAAB@@E@@@A@A@A@@AAA@ABA@EBCBA@A@EA@@EAGAA@AAAAAA@@AA@A@A@G@CACACAAACACAACEA@@AAA@C@E@A@A@ABADAB@@CBA@A@I@CAA@AACAACCEEGCGCGC@@CAC@A@C@CBC@GDA@C@C@EACAC@A@CCA@AAABA@@@ABCFCDABCF@B@B@BAH@B@B@B@@ABA@@@A@A@A@EECA@@A@A@@@A@ABCB@@CB@BAB@B@@FH@BDB@@@BADAD@B@D@@@@@BB@DFHJHLDH@BB@@B@JBB@@BDDFDBDDBD@@BBABAD@HAF@BABADCDAB@@AF@@ABCB@BABAB@DAH@F@B@BCD@BAB@F@B@FGDI@KBE@EFCFEDEBKBABAFBDDFFFDBFBHDBB@FCF@DDDFB@D@BEFEF@RB@FDBB@BBD@@@@@BBFADEDAD@HHHJHBBDC@AB@F@@N@@@FC@@D@BE@BFDBFBF@@B@@@@BB@@@@@@@@FBB@BA@@F@H@H@DABAB@@@@AAA@@@A@@@@DA@@@@DF@BDAB@D@B@@@@AACD@@@@C@A@@@@H@@@BB@@@@@@@@@B@@@@@DD@DA@DADCH@HBDDFBLDFLNBBFC@@FCJ@HBHADADCHEDABADBNDHDHBJDNFFA"],"encodeOffsets":[[123540,30853]]}},{"type":"Feature","id":"330603","properties":{"name":"柯桥区","cp":[120.476075,30.078038],"childNum":1},"geometry":{"type":"Polygon","coordinates":["@@ABABAD@@@BBDABAB@B@FBHBDADCDCBAD@D@F@DGJCDCBC@ABA@@B@BBB@B@BAHAHAD@DABC@E@CACBC@ADCDCDADAB@D@@BBBDDBDBD@BDBDBBDBBB@B@D@D@B@B@D@BADABCBAB@BBHBD@HBFAFADADABABC@CBC@CBEDEDCDCBABA@A@CAACCCCCAACACAA@C@CBEBCBAB@BADAD@BBBB@FDBBBBDHDBDBBB@@BDBD@BDD@B@@C@G@AB@BDBDDDDJDDBDBB@DABCBC@GBCBAB@@BDB@@BADADAB@@BDB@@@@DFDH@@BBBDDBBBB@@B@B@B@@@BB@D@F@J@F@BB@B@@ABAD@B@D@B@BB@B@BADCBAB@@@BB@BB@BDDBFBFBDBD@DAD@D@B@DB@@BBBBD@@AB@BABCBE@CBADCBAFABA@A@A@CA@@ABABAD@DBB@B@BA@AAC@C@A@ADAB@BBB@@BB@@@@@@BB@@BAH@J@J@B@D@@@BD@BA@@B@@@@@@A@@@@B@@@BB@@B@@@B@@@A@@@@BBBBB@@@@@B@@@@B@B@@A@A@@A@A@@@@AB@@@BC@@@@@@BD@BB@@@@A@@@@@A@@@B@@@A@@@@@AA@@@@@@@@@@A@@@@@@B@@@@@@@@@@AB@@@@@A@@@@@@A@@@@B@@B@@@@@@@A@@B@@@@@BACEAE@A@A@A@ABABAH@TDF@DBD@B@@BBF@D@D@BB@BDBB@D@BBBBBDAB@F@BB@@BBBBD@B@@BBBAB@D@DADBBDNHBH@DAB@BABBDB@BBBDALAJAHADADEDEDEHCNC@@@@B@D@@@@@BAHBDBFBH@NAH@FAH@DCFADABCBCB@B@B@DBBDD@`@BCBABAD@FADBDBDBFBDBD@DBB@B@BBBBBHBJBD@DBDDHHLBFDFBDBB@BBDFHFHDFFJFHDHBB@B@BBBDBDBJFJHNHJFB@DFJJFHPRJNB@@@@@BDzrHCDAHEPGLEHAF@F@LC^GREF@ii]Ye[MIMKOKKKIIIMKKKOIMMQCIGKGEGCKEGAKIEBMEICGAGCMCCAABCBGFCDCBGBGAI@ED@@EDAAKMCEAKCEAC@GDGBC@CCBC@@C@@@@@A@@@@@@@@AA@@G@@@@@@B@D@@C@BD@B@@A@C@A@CB@ACE@@@@CB@@@@@B@@BB@B@@A@ABCBG@G@E@@@ABA@EA@@@@@@@@AA@@@@@AE@EACAAEF@@A@CD@@E@@@ME@A@@BCDAAIGGG@GBCFCBCAE@A@@@@AC@AAAECA@@QFEFE@A@CEACC@CDE@EAAGCEACAEECEACBEBALAFAFCDEFEF@LAJ@HC@E@A@EBA@ADC@A@A@EBG@CBABA@ADABA@@BE@@BADCBCBA@ABE@GBCBAAA@@ACCCCACEAC@@AA@I@AA@@ACGGKGICEA@@A@@@@@C@ABCBC@A@@CA@AEG@@@ABA@ADA@@DABAB@@@B@B@@@DBFFB@B@B@@@B@BA@@@A@A@ABG@A@A@ADEBADCDEBA@@B@BABBB@DDB@D@DBFBD@D@B@HCD@DAD@B@D@DB@@HDHDHDFFDDBBBD@BBB@D@J@BAB@DA@CBAB@B@B@B@F@DBB@BB@DFBBBDBDBBBDBD@D@H@B@BBB@@BBBBBBB@HBFB@@FBB@B@DAFAB@BAB@BB@@@B@B@B@@@FA@BB@BB@BBLBHBBBBAD@B@BA@@BA@@@ABA@C@EAC@@@CB@@@BA@@H@LAD@B@DABAB@@A@AB@DADC@AB@@A@A@AAC@A@@@A@ABAFGFKBABABAB@@@@@AA@AA@B@BA@A@@@A@A@A@@BA@@@A@@@@@@B@@@@A@@AA@@@A@@@AD@@@@@@AB@@A@@AA@@BC@@B@@ABABC@@B@BA@A@@@@@@AAACBA@@B@BB@AB@@@B@@@BC@@AAB@@A@AD@@AB@@ABAB@@AAABAB@BAB@@@@@@AB@B@B@BA@@BBBB@@BACA@@@@@AB@B@@@@ABC@@@@B@@@B@@@B@B@BA@@F@@@BB@@B@@B@B@@BBB@@@BB@@BAB@@@BBB@DB@BBBBB@@@@B@@@B@BB@@B@B@@@B@@@B@@@@@@AAA@@A@@A@@@CEEAAACAA@A@CBG@E@AAE@AAC@ABABADABA@A@AB@AA@A@AAAAAA@@AB@BAB@@A@AAA@A@A@A@@BABC@@@@@CAE@EACAC@AAAAACCAA@A@@@A@A@ADCBCBEDGBC@A@@@@B@BBBBB@@@B@@@B@DEDE@AB@AA@AAIAC@@@AAACECC@A@@@A@@B@DADA@@BA@@@@@A@ACACCCCCAAA@@AA@A@A@@@AAA@ACAC@G@A@@@@ACAGGAAAAA@AAA@@A@G@A@AA@AAAA@A@CBA@AB@@AB@B@@@LD@@@@B@@@@AAE@C@AA@EG@AA@@ABA@C@@@AIIA@AA@@C@C@CAEACCEA@@CCCAA@ICC@@A@BA@@@CHA@ABCBGFABA@CBC@ABA@@B@@@DDZ@H@D@@@BKDA@@@@B@B@N@DAB@@@@@BA@A@@@GE@AA@A@EAKAA@C@GBC@EB@@ABA@AD@BA@ABA@A@A@C@@@CACAAAC@G@CA@@A@AA@@EE@@ECOMEEA@AA@@CBA@C@C@A@@@CAA@CA@@@@CA@@AC@@CEBC@C@A@AEEACCACA@@@@E@A@ABABABAB@@A@A@A@AA@AAACCAA@@C@@@IBA@CAA@@@ACAAA@AAA@G@A@GAA@@B@@@@@BBDBDJJ@BBBBD@B@BAB@BEJ@BCDCDEDADABAFCD@@ABCDABA@@@@@A@A@AA@BCB@@@BAB@B@B@D@B@B@B@@CB@BCFAH@@BBBFDHBB@@@BADABABA@@B@B@F@D@JBD@B@B@B@@ABA@EBA@A@A@@B@@@B@DB@BD@@FDBFFFBBFFDB@BB@BHBBDDB@@BDH@F@BBDBHBDBDBD@@DDFBBBBDBB@@@@@BABABC@ABE@IAK@A@@@IDGBA@ABA@@B@BB@@BAD@@A@ABA@G@A@ABCBEFCDCDAB@@@B@B@D@DBD@B@B@BA@@@A@E@EBCBGBGDGFGFABABADEHCFADADBD@@BD@B@@AB@BC@C@@@@B@@AB@B@H@B@BA@ABA@@@A@CAA@C@A@CBA@CDABCBABA@C@A@@@C@CACCEA@AA@A@A@A@A@ABAB@BABBB@BBDDDBB@@@D@B@B@B@BA@A@A@C@@BE@CBA@@BABAB@D@BEDADABCFABAH@F@BBFBH@BBB@B@@@@@BEF@@A@CAA@@@@@ABABAB@BCBA@ABA@@A@@CA@AA@@@ABCD@@A@@@C@@@@@AAAC@A@@A@@@A@@@A@A@CBA@@@"],"encodeOffsets":[[123254,30699]]}},{"type":"Feature","id":"330604","properties":{"name":"上虞区","cp":[120.874185,30.016769],"childNum":1},"geometry":{"type":"Polygon","coordinates":["@@B@@AB@@B@B@@@D@@B@@@@@BB@@AB@@B@@@B@@@@BB@@A@@BBBABBB@B@@@A@AB@@AA@@@@@B@@@@@@@B@@@@@@@@AAAB@@BB@@BBB@B@@@BB@B@@BBBB@@@@AB@@@@@B@B@B@@@BA@@BBB@@@B@B@@AB@@@@ABA@AB@@AB@B@@BBBBBAB@@@@@CB@B@@BBB@@B@@@AB@BA@@D@D@B@@B@BB@DB@@B@B@@BB@@D@@@@BBB@B@@@@B@@@@B@B@@@@B@@@BA@@B@B@@@@@B@B@@@B@A@@A@@A@@@@@B@@@B@@@B@@@B@@@@B@@@@@@BAA@@@BB@BB@@@B@BAAAA@@A@@@A@@BA@@B@B@@@@A@A@@@DFFB@@@BA@@@@B@@@@BB@@@D@@@B@@BBB@BB@@A@@@BD@@AB@B@@@B@@BBB@@@DB@@A@ABA@A@@BA@@@AB@BA@@BAB@@AB@@@BB@@@@BBD@@A@@@A@@B@B@BB@BB@@BA@@@BA@AB@@A@@B@@@@BB@BBA@@@@BAB@B@AA@@@@@AD@@@@@@BA@@@@@B@@@BB@B@@E@@BB@BAB@@B@@@@@@@@@@A@@B@@AAA@@@@@@BBB@@@@B@@@@@BA@@@@@A@@@@@@B@@@@@D@@@A@@@A@@@@B@@@@@@BB@@@@@@@B@@BA@@@B@@B@@@@@@@@BA@@@@@B@@B@@@@@B@@@B@B@@@@B@@BB@@@@BB@@BB@@@AB@@@@A@AB@@AD@@@@BB@@@@@@A@BB@@AB@@@@@@A@@@@@@B@@@@@@BBB@ABDB@@@@BBAB@@@@ABEB@@@A@@@@AB@@AB@@@A@@C@A@@@BB@@@@@B@@@@@@@B@@@@A@@@@@@A@@@@@@@@@A@@@@C@@@ABA@@@@@BDBDB@@@@BB@@@AB@D@@@B@@BAD@@@BB@@BDA@@@B@ABB@@@@B@@BA@B@BB@@BB@@@A@@BB@@@@B@F@@A@E@@@@@A@@@@@A@@@GBC@@BC@A@CBBDA@A@@@AB@BBB@@@@@@AB@@@B@@@B@@A@@@@B@@@@AA@BAA@@ABBBA@@@@@@@AB@@@@@B@@A@@BBA@B@@@@@B@BA@@@A@@B@@@B@@@B@@B@B@@@@BCDCD@@@AC@@AA@@BAA@@A@@@@B@B@@@@E@@BA@@@A@@@@BBBA@@@@B@@C@@@@AAAEACAA@@BA@A@CABH@DBJ@@D@BBBBB@BBB@@BDBB@BBBB@BBB@B@@CB@BBB@@@B@@@BA@A@@A@@A@BBA@@@@B@B@@@@@BA@BDA@BD@@@@B@@B@@AA@B@@@@@@CB@@@@A@@BBBA@@@BBA@BBA@@@@B@@@B@@B@@@@B@@A@@@AB@@C@@B@@C@@@@D@@@B@@@B@D@@A@C@C@I@C@C@A@CBA@E@GBA@@@CB@@GBC@ABC@CB@@ABA@ABCBA@IHIHaVIHIFEHELCDLJHBLFHDHFHLDJNRJNLPLLJNJJLLPLNLNJf\\^ZjjDAXAr@tL`HJOHODENUR[FGHOHMHMFIFIFKBEBEBIBCDEFGDA@C@GBEBGBE@@@@BC@ERkAEACAAAACCA@CAAA@ABAL@B@DCDE@AAGBEDEJGBC@@DADBDFH@F@DCFCBEBEDCBCBCB@@AAACEAA@C@ADCHGDABAD@DABADCBA@CB@HCFeAAA@AA@C@C@ABCLEBCDAB@F@@ADABA@@@ABADAD@B@B@B@@@@@BA@@A@@A@@@@@@DA@@F@B@@@@@B@FBD@JB@@BA@B@@BBBBB@@@@BB@@@BA@@@@BA@@@AA@CE@@@A@@@@BA@@@@@AA@@A@ACA@@@A@@B@@CBABABA@@@BB@@BDAB@D@@BB@B@@B@@BB@B@@DB@B@BB@@@B@DAD@BAB@F@@B@@B@BBB@B@@@F@BA@@FA@@FADADCFEBEBE@A@@DA@@HADABAB@@@AA@AAAACCC@@@A@GAAAA@AEAAAA@A@@@E@@@A@@AA@EG@ACACC@@A@AAAB@@E@A@C@EAE@A@@AGCEA@@AA@@@@@A@E@G@CACAI@KAAAEACAEA@AACAA@AAAAAC@A@C@ABA@@@A@A@AAACAEICAAA@C@A@@@A@@@AA@AAE@A@AA@@BA@@FE@ABABC@AFEDE@@BADAD@B@@@@@@AAAAC@@@AB@@AB@BAFCHCDALIHEFCBCB@BAB@B@@@B@@B@FBB@@@@B@B@D@@AB@BA@CBABADCDABAB@B@FBB@B@D@DA@@B@BADCDC@AB@D@B@D@FCB@BADADC@A@@B@@CA@@AACCE@C@AAAA@EECI@A@@B@DCDEBADCBE@A@A@@@AAAKCAAAAA@@A@A@AACACAC@@CA@AA@GCC@@A@@A@@A@G@@ACAAECCAOIC@CCACECAA@@AAA@A@A@AB@@GHCB@@ABC@QDA@C@A@CAEACAAA@@@A@ABABCLSDEBA@A@@AAAA@@A@@@A@@@EFAB@@@@A@ACEA@@AA@@G@@@A@AA@@@@AAGKAA@@CBC@CDGDC@EBE@ABEBCBA@@@A@AACCA@GCGEAAC@CAE@G@CAC@A@A@A@@B@@ADA@BFAB@DABABAB@@A@CAA@A@CAGCOIKGA@AAABE@IFEBA@CBCAA@@@A@ABA@ABA@@@@BBB@@BD@B@D@BAB@@ADCFABABAB@@A@A@A@E@C@AAA@A@@AAACCCC@AA@A@CAA@C@A@A@A@EAC@ABCBA@@BAD@@ABABABA@C@ABAB@@ABBB@BBDDBBBBDBBABABAB@BAB@F@D@H@BA@ADGH@BAB@@@@BD@D@@AB@BAB@@CDCB@BEBC@@BA@@B@@@B@@BBBBB@BB@DBB@@@B@B@BEHAD@@@B@@BD@B@DBH@D@B@@A@@@@BAAA@IC@@C@G@C@G@IBG@A@C@A@CAGCEAGCAACCOKEACAGCC@AAC@A@@@EBABA@A@A@@ACCMSCGCCCFA@@@A@@@A@AAAAA@@@@@@BADCHAFADCD@B@B@B@@@BBBDDBBBB@BBDBD@FBF@D@@@@ADAB@@@B@B@BBB@B@BA@ABA@@BB@BBBB@B@BBBA@@B@BABCBABAB@BBD@BBF@B@FAH@D@BBBBDBBFF"],"encodeOffsets":[[123643,30591]]}},{"type":"Feature","id":"330624","properties":{"name":"新昌县","cp":[120.905665,29.501205],"childNum":1},"geometry":{"type":"Polygon","coordinates":["@@B@B@D@PAH@F@BADADA@@BA@ABE@ABABA@@BAB@B@DAB@JBFAD@HAFAB@DAFAB@DAFBJ@FBB@@@B@B@FC@@B@@@B@DBB@B@D@@@F@D@DAB@DA@ADAHEB@BAB@BBB@FBBB@@DBD@B@@A@@@@@@ACAA@A@@BA@ADAFA@@@A@@@A@CDKBA@A@@AAAAAA@@A@@@C@AAA@CC@A@A@C@@AA@@A@GBA@@@@A@@AA@A@@DA@A@@@@@CB@@@@@DAB@HABADABA@A@@@@ACCCAEGKAA@AAE@C@A@@@ABCBC@@@@@AAAC@CA@@@AA@@@BABA@A@AAC@A@@BA@AB@BABAB@DAB@B@@@@A@A@@@A@AA@ACEECCAA@A@@@A@E@A@CAE@A@EAG@C@@@AB@B@D@PCDABA@@@A@A@CAC@A@@@GBA@ABCBE@A@@@A@A@AC@AA@@AC@CACBE@E@@@A@@DCBA@@@A@CBA@E@CAC@A@AEA@ACACCCAAA@@G@A@AAA@ACCAAA@AA@CA@@A@AAAACCAA@AA@EAE@@@@@@@@A@ABABC@@@A@E@A@ABC@C@C@@@@AAAAAACBC@ABA@A@CF@@CBABA@AB@@AAAAAA@@CE@AA@A@AACBE@C@ABAB@@A@@D@F@BBH@@@BABAD@BAB@@@@@@A@@AAAACCEAAA@@AC@AAA@@@@@GBEFA@GDEBCBA@C@C@A@C@CAAAA@AAAAACAA@C@A@E@A@ADGBA@AAC@A@E@EAEAA@AA@AAC@C@C@IBMBA@A@@B@@@BAD@@BB@BDD@BBD@@@@@D@@@@@BC@C@E@I@A@CBGBGBC@A@EBU@G@A@AAA@ACA@@AAEAAAAAACAECCA@@G@KAC@CACBA@@@A@AB@B@@@B@F@B@B@B@@AB@@@@E@IDA@E@E@A@AAAACEEEA@AAAAA@A@EAE@EAG@G@A@CAC@A@E@A@A@CA@@@A@A@C@A@AAAEEAEAE@ECI@@@AC@A@@@ABCBEBCBAF@@ABA@EBE@MBC@A@AB@BABAD@@ABCBADCB@BABA@@@A@C@AAEACCCA@AAAAA@A@C@EAE@EBG@C@A@AA@@AA@AAIACAAAAAA@AC@C@@@A@C@CBA@@BCBAFEBA@@@@BC@EDO@@AAA@AA@@EBC@A@CAA@C@A@C@@@A@CDEFA@ABA@A@AA@AA@A@A@ABA@@@@BCDADCF@BA@@@ABE@AB@@CAA@AACACCIGCEGIA@@ACACCCAEAC@CAE@E@A@CBEBEB@@A@E@E@CACAEAOEGAOCABADAFABBB@DDF@DBD@DADEX@FAF@D@B@BBBBDBBBH@BAB@@@@CBE@GBEBA@EB@@@BCB@BAD@BDDLJFHBBDDDB@BB@@B@B@@@BABCDEDCBEDA@EBC@CB@BA@C@A@A@@@AAIEAAAAE@CAC@EBE@A@C@A@AAA@@ACGAA@AA@AAA@C@E@@BA@@@CDABABAJABCFEFAB@B@@@B@BBBBBBFDDBF@BBDBH@D@B@D@F@B@@A@A@A@@D@D@B@B@@BBB@DBB@DDB@BBB@DBB@BB@@BDBB@BBDBBBBBFBBBDB@DDBDB@BBBBBDBD@BAD@@@DBB@B@@FFBB@@BB@B@B@B@B@B@@DF@DBBDHBF@H@F@FBFBBBBBBHDB@BBBBBDDB@BBB@@@@@B@@AFAB@B@@B@BBD@DBFBB@@@BA@@@GBE@C@@BAB@B@B@@BB@BHDF@BBF@@@B@B@@@B@DAF@D@D@D@@@@ADAB@B@B@BBB@BBB@FB@@@@BBBFDBBZXBB@BA@ABC@C@AAEAC@E@G@AB@@@D@B@B@BBBB@BBDDVJDDD@FBJB@@H@D@@BD@B@B@BAB@B@B@@BAD@@@D@B@@@@BBD@@@B@D@BADBB@BB@@@BDDBBBBFFBBB@DHBB@@DBB@B@B@BBBDB@BBDBDBB@@@B@DAD@@AB@DBF@DBFBDBDBD@@@B@BA@ABCBABADAB@DABABBB@@@DBB@D@@@@@HBDBBBBBHJDD@B@@@D@BAB@BBB@BBB@@B@BBF@B@LBDB@@B@FA@@D@HBB@@@BA@@DEB@BCFCDABA@@BBBBB@B@@ADC@ADABCB@@@B@B@@@@DAJCH@B@B@@B@@@@@B@HEB@@AB@@@@BD@BB@@B@B@B@@@HCBAB@@ADA@AFCBABAD@B@D@DBDBH@@@@@@B@B@D@BAD@D@B@B@DB@@B@@DAB@FAFADA@@BADA@ABCBIBA@@DAB@J@HAJ@@@DABABA@@@ADE@A@CAC@A@@@A@@ACACAA@C@C@A@@B@@@@@B@BBDBBBD@@@B@JAF@B@FABAB@DBB@@@DAB@FCB@@@B@@@JDBBD@BBB@BAB@BA@@HCFAB@B@B@DBDAH@FABA@@BB@@B@NTBFDH@@@@AD@BB@@B@@BBDBBB@DBD@DAD@B@BBDBFDH"],"encodeOffsets":[[124020,30265]]}},{"type":"Feature","id":"330681","properties":{"name":"诸暨市","cp":[120.244326,29.713662],"childNum":1},"geometry":{"type":"Polygon","coordinates":["@@@@B@DAB@B@@@B@@@B@@@@BBDBB@@@@D@@@B@@@DCBA@@B@@BDB@@@BB@BAB@DA@ABABABA@@@@B@DBB@@@FE@A@@@@@AAA@AAGAE@A@EBGBADEBABCFC@A@CBABA@AB@DAF@@AD@B@B@B@@A@A@A@A@C@@AACCAC@AAABA@ABABAB@B@B@B@B@@BFBDDDBD@@@B@D@B@BADABADCB@DAB@D@B@DBB@@@B@BAB@@A@A@G@ABA@@@A@@D@D@@ABA@@@AAC@@ACBCBCDEFGBCBABAHEHEHCHADAFAF@B@@@B@@A@A@AAC@C@C@A@A@@BADCDCFEDABAB@H@B@BAB@@@BC@AA@@A@AB@BAB@HAJC@@B@L@JBF@BAD@BABA@A@@@@AAACAAEACC@@ACACACAGAC@A@ECG@AA@CCAAAGA@@ACAEEAAEEAEEC@@ACA@@C@A@@@AB@B@B@FAB@BA@@@A@A@AAC@I@C@E@A@AB@BABABC@A@@AACGAEAA@@BGDE@ADA@@@A@A@A@C@A@ABA@A@@DA@ABBB@B@@@@@B@BADCBA@@DCBEBABCFCDCDC@AFI@ABA@A@AACAA@AIIACAC@A@@@@@AB@BA@AAA@AAE@@@A@ADA@A@@D@BA@A@A@AA@AAA@@@A@A@A@A@C@A@@A@@@C@AAC@CCCAA@C@AAAAA@ACBA@@@AA@@AE@@@@@C@@BA@CBA@A@@AACEACA@@C@A@ABC@CBA@ADABCB@@C@E@CB@BEDEBC@A@C@CAAAAAAAAAAAC@A@A@@@ABABADCB@AA@AAAA@AA@@AAA@EAAAIEICCCAAA@@@@A@A@CBCBC@@DK@CBA@@DE@ABA@@AGAA@CBCBCBA@@@A@CAC@C@ABA@CDCBABCFE@AFI@A@A@A@AA@@@AAGAKGEEECAAAAAAC@@@A@A@EB@@A@@@@@CCA@AAA@A@CCEAAAAC@CAC@AACA@@@CAA@@AAAAA@C@@BAB@@C@A@AAA@@A@AAC@AAA@@AACAAA@AAC@EAA@CAOEEAA@A@@@GBA@C@@@A@CAAACAAA@AACCEEIACACCCAIAAAA@@AAA@A@A@ID@@C@ADCB@@A@A@@@G@C@CBA@A@A@A@A@AAA@AACC@@ACAAAAA@@@C@EAC@AA@AAAA@@A@AAGAC@C@A@@DC@AHC@AB@@A@CDIBE@@@AAA@A@@A@CBC@E@C@AAC@@@@@CA@@OCGAC@A@@AAAACA@AAA@CAAAA@@@@AAA@A@E@EACAAAEEICC@CA@@@A@A@CAE@A@@@AAAACEAAAA@AAAAE@AA@AAAAA@IACAAAA@@@@A@@@ADCBA@@AAA@CAA@A@A@@@C@AB@BA@ADADCBA@IBAB@@ABCBCFA@@BGJAB@BAB@@@J@B@@ABEH@BAB@B@D@DBDDHFDB@BBBDDFDFDDBDBBBB@B@D@F@F@H@F@@B@BFB@@D@D@B@@ABABEDABABEFABGD@@ABABABCFAD@@@B@D@JBB@BBDDHBDDD@@DBDBNDB@BBB@BB@B@B@BA@@DCDCDADA@CDA@C@E@A@IE@@A@@AABA@GBA@A@CA@@A@CD@@ABAB@@@@DFBB@B@@ABADEFABA@AB@@@@A@AAC@A@C@EBCBC@@BA@@DCFAD@@@BA@A@GDG@@BC@CBABA@@B@@AB@@BBBBDFBB@BADADCFAFABCD@BA@A@C@C@GCA@A@C@@@CBCB@@@@AA@@BA@A@ACG@CAAAACA@AA@AC@AAACAAAACCEAEAAAAAAC@A@@@AAEECCA@AAE@A@ECCAC@C@C@C@C@@AAACCOSAA@@@@AAC@@@CBC@ABA@ID@@ABCBEFCDABABA@@@A@A@A@A@CAACA@AEA@@@C@@@A@KFIBAB@@A@@B@@CL@B@@@B@@B@@@BBPA@BB@@B@@B@@BAD@D@B@BJTB@@@AB@@EFA@ABA@A@U@C@CBCBA@KDCB@@ABABCD@BA@@@CB@@AB@@@@BJ@@DF@BB@A@@BA@A@CBA@@@CBABABAB@@ABAJA@@@@BA@@@@AKECAA@@@A@A@@@CDC@@BA@@@G@A@EBQDAB@@AB@B@F@D@@@BDD@@@BAD@B@FAF@B@@BFDFDH@DBBBBFB@BBB@BBBBF@D@BBBBBD@D@D@B@JCB@B@@@B@DBFB@@BBBDFH@BBB@@@BAB@@ABABGDCBA@@@E@A@@BABAB@D@@ABA@@@EBABAB@@@B@D@@BBB@BBF@DBDBBBB@BB@B@BBB@F@D@B@D@@CDABABCBA@@@A@@@@A@@@CBC@AAC@C@C@C@AAA@@CAIGA@@@C@E@A@ABC@ABKHEBI@E@G@AD@DAFCDCDGDCBCFCDCDBF@J@F@B@@@@AB@B@@@BCD@@AB@@ABABA@@@GB@@CBA@@@ABCB@@A@C@C@A@@@@BA@ADCBCDA@AB@@A@A@@@A@@@AB@@ABA@@@A@A@CAA@@@@@CAAA@A@@A@@ABAB@@ADA@@BA@@@AA@@@AA@@A@@@A@ADA@@@C@AAA@A@A@A@CDCDEF@B@@@@@@@B@@@@BB@@@@@@@B@@CBAFAB@F@BBFADEHEDGBCL@D@BA@@F@DB@@BB@@B@@A@@@CDCBABA@ABCBABADABBDBB@B@F@D@@B@B@FABALGFEB@D@FBFBBADEHAFABC@CBADAFFFDHBDDLFFBH@FAF@F@D@DDFFBFDBFDD@D@D@@GBEBAFAFABAFCB@F@HBDBF@DBD@DBB@B@@@@@@B@B@DBD@@B@BBB@D@DBB@B@BDBBBBD@B@D@@@B@@B@B@B@J@F@D@BBBB@HHBB@@@@@F@DAFAF@B@@CF@BA@AB@@ABBH@@DFFF@BBBBD@BABB@BB@@J@HBD@F@D@FAJAB@B@B@@@B@LHFDD@BB@AB@BAB@@ADCBADCBAHCDABAB@DBBBDBHJ@B@@ABAB@B@F@BBBFHJTB@BBHFBBBBB@@@D@DBHDFFDBBBBB@DBBDD@BJHDBBBBDBFFH@DBD@B@B@D@@AFABBB@@BB@B@B@D@B@D@DBB@B@@B@B@FABAB@@BB@B@@B@B@D@@B@@DBBBBDFBBBB@@B@@@B@DAB@D@@AB@DC@@@A@A@CA@@@BA@@@@FAB@FCBAB@@@D@@@@@B@BBBBFJFHDDDBHFBB@B@@@BEHAB@@@B@B@@BB@@FBB@DBB@@BJHBBB@DBB@DBB@BBBAB@DADAD@D@J@F@BAB@@@DCBAB@D@D@@@BBB@@DBFBB@@@@BBB@@@BAB@DCBABA@CBCBCBCB@@C@A@C@A@AB@BADADADABA@@B@FBD@DBD@@BB@BDDF@BBHBDBB@@BB@@BAB@BAD@BA@AD@B@NEJCB@B@@BBBFFDDBDBBFBBB@@@@@H@D@@@BDBFDBBDDDB@@HFB@BB@DBB@B@B@D@B@B@BDD@@DJ@@@BB@@@D@H@B@FAD@B@BBB@BBBB@BBD"],"encodeOffsets":[[123254,30699]]}},{"type":"Feature","id":"330683","properties":{"name":"嵊州市","cp":[120.82888,29.586606],"childNum":1},"geometry":{"type":"Polygon","coordinates":["@@@ABABC@ADCDEB@BABA@@B@JBD@B@HAFABABA@A@AAAAAAAEAGAEAMAA@AB@AC@@@ECA@@AAAAGAE@A@ABABAJEBA@@@A@C@@AACCA@A@AAC@CBC@AA@@A@AAA@A@C@A@A@@@A@AAAA@@AC@@BCDE@@BADAFAB@DAD@B@DBB@DAFAFAFAB@D@BBD@JFNFBBJBB@DDDBDBDDB@BBDB@@@@B@BADAB@@ADCLUDGBAHE@ABA@@BCBI@CAGAI@G@AAABABC@AB@@@B@DAFCB@DCD@@@B@B@BB@@DBD@@@BAB@BCB@BAD@B@@ABABABA@ABE@A@@@@D@B@BAB@BABA@@@@@A@@@AEI@ABAB@@@BBB@@@B@BA@@B@@@B@@@@ABA@@@A@@@@@@AAA@@@CB@@A@@ABG@@@@@AA@E@@@AA@@@A@A@ABC@A@@@@AAA@EAAAA@@@@@@AB@BAB@@@DB@@@@@@BCB@@@@@FBDB@@@@B@@@@@@@@E@@@ABC@ADEBA@@@@@AEC@A@@@E@@CAAAA@@AAA@A@CAIBA@A@@CGAEAC@A@ABC@CAC@CAACAAA@@@AA@@ABC@@@@CGAEMSA@@@AA@@ABEBG@CBCAA@A@A@EBGD@@ABA@ABA@AAC@AAIC@@A@@@A@EDA@CB@@A@CAA@ABEBA@E@IBA@@@C@AACAAAA@@@@@A@@@@B@D@DBBBDBD@@@B@@@BBD@D@BCF@B@@ABABCB@@I@GBI@A@CB@@ABAJAD@BCBAB@@CBEBEBA@CB@@@AA@@C@A@A@CBC@A@C@A@A@@@@G@CACAC@A@C@ABABED@BCB@BA@ABGD@@A@A@A@@@AAC@@A@@A@@BA@GFA@@@@@A@@@@A@ADGBI@C@@A@A@@@A@ADCB@BCD@BA@A@AAAA@@ABCBEDADA@CF@@AB@@A@GAC@@@EBA@@@CAKAA@E@AAA@@@AA@AAA@ABA@A@C@@@ACCGIAAAACAGA@@@@C@A@CA@@A@AAABCBA@CBABABAD@BABA@@@C@CACAEACAE@CAA@@BC@CBA@@@A@CACAAAA@ACAAA@A@A@CA@@AACGA@AAEEAAAACC@A@@AAA@CAABC@A@@@C@AA@@@@@A@C@@BC@AA@A@A@ABA@A@C@@AC@G@@@IAEAC@CCUICCAAA@AA@A@A@A@C@@BAH@F@D@FBBBD@D@BAB@@AAAYWAAECAA@A@@A@@EAA@AAA@A@A@ABABC@@@@@C@C@CBE@C@A@@@A@A@@AE@ACEAGA@@AA@A@A@AB@@@DAF@H@@AB@@A@EACAC@AAA@@@@ABABE@@@A@@@@AA@ACAACAAAAA@GCAAAAAAAE@E@E@GAECGAA@CCE@@@A@A@A@A@AAA@@AAEE@@@AAA@C@@BC@AACACAAAAA@ACCCA@ACAAAEAAAAAC@AAAAC@@AAA@CAA@AAA@CCA@CAA@AA@@@A@A@C@CA@AAEEAAA@CAC@E@ABC@@@AA@@CCKIAAIICCAA@@A@A@ABCBABCBCBGDABCBA@A@A@A@@AACEC@AAA@@A@@BA@ABAB@@AB@@G@EBC@ED@@ABA@CB@@C@A@A@EAC@CCA@A@A@CBCB@@A@EA@@A@A@A@@BAD@BCFEHABCD@@A@ABC@A@A@@@AAAAACACAA@AAAAAC@A@ABA@A@AD@@@B@@@DBDBBBB@BBDBDDD@@@B@B@@CBABABCBCDA@ADCB@BA@A@A@CAE@@@A@CB@BCB@B@B@@@BB@BBFHBB@@AB@BCDGJCFAB@@A@A@KAA@@@A@@@A@ABABEFCDCDAB@@A@A@CBA@A@@B@@ABEN@BABABEDABCDAD@B@B@L@@@H@F@HBDDPBF@@@B@@B@DBDBBBBB@@@B@@@B@@CB@@@BABAFAFAB@BA@@BA@A@A@IAA@@@CB@@@@A@@@KE@@@@A@@@@@@B@BBF@D@@@B@@ADCBABSLCB@@ABCDCFCDABC@@@CB@BA@AB@@@DBBBB@BB@DB@@B@BD@BBD@DBDBBFBDDB@B@BBB@DD@@@@B@@@FAB@B@@@D@BBBBBBFDFFLHHBBB@@B@@B@B@B@BEJ@BEFADABCD@DAB@B@DBD@D@B@@ABADAD@DBBBH@@AB@BCF@@AB@DCL@@ADAD@D@B@B@@B@BBDDJDJFBBFBB@BB@@BBB@BB@BBBA@CDABAB@B@@@B@BBDBBBBBBBBBB@D@D@BADCFAFA@@D@F@DA@ADCB@BAB@DAD@B@B@DB@BDDFBB@@@BAB@DAB@@@D@@@@BF@@BB@@B@DA@BBBBB@B@DBBDD@DBD@B@D@@@BB@D@B@B@B@B@@@B@BBB@@B@B@BABC@@@@BCB@B@B@@BF@BBB@BABHBB@H@B@BBB@BBBD@@B@DBB@JA@@D@@@BBDDBB@BBBB@B@B@@@BABABABAB@F@@@@@DBDBBDFF@B@B@DADDF@@BD@@DB@@@@DBB@DB@@B@D@D@B@DA@@BBB@FFPNFD@@FF@@BBB@@@DBH@D@BBDBDB@@D@B@B@B@BAB@@ABCB@BA@@FAD@HAD@B@LBFBB@B@@BHF@@B@B@@A@@@@BA@C@M@A@A@@B@LC@A@@@C@GCY@C@@@AB@BAD@DAB@BAHEDABAB@DG@@B@@A@BD@JDB@DBDD@@FBDDFBDBD@D@@@BBB@JJ@B@@@DAB@BB@@BFHB@@B@DBF@B@@A@@@@@KC@@A@A@@BA@@BAB@D@BBBBBB@@B@B@H@BB@BBB@BBBBHHDB@B@@B@H@D@DB@BBB@B@@@B@BBB@@BBDBDDDDDB@B@B@@@@AB@@CBCBA@@@@B@@@BDDDFBB@B@@BDBJ@BBBA@@BCFDDDHNTDD@BB@B@B@BAFA@@B@D@BBD@HDDBFBPLDDBBHDFBHDDBB@D@B@H@JAH@D@H@D@@@JDB@BB@A@@B@@@@A@CAG@C@AAC@@@A@@BCFG@A@A@A@@AA@CAAA@AAAA@@@A@@@AB@@AD@FA@ADADC@@BA@ABA@@@CAC@@@@BA@AHGBCB@@A@G@C@EBA@ABABABAAAACAACAAC@AAABA@@BABAD@B@BABABA@@BC@AB@DABAD@FBB@B@B@D@B@DBB@B@@BDDDDBB@BB@B@BBD@F@B@B@B@@@BABABADEBC@@BA@A@C@AAC@@AA@A@@B@BAB@BAB@@@B@DBDAB@FAJEF@BABBB@LHPJHDDBB@B@DBB@@@BABABA@CBAAEB@BC@@@AB@B@B@D@DBH@F@DBD@BBHFHDB@DDBBB@@@B@DAFABAF@FAD@HCDCD@DA"],"encodeOffsets":[[123915,30449]]}}],"UTF8Encoding":true}