{"type":"FeatureCollection","features":[{"type":"Feature","id":"441202","properties":{"name":"端州区","cp":[112.472329,23.052662],"childNum":1},"geometry":{"type":"Polygon","coordinates":["@@AAGCACAACECI@@AEACAA@CACAAACACAACCAAACCCACCACCACCACAAACAAAACCAAAA@CAGCKCKAKAQBU@OBCBS@S@GBQFQJCHADELENEPAH@NBLHR@DFJBFFADADBD@@CDAB@D@B@B@BEBABAD@D@DD@DADDBBH@FEDC@ABGBA@C@CBC@GGI@ANEHFDBCB@DAB@BF@B@BADCA@DC@@BDBBAD@@BD@D@BB@BDADD@DAA@BC@ABFBBBBFDFABFBB@FABBB@BABABBD@DBD@D@BDB@D@B@F@DBDA@ABAD@FAJ@BBD@B@FBBBBF@DF@DBJFFBDDFJDDHBBABC@ABA@AA@@A@ABCD@B@B@BA@@DAB@BB@A@@BBB@B@@AB@AGBCBCJE@C@CA@AAACCIB@BCBAD@HEIIAAHECCDAB@@@BAB@@@BA@@@@@@@@FCBCBAB@D@B@D@BAB@DC@A@@BCBEBCDIFE"],"encodeOffsets":[[115250,23650]]}},{"type":"Feature","id":"441203","properties":{"name":"鼎湖区","cp":[112.565249,23.155822],"childNum":1},"geometry":{"type":"Polygon","coordinates":["@@BA@G@@BABB@@B@B@@AACC@AAC@CA@A@E@EACAC@ABAD@DAD@B@@@B@@E@@@AAC@C@CDGBEBGAK@GBEHGGKEGEGEEBG@A@CCAGACCEAC@G@C@E@CAAACC@@CACAA@ACCEAACAA@CA@AAEC@CACAAEACAAACACCACCEAGEGEECKAEAGAEBEAC@EBC@E@E@CBEBCDCDG@EBGBGDGFGBC@E@C@C@GECEEAE@C@EBAB@DBJBJBFCLAHK@C@CDEDCBCDGDEBABKB@ACECEAEEECACECEACACACACEGEGCAACGEA@EFCJADAFAD@@@BCDA@ABC@A@C@A@ABADED@@@@@@@@AB@@A@AB@@A@CBDDGFBBJJGFC@ABADA@DJBDBBB@@D@DIFADADBHA@@BA@A@AA@@@BAAA@CB@@ABA@A@C@AD@B@BB@@BAB@BADABBDBDAFC@AB@B@BADAB@BC@C@ABC@C@CBABADA@CBCDABBBAD@B@DC@AD@B@DAB@D@BCDBB@FBBABAB@BAF@DCBA@A@AB@@C@A@@D@F@DAFCBA@A@AB@BADABCB@B@DAD@B@DAD@B@BDBD@B@@D@BABAD@DBBADCBABCD@BBBBBDB@B@BDBD@DCD@DBBBBBBB@DD@BADBBDFBBABDD@AD@FCBA@FFBBBBDAB@B@B@BBDBDB@B@BBDD@BBBHDDB@DBB@BBB@BDBBBBD@@ABAD@@AB@@@BAFANF@@B@@@B@JG@@DCNA@ADAFGHEJAJBD@FB@@BABADCJC@CHI@ADABCAE@AHALALAB@@@D@BBD@DBDBDBBBDDDBDBFBFBFBDBBBDBDDDBDBDB@@DAHCBBFDB@DBF@DDFBDDBDB@DBB@B@B@HEH@HBHCJABBD@B@DCHBHAJEHANIDADEDKAGAEDCACAC@C@EBADCF@DADEBCAG@GECCAEACI@EDGACBC@EFEHGDJ@@BD@BB@BBDGF@DDHBDD@B@DBBDBDBF@BCDABB@D@D@@@DBBB@BA@C@AD@BCBCDAD@H@DADC"],"encodeOffsets":[[115476,23781]]}},{"type":"Feature","id":"441223","properties":{"name":"广宁县","cp":[112.440419,23.631486],"childNum":1},"geometry":{"type":"Polygon","coordinates":["@@@@DAB@DABADADCDCBC@@BAHAFALCHBFAFADAFCDADCFCF@B@@@D@B@D@B@D@BABAB@DAB@B@B@D@B@BBDBBBDBB@DHF@DBH@D@DADEFADCBCDAB@BAB@D@B@BABCBG@EACAE@@@CB@BCFCBCDA@@@@FE@CBAACAC@C@AAAAAAAAACACA@CDA@@BA@@@AHA@CAAEAAA@@@E@AAAAAC@AA@@AA@@@C@ACA@@A@@A@A@AAAAA@@@C@A@@C@A@AA@ABABCD@BAB@BC@C@AAACACA@A@@A@AAAAAC@@AABABA@A@C@A@A@A@A@CBA@@B@BCBCACEEA@AAAAA@AAA@CAA@AA@@AA@@II@EFAH@F@JDBBH@FAJEFGFARBL@DAACEMAC@CDADC@CAG@IAEGGAC@IBCFCDE@EBCBCF@F@JDPDDBHBH@FCBAHAB@@CACEAAC@GCGACEEAAAECECCGACC@ECEEECCC@@CBC@ABAJDBBH@BBDA@@@@@@@AAGAAEICECCCCBCFABCA@AEECC@ADAHCDEDA@A@A@A@@AA@AA@AA@AEBAFC@GAA@AAAAAAA@A@C@A@ABCBA@ABCBA@C@A@C@AAA@C@AAA@A@AB@@A@AB@@AB@AA@@@A@@@A@A@A@A@A@AAAAAA@AAE@AACAAC@E@@@@AAAB@@A@AB@@@@@BC@C@A@C@A@@AA@AAAA@@@AECA@ECCBE@@@CAA@A@@AA@CA@AAACE@CDEBE@ABEBCDADE@@@C@ACE@CAC@AG@ABCBEBA@C@ECCACE@@A@CBE@E@CACACBKJCDA@@@CCCA@CECC@GA@ACECEAECAEDC@CAC@A@C@A@A@A@A@AAAAAAAAAACAA@@AEA@CBABEDEDABE@@AC@EAC@A@G@EAEDEDADAAEAE@@AC@AAA@@@A@A@A@@BA@AB@@A@A@A@@AA@ACCAAACACAA@A@A@AAEDCDCDC@A@AAA@@@A@A@@AAAE@CGCAAA@EEEBIAEAACAECEAAGCG@KAIAE@GAECCAAB@B@DAFCFCF@BC@C@@CAAA@CBADAD@@G@AAKGDQDEBECCA@EA@CCI@@CAC@AFG@@DCB@BGCIAEEACDMACCCCCCCAE@@CC@ECC@AFCCEGCGEEAECEECE@ICGACAACECCAACACCDCAMA@KGMAOBK@C@EACACCA@ABAFCJGPDHFRCHEFCNK@@RCBEBEBCJADEAI@GHBDEBIBG@KBCCAAGBCAECAECA@EEAI@CFG@EHEDKFIFAEEAKBEHGAE@G@@B@@@BBBAF@D@D@D@DBB@BBB@BAB@B@BAB@B@B@@AB@@@@A@A@A@A@A@A@@BABCHA@@BA@CBA@A@IDCBCGM@A@EDEBEAG@EBGHKLE@ACGBIBGJAFADGAIDECI@EDCBADCBG@ADAJAFIDC@EHMDACEEEIG@BFMFEAC@BKCEEAMMEAIGGKEBIBEBCHIJEAEGKBGECBEBDBAB@DBBDHFBBDDBGDC@A@A@@DBBBF@DHFDFBBADDB@B@DDDBBBB@H@DDBBA@E@CDADADBBAFHBDBAD@D@B@@A@AFABBD@@ELJHBFHFBFFHDBJDFLHBHJDF@@B@HEFADCBDHDDFD@BBDBDFGF@J@HDADCJBD@BAF@BFFDBF@FNGBIBAF@@A@@@EBEDGDADFHKFC@CACT@LBB@BCDGL@JED@DADDBD@F@FB@F@DJD@DADBDEVDLATFBHFPA@@FBD@HLHJXFBBJDF@PCFB@F@JDABRCLCDCFCHDDDHJBHFDJLA@BBHBDABIP@HDBJBJFDAPCB@@MBAJBF@FAFCGCEBACCGDIHCBA@GFCDI@ACEAI@IFBJAFCDAB@@B@HFBFHF@@BFFDNLLJADBBFAHBDJHBBBBBBD@DALOD@HBFCBCHEDALHF@@AHGH@BBDDFBDBDBARCRAHAFD@FDDBBF@DAHDFO\\MFBFBTFBD@J@D@FDDDFFHBDBDD@D@H@HDJFJDFDF@DAHBDBHBDBFDHBDDDBD@HVDD@LBFDHFDDFBDBF@D@HGH@DDDD@DFDF@FD@F@FDBFDB@F@@@F@F@BDFHDF@BFBB@HCLBDFDFJHDD@DDFJFLJDFDFDDBBBD@BBB@BBDBBDDBBBBBADAD@D@FAFADAB@DA@@B@@@B@B@@@B@@@FBB@F@D@D@DBBB@B@@B@BDB@BBB@B@B@B@B@B@BAD@BA@CAE@ABCBCBAD@F@DD@@B@"],"encodeOffsets":[[115277,24543]]}},{"type":"Feature","id":"441225","properties":{"name":"封开县","cp":[111.502973,23.434731],"childNum":1},"geometry":{"type":"Polygon","coordinates":["@@B@BBB@BBFCFBB@BAB@BADABABABABCBA@@@@@@@@@@@@B@@A@@@@@@@@@@@A@@@@@@@@@@@@@@B@@A@@@@@@@@@@@@@@B@@@B@@@@@@@@@@AB@@@@@@@@@@@@@@B@@@@B@@@@@@@@@@@@@@@B@@@@@@@@@@A@@@BB@@@@@@@@@@@@@@@@@@@B@@@@@@A@@@@B@@@@@@@@@B@@@@@@A@@@@@@@@A@@@@@@@@@@@@@@@B@@@@@@A@@@@@@@@@@@@@@@@@@@@@@@@@@B@@@@@@@@@@A@@@@B@@@@@@@B@@@@@@@B@@@@@@@@@A@@A@@@@@@@@B@@@@@@@@@B@@@@@@@@A@@@@@AFB@F@FBBB@@BAH@D@@DD@B@B@BBBBBB@DBF@BAB@@@B@B@B@FBDABI@@D@@C@@DCDCCAB@FEBBB@DAF@@CB@BCBDF@DCBD@@FADBD@BCBABAFA@ABCH@FDBCFA@D@@B@DBBCD@ACBADBDA@ADABBHDDADABAFADDD@@DBBHHB@HGBBBBHGHEDD@HCHDJBDDHABH@HDDD@JAD@BDDABABBDDD@FCCE@CD@HFF@DABAD@BDBBH@FCDEDC@EHBBAD@DAFDJFHB@FHBHCB@BBHBDFBDABAF@F@DBF@@GDBDCFCDBDHBBB@FFDFBDCDDDAF@DCF@BABCBAB@HBFDD@B@HFBLED@BBFI@CFCBBDAD@FC@DJFFFLDJBD@B@@@D@DEFBDAD@BFAB@B@@@@@BA@@BA@@DD@D@@@H@BBBBD@@BBB@BABDH@B@B@DBDBAB@DDBB@BBB@BB@BA@@HAJAFFB@F@CEDBBCB@DBBABEBBHGFBBFADHBBADB@DBF@@NDBBBBB@DACADCHC@A@ABCBCBCBAKQBI@AIC@A@A@AAA@@@AAGEEMG@@@AAA@ABA@ABA@ABADABGD@BA@@@A@A@@AA@A@A@@AA@A@AA@@CAA@AIKECCAAGBADEDKBCAM@A@EACACACAC@@@A@AGGDG@A@A@A@A@ACKEI@ECECGAGCAEACA@ECCCAHECE@EDCBC@A@@@ABA@ABAAAA@AAA@OCCCDGAEBE@@@AA@ACCAAAGIC@A@CEAI@EC@IC@E@I@GCEGBEEBC@AACEA@EA@AAA@AAA@CAA@GEIC@@@A@A@A@A@@@A@A@A@A@A@CAEFMFC@@B@AGBCEC@CDEFCDCFBHBDBHDFEFADABAHENAFABAB@@AB@BA@@@@@@@A@A@A@@@AAEHEBABABC@@DA@ABA@@BA@A@A@A@A@C@A@A@@@A@@@AL@H@B@DA@@BAD@B@B@D@DBBBH@FCBE@EDE@@@A@AACDCBC@@@AB@@A@@@EBCDEB@ACGAGCBECCBEEAAKAAAAAAE@EG@OFC@IC@CDAEDCBMAC@C@@ACLGDABAB@BAD@@AB@B@@A@@BA@A@@AACAGIA@@@AA@@BU@@@AB@@A@A@A@@@A@C@A@AA@@A@@CABEHGBCAIEID@@@@AB@BA@@BAB@BAB@@EDCFGHEEGAGCACBGCAIDAJBDB@DHBDCDCFAF@FBFABEGIECBCCACAAAAGBCH@HBHFFHD@BCDFDHBBBBBDDF@DFDFD@@HDFEBAFABGGEICA@GMACA@CAC@BGCMA@C@ACE@EGECCAEEAAAAA@ECBMAA@AICBKAA@@AA@AAA@AAEBCCGM@GACC@@C@C@CDCACCC@A@E@A@C@CCEGMCEAC@CCC@IACH@@EBABGDGDGHE@KFAAC@K@ADC@C@E@EBG@E@E@C@AA@ECEGCG@CBCCAIAAEIAAAAE@ABCAA@ACCAGECAA@G@CBIDAFIDA@A@C@A@A@EA@@ABA@ABAB@@ABABA@AB@@A@A@ABA@G@AFABA@ABA@@@MFA@@@ABA@@@@@A@AA@@A@AA@@AAAA@@AA@@A@@AAA@@@A@A@A@@BAGM@GEEAAAAGECQKIEAKKAEDGBA@A@A@C@C@C@C@EBG@CBCBA@@@AAA@GDECCGA@@@A@A@A@@@A@A@@AACAEGGBKIIBIBOKIAIAA@ICE@EB@AE@GFABE@@A@@EAC@GHAAA@EDCB@FAD@@CGAGCGBE@CCEA@IAACACC@AEBC@OAIHEHCFA@AAK@G@CBEC@CABGBA@C@A@CAADGBAFABCCAA@A@A@ECCBCCEA@DA@@B@BE@AAA@A@BHGDBD@@ADBH@A@CB@BDA@AD@@ADABA@@@EBA@BB@BGBEGDCE@CG@EACBC@AIDC@G@AACBCFABCDA@CBGDEECBEBCAAAE@@AEBIFCCIC@AA@CBADCECHCDBD@JRBFDNFHHDHDF@J@HAD@BAD@BAB@D@BA@AB@BABABAB@BCBADCBADGHGJGHADS`QVCAG@AAA@BADG@ADDBA@ECA@GGEGCAIDEAA@C@@CABEACA@A@@GE@ABC@GEE@@BADA@AAACIDC@CEEBA@ICIEIEADBBADCCEACADEAACDCDCDA@AAEHDB@DAFCFEBC@C@C@EDCBC@@DD@@DBBBB@DABEBADGFCBEFCCCD@DEDGD@AIAG@ADEDCBIDCFE@AAE@IAAD@BADGCBEDCC@A@CAAA@E@CGDKFEHANBJBJBHDFDFJJBD@DDHBLBBFFFBJFBDBRBHCFGHA@CD@FFHADHH@NDDAHBND@FL@DEN@BDFBDBFFBCHADDB@B@FBDVAH@PCN@BL@FHJJBFHHHAFDDJPJCF@BHD@DD@LDDHHDF@DDJHFDFAJALDH@FBF@HBDNDDFBHAHEFDH@F@JALEH@HAFCF@DFD@BBL@J@JNBDBFCJDAFD@FEBEDABFFCVDLFJCDABHPNJDDBF@JEGC@EFBHABDF@TNNFAGBAD@B@BCFDD@BF@@LEPED@FBFB@BBH@BCF@J@LDBBHABDBLLBH@BB@FAFAJH@JCB@@FHBFHJFADBDDF@DAFBJBFBADCJDN@DFFABKBK@GDAGCHA@A@GOCDBDDBAHABGCI@KDA@GD@JEBABBDFDP@B@@HAFADBBBDEHDD@BBDADAHBLALAFA@BFFBCNFBPEB@AJDLDDHF@HDJABCFDFDFHB@FBR"],"encodeOffsets":[[114335,24406]]}},{"type":"Feature","id":"441224","properties":{"name":"怀集县","cp":[112.182466,23.913072],"childNum":1},"geometry":{"type":"Polygon","coordinates":["@@FEDEBEBC@E@CBABANBLDF@F@B@B@DADABCBEBMDODUBODGBI@MAKAGAGAEAC@CAC@AA@A@CDA@A@@@@A@C@CBE@CACEA@ACCAAAC@AAK@IAAACC@CAAA@@AC@ABCBCBCBC@CCAC@A@@@AABCBCDCBABC@C@CCECACCAC@KBIBCBCFCD@J@B@BADAD@HDFBD@@@@A@ACCAA@E@ABAD@DBFFFDDBD@D@DADCFCB@BAD@H@DABADKHSBC@AACCAACACBCBCHAFB@@DA@CBABC@CAA@EAGAGAA@EBABELIB@B@@@@@@A@A@E@C@CBC@ABC@AB@@ABA@AB@@ABA@A@ABA@A@C@A@ABA@A@ABAB@@ABA@AB@AA@@@A@@AAAAA@@AAACAECA@AAAA@C@CBADAB@B@@A@E@@A@@C@AFCBEB@AC@A@A@A@A@C@AB@@ABC@AAAAACCAAAC@AAA@AACAACCCECEKIIECE@CCCIGCECEKAGDA@EA@ACEEGACE@E@@@E@A@ECCA@E@EECE@EC@CCCCCG@GHC@E@CAEACCGEECKAC@UC@GACCCACCGAEACAGACBG@CCECEEICI@G@G@CCCCAGAEECCECC@I@C@EAASAENEP[CEBG@CAECAECC@BEBGDQBQCACAEACCAAG@GH@BE@KGCBGFADEDGAC@KPCBC@AAAAAAIGACBGAECAIBKKCMEE@AE@EGEA@G@AA@CBEDIBEA@JBJDF@BCJED@HABGDCJDHBDFAHDEDEBE@IAAB@NA@ODCBIEIACA@GJOBAACAG@AKBCIGEIACGCCDGDEDCDKAQCB@I@EEAODE@ICAAWEGIGKC@EA@@OBGEEABSCKFUACBC@CIC@C@EEAE@C@CABC@CFC@IHKDC@AAA@KDSDBD@LEEGBCHCFCFA@@B@@@BEJAHAEME@CAEE@ABE@AACDIBCGCI@E@EHACAC@AECCCCGDABCFE@G@AE@ICAGKGCEAIGCEEEAEGGAKI@FC@AAEB@B@BA@C@C@ABACEGABCACBCB@D@FABCA@C@GAAAACC@C@ACABCAACEGE@CAEAA@CB@B@D@HCCAACEACGAA@CBACACC@AACGBEAGDABA@KEGAC@CEAHEBABEFGC@@ECEC@CCEACAAAACGCEADC@EGGEGAG@ADBHBBDBDBADFDHJAFEBEAE@EBCDCDGA@CCAIACBBJHDDADBBHFHGFEHCD@FA@ABA@AB@@ABA@@B@@C@FJBJADGHAFDB@@@BB@@B@B@D@B@@@B@B@BA@@B@@AV@@BB@@B@HJDBBB@@@BAB@@@BA@A@@BC@ABA@ABCBKHBD@@@DBDANCDBFDCD@@JED@PFHF@BBBBBBBLFBAFDDAFHDHBBDA@CFAD@F@@@BA@@B@@ADCDBD@B@B@@CF@FAFEDG@AACAC@A@A@C@AB@@CBA@G@K@@B@@@B@@@B@B@D@B@B@B@BAB@@AB@BCB@@ADABABGFBF@B@@@B@B@B@@@@@@ABA@@BA@ABEBMBGFABCBEBEFGCCAGAEACDEDCF@DFDADBHA@@@EDENBF@D@B@B@B@B@B@@@B@B@B@B@@JDHFB@DBB@BBB@BBB@@FFBBD@BADFFHADF@H@J@FJDD@@FBJDFB@D@HJBBDBBDB@@B@@AFBFCHDDPDB@BBB@BBAB@BAB@B@@@BADCD@FDFGFDBDD@FDBFBDBBHDHDF@FFJDL@B@B@B@B@BCHHH@B@B@@BDBDBDBD@F@BBNADCLCFABBHDBFDJL@BBB@DB@@B@BBB@@@B@BBB@@@B@B@@ABC@AHCBAB@BAB@BAB@BBB@B@@NHFFBH@B@@BB@B@B@BJD@BAJLRABADADAD@B@BGDCDDBCBA@AAAAMC@@AE@CCAABGABCAEEAGHAAAFABCAA@ADCADFE@A@EEIBGB@@ABBFFFFBB@DD@F@BADEFEDAB@B@D@@@BABKPCDCDAD@DBH@DAL@L@F@FADCDABCBCBCACBCBCBAFAFAFEJCHABBDAFADCDEDEHABBDBDBB@D@DAB@DCBCBABA@AFADAHAHAD@F@HBJ@FADBFBFBDBB@D@DBFBFDJDJ@D@F@DADCDCBCBEBCDCFCBAB@B@DBNBDBDBD@D@D@DAD@BBP@H@HBFBF@D@D@D@DDBF@BAB@BAB@HCFCJAJAF@H@F@FBDBBDBB@DBF@DD@DBBBBBB@B@DAD@DCDABCD@B@BBBBBDD@D@DBFBB@D@HAFADCFCDCDCDADADADADEBC@CBEBEDEDCFEBABABADABEBC@C@C@CBADADA@@B@@BBDBBFBB@D@HAH@NANBJBJDFDDH@DADADCFAH@J@BBDFBDDDBBD@F@D@H@FBFBH@DBBDBF@DBBDBFBDDHFDDBF@FADADAF@DAD@DCBA@CBCBCDEBCDCDADCFEDE@EBABAD@F@FBFADADCBC@EBEBEBCDEDCFAHAHCHCDEBC@EBC@CB@FCHADAH@FBDBDFBD@@AD@DBBD@D@D@D@HBFBDDBBD@DBF@F@FDDDBB@DFFDHFDDDFDDF@DBDAHAH@F@FB@BBB@D@D@F@FBF@DBD@DADADCDABAD@BBDDDHFJBHBF@L@JAH@JBHDHDDDD@FAHAJALADAF@H@H@DBDRCHCF@NBLFHDFBBFA\\EfIRALBJFLDBB@B@HCFAFGFEDAD@HBHBB@D@DCBADCDCBCBCBCB@B@FIPQLCTAB@@ADAFAHAFBD@B@DCBC@CBCBGBEDEHCFAF@DA@@B@@C@A@C@EDEFEFEFCDABADBD@DCBE"],"encodeOffsets":[[115113,24886]]}},{"type":"Feature","id":"441204","properties":{"name":"高要区","cp":[112.460846,23.027694],"childNum":3},"geometry":{"type":"MultiPolygon","coordinates":[["@@@@@A@@@A@@@@@@@@@@@@@@A@@B@@@@@@@B@@@@@@@@A@@B@@@@@@B@@@@B@AB@@@@@@@@A@@@@@@"],["@@@@@@@@A@@@@A@@A@@@@@@@A@@@@B@@A@@@@@@DB@@@@@@BB@@@@@@@BA@@@@B@@@@C"],["@@B@B@FCH@BAFCBEB@DGBI@MDCB@@AHADIFEBAFAF@HADACCLI@AFAD@@CBCDABHB@BA@EBCBAAA@AD@BAA@DA@AD@DACCAGAAC@AC@A@ACACAAAA@A@A@CBAAAAEEB@DA@EBCC@ACABEAACCAABC@@CAAAAAACAC@CDC@CA@A@ACAAAAA@ADCBADABCAA@CBCBA@A@CA@C@CA@A@ABC@C@ABC@C@ADABABC@ABAB@B@DABE@C@E@CB@D@@@BAB@B@DA@CBE@ABABAAA@EAADC@A@CBA@C@ABCD@@C@ABCAABADCDAB@BCBADAD@D@BAD@D@@ABABC@A@ABAD@BEACACGACCEICCEAIECAE@@CAEAAEAA@C@AAI@EBC@AB@BCBCAE@A@C@A@ACC@C@CAC@AAABABA@AAEBA@EABACEAEAAEABAD@@ABB@CCCCB@AAAC@C@@AC@ABCA@AD@@CDBBC@A@AAEA@CBA@ADECFGBMJ@HHD@DAD@B@HABAD@FC@EAGCABC@CCCC@C@ABABAFA@A@C@A@CB@DC@CACBEBAEEI@CGQAK@MBGFOFMFKBCDGRIREHAT@T@DAPAV@RALBLBLDHDDBB@BBDBBDBBDBBBDBDBBDDDDBBDDDBDBBDDBBBDBDBBBD@DBBBDBF@@DJDFBBBDHDBBB@HFBDDBFHFHBDBDBDBDDFDFDBFFBFDFDF@BLABAFAHCDCDAFCDCD@L@BGDKAEAIAI@CBAFAD@F@FBDFHFD@D@F@D@HAHEHCHAFAH@DCDCFADAF@F@D@FAD@FBFAHBFBLBFDHFHFFBDDDBBDBDBBBDBFDBDBD@BF@BDBB@DBBBDFBDB@DBDB@@DDBBDBF@D@H@D@FBDDHBDB@D@BAHFFFHFHHLLIROFKBKB]@[DQHSFIHEFIHKASBUJULYFODKGAEACAEACACAECCACCCACCAACCCAAAA@CACA@A@@CCAAE@EBADBD@D@@@@@@@@@@@@@B@@@@@@@@@@@@@@@@@@B@@@@@@@@@@@@@B@@@@@@@@@@@B@@@@@@@@@@@@@@A@@@@@@@@@@B@@@@@@@@@@BB@@@@@@@@@@@@@@@@@@@@@B@@@@@A@@@@@@@@B@@@@@@B@@@@B@@A@@@@@@@@@@@@@@@@@AB@@A@@@@@@@@A@@@@@@@@A@@@@@@@@@@B@@@@@@@@@@@B@@@@@@A@@@@@@B@@AB@@A@@@@@@@@A@@@@@@@@@@@A@A@@@@@@@@@@@@@@@@@A@@@@B@@@@@@@@A@@@@@@@@@@AA@@@@A@A@A@@@A@@@@@@@@@@B@@@@@@@@AA@@@@@@@@@@@@@@@A@@@@@@@@@@B@@@@@@B@@@@@@B@@@@@B@@A@@B@@@@@@@A@@@@@GAA@@@A@E@@A@CA@ABEA@@AC@CEEACCCAAA@@C@AC@C@ADAFAAA@AB@BCDAF@BG@C@@ECAEAEAACCA@A@E@ECC@ADADE@CAC@AD@H@@CBAAEACECCCBEAECE@A@A@AA@ACCCA@A@CBC@A@CGAAA@A@A@C@@AA@CA@AACC@AB@B@BA@CFCF@@@@@BBFBB@DABCBABA@AFEAEBA@CAEBA@CCEE@D@B@BAA@A@EA@A@CBC@ACAB@@A@@@@@DA@AA@A@@AB@@@@@@@@@BBD@BA@C@ADCBC@A@@BABADCF@@B@BBBBB@@@AA@@AB@B@BBBB@B@@A@@BD@@@@AD@@AABAAACAAA@BADAB@BBAB@B@@BA@A@AB@@BB@@B@B@B@B@@@@@ABA@@@B@@BBA@BD@@BAB@@@@@@@@@@@@B@@@@B@@@@@AC@@A@@BAA@@@A@@BA@@B@@A@@@@@@ABA@@@CABA@@D@BA@@BA@@@@@@@@ABA@C@@@@@@ABADA@@@A@@ED@@@B@@A@A@A@@@@@@AB@@@@@@@C@@@@@A@@@@AFC@@@@@A@BABCB@@@@@E@@@BAD@@@B@BCB@@A@@AAA@@@@B@BABABC@ABCB@B@DA@@@A@A@A@@@@@@C@@@A@@A@@A@AA@@@@A@@B@@@@EB@@@A@@@AB@BC@AACA@@@A@@@A@B@DCDA@A@@BA@@BA@@AAA@@@AA@A@@A@@BA@@@A@AAAA@A@@@@@@A@BB@BCBABAB@B@BA@@@@A@@A@A@A@AC@@@AA@@AB@BAB@AA@@AC@@A@ECC@CCGACBC@@EAAE@C@ABC@AAGAE@EACAABECGEBE@@@@@@@@A@@@@@AA@@OACACAGA@DAD@BICCC@CCAA@ADAB@AACCCCBA@ABGA@C@CAAECEBI@MFEDGFGDCA@ECCBABABAA@AAA@@CBA@AB@BB@@B@@C@CBC@AFC@ABBB@B@@ABABADCB@BCAA@@@C@CA@A@@A@@@CBAAEA@ABABA@@A@A@AAE@@A@ABABABCCAEC@ACABC@A@AAA@A@AAA@@BA@@@@A@@AAA@C@C@@@@@A@@@AAIAAB@BAAAA@C@@@ABCCA@AA@C@@@@B@B@@AB@@A@@@@BCD@AC@@@@BBB@DABADABA@@@CACACAECA@CBCB@@CDABC@AAAA@EBCBABABAAC@AAEC@EAAAAAC@C@AA@A@CACAE@CA@CEA@EAABA@CAGACAEC@AE@A@C@CDE@EBCACACBABA@CAACACEAEAGEGAGCCAEAG@AAAC@@EAA@AAECE@A@CAA@ABADA@C@ACAA@DCBABABCD@DA@@D@B@BABA@AB@BBBB@BBBB@BABAB@BCBA@@@ABABA@@@AB@@A@ABAA@A@ACAA@A@AA@@@AC@AAA@CAA@A@AAA@@@A@A@CACBADABCAA@AA@ADCAAA@AB@BA@A@CAA@A@ABA@C@ADAAA@AAA@CAA@A@AB@BC@AAC@A@A@ABCBA@A@@@@D@B@BBB@BD@B@BDBB@BBD@BB@D@B@@@@ABBB@B@@@B@B@B@B@@@@BBB@@@BBB@@B@@@AB@@@BABB@@B@@AB@@A@A@AB@BABABAB@DABA@ABA@ABA@@B@@AB@B@BCBC@CAA@A@CAABA@@B@BBBBD@@@BAB@BABBBB@@D@HADAB@B@BBBB@@BAB@B@@BB@DABC@A@AB@@@BBBABCDAD@BABA@ADA@C@@D@D@DABAB@B@B@BBFBBBBB@B@@B@BABAB@@@B@B@F@BBDB@BBBBDB@BBB@DBB@D@D@B@F@B@B@DABA@A@AAA@ABAB@B@BA@A@C@A@A@AACAABAAA@AACAA@C@@BABCBA@E@AAAAAAC@@AAACAAAA@@AEBA@ABABC@AB@B@BB@BB@B@BBBBB@BAB@D@BBB@@ABA@A@@BBB@@@BDB@F@HB@@@B@@@@@@B@DAB@@BBAB@@@@@BAA@@AB@BB@@B@BA@@@@B@@AB@@A@@AABAA@BA@@@@B@@@B@@BB@@@BBBB@@@B@B@@@B@@@BA@@BA@@BB@@BA@@@@B@@A@@B@@@B@B@@@AA@ABAB@@ABAB@@BBBBBB@B@DA@@BB@@@DB@B@BADED@B@BD@D@B@BBBDBAB@BABABC@ABA@DB@D@DADC@@DA@A@A@ABA@AB@B@BBBD@FD@B@B@@AAA@@BBBB@F@BB@@@B@BAB@DBD@BB@D@@B@BB@BB@@AD@B@DBDBFD@@BBD@D@@BBBDBDBB@DC@@AA@CBABADGBAD@B@BADBDBBBBBDA@ABBD@HC@BHCFA@@F@DBFBFB@BFFDBBFJ@D@BBFDJ@HDHFB@CF@FCFBDDFB@BABDB@BBD@@BB@@DDDBDFCD@F@BBDB@@B@B@B@BA@@@ABABCBGFEFCBAD@@@J@@A@ABA@@@C@G@C@CDCBCBABC@A@@@ADI@AHA@GKGEIEKCSA@@AA@@@FAJAAAACF@DADCJCAGAGCECCACBCAWICAA@CDGCQCACKCEACJAJJHFDJDLFDD@FNFDAF@DB@D@BK@FLJBDBFB@NAHDD@FCBELDHAHEJEFCDSBO@KJDFFHCHIJBFBDHBFBDBDBABEFDNHNNLHDJFFFLHJBLAD@FE@EBCBADDDFFFFDABKJCFARDBJB@@CLDHAFFHCBAFD@BHFFCHFB@FAPDLAFDF@HCBA@@@@B@@A@@@@B@@@@@@@B@@@@@@@@B@@@@@@@@B@@B@@@A@@@@D@@@@BA@@@@B@@B@@A@@@@@@@A@@@@BA@@@@@A@@B@@@@AA@@@@@@@@@@@@@BB@@@@@@BA@@@@@@@A@@@@@@@B@@B@@@@@B@@A@@@@@@@@A@@@@@@@@AA@@@@@@@@@@@A@@@@@@@@@A@@@@@@@@B@@A@@@@@@@@@C@@@@@@A@@A@@@@@@B@@@@@@AB@@@A@@@@@@A@@@@@@@AA@@@GCCEEAA@IJA@E@GBEM@OBCBEAACCGDAHCBEC@EIAEBADAHDLFPJH@D@DEJFDFHFHMPCD@JC@OJOTEHADC@EB@DDDHD@DFFHPHNBJFDD@H@BA@CNADEFEAI@@H@FBFBHFDND@F@RBFDHAFBFD@@H@F@HBFGLAFBBFJELEFCFGH@DEJ@FB@FDBBFFDDBHABBDDLAH@JAFAACHGJ@FBBCDIFAFADA@QL@DMFEDGEQCGHODIBEBAB@DDDBFBD@L@PANBLHB@"]],"encodeOffsets":[[[115497,23554]],[[114954,23906]],[[115128,23931]]]}},{"type":"Feature","id":"441284","properties":{"name":"四会市","cp":[112.695028,23.340324],"childNum":1},"geometry":{"type":"Polygon","coordinates":["@@BE@IFAHAD@HEJGBAAE@QCIAIAE@I@G@IBEA@@AGDEECIAAAA@A@A@GCCACGCIAGCE@AAE@AEAAA@CICGEKBA@A@A@C@A@A@A@A@AAA@@AAA@AA@@AAAAA@@AAA@A@A@A@E@E@E@E@A@@AA@A@A@AIECC@@BIEG@A@A@E@G@G@E@A@C@C@ABAB@LEN@HAD@FDBDAB@BEFBJAH@DDB@@FDFD@@bEPCTQX[H_XBPECUKYGOCUAKAEAECCC@IGIQIGEK@KGCIIICAAACCAACCA@@@@@@ACACAAAC@A@A@AFFHHHAHCFCD@DC@ABDH@@CEA@@BEB@@CDD@C@CCBACCGEAAAGGAAECI@@@@@A@C@CBMBAC@CEYS@@BBF@FBDDBBB@BAFEHBB@DADA@AD@DCBEEBC@AAAAC@A@C@ABC@AAC@ABAA@AACAEAA@AACBADBFADEH@BDFFD@BEBABC@CAE@E@AACACDCBG@C@CBADADC@@B@DABA@AA@C@@@C@CAACBADE@CACAAA@C@ACCGACCE@CHAAA@@AAC@@CIGHEF@FADBDCH@FDJFBDBFD@HBHADCFCBE@CDAB@F@DBDBDCDBFBHCLCFCBMJGBIFGBGACDA@C@AAIBGDGAG@GFA@A@A@CAA@ACCCEACCE@CAA@ECAAGDCB@@CACACACCCAAACAEAEAEACACACCAACACACAC@AAC@@@A@KBKBGB@BBFADCB@BGJ@DIDCDABAB@@EAC@IAIBGFEHCB@BMBCD@@IHA@@@A@@@MEEBAB@@A@@BC@AB@BC@AAAAACA@AAA@CAA@CBC@@BCBB@ABC@@BBBABAD@FABA@AGCBAD@DC@EB@BKJDDCBGBE@EBABEFCJGB@BA@CD@NAJCHA@AFEDABG@EDA@A@BNCDDDDBBBDDDFBBBDDH@JDFFFFDFBHFHDDFED@BDD@FDD@@BFDDDDDDBDCNBDFFJBHD@ADA@CH@BED@DB@@DJ@DFBB@DDAFCFCRLHBBH@@@BCBCDAB@BB@DD@D@@ADEDEBE@C@ABADBFDHBF@JBLBH@HDBBDFBFBDFBJBFAFFB@BBHD@DBFBB@@@B@B@@BB@B@BCDCDCDBF@B@B@BBBBDBDBBDD@BBB@@@B@B@BA@@BAB@@@B@B@B@@BB@BBD@@BFBFCBCBCFBF@F@H@BBD@FBD@@AFCBCFAFAB@DFB@BB@DBBBBBBBBBBBB@B@B@B@D@B@D@DBD@FCDBBFDFDF@BHBD@FD@DDBDD@@B@DCLIDADBDBF@F@DAB@@@DFDBFDD@B@FADABAH@@BBD@DDF@B@D@@CFCBADAF@BAFCF@DDFBB@BDBB@@BB@B@DB@@F@DAFDB@FD@B@@BBBBB@@BB@D@B@D@D@@A@@@@BAB@@@BABB@@@@@FBDDBBBF@BBB@BBBB@B@B@B@B@B@B@@@B@@BBA@@BA@@B@BA@@B@BBB@B@DBB@B@D@B@DABAD@BABAD@B@B@D@BBBBBBB@BBB@HEDABBFB@@BBBB@@BB@B@B@B@FCDCBGBCD@FDBFB@@@B@BA@AB@B@D@BA@CBC@ABAD@BBDDBBBBBBB@DBBBB@F@B@@CACA@AG@@ACACAC@@BCBCF@@@DFBDDDD@B@D@BAD@DCD@DBBFBBB@B@B@B@DADADAFA@AB@BAB@BC@A@A@A@G@G@@DCBC@CCI@AAA@AACA@CCAACAAAA@CAA@@@A@IEEAEAEACCAAACAGBGAG@C@EDCFCBA@A@@@AB@D@B@D@D@D@D@D@D@@@DCBCAAACBEDCD@BAFCN@@@F@FBB@B@B@B@B@@@@@BECE@@@G@EBABGC@EBCA@@@A@A@ABA@ABABC@CBC@A@C@C@A@AAADCDCDEHBNAH@HFFAFAHA"],"encodeOffsets":[[115539,24111]]}},{"type":"Feature","id":"441226","properties":{"name":"德庆县","cp":[111.78156,23.141711],"childNum":2},"geometry":{"type":"MultiPolygon","coordinates":[["@@FADAHFLAFHFBJIDGFAJAFAHLJHFBNNFBDFALD@FBNEAEH@FJFFBDNCFGD@JCBEBIBCH@DABCDAFCJ@FDJCHBBCBEHIJAHABDF@LKHGFAH@FBFAFCB@N@DHDAJCB@B@DAB@@AB@DGBA@AB@B@B@B@B@B@@@@@BA@@@A@ABA@A@ABA@AAA@AAA@C@C@C@CBEAA@A@@@A@@ECEAGBECQAE@C@CMGEEAEAG@@@BJEFCFMB@DABG@C@ECAIGMGOEE@CGCCC@CFAD@BCFGPSPID@@IDCNOEGEGECFI@C@CIGEOCKBGBCFAJB@FFDDABGHCDDBBAFAD@PFNHAF@B@JIB@FBDFHD@@B@@B@@@@@@@B@@@@B@@@A@@B@@@@A@@@@@@@@BB@@@@@@@@@@@B@@@@A@@B@@@@@@@B@@@@B@@B@@@@@@@@@B@@@A@@@@A@@@@@@A@@@@@@@@@@A@@@@@@@A@@B@@@@A@@B@DA@GCEBECKBO@EEADGEEAGC@BEDAEGBECGDK@@IACABQDELIBAECEECECCABAD@FEFC@KBIAKGEEIEGCMKGMCMFEBACACAEAGAACAEJIDGEGCELIP@TADCFEFIBGCGFKDA@ECCBG@MEACAIAEKL@@A@CCAE@CBME@ECCKEICECIGBIDIFBLDBDRDHDDCB@DBXJDBDADBFDHDHBDBDIBC@CDEBBBBBI@EA@@@C@SAMCECECEEGGGGACKKGGOMQM[AKBK@EBCBEBEBCDQDGFM@QCKAMHMHC@A@E@CCECCCGCIEGAEAE@GAIAE@IASCKAKBIHCF@@ABA@ABE@E@E@QDM@EBCBC@CBABCBABGFCJANAF@FAFAF@D@DADCFCDCBIDGBGBSCMASCWCU@SBC@@@CBC@CBCBCBCBEBONQFM@ECIEQEAAA@A@CAC@oAoBMB[BaJABEDEDIDIDEDEBGBI@G@GAG@EBIFIDEBEBC@C@CACAIAaDMDEFCBADEJCJEJCFCFEDC@IDGBE@E@GAI@C@C@G@C@E@E@A@A@A@ABE@CBEBCBC@CBA@CBCBEDCBCBABCBCBC@GFIFGDGDCBABGHAFBHHLHHJBFB@IACDCDGDFBCDAB@@BJDDDJEFA@BF@BBDBFADAFFHCDAB@DCBADEDABBH@D@JC@BADBD@FDHF@CDFHHA@AAAB@FA@@B@BABC@@BCB@ACA@@D@BAGBC@@ACHCAGB@B@BBF@@A@AB@@CFBDDDAFDB@B@B@DBADEBABCHBB@D@B@DABAHDBD@AF@D@HBL@BEBGDGFBJ@PADBFD@BDBDJBB@DF@DAFDHBHDH@@BC@EDAFCB@BBHGD@FB@@@BF@BAHEF@@BFAF@JDB@JBJBPLJAJALJHAFHDBBB@@@B@B@@@B@B@B@@HBDDCF@HBB@B@@ABAD@DAH@F@D@D@D@D@B@BABCHBFLLFBLJDRHFBBBBFF@HHNAB@@@B@B@B@@BB@BB@@@BB@@BBBB@@BBB@@@BBB@@@@@B@BA@@B@NE@@B@BAB@BABEH@B@BAB@B@@@BAB@BABA@@BABAB@BA@@FBB@B@D@B@B@JCBEJCDAH@B@DBHFDBBDB@DBBAF@BBBBFJBBBJDDDAH@HDDF@FBBD@F@F@H@FAF@D@D@BCL@D@BBLEF@HGHCHCBAFA@@DGJBD@DDD@FBNDFHDDD@B@F@B@D@DDDBDCD@D@@@DDHBN@DHADBF@BBB@BBB@@BBALJD@BBBANFDB@BBBBFFDBFDFHF@BDD@B@DNAHD@DBB@BDHNB@JDHFDFD@HBLFB@BAHCFBHABD@BDD"],["@@@@A@@@@@AB@@@@@@A@@A@@@@A@@@@@@@@@@BA@@@@@@@@@@B@@@@@@@@@B@@@@@@@@@@BB@@@@@@@@@B@@@@@@B@@@@A@@@@@AA@@@@@@@B@@@@@@@B@@A@@@@A@@A@@@@@@@@@@@@BB@@@@@AB@@@@@B@@A@@B@@@@@@@B@@@@AA@@@@@AB@@@@"]],"encodeOffsets":[[[114753,24048]],[[114954,23908]]]}}],"UTF8Encoding":true}