{"type":"FeatureCollection","features":[{"type":"Feature","id":"320506","properties":{"name":"吴中区","cp":[120.624621,31.270839],"childNum":1},"geometry":{"type":"Polygon","coordinates":["@@EDQRMNKHQJ@@ONGD@B@@ABABCDABGDMFMDA@ID]JAB@@@@A@@BIDKFGFABCDAJ@@@HAFEHCFAFAH@B@@@BADEFEFGFEDA@ABCBCFINEHADEFIJ@B@@ABIPA@@@AB@@A@@AA@@@@@@@@B@@@@DB@@B@@B@@@B@B@B@BI\\A@AF@D@F@B@HBBAD@DABADABQLABEFEJAB@B@B@DAD@D@@ǆĀlpngvmPIPGZCXAVBXDbRNHFBHFLHDBABAD@DBBF@^@B@BB@@ABAD@@@BD@DBDBFBDAD@LAJ@H@B@@AB@B@BBB@R@D@BA@@@A@AA@AA@AB@@@DBBB@@BAACBABCBA@ABAAE@AJEFAB@AA@AAABADAD@F@JAFABBDB@B@DAFAD@DBBBDD@DFFDDBD@DABABABCD@F@H@B@B@@ABADAH@BABC@CDG@A@AACACBAB@N@BA@A@EAA@ABA@@@CBAD@BB@BBBBBD@FAD@DBHF@@@@FBH@D@BBDAB@@ABA@@@@@@BABC@@FC@@BA@A@EBA@ABCBA@A@@@@@@@A@ABA@@B@@@@@@@D@@@@@B@@@B@BABABCDA@@@@@@B@B@B@B@@BBBDB@@@@BBB@@@@@@@B@B@@ABEB@B@@BDBBDB@BAB@BC@C@EB@@@@@@@@@BA@@B@@A@ACAC@AAAA@@@@@@@@@ADAFAB@@A@@@@@ADCB@@@@@@A@@@@@@B@@A@@@@@A@@A@@ACAAAAGAGFAFADCHIBEBC@IF@H@D@@B@B@BFDHFCFDB@B@B@B@DAL@RH@@BBBBB@@@@@@@@HB@@@@@B@B@B@@F@BBF@@B@B@DAB@BAB@B@@BB@@@@@@B@BBFBB@@D@B@DABA@@@A@@B@@BB@@D@HBF@J@B@JBBA@A@@B@B@@@@@AA@@@AB@@AD@F@B@@@DBD@@A@@@A@AB@BABBD@@@AH@B@B@@DBB@@@BB@@@B@B@@BB@@@@@@@B@@@@@@@@@@@@@@@@@B@DB@@@@B@B@B@@@B@@@B@B@@@B@@@B@@@B@B@BAB@BAD@B@B@BAB@B@B@BAB@@@BAF@@@@@BAB@@@B@@@B@BAB@@@B@B@BA@@B@@@DAB@B@B@@@@A@@B@@@@AB@@@@AB@@AB@@@@AB@@AB@@@B@@@@@B@@AB@@HBD@DBDBAJ@BBBB@@@@B@@BBDBBBDDDDDFHFdVbRBBDDBB@DBBBBHDH@FAHCDADA@@@@DBBDDNJL`^LJLFfTn@vAAYGyAIBGBI@ABA@AD@DCB@DBB@F@DBDBDBB@B@@AACCCAABA@@D@B@B@BA@ABA@@B@@@D@F@@AG@@AB@@ABA@A@CBCBCBC@CBEBCAC@CBC@C@E@ABAFKDKDGBGBADAB@DADKDGDIBGBEBCBA@@@A@@@@@A@@BCBC@AB@@@BA@@B@@@AA@@A@@AA@@ABC@AB@@C@@A@A@A@A@@A@@BABABABCFQBEB@@@FABABA@AA@AAC@@AACBKBABBB@BBFCBAB@@ABABCBCB@@ABA@A@CA@@@A@AA@A@@@AB@BCBCA@@AA@A@@AA@@@@A@AA@AAGAIAGCAAE@C@EBEBC@E@E@C@A@CAAACCAAC@CAAAC@ACCAACAAAC@C@EAAAAAAA@ABC@C@C@C@C@C@CAEACCACAAAC@E@E@CMFYJCBAB@B@D@BABGDWHCBAD@F@BBDFDBDBF@DABEDIFGDC@EDCBCBE@A@@ACEAEEEAGGICEEGCEEEIIIGABCBCHCF@H@D@D@@EBE@G@CBG@G@C@CACA@@CAA@AAEAA@C@AAAAAACA@C@C@AAAC@AB@FCDAB@BA@C@A@A@AB@@@F@B@B@BAD@D@BABABAH@H@FABC@C@AAA@C@A@@DA@ABIAA@A@@B@DAH@B@BA@A@CAAAC@C@A@@A@@@A@EBEBI@CBA@A@@@A@@@@C@CAGACA@A@AACAC@C@E@CDS@C@E@CAAAAACCCECCCCCCEACACE@CBE@C@A@ACCAAAGGkOYAAAAAC@CEG]QoOGIGCEgoEOIKSUIIKMGMGKCCGGICKAOCICKEOCUKEECCBCCAA@EAA@A@AAA@A@@@CAAAGAC@A@ECA@EA@@A@C@ICI@QEMAOCC@C@AAE@GAE@E@E@AAA@E@C@A@CAE@G@I@SCC@A@A@A@A@A@A@@@@@A@G@C@I@AA@@AB@@C@E@G@C@CBA@@@C@ABKBA@A@@@@@A@C@ABC@CAEAC@@@AB@BA@EBGBUDC@QBKBWB@@ABCB@@@B@@AB@@EBA@@B@@A@C@A@EAEB@B@@CBABA@QLIFAB@@CBCD@@CDCD"],"encodeOffsets":[[122989,31706]]}},{"type":"Feature","id":"320507","properties":{"name":"相城区","cp":[120.618956,31.396684],"childNum":1},"geometry":{"type":"Polygon","coordinates":["@@A@G@A@Q@@@AAIGAA@C@A@A@C@A@C@C@@@ANBDBBACK@@@@@@@AAA@AACBADA@ADA@AFGFOAI@CDIDiA[uBm@eSKEKI_]IKCMACCA@@@@CBCBGDEBG@GCAAAA@CAACCAAaQcUGECECCCCAACAAA@@@A@@A@AA@ABICACAC@GAA@C@@@AB@B@F@BADADAB@BA@A@A@AAA@@B@@A@@B@@A@C@A@C@@@AB@BA@A@@@AA@@@C@@@@@@@@@AA@G@@@@@CP@DA@@BE@K@E@C@C@A@C@@FA@E@@AAAAAA@K@EJEHA@@B@B@@BD@@BB@BA@ABE@EBEBABCB@@E@ADABCD@DAFCDABA@@BBBBAB@DDBDCBADAFD@HBBBBBB@@DDBDDBFBDABI@CBADADADE@CAA@AC@AACA@A@E@IAECCACCECGCC@CAAAC@A@ABAA@AA@AA@@ABCDEFGFGDKAA@CCA@@BMJ@B@@@@CBMIJI@A@@AAA@C@A@ACAAE@A@@@@@@C@A@A@C@A@@A@@@A@ED@@A@A@ECAAAB@@AB@@ABC@A@AA@AACAACAAACACB@@C@CBCDCBC@CAICCA@@A@@DABABEBA@CDC@A@ED[B×CdT~bXRLZNH@B@@@B@@A@ABAB@@@D@@BB@@A@@@BB@@AB@@@BA@@@@@@B@@ADAD@ILB@B@H@NATCL@\\BB@JDB@@B@@@@BB@A@@@@H@@AA@@@@A@@@AB@@B@@B@@BHAB@@BB@@@@AB@@@B@AB@@B@BA@@@@BBAB@@@B@@@BB@@@FHBBBBB@@ADB@@@BBA@AB@BBBA@@D@B@@@BB@AB@@@@@B@@B@@BABB@@B@@DAB@@B@@B@@ABBB@@@@AB@@@@@@BBD@FDBBB@D@B@DAB@BAD@BBD@B@@@@BB@FBD@BBBBDDFDBBB@@A@@D@B@@BABB@BB@B@BAD@DAFCBCB@D@DAD@FBBDDDDDJBBHBHBJDHDHFRPHDDBB@BABABK@EBAD@@@BB@BBBB@B@HJ@BAD@FAB@BBF@@@B@BA@AB@B@B@D@BBD@@@@BDPAB@@B@BAD@BB@DAB@DBBB@@BCBA@AFCD@B@@C@C@ADC@EAEAGAC@AB@HAF@D@B@@A@AAG@ABAD@F@BA@A@A@CBAB@B@BA@CBCDAFAD@BA@AAEDA@AAAB@B@B@BAB@BBBDB@B@D@D@F@B@JAD@BD@@B@B@D@B@@AA@BADAD@D@D@BAD@BBBDABLVB@BBDDBD@D@BBBBBD@N@H@DAFBBDBD@D@BD@F@DB@@@P@BBAD@B@BADAFADABAB@DAD@DAD@BBB@B@B@B@BB@B@B@DBH@BBBB@DANGBABABAD@BA@A@ABAB@B@D@BBB@D@@@@@AC@A@A@ADAF@D@D@BABA@@H@B@B@@@@B@D@BB@@BBBBB@BBB@B@B@H@@B@BADCBAB@DBD@@@B@B@@@@BB@B@D@B@BA@CBEBEBE@C@A"],"encodeOffsets":[[123730,32277]]}},{"type":"Feature","id":"320509","properties":{"name":"吴江区","cp":[120.641601,31.160404],"childNum":1},"geometry":{"type":"Polygon","coordinates":["@@@ADCBADBBAB@BCBAH@@DD@B@BB@@F@@CF@AC@@@AH@JAF@B@@D@BB@BA@@ACBABCBABA@CBAB@BBDABA@@@A@ABADC@A@AAAC@ABA@AABA@CAGAGCGAG@I@GBABA@EFKDA@A@G@KAC@G@C@A@CA@@@I@@KEAAMCAQG@A@@C@C@AAA@@AA@@@@@C@A@C@@@A@@A@A@@@@@@@C@@@A@@A@@@@@A@@@@@@@@@@@@@@A@@@@@@@@@@@@@@@@@@A@@@@@@@@@A@@@@@@@@@@@@@@B@@@@@@@@A@@@@@@@@@A@@@@A@@@@@@@@@@@B@@A@@@@@@@A@@@AA@@@@@@@@@@@@@@A@@@@@@B@@@@@@AB@@@@@@@@@@@@@@AB@@@@@@@@A@@@@@@@@@@@@BA@@@@@@@@@@@@AA@@@@@@@@@AA@@@@@@AA@@@@A@@@@@@@@@AA@@@@@@@@@@A@@@@@@@@@A@@@@@@@@@@@@@@@@B@@@@@@@@AB@@@@@@@B@@@@@@@@@@@@@@A@@@@@@A@@A@@@@@@@A@@B@@@@A@@BADADSJOFCBMAU@mICAACCCAAA@CB@BA@@@A@@A@CACAA@A@C@EBEBA@C@A@AEAG@EACACAAACECCAAAACCA@AAE@C@E@CBADCDABGFC@E@C@E@CAC@EBABA@AA@AAA@AAAAAA@CBABCDCB@ACCAAA@@CEEAACAEEACHCJCHAB@BE@@DCDCBCDADGDGBGBE@CBE@A@A@C@C@AAC@CACAA@CBE@GBGBG@EBC@AIAC@G@AAAA@CBCBABCBEACCCCAA@ABABABAACB@B@DBBEDGBAB@B@B@BAB@BA@AAAAAC@AAAEAC@CA@AEIEGCCAAAC@@AB@@AD@@@B@@A@@@@@@@@@@@AB@@@@@@@@A@@@@@@A@@@A@@AA@@@@@A@@@@@A@@@@@A@C@A@@@@@AA@A@@@A@@@@A@@@C@A@A@@@A@ABA@@@A@@A@@@@@A@@@A@A@@B@@C@CDEB@BA@BF@@A@@@@@C@A@EAA@A@A@ABC@@@C@ABA@A@A@@@A@AACAAAAAA@AA@@AAA@AAC@E@CAA@@@ABA@A@A@@@A@A@CBA@C@CBABA@C@ABAB@@@@A@AAAAECAAACACIEAAE@CEEAECCAEE@C@AAAAAEEAAACCECAACACCEACCECEEGCCACA@CGAAACEEAA@ACCEICEAACCGIAAAAACCAACA@A@@@A@@@ABCBA@C@ABA@CBA@CBAB@@@@@BADAFEFELCF@BADAB@BAJ@B@J@BB@@B@BAFABADE@C@IDCHADE@CBADAD@F@BBBBBHB@BBDAXABCBCD@DAHA@ABG@CBEBCDAB@D@@@BBDDBHHFBDBBDADCDC@CBCFCFAFCDIBADBH@FBDDBB@DBBB@BBBAB@@ED@BAD@NADADADULABCBAACCAABGDKDODKIAAAA@ECCCC@KASEC@E@C@G@I@ACAGI@@A@CMCA@CFIH@B@BB@AFB@@@BB@FAH@F@DADAD@D@DBLBBBBDBB@@D@BCHAD@D@BBBHHHHDDBD@B@B@BADDDFFVLPDLFJDPDLBJDHHDDHLHNLNJJTVJLFPhpDFJHPHp^RFH@DBDBBBBPZlHHBBDBBDB@D@F@DAF@BDBDDFDDDDFDDDBDBBBB@D@F@DCT@D@F@DBDBD@B@BDBHBDBD@@@@@@B@@@BAB@DAJAF@F@B@@@BB@D@D@BBDBB@B@@A@ABG@C@AB@B@JBBAB@@CB@D@B@BBD@D@BA@E@GBGBABA@A@CBC@A@A@A@E@@BAB@B@D@B@@ABADC@EBAD@BB@B@D@DDBBBBBBBD@B@FBBBB@DB@@DBDBD@H@H@DAH@F@FA@@@C@C@GDEDGDABAJHJJFFDFFHDFHJBHFFBFDF@BB@F@DADAFCD@HCJEFCBA@CAEACECAC@A@EBCDAXGHCBA@A@C@ABADAZINEB@JIBEAKB@@@BQQ@CE@IFWHMFC`GFCPKNKBA"],"encodeOffsets":[[123758,31851]]}},{"type":"Feature","id":"320581","properties":{"name":"常熟市","cp":[120.74852,31.658156],"childNum":1},"geometry":{"type":"Polygon","coordinates":["@@vA`Kr]IKSW_cGEGCCIACAEGKAIGODEFCBCGIA@GDC@CECGCEAA@@@@EGEAEDGGMICCRGNEHEHCFAFEDEBCFAFCHAHCCIGDCIGGGCACMMGCMGICIGUKKCNUYODC@@BABA@ABA@@@@@AEA_UBKBAKCA@DCD@FBDB@CBCB@D@FBD@B@B@@@@@B@BSFGFKBC@A@@@AAAAC@@AAAA@ACAAAAAEA@AA@@A@@CAAAACEEA@A@AA@AA@A@@ACA@@AAA@@@@@@@EA@AGDA@GJECKAALAHA@ABABAFIBAJKAALAF@@ABAF@BA@CCCACACAAAAAE@ECCAAA@A@AEDCD@DDBEFEBQEGFNNDFE@ABA@ABBG@AAAE@E@CACAEB@CBACAC@E@CB@A@A@A@A@CAA@A@A@@AAA@@A@AA@@A@AC@AGACAAIBAKEBI@A@CBC@@DAFABED@BFB@F@BE@G@CAC@G@I@@B@DAFAFAF@DABA@C@A@A@@A@@A@A@@@C@CAA@ABCDABA@@@@G@A@AAA@AAAAA@AA@@A@C@A@@A@A@G@@@ABABC@C@E@CB@B@B@BBD@@@@C@A@AAC@A@A@AB@B@BABC@ABABABMHCBA@AA@AAG@C@A@AAAA@A@A@A@AAC@CBC@CBA@ABCBEBCBABA@C@AB@A@O@@CAE@C@@A@CACACEACBG@M@C@AAAA@A@CACCCAAA@KUBAACAAC@ABC@C@C@CBABB@@BA@C@A@A@@@ACC@IBA@E@C@C@A@A@ACAAA@ABA@A@A@BB@BCBBF@BABC@EBCBAD@DABA@A@AB@D@B@BABE@C@AB@BBH@B@BA@C@E@GBA@@BBDBHBF@FCD@B@D@DA@C@ED@BABAD@@AACAA@CBA@@ABC@A@AA@OBC@GD@NCRAL@@@@@DAFABADGFCFEDI@KBEACAA@FIDCCAE@GFC@AAEAAA@@@@GCC@A@CDCFBHCDCb@BFDNBHKDBPB@DBD@BADFBFDHDD@F@B@D@BAB@B@FAB@B@B@DBBBB@BBBBDBABOPBDDHGHCBDDJLCBCJKDE@WHM@G@CDABRB@DFPAH@HEFDJLHJ@D@LDDDFJPLBDBFCDC@KFABE@C@AHCFANB@BFBHBBHAHFDGH@HCLAD@FIJCFANAB@HANALHHBJAHFLLH@FCB@@@@BDDDDBBBFBD@B@@B@@BF@@BBD@@B@B@ABB@@BB@@BB@BBD@LA@@HDNHJ@H@DFDDFDAJELEF@BLDFHDADJDLEDBJAJCDBJBBABEBJJBFBBF@FHLJHJB@TKLEJGdOJELLJDDD@@B@FI¦exJMFEfobMvGºB`@"],"encodeOffsets":[[123940,32547]]}},{"type":"Feature","id":"320582","properties":{"name":"张家港市","cp":[120.543441,31.865553],"childNum":1},"geometry":{"type":"Polygon","coordinates":["@@DFHDBDCP@FABCHMD@BBF@HADCJAHABGFSR@@YOA@AB@D@@@@@B@@@@@F@B@@@@@BCAGAA@E@@AAAAA@CY@AL@@EDA@ELAJBHFDHD@FAJDLEHMFIHEFKDICAJ@NIPIJCLGBCDUFIDER@DWBIBE@@@@@EBMFSDC@GD@@[LIBGDEDC@C@GBSD@BDBBFRPBDAHGHULAD@@@@AFCPEND|TPPP`TLFXLfRnVFBH@XC\\APAB@lUzSvQRELA^ChI\\@VB@@\\FPDXFbFLBrFPBPBNBL@@@TBJELC@@LYFIZS¦čJQDKHKjLOw¥fEJA@@@CCICKKIFcPIHKFSLA@GIKIEGE@AAAEIIFABAAAAIDCBIAIFCCKCICBEGKC@AFEFKBIECCCCEG@I@MGGC@@KBC@AAA@@AA@@AA@BAA@A@@@AC@AE@@AA@@@@AACAEAACCCC@A@@A@EDG@KKGEIBGAKGMBGBA@MBEBIDEJC@KBGDG@CH"],"encodeOffsets":[[123488,32500]]}},{"type":"Feature","id":"320583","properties":{"name":"昆山市","cp":[120.958137,31.381925],"childNum":1},"geometry":{"type":"Polygon","coordinates":["@@DBDAHDDDDB@@B@@@B@DA@@@AB@@A@@@@B@FDB@B@@@@@DCDADCFBFADB@BBDD@BAAG@CFEDE@AGE@EBC@KAABAGBCADM@CBAB@DAFCFAHAGGGABCBE@ABABE@CH@BEF@NB@@H@DEHED@DCDDLHL@DOHADBFDFDBDDBBDBBBB@BB@B@B@BA@@BAFCBABABABC@CB@BA@@BCSKBAJC@@@A@AAA@@ACACAAAC@@@AAAAA@A@A@@@A@A@@@A@@@@AAA@A@@@@AB@@@B@@A@AB@@@BABABA@A@@B@@AB@@A@@B@@@D@H@JaBC@CBA@ABC@@@A@C@@@A@AA@BAAA@@B@BAAA@@@CB@D@@@B@@AB@BBD@DB@ABABA@ABAA@C@@GF@B@B@BAFBB@DBB@@@@A@A@@@A@@AABA@@@A@@@A@A@@@AA@BAB@AABA@@B@@AB@AAB@@A@AA@AAB@B@@A@AA@@@A@@A@A@@@A@@AA@@A@@A@@@AA@A@@A@@@A@A@@BA@A@@@A@@@A@A@@BAAAB@@A@A@A@A@ABAAABAB@B@B@NBAD@@@BFDDDDEFK@@DCC@@AA@@AB@@AB@B@@@B@@@@@@@@@@@BCCA@CBBBA@@@CDB@@@CD@@AD@@@B@BEBA@A@@A@@@C@BAAAA@C@@A@AAAAA@@EAEAE@CB@DC@@AA@A@A@@@ABBBCBAAC@BDEB@CGBEDBDGB@BA@@@@A@AC@ABA@C@AAACCAACCCAAEC@@D@AAC@CBCBAD@B@BABAFAFADA@@BA@ABABCBCABA@@EECMAGFACE@ACCA@E@GACAC@C@G@AA@@B@AI@GBAA@@AAA@@B@@CAGBAACA@ABAAA@BABBBA@@B@@@@@@@@@@@B@@BB@B@@C@ABA@AAB@C@A@ACAA@BC@AB@B@@AB@@AD@@A@AA@A@@C@CC@@A@@@A@@@A@@@@@A@@@@@A@@@ABA@@@A@A@ABA@@@A@@@A@@@@@A@ABA@A@@@A@ABA@E@ABA@C@@BA@A@CA@A@@@@CF@@ADABAA@AA@A@@@ABA@@@A@AA@CABCJBBAICBCFEBEEA@AA@@ABAFB@ADE@CIABCFB@A@AA@BCEC@@A@@A@CA@@DAA@ACAAABC@A@AEBA@BB@BC@@BA@@BE@E@CABAC@C@C@@BAFGA@CCACA@EBAB@B@CIACACC@@BAAA@AFCB@@ABC@CA@B@@@DC@@A@@AA@AE@AABCGGA@A@SA_@KACASDkJmFQEICGAGAC@A@MDA@aCA@CAAAAACCAAAAACAC@C@CCCEEAAA@AAA@@CCCA@A@@AAE@AABMLOLED_HEDGNEX@JDFR@AR@@A@BLAFIJA@@D@F@FBDBBBDDDFBDBD@D@D@D@D@D@BAB@BBBBBB@F@DBDBBBDDBBDD@BBDBD@BBDDBBDBB@D@F@F@D@FAFAD@F@BBHDJBHBBBB@@B@B@@B@@BB@B@@BB@ADADA@@B@@@BBBB@@@B@@D@BAB@BA@ADADAB@BA@ABEDAAA@AAABALBD@BD@BBB@@BABABEB@@A@AFERADABABAB@@@BB@B@B@B@@@@DA@@BAD@BB@@BB@@@BB@@A@@@AB@@A@@BADAD@@@B@@@@@B@@ABADAFAHCJCHCLCBA@CBABAHCHCLELAB@B@F@DAD@DBDADAF@DADADAD@D@BAB@BA@@BH@@BE@C@@@A@@@AB@BABA@A@C@@@ABBBDDBD@BA@A@CACACAE@A@CAA@CDC@@BAB@BAJAHBJHzBZB\\CjCJ@DBJEPEH@BCB@BCBABBD@BBB@B@@@@@@DLABCAMA@B@@@D@D@B@D@B@B@DBBJHBB@@R@B@H@B@J@H@D@DBH@F@@A@EEA@AFCBABE@CD@DAB@J@FABLJABBBDBHD@@B@BB@@B@BB@BB@@@B@BBB@D@B@B@B@BDAF@D@DBAB@DFADBDBF@F@BB@BAHBAB@BAF@CEMMHERFFAFECA@CDCFC@B@BBBDBFDF@BBBBDBDBDBDDB@@ABEBA@@BEBKLBBIJABEBABAB@BGBKLBFDHIB@HC"],"encodeOffsets":[[123880,32250]]}},{"type":"Feature","id":"320585","properties":{"name":"太仓市","cp":[121.112275,31.452568],"childNum":1},"geometry":{"type":"Polygon","coordinates":["@@ACEA@@B@@CA@AAA@AAA@@BAA@BAB@@A@@A@@AA@@@@@@@AA@@@A@@BA@A@@B@@C@@AA@@@A@@@@BA@A@BCA@AAA@@A@@A@AACAA@AAAB@@A@@D@@A@@BAA@@@AA@@A@CC@A@AA@@@@A@@A@@@@AA@@@A@@@@@@@@AAA@C@@@@B@@@@@@AB@@@@@A@@@A@@@@A@@@@AAB@@BB@D@FA@@AA@@AA@@AB@@AC@@AA@AA@@AAA@A@@B@@@BA@@BB@@BD@@BC@@AA@A@@DA@@B@B@@@B@D@BA@@BA@@BA@BB@B@B@@A@A@AAAAA@@BA@A@@@@A@EBAA@@@A@A@AAAA@AAA@@AA@A@@B@BA@AAC@A@@ABA@A@A@@AAA@@C@C@@@CAABC@C@A@@@BB@@B@@B@BA@A@AAEAAAA@AAAACCA@@ABA@AA@A@A@AAC@C@A@AAAACCCA@A@@EC@A@A@@AA@AB@@A@A@@CAECA@AAC@CACAA@ABA@A@@@AA@@A@ABA@@@A@CA@@CB[KBA@@@@AA@A@@BCA@@A@A@@BAB@BAFADAHAH@B@@AA@@CB@@@@@@D@@@@B@@A@EA@A@@BA@@AA@@ABAC@@BCA@BAAA@@@C@@A@@A@@AA@A@@A@AC@@@A@C@@CD@B@@@@E@A@@B@B@@@@@BA@@B@@@B@@A@@B@@@B@@A@@@@AA@@@AB@@@BB@@BAB@@A@@A@@AB@@AA@DCA@ADEA@AABAABA@@@AAAA@AA@A@@A@@@AA@@BAB@B@B@@A@@A@C@@@A@AA@A@@BABAC@AAC@AA@@@AB@@@@@@@B@@@BA@A@@@AB@BA@@AA@AMC@BC@BAC@@@AAB@@A@@A@GCCA@BEA@AC@@BA@@CAAAFEACCE@CABED@@AD@DA@AA@A@@AA@E@A@AA@@@A@AC@C@@@@DA@@@@@A@@@@A@AAB@DADIbG@C@@@A@@@@BA@@BA@@@@BABABAB@@A@@B@BA@@@A@@B@@B@B@BB@@@@@B@@@B@B@@@B@BBBBB@B@@BDBBBDBD@@BB@B@B@@IDABTLAD@@ABA@@DADABABABEDAB@@ABA@A@A@@AAAAAACCAACECECCAGBCPK@KGCCCDC@GFCFG@@@MAE@AFG@@DAFAB@BAFADHBHHGBEBEDCBA@AB@DCNDBHAABBB@LAD@FHF@BCFEF@DBHABC@AC@ACAEBEACDCBCD@@@@A@A@ECA@@@@@@BA@@B@@CBA@@@A@@@CACCGCCBCA@BFB@@@@@@B@BB@@DB@BB@B@@BBBB@B@FFBDBBDB@@@BB@@BFBBBBBDB@BBBBB@@BDBB@B@@@BADELEHATA@@@@@A@A@C@EAC@A@AD@DCAEAC@CDB@LDABAL`VFB@B@@@@AB@BABAB@@CDZPMVLDVLJHJDNHHDNNBDHDHHDJHCDJGDGBEDEBADCFEFEBGDGFMFQHDDNJHHFCFBFH@@@@BBDFDHDFD@HCB@HJADEDCFHPBJHLBFBDDJHDHF`dTXJLdEpGFAĠĕ²xe{OGKGA@@@A@@AC@@BA@@CA@A@BC@@@AA@@@A@@@A@@@A@@B@B@B@BB@B@@BA@@@@BA@@BEA@@@A@AACA@AAA@@BB@@BA@@@A@@@@D@@@BA@ABCABAA@AB@@A@A@@@@A@@BAAAA@@@@@AA@B@@A@@@@AA@BC@@@@ABAABAB@@@AA@BA@BC"],"encodeOffsets":[[124213,32253]]}},{"type":"Feature","id":"320508","properties":{"name":"姑苏区","cp":[120.622249,31.311414],"childNum":1},"geometry":{"type":"Polygon","coordinates":["@@@@BA@@@A@@@@@A@@BA@@BA@@@@BA@@BA@@@@BA@@@@@AB@@@@@@A@ABA@C@@@AB@@A@A@A@@BA@A@A@@@A@@BA@A@@@@BE@A@@BA@A@A@ABA@A@A@ABC@ABA@A@A@A@@@A@@@A@@@A@A@@@A@@@A@A@A@@A@@C@A@@@@@@@@@@@@@@@@@A@@@@@@AA@@@A@A@@AA@@A@CA@@@A@ABG@@C@AAABA@@B@B@@@BC@CA@@A@E@C@@BA@@B@@BB@@@@A@A@@@@BABIAA@I@E@GAC@@@AA@@@AB@@@B@BA@C@A@CA@EAAAA@@@@@@@AA@@@ABA@ABA@CM@@@@@C@OBC@CBAD@BCN@DCFEHADADGR@BEJENABADABAB@B@B@B@B@DCF@DABABCDst@@@@ABIJ@@@B@@XJ@@@B@BA@@B@@BB@@@BAB@B@BBD@BDBDB@@BB@@B@B@BBB@@BBB@@B@DBB@BABCF@@@DABAFAFAF@BAB@@AAA@@AC@@@A@AB@FGFIL@B@BBBB@BF@B@@ED@B@D@D@F@L@F@@AB@@CDO@@@@H@B@@B@@@@@@@@@D@@BB@@B@B@@ABA@@D@B@D@B@@@@AB@@@@AB@BBB@B@B@@ABABCBC@A@E@ABA@@D@B@"],"encodeOffsets":[[123535,32088]]}},{"type":"Feature","id":"320505","properties":{"name":"虎丘区","cp":[120.566833,31.294845],"childNum":1},"geometry":{"type":"Polygon","coordinates":["@@@A@AE@AAE@@@@A@A@A@@@@GA@@@@@@@@AAAA@AG@@QBK@C@A@A@ACADEGEEC@A@A@AC@G@E@@JADAFGJCDEBEBBHBHBBDB@BB@@@@B@@@@@BA@@@@@@@@B@@@@A@CD@B@@@@@BA@EBCB@B@@@@@@@@BBBBD@DB@B@BA@@@AB@@@@@@@@A@@F@DADA@ABA@ACCA@AA@A@AF@BA@A@@@@@@@A@AA@@@@CAAA@AA@A@A@A@@@@@@@CBADABABA@@@A@@@@@C@@@@@@@A@@@AB@B@B@@@@@@@BABAD@BAB@F@BAB@@ED@@ADAB@@@@@@AB@BA@CBAAC@G@EA@@@@GECAC@EBC@AAAA@AAAC@AB@D@@AB@BBB@F@BABM@A@ABBDBD@B@BCH@DADABG@CBAB@BA@A@G@E@C@ADABABCBC@CAECCEC@ACAA@CBCBE@C@ACAAAEBIBE@C@CBABBB@BBBA@EBIF@BBFAB@BABADABBDAB@@AACA@@A@@BBBB@@B@B@@ABC@Q@A@AAA@A@@BA@G@I@KBC@CBEACACAC@@A@@BCBA@@AAA@]@E@AA@CBCBACAKGGEEAMGaQWCUAWBYDOHOJunmhFFj°xTJØD\\AFCB@D@DCB@FABABA@CB@@@DBJDDBD@DADCDAD@@@DADBBBDBBBBD@BBBB@D@BA@@BA@@BABBFDB@B@@@FCB@@@B@@@@B@D@B@B@D@@@@B@F@BBBDB@D@B@BB@@@BIJNJDA@@@@@ANI@AB@DDB@LBHCHEFEDCBA@@BBB@@BBBBAB@D@BBDBD@HDFDDDDBFDJBF@B@B@BD@BBDB@DBF@BCBCBCDAJ@BAACAECCCA@CA@AAAAGAC@BEBCDAACCCA@ABAA@AB@BADCBE@CDCA@CAA@@@AA@AA@AAA@A@@@AA@@CACA@AAC@A@ABA@A@@AA@@@AB@@A@A@@WI@@@A@@JIBA@@@@tsDCBABA@CDE@C@A@A@A@ABABABCBAFMFI@AHQBCBCFGDE@CDM@ABCDAD@PAD@@@@@N@"],"encodeOffsets":[[123505,32010]]}}],"UTF8Encoding":true}