{"type":"FeatureCollection","features":[{"type":"Feature","id":"371702","properties":{"name":"牡丹区","cp":[115.470946,35.24311],"childNum":1},"geometry":{"type":"Polygon","coordinates":["@@@I@GCI@I@EAGEEEAAA@ABCBI@K@C@A@A@E@@@ABABA@@@@B@HAB@B@D@L@B@NBB@D@B@L@B@DAB@BABCBABABABAB@BAB@FAB@D@DADAB@D@BABAB@@CBA@A@CBABA@@HAD@D@D@BBB@BAD@BB@@BBADB@@@PBH@@@JBBBJBF@B@B@NALAF@B@BAB@@AB@BAB@DABAB@DAD@BABADABAB@BCDE@ABCECHILAHBJARGR@PBL@LITKTALFBRLBJADEHBTELEHBBJBBN@ACBAJCFCBAHBR@V@B@DAB@B@@@DB@@DBAHBFJ@FBDDJ@DBBDBBB@DD@BBF@DDHHDDDFBD@H@DB@DBHDHDFBDBD@BBBDDDB@BDBB@BBF@J@H@DCBAD@HCLCB@FC@CAAAK@A@A@C@ADCHGB@@C@@DAHAFAD@HAFBFAD@H@F@FAH@FAD@F@HBDAFAHAFAF@F@DAHEBCDEBEBEBCBE@@@@@@BE@EAECE@EBIBA@@@@BE@CBCDGBC@ECEEECCACCIAC@EAEBEAE@C@C@I@G@CB@@EBCBI@A@G@KAC@CAG@C@GAEAIAGBCBA@AD@J@DE@C@CCCA@C@E@E@QAK@C@C@E@CACAC@C@CAABC@CDMBQBGJAFCBUDE@GEIGMCGBIFI@CEEKQ@C@QACFMDECQCGF@FIASGOBEBCAAGA@EBC@GAAAA@C@E@C@GBA@S@ACAAAC@E@AAC@AECA@E@AA@@@@@AACAA@A@C@C@ECCCGAABCBA@C@ACEAG@C@CEAC@EAE@AAA@CACAGECACCAAAACE@AAC@EA@@CCAGCECGEA@AAAAAC@A@CAA@C@A@GACAECEAGIAIAA@C@A@AAE@E@C@CA@@CAECAA@@AACCAAAAA@AAEAC@GAA@CA@@CAA@A@GAAAC@@@EAEAA@CA@@EAGAA@C@CA@EHS@CC@A@CDKZCFEBAFBH@DCBCDCACEAEEAEACBC@IBA@A@A@ABE@CAEA@@A@AAA@CCAAAAAAAA@AAA@C@@@AAA@@ACAAEGCAAAKGA@@AEA@AAAACA@AE@AA@@CACBA@A@A@@BABA@ABAFAAA@A@AAA@ACA@@EEACCG@@ACA@ACAC@@AC@AACGGEACBCDOZMAQBSAQUEASF@JSLCBCB@GGEAIQD@HDBBBBLDBJDAVEFM@AFCHCF@B@F@DAD@DAFADAD@DADAD@D@D@D@H@FAJ@F@D@D@F@HAD@HAFBF@FBD@@@@@@@HDJBD@@@@@@DFHHDFFJBDDDBFBFBDDD@B@@@@BBBDBF@DBF@D@DDF@FBF@DAF@@@@@@@D@F@DBFAF@F@F@D@F@F@@@@@@@D@D@F@FAFAFADAFAD@F@D@FDHBD@FDFBF@FCFAFEHABCFCFADAFAD@DCF@F@HAF@DBF@D@H@D@DGFKLKHOH[DW@MDIDAF@FDR@L@HCH@DBNDNJPDAJDNBL@TCN@LDVNRL`Z@DADAF@BDBDBHHFDJ@@@TRVNPFZHB@"],"encodeOffsets":[[118097,36339]]}},{"type":"Feature","id":"371721","properties":{"name":"曹县","cp":[115.549482,34.823253],"childNum":1},"geometry":{"type":"Polygon","coordinates":["@@B@B@J@F@D@DAB@B@B@F@DAD@DAHCBAFAB@DAB@@AB@B@BAB@F@H@FAB@B@DAD@B@FAD@@AB@@C@AB@BAB@B@JCB@DAB@D@DAJCB@FAD@BBBBBBD@D@JD@@P@D@B@FBF@B@@@DB@BD@B@F@F@BA@@BA@A@@@A@AB@BA@C@E@A@A@@BADAF@D@FA@@BABABA@A@@@ABABCBAB@B@B@DB@DDBBD@@@@F@DAHAD@F@FAD@D@BCACBADCDATGH@@HDHBDBBD@H@H@NAHAFAHQB@AGBCDA@ADAD@BBBBF@HADABCBKPGDBFCD@D@DFHHCBLJDBFBDBHDFBFBH@FCHCDCD@FAD@F@HAF@FCHADCFEHAFAF@F@F@F@FAF@FAH@DAH@DAD@H@H@FADBH@F@D@F@F@JAF@HAHBFBJDAGAEACCEEAAAAECAACEGCC@CCGACAEAEEGACACCE@GBCBMAEBEBGBCBCDEBEBCBE@C@EDCBEAE@C@GDCJAH@F@H@DCFCDCDCDCFAFEDAFCDAFCDAHAD@FDFBFBDDDBFDD@F@F@F@JCFCFGDCDCDEHC@@@@BAHAFAFCHEAG@C@EBC@CBCDCDCBADABA@@@@FEFM@Qa@GQIOCIAGOBMBCCCGACAEAABGAE@C@C@EBAAC@GAE@E@GBIFCBGBEBABEBEBC@EBEBEBEAE@@@@@@AECCCGECBCKGEEDMACAAI@CEE@WBA[DUEICEDYFMCkCBCBGBIBCBA@@@A@C@IBGDA@EBEBGBGBAAA@EBC@C@A@@@IBE@G@C@K@I@@@A@IDEDABAFCDE@IBIA@AAA@E@U@Q@I@AA@@AAACA@ACA@AACC@AAA@@AAA@@@A@AA@AA@@ABA@A@AB@@C@E@C@E@A@A@C@@BEBCBA@A@AB@@ADA@@@ABKB@@CBABA@CBA@ADCBAB@@@@@A@@@@@@B@@AA@A@@@ABA@CBC@ABAAAB@@CBC@A@CBA@C@A@A@CACAEAC@CB@@AAA@G@C@@@ABC@E@A@A@AAA@C@CAA@A@A@@@A@A@A@A@C@A@CBA@E@CBA@E@C@AAGCA@AAC@A@E@A@@@AB@@@B@BE@A@CBG@EBEBGBIDABA@EFEBCDCHCDGHEFIJEFMRCF@HAHCHEHEFGBGBE@EACB@PAJAFAFQRAFADCFADAH@D@F@D@FBHBDBD@F@F@D@BAFAFCDAFEFCDADCFBFBD@FBBBDBFFFBDBDBDBF@DAFAFCF@FCFADAF@DAFAF@D@FAD@HCFCD@DAHABCFGBG@E@ED@FFDCFEDCDBHCDGBGDEDGBG@G@ECGAGBCDCDOBEBGDIJCDGDUHCBG@EDGDEFEBEBGBGAGAECECMEG@MDGBGAG@ECEECCECEBGBEBEDCFAF@L@@AH@F@L@F@HBFBBLNDDBHBF@FBFCDODEBGBG@G@A@AAO@COUDBJWB@DKBHVB@BDD@BBJERdHCDFDAB@DFBFAF@FAFCFG@GAEAECCECEGBEBEDGBEBEDEDGDMCIEE@GBBREDAFCFIJGBQBED@FDFBF@BT@@@@BBJB@@HBFBJ@B@@@BB@B@FBJ@B@B@F@FBBBB@BBDBDD@BBD@B@B@B@B@BBDB@@BBB@@@HABAF@@@BAD@@@B@BBBBD@@FHDB@@BBJAF@F@D@BBF@BCLAPKTGL@DH@HJDZCBA@GRCBJHF@HDADATK@ITEFBRVTBRANBPYDCDAFBHHBD"],"encodeOffsets":[[118111,35883]]}},{"type":"Feature","id":"371722","properties":{"name":"单县","cp":[116.08262,34.790851],"childNum":1},"geometry":{"type":"Polygon","coordinates":["@@NCDCBA@ABCBG@EDEBCDADCDADCDAFCF@FAD@F@F@DAFCFAFAHCF@FAD@FADAD@FAFADCD@HEDCDCDCHGFADADCHAHCD@FAF@D@H@D@FAFAFAF@DBDAFAHCFEHCD@H@DAF@F@F@F@HAH@D@F@DBHAFAFAHADAHCF@DADAFCFAHA@@AA@AA@@@@A@A@@@A@A@IBC@C@G@E@E@ECE@EAC@C@E@E@C@EAG@E@E@C@E@C@CAC@E@C@C@E@I@G@E@C@CAECAECE@G@E@G@E@GAECE@CACCACAE@CBEAEAC@CAEACACDCFAHAD@DAHCDAF@HCFCDCBG@EACACACEGECAACCEG@C@C@CBC@E@CAGCGCAACACECEECE@EDCBCFEHCECAACACCEAEAGEEAC@EAC@IAGAC@E@EACACACC@C@G@CAE@CACACCCCAE@G@EFGDEDE@E@G@CBG@CAEAACAE@E@C@E@GACACCCC@I@GACAEAEACECAACCEAEAGAEAECECCACGBEDGFEFENEFCDCDKDIBIBEACCAAKGECCAEAOEECOIGCEAKAG@GDEFKDSZMbabeDwYcC[Ril_CKWAaOGiASAIKSwT@@@BC@AD@@@BABDADlENCZDFFJCVB\\XAF@DFJ@BBBDCNFFLHADFDDHDDBF@@@@@@BFAFAFAF@FADAFAFABAFAHEDAJ@H@FBF@HBDAB@F@D@DBFAHBBBFBDDHDDNAPABHDJJPHRb@@RENEF@@@@ABCBABCDCDAD@DAD@F@DBHF@F@F@HBJBFBF@H@DBH@D@H@DEFAJ@FCF@F@JAD@D@FAH@F@HA@@@@B@F@DCFAFADAHAD@FAD@FBH@FBFBFBDBFDFBFBFFDDBFBD@D@FADCDADAFBFFBJB@@@@BBDB@F@FADCDADAFCBAB@@@@CDCFAFHDJBJBFBHDFBDBDDDFBDAHCHCDCDABAHBHFFBFBF@DAD@DAHBFDBFDLDDDFDFFBBFDF@HAHEFGHCJCHEH@PCH@NALCJEJEFCHEJGHAHALCJAFCFCPFDDFDDDDBFDFDDDBB@@@@DDDFHDFFDFBDDDBF"],"encodeOffsets":[[118975,35780]]}},{"type":"Feature","id":"371723","properties":{"name":"成武县","cp":[115.897349,34.947366],"childNum":1},"geometry":{"type":"Polygon","coordinates":["@@AGAECCACAA@AAABCDAFC@@B@FADE@ECEACCEAC@CAC@@@@AAACACACEECCCAEACAG@GCEAEACCCE@EAE@E@C@C@E@CBE@CDGFEBCHEBCBCFEBABEDCDCDCDCBCFADCFADCDAFAFE@@@@HCHEFCBADEDCACCEECEECACCACEECEAEFCF@DAD@FAH@F@DAD@H@HAAECCACCEEEGCCECC@@@@AACCECECCACCECCCOEEDEDIBKDGBGBIHGFEDIFIFKDMBG@ODG@GFIDGDEHGFGBE@ECAAEEECCCKCECCAAEBG@CBC@CAEAEEEAGBGBADCDCDGBGACCECCCAEAGCEAIAIAGCBEDEDC@@@@BADABEBCDCBC@E@ECAAA@@@@IAEAAEBEBCDCBC@E@CACAECCEEEAEAECCAEAEAEAG@EAC@EBC@GBCBEBEBCDE@A@@@@@GBE@G@EBC@C@IBE@E@EDI@EBCFG@C@G@CAG@E@EAIAGAE@E@E@GFEDEBGBAB@@@@GDCFCDCDEHEDIDE@E@E@C@ECCACCEAEAECC@GBCBEDCBEDCBEFEBCDCDCDEDCDG@E@G@IBCD@H@DBFAFCD@F@DAFADAFCFADADAHAFBFANAD@HDFBDBDFHBFBFBDDH@DDDFHBDDBBFBBFBDFBDBFBHFBBDFDFDBDDDDDDDBD@DBB@@@@@BBF@D@FEHCBCDCBCDEDCDCDAF@D@F@DBFBD@FBFBDDFBDDFDDDFBFDD@DBDBDBFBD@DBFBD@DBF@F@D@F@FBF@@@@BB@BBBABAFBD@B@BDF@B@D@B@DBD@D@DBJ@BABAD@@AD@BBNABCDABAF@B@D@H@BAD@B@F@BBBBBBDBBDBB@D@D@D@DAB@BAD@HCD@@CBCBCBADCD@F@B@B@NHBBD@DBD@D@DADABA@C@C@A@A@E@KJ@D@D@J@NAHAXCPAACAGACAC@CBCP@H@H@L@FAL@D@D@D@DBFBDBDDF@B@BBB@@DL@D@D@D@D@B@F@FALCB@DAB@D@BAF@LCNAD@@AAE@ABCD@LAD@R@H@F@BBDBBBBBB@NAD@DAJAH@H@F@D@LBD@X@B@XAF@N@JAF@J@J@L@F@FBH@D@FBBAF@B@H@^B"],"encodeOffsets":[[118939,35954]]}},{"type":"Feature","id":"371724","properties":{"name":"巨野县","cp":[116.089341,35.390999],"childNum":1},"geometry":{"type":"Polygon","coordinates":["@@@EDEBCFEFEDAHCFAHAF@F@DADAHCFGDAFCHAJDDBFBDBHBDBF@DAFAD@@@@@B@HAFADCBEBE@GBEBCBEBCBE@CBCBGBC@E@C@C@C@E@CACACAGAE@C@CBEBE@EDEBADEDG@EBEBC@EBE@C@CACAIACACCEEEECCAICGAGCCECE@E@EBGDG@@@@@@@CBC@C@GBE@CBC@CBCBCFEFCF@FCDEBCDG@@@@@@BE@CBE@C@@@@@@BCBGBEBE@CAC\\DLBTHFBFB@@@@@@DBLDHCXeHQBSCOCIGQGSGOCEGBC@G@E@EBCDEBCDCDCFCFCBGD@E@G@CACCCGAC@E@CBGDC@CABEBCBCBCDCDEBABEDCAGCCACECCGACAC@C@CACEGEEEAAECCACCEEGACEECEACAEAAEICCE@G@GBCBCBA@E@C@E@IAAACC]AG@A@E@ABEAC@G@EAE@K@I@I@E@IBM@E@WBA@W@C@KAC@E@G@G@IBCBC@MBA@AAAACAAAE@G@Q@C@KBC@AD@BBF@BC@MBKDE@ABC@A@CBA@KDEBE@A@C@C@C@C@K@@CA@AAA@E@CCCAEACAC@C@C@K@EBK@G@G@O@AD@DBDBDBHBDOBWDGBMBI@C@C@I@@L@F@B@B@D@DABCBCBC@C@CAC@AAMGA@A@E@C@CDABADAD@DC@GDC@ABA@CBC@C@C@A@@DBDCDADAD@BAD@DAB@D@DBDBBBBBD@B@H@B@B@B@N@D@DAFADAFCDAFADABCHAFABABCJADAB@B@DD@D@L@RBF@F@D@B@DD@D@DCFI@C@@BABADBHBJBF@H@DBH@DBD@L@H@BAJAD@FA@@D@H@J@D@DBFAFBF@FBDDJBDDDFFDF@FADCHAD@DAF@@@@ABAJ@FDFFDHBHFDBJBHDFDDB@@@@DBFBHDDBHBDBHADCDAFA@A@@BCDEBCDAFAD@BAB@BADADABCDCDCBABCD@HCD@D@@D@HDDB@B@N@B@FAP@F@D@BBFBD@FBD@FBFBHBBBJBFBD@D@FBBBBBDBB@DBHBD@F@D@F@JDDBBBBBFF@B@D@BBD@B@FBBFBHBDB@B@B@L@@DD@FFDDDHDFDDDFDHFFDDFDBFDBF@@@@HDDFDDBDBD@H@DAD@DBF@DFDFBDDHDDDHDFBDBFBF@FAFAHAJ@FFHFDDDDFDDBHFJBHBHBDAH@"],"encodeOffsets":[[118910,36347]]}},{"type":"Feature","id":"371725","properties":{"name":"郓城县","cp":[115.93885,35.594773],"childNum":1},"geometry":{"type":"Polygon","coordinates":["@@@A@C@A@A@A@E@A@C@G@AAEBMAI@CBG@EBG@CBCDEBIDEHCJ@ZCVEPCBA@@@@ZGREVI\\IVITK\\OHC@@@@RITMJIJIJKTIRIVIRMDERSFEBAJGBCFEFCLGFCBADAFCB@@A@A@A@A@A@CBA@A@A@A@ABA@EBGBC@ABABCHMFG@ACCAAAACACCAAECAAACACAAAAAAAC@C@A@C@A@GBC@@BCBCBCDEBAFE@I@CCCCAAA@@@@A@EECEAE@CBCBE@ABE@CBCBEBEBCBC@CBE@EBC@E@A@EBC@C@C@C@C@EBC@E@CAC@EACAEAE@G@C@@@@BAG@CBGAGAIAGECAECCCCCGEEEI@GBEBEBE@EACAEAGCCCGCCCEAEC@CAE@CBC@C@GACACCCCEGC@@@@AEECCACEECGEECCCECGCCCEC@ECC@@@K@A@ACAGAEAAA@E@AAC@A@C@AEEAAAACAICE@C@E@C@GACAA@CAAAAAEAC@C@EAIAAAGAEAEAC@EAC@EAAAC@E@O@EBA@M@A@A@CC@G@CC@C@GDC@ADABCDCDADCBCBABA@ABC@EBCBADCFAD@@@BEBCBCDGBCAGACAGCEACA@@@@CAECGCIACAGEGAECBF@FAF@@@@@@AFADAFAFCFADGFCBE@E@EBGBEBCBGAE@C@EBG@EBE@G@C@EBEAGBC@EBGBCB@@@DA@GHCD@B@D@B@BBLBB@DEDA@KDGDC@ABJHLNDF@B@DADAB@BABAD@BEDAB@DDHDD@BBBBF@B@D@F@BABABCBGFAD@BADBDDDBDBB@H@DBDBDBDBDBD@F@BBB@DADADAFCDAB@DAF@B@DBJ@BADC@C@C@C@CBBB@DBF@BBB@F@FCF@D@BBB@FBBBD@B@BBFABBDCBA@A@C@CBE@A@AB@DBBDBHHDBBBDBHFDBD@BDBD@B@BB\\@FBBBFN@L@BBB@@B@H@D@\\AB@BC@C@A@CBKDEBG@EAE@CAG@EBEBEBCBCFCFADAHBDBDBFDF@H@HCHCDCFAD@F@DBFDDFFDBFDDDBD@DCDEBEBCAE@C@CBQHC@KFEFCHEFVHDDJPJBfD@TD@@HF@@\\EB@LR@@PDTVEFPC@DLPAHXDABLf@ALX@BJPVPCRABAVCN@@ED@BAL@@DF@DNVER@@NfB@GFDBPB@@JJ@@HF@@IASHBBP"],"encodeOffsets":[[118658,36728]]}},{"type":"Feature","id":"371726","properties":{"name":"鄄城县","cp":[115.51434,35.560257],"childNum":1},"geometry":{"type":"Polygon","coordinates":["@@IOCCUGFEDGFELED@RGDAD@F@DBFAFADC@CACCCECCAEECCAE@C@EBCDEDCDG@G@GCEAEACACBGBCDEDEDAFAFAFAH@DBF@FBH@FALCDAB@D@D@@ABA@[@C@G@AA@AAK@M@AEAA@EA[@A@AACACC@CAGECAAACAGGCAAA@CBAB@F@DAD@B@B@DAACBAAE@A@AACAA@EAA@A@CDE@E@EAA@AAE@CAADAD@D@D@D@BC@AAI@C@ABE@CBADCBEBCBC@CAA@A@EACACACACAC@C@GAAACCCACBC@ABCHEDABABA@A@E@C@AAEAA@ACCCG@CBAFC@ABCBA@ABABC@C@ACEKMIGCDG@I@E@AAA@CA@ACACCAA@AACACCECGAG@CCAG@C@EACCGCCG@CAE@ACCA@AAACCAI@CCEAI@AEBGCA@@CA@@A@A@CBA@U@Q@GAABEDIDABBDM@AAAIGAKFSFGACFIBKAAQKESBSLKJK@OAQ@QHIBGAKBGJFDAD@BCFADA@ABCBABABC@CBA@ABCBA@ABA@@BA@ABA@E@KBMBA@A@E@IAAAIA@@G@OA@@A@BCAA@@AAC@ABA@AAC@C@C@GB@@ABAB@D@BAB@DA@ABABC@A@CBCBC@A@EBA@ABA@ABABABABADABA@CBA@K@A@C@A@MAA@K@C@A@A@GBA@@@@@ABAB@B@@@F@B@B@D@LAJAD@BBBFBFFBH@F@JDJ@H@JPF@@FBPFPDDBBDBJAFADCJIbHVJCDJ]HALNAFFF@BVPE@EF@BVZC@RN@HRRTNJDFFVDRDHJHNJDFNHHJTZRjJLHJHJX\\XR\\PN@LADBBJDDJ@VAREDBDBFLBBB@LCHAXIBADBBBBFBHlBRABBD@@BD@BBTBPBJDRHRDJ@"],"encodeOffsets":[[118447,36610]]}},{"type":"Feature","id":"371727","properties":{"name":"定陶区","cp":[115.569601,35.072701],"childNum":1},"geometry":{"type":"Polygon","coordinates":["@@CAAAACAAAA@A@E@ABC@A@G@C@ABEBADCBAAM@ABC@@BCBA@AAI@C@CAC@C@A@C@ACE@A@AACBEBAAA@AAA@@@@AE@E@E@C@EAE@CACAE@CACAEACAC@CCCAECECCCEACCEACAE@EACAE@C@E@CBEDCDCFCDCDADCDAFG@E@CAE@A@@@@AA@CACCCCCCCACECECACEAICEAGAGBE@IBE@E@C@E@G@CAEBG@G@C@CBG@CBG@EBE@EBE@E@E@E@EBGBEFCDGBEDE@GBE@C@EBC@CDGDEDG@EAEAGCCAEACAKIDAGGCEC@C@EDCAOHALADCBGBE@AAAAC@CB@BCBADBHA@GREBGBMBG@G@C@AAACCG@GG@SHCBCDABBDADC@C@EBE@C@GBCBE@@@@@ACCA@CCAA@A@A@ABADAB@B@@@BABABAB@@EBC@E@CBAB@@@B@B@F@DABA@@B@B@@@BAB@@ABE@E@A@C@@ACA@@A@E@EAA@C@O@@@ICC@C@AAAAAAC@EBA@IDCBC@A@CBA@IDA@A@ABA@@B@DA@@BC@EBA@C@CBA@A@EBG@E@A@ABA@A@@BA@CBA@EBABGDCBC@CBE@A@A@A@CBC@E@I@A@A@@BBD@@BDBDB@BD@@DHBDFF@@DB@BBB@B@BBBEBAB@BABAB@@@B@BABBD@DB@@BBFB@BDBB@BFB@BB@LHBBDBFHBBBD@@BB@B@@@DBB@BBBBBBBBBDDB@BBB@@@FBDBF@BAB@B@B@JAD@DAFBFBBFDFDBDCDA@CAGBEFADELYDCB@D@@DGT@FDBD@B@HBFB@@DBB@FBFB@@D@BBHBB@B@DB@@DBB@HBD@FBBBB@BBBBDDBB@@BBFDDB@@DBD@F@F@BBB@D@B@JBJBBHDFBFBD@H@B@DBB@D@BBDBBBBB@HFFDHDDB@DB@@FBD@BDFBBBBDDDBHFDBDBB@BBF@FBD@FB@D@DBHDF@B@DABADBBDHDD@F@D@D@BBBBD@B@@@@BBF@B@FD@BBD@B@FBDBBBDT@B@HAD@F@D@B@BBHBD@FAB@BHDBFAPATHJB@EHERDFDNCDERBD@R@FLDFJ@JEHANDJHHFF@VCDABEHIRANADCD@BADBD@D@DBDBF@@C@ABABCDIBABABEDGBABCBEDCBEBCBE@C@C@M@A@A@A@G@AACAAAAAC@C@CBA@CBC@ABCBCDCAC@C"],"encodeOffsets":[[118574,36005]]}},{"type":"Feature","id":"371728","properties":{"name":"东明县","cp":[115.098412,35.289637],"childNum":1},"geometry":{"type":"Polygon","coordinates":["@@IOCMAM@CDG@G@KCQ@EBEJCNCX@\\CPGLGLKHE@C@C@G@CAE@CBE@G@EDE@CBCBEBCDEDEBAFGBEDE@EAECE@EACCG@E@C@EBCBEBCBEBE@E@E@C@C@@@@@@@E@E@C@E@EBEAE@C@E@C@@@@@@BE@CAE@ECE@C@CAE@CAEACAA@@@@@ACCACAEAECCACEICEGGCE@@@@@@ACCI@G@@@@@@AC@EAEBE@GBC@G@E@C@C@EBI@E@G@C@C@CBCBC@CBCBCBE@CBC@C@E@ADEDGBEN@FEBUICCAAKAACAABYDIC@GCGK@SHOLKBADE@AAC@E@E@IBAA@@CAEG@@ACAA@A@A@@BC@A@@BEBA@G@@AA@AA@AC@A@A@A@A@AAC@ACCCAAAA@AAEAE@A@A@I@EAA@A@@A@@@AAIAE@GA@AI@A@@S@AD@HIJQ@A@C@C@CACCIAG@E@E@E@G@E@M@C@E@CAECGAECECKGCEGAGAEAGACECECCECG@EBEDEDEFCFAFCFG@G@G@U@G@GBG@GBG@OAG@G@GAECECKGCECECECCGCEDCFEDCFAFAFAFEFGBE@GBGBEBEFIF@DAB@BA@DPDABF@BA@BFAB@HK@@B@@A@@DO@BC@@@AB@@AGB@AD@@CBAACA@@BC@@@@@ACEMGB@@A@AEHACEB@@@B@@@J@BAB@@C@@C@@@EB@A@@A@GB@@AB@@B@@BB@@BGBAA@@A@C@KDC@WHGBA@ABAB@@DBHBFDJDHDJFHHDDBDBD@D@D@BABADAB@@A@G@M@A@E@CBEBKDCBCBADABAB@BFHDHDJHLDFHFRDbH`RLLBD@H@N@BELEFCFEHWV[TKH@DAFBHHLJNLLLHPHNFPDNBfFV@N@B@DBBBBB@BCxAfBH@@FDND^FBB@DBBBBBF@BBB@DBDBB@BBBBDBBFH@@BBBBBBDB@DB@BB@BB@FHBB@BBB@BBBBBB@DD@BDB@BBB@@BBFFBBBBB@DD@BBBDB@BB@BBBBB@BB@@DBD@B@D@B@B@B@FhBFB^DXFLFBNDN@|AH@DBBDDFDFPT@JAJCHAFDDD@BBBDBDFADC@CDEHEHCH@J@@X@DDBB@BCAaJ@BPFB@THBNDNBTDLBPBJ@T@PALG"],"encodeOffsets":[[117961,36272]]}}],"UTF8Encoding":true}