{"type":"FeatureCollection","features":[{"type":"Feature","id":"211402","properties":{"name":"连山区","cp":[120.85937,40.755143],"childNum":1},"geometry":{"type":"Polygon","coordinates":["@@B@D@HCDAHCD@DBDBB@@AB@B@@A@CACA@AABADCFAHA@A@AB@F@B@FBB@D@D@DBD@DBBDBDBBDBBBDAD@BBD@BBBBDBD@B@DFBBH@CG@@BKAMEMGICMEI@@@@@ACICKAOCIUAQ@K@WBSDGAIEQ@GJUFGKAG]@CJEPMFSC]@GA_E]GIQMUGqCS^CPAHAH@F@F@H@FBHAJ@FAHEFIDEFAJEJEFCDCJGFOFEBC@C@CBADBDBDBD@BAACACBCBIBAB@D@D@JBJBL@J@HANOLONCHAH@X@@BBB@B@@BBB@@BBBB@@BDBB@BB@@B@BBB@B@B@BBB@B@BBB@B@D@B@CCQIEKAIBGHaHS\\ECCGAKGAGBILCZCVKDQAMLAJIBMLCBA@ABA@ABABEBCBC@@@@@G@GA@BA@@@@@A@C@@@@@@A@A@@@@A@A@@@@AA@A@@@@AA@@@EA@@@@BB@@@@C@@@C@@@AA@@AA@B@BBB@@A@@@A@@CBAAA@@A@A@@@@A@E@C@@A@A@A@@@@A@@@@@AA@CB@@@AA@@@@@A@@@BA@@@@A@@@@CBG@A@A@@AA@@A@AACA@@BA@@@ABC@@CC@@A@A@@@@A@C@@CA@@@A@@@@@A@@@@B@BB@@@ACAAA@AA@AA@A@@@@AA@@AA@E@@C@@@A@@A@CA@AA@@@@@@@A@@A@A@@@@@@A@A@A@A@A@@EA@@@@@A@A@@A@AB@@@@AA@@B@@@@A@AA@@@ABA@@C@@@@A@@A@CA@@A@@B@D@B@@A@A@A@@@AA@@@@AD@BA@@@A@@@AAC@@AACBA@A@NGBAIKQA@A[A@A@AA@@@@@MB@@@@A@@@AAA@@@A@@@C@A@@AA@@@A@@B@@@BE@@BA@@@@@@AAABA@@BC@AA@E@A@A@E@AAA@AAAE@AAAA@GCICGEEABADA@@@@@A@@@@AC@@@@C@A@@B@@A@@ABCA@A@CA@@@@AB@@BB@@BB@@A@A@AB@@@B@@AB@@BB@B@@@B@@AA@@A@@B@B@@D@@@@@@B@B@B@@@@BB@@@@AB@@@@@@@B@@@@@D@@@@A@@@BBAB@@@@@BB@BB@BA@@@GAA@@@@CC@@@@@@@ALEA@@@@@@B@@A@@@@@@A@@@AB@B@@A@@AA@@@@AAA@@@@CAAA@@CA@@@@@@AA@@AAA@@@AA@@@@@@@@@B@B@@AA@@A@A@A@ABA@A@A@A@A@@@CA@@A@@@AB@B@@A@A@@@C@@@@AA@@A@AA@A@A@@ACA@AAB@@@@@@A@@@AB@@A@@A@@@@@BA@EB@AA@A@A@@@@DAD@@C@A@@@@BB@@B@@BB@AB@B@B@BABBBB@@CD@@DB@B@@A@A@ABA@@@@@@@@@CBA@@@@@BBB@B@@@@@@@EBA@@BABAB@B@@@BBBBB@@BBD@@B@@A@@@ABABC@A@A@GBA@A@@A@@A@A@@@A@A@@@A@G@A@@@CBMHKLOHMDQ@QCc@K@MAOCOBIJEJEJIBOAOAYEMBQDUDMBQDODA@A@E@A@CAA@CAA@@@A@AB@@@@EAE@CAAAA@@@@@@C@ABA@AA@@@@AAA@@A@@BC@A@@BA@ABC@C@@@A@@@@B@@ABAB@B@BA@AD@@CB@@A@@AA@@@ABA@A@ABA@A@A@@@@A@A@@@A@@@@@A@A@AA@@AB@@AB@@@BA@@@AB@@AC@@A@@@AA@A@AA@@A@C@@AABA@A@@BA@C@AAC@CAA@A@@@AAA@AA@@@AAC@@@A@AA@A@AA@A@@AA@AA@A@@AC@@@A@C@@@A@AAC@AA@@@CAA@@A@@@A@@BCB@@AB@@@@B@@@CB@@A@@@AD@B@@@B@B@@A@A@A@@@A@C@ABE@CAG@@@C@KJIJELIHKDO@Q@KHAFBH@JCJELIJIHIJKHIDU@MASECCGEKAOCKCKBKB@@KFBBHFFF@H@FCFGFSJULEDCHEPCNCJEHEFIDIDCF@FBRDR@JCNETEJAHDLHFFFNFDK@@@A@A@@@A@@A@A@A@AA@@CA@@@@@@B@@@B@@@B@@@@CB@@@@@@B@@B@@AB@@@@@BB@@B@@@@A@AB@BABAB@@@CB@B@@B@D@D@B@@@FDB@@@BAF@HA@@BA@@B@DB@@@B@@@BBB@@@BBB@B@@DBD@@@@B@BDBBD@DB@BD@@@@@D@BAD@BAB@@@@@BB@@@@B@BBB@@@B@@B@FAB@B@PBBBBF@JAFBFHFPH@@B@@B@@BBBB@B@@AB@@BBB@BAB@@@DB@@@BB@D@B@@@@E@@B@@@B@D@@@AABA@@BA@@B@@BBDDB@@@B@B@B@@@@CB@@B@@@B@B@D@@@@AAA@@@@BADB@@DBD@B@BA@@A@@AC@AAAAEAA@@@A@@AFAB@B@@A@@@A@@@A@AB@@@BA@@B@@@B@B@D@@A@C@@D@DA@@BCPCBAJELENEL@JSFGHGFAHALBNDLPRLJFBB@BB@DBBBBB@B@@@@@D@BB@@B@@B@B@@@B@@B@@BBB@@B@@B@@@AB@BB@BBDD@BAB@@BBA@A@AB@@@DB@@@AB@B@@BB@@B@@@BA@@@@DBBBDB@@@@AB@@@@@BBBDABBB@B@B@BAD@@@@@@A@@@@BA@@BCB@@@@EBA@A@@@@@@@A@AB@B@@@B@@@@ABB@AB@D@@AB@@A@@@ACE@@BBB@D@B@B@@@DAB@BBBBB@BA@@B@@BD@@AB@@B@B@@DB@@B@BBABB@DBBBBB@@BB@BB@@@@@BA@@BB@B@B@@@@@@B@@@BBB@@@@B@@@B@@@@@B@@@BB@DAB@BBBBFBB@BBB@@B@@@BA@A@@@@BB@@@@BA@@@@BDAD@@@B@NKHCHBJHLFL@`UBAB@BA@@BA@@B@@@B@@@D@@AD@BABA@BBBB@B@F@@@@A@@@@DAB@@@BA@@BA@@BABA@@A@@@@@A@@A@ABC@@BC@@@@B@@@B@@@B@BA@@@@@@AAA@AAA@@AAA@AB@@AA@BA@@B@@@@B@BB@@@@@@@@@@CCE@A@@B@@B@@@@BDBF@@BB@@@@B@@@@ADABB@@D@AB@B@B@@@D@@BBBBBBB@@@BB@B@BB@B@@@B@B@BB@@@@BBDB@@BBA@@@FDB@@@B@@A@@BA@@@EBABA@@B@HBBA@@D@@BBBBABBB@@BB@@@@@B@@@DD@@B@JJV\\FVAT@FDHJJJLLFB@@@BE@A@@@A@A@@BAA@BCBABABABA@@BA@@@ABA@@A@@@BCB@@@@@D@BB@B@B@D@BA@@@@D@@@@@BABA@@@ABA@@D@B@@@B@B@B@@BB@@AB@DBB@@@B@BAB@B@B@D@BB@BBDAB@B@@@BA@BB@@AB@B@@AB@@A@@@AB@DADA@AB@B@@@B@BABADB@@BABA@@DABC@@B@B@B@@@D@@@B@@@D@B@H@BB@AB@FCDA@@@AB@@@@@DC@@B@D@B@B@B@BBBB@@@BDB@@B@@B@@@B@B@@@BBB@B@@@DBBBB@DBBBBD@@@B@@@BBD@BB@@BBBAB@BBBB@@B@BB@@BFBB@BBBB@B@HC@@DB@@DB@BB@@@B@B@B@BB@BB@BBB@BBDBBBB@@@BBB@BB@@BB@@DBD@@BABBBBD@B@BBBB@@@FFBBA@B@ABFDB@@@@BA@CD@B@@B@@@A@@@@BBA@@@BA@@@@@@B@@@B@@@@@@B@@@@B@BABB@B@B@B@@@@B@@AB@@@@FD@@@B@@CB@BAB@@AD@@@@@@BB@@@@BD@@BB@B@B@@B@@B@@@B@@FD@@BBDBB@@BFB@@@BBBB@BBB@BB@B@@B@D@DBA@BB@@@BDB@BB@@@@BBBB@BFDBBBD@BB@@@@@@@B@H@@@B@@@@@BA@AB@@@@@B@@@@BDA@CFA@A@@@C@A@CAA@@AC@A@ABE@A@AB@B@BAD@BB@@@BB@BAB@@AB@BB@B@DAB@B@DB@B@BA@BB@BB@BB@@BBB@BB@B@@B@B@BBD@@@@BA@@@@BDBBB@@B@FDB@DAHE@A@@B@B@B@@@@@@@@@B@DBB@@ABA@ABAB@@@B@DB@@@BB@@A@A@@@@BA@@AA@A@@@A@@BBB@BBFA@@B@@B@B@@DAB@D@@@@A@A@@BABA@@B@@A@@@A@@BA@@@A@@@AA@@A@AA@@@A@@AC@C@A@@A@AA@@@A@@@A@A@@AA@AC@ABA@@BAB@B@@@@AB@BABAB@BABAB@@@BA@BB@@B@BB@F@@@@@@A@@DC@@B@@BB@B@B@B@@B@@B@@CB@B@@AD@HC@@DBBB@BBB@@@@BB@@@BB@B@B@@@B@BA@@B@@A@A@@BAB@AE@AAC@CBIBA@ABI@AFI@@DG@ICGAKBEEKAKBG@@BIB@DABAB@BCBCB@BABBD@DBDDBB"],"encodeOffsets":[[123865,42036]]}},{"type":"Feature","id":"211404","properties":{"name":"南票区","cp":[120.752314,41.098813],"childNum":2},"geometry":{"type":"MultiPolygon","coordinates":[["@@@ABA@@BA@AAA@@A@@ABC@A@ABAB@F@BAB@D@@BB@DBB@D@@@B@B@DEB@AC@@@@@A@@@@BAB@@A@@@@@A@@@G@A@@@@@@AAC@AACAAEA@AA@A@@A@@ACA@A@@AAB@CAC@A@@@@AAAA@AAA@AA@A@@EA@AA@CAAA@@EC@@@A@@@AA@@@@A@AAA@@AC@@@@AA@@@@@@BC@@BA@ADA@@@A@@EC@@@@BA@@@A@@A@A@A@A@BA@A@A@@A@@@@@@@@A@@@A@@@@B@@A@@AB@A@@B@@@A@@@@ADCB@@A@@A@ECBAA@B@AAEE@@A@AA@A@AACAABA@AC@CA@@AA@@AAA@AA@@A@AACAAAA@AAA@@AAAA@A@A@@@A@@ACA@@CA@@GDA@A@AA@AAAAE@@AAA@@@AAAAA@ABAA@@AAC@AA@@A@@@C@AAAA@CAAAA@C@@@AAA@A@@@A@A@@@AA@@@CA@A@@AAAAA@A@A@C@A@@@CD@@@@A@@B@@CBEDA@@BAAG@A@C@@@A@@@C@@@A@A@A@@@ADCB@@ABAB@@CAABABA@@@A@A@@BCBCBA@@B@@@BA@@BA@A@@BA@@AAB@@A@A@CBAAA@@A@C@A@ABA@A@A@@AA@CBA@@AA@@@A@A@A@@@A@CB@BA@@B@BA@A@@@@@C@@B@@A@C@A@AAAC@@@@@A@AD@@B@@@AB@B@@AB@@ABABABABADB@AB@@@B@B@@@BAF@@A@KEIKIICG@EBSEUU[IIA@@@CC@@A@@@@@A@@AA@AAABAA@AC@@@ABGAA@@@ABAB@F@@AB@@@BA@@@A@EC@@B@AA@@CAAA@@@@AAA@A@@@A@A@@A@AAA@@A@AAAAAA@@@C@@@A@ABAC@@@AACB@B@@A@@@@@AA@@AEAC@@@@@AA@@@@BDF@D@@@@@@@@A@@A@A@@A@@@ABB@@BA@@BBB@BB@BBB@BB@@@@@@ABA@@@A@@@A@@@@@AD@@AD@B@BB@@@@@B@@@ABAB@@AB@@AB@@A@CB@@@@@B@@E@A@A@AA@AABABC@@BC@@@A@@@A@@@AB@@ABA@AB_VK@KEIGGAGDMLA@@@C@CB@A@@B@@A@@A@@A@@B@B@@A@@@AA@AAA@EAAAAAA@CBA@@A@@@A@@@@@A@@@A@@A@AA@@A@@@@@@@@A@AAA@@AB@@@@A@@AAA@@AAAACAA@BAAAA@@@CA@@@A@AA@@BC@@AA@@@ABA@AAAAA@CB@@A@A@C@A@AA@@DF@B@@@BA@@BC@A@@BAA@B@@A@@@A@A@@B@B@@@@@@@BAB@F@@A@AD@@AB@@@@@B@@@@C@ABA@A@A@AACB@@AB@@@@ABA@@B@B@BBB@B@BBBAB@@@@ABA@@@@@@D@D@B@@@BA@@BB@@@@@@BBB@@@B@D@BBD@BA@@BAB@@@B@BD@@@@@@B@B@BAB@D@B@@@B@B@B@B@B@@BB@@@BAD@@ABA@@@@B@B@BBBBF@B@@B@DBB@@BBA@@BBBBBB@B@BBBBBDB@@@B@D@@BBBB@@@@BD@@@@B@B@B@@@FD@B@@B@@AB@B@B@DBB@B@BA@@B@FBDBD@B@BBDAHCDIHG\\INAJDFFDHAR@J@HBHLHLAXHZDXDTDB@B@BBB@@@@@ABBB@B@BBB@@@B@BBB@DB@@BBB@@@DA@@@@B@B@@@BBB@@@B@B@B@B@@BD@@@B@@AB@@BBBB@@@B@BBB@@F@@@@B@@@B@@B@@@BBA@@B@@BB@@B@BBBBAD@B@BBB@BAB@@@BBBABAD@BFLPF\\HDDDJ@J@HHB\\CFCHEJ@FDBB@@BA@@B@BB@B@D@B@@BB@@BBB@D@@BD@B@@BBA@B@BB@@D@@BBB@@@BB@BBBD@B@DB@@D@@@@@@BB@B@@@DBB@@@@@@A@ABAB@AA@AAAA@AA@CA@@A@A@@AC@ABA@@@@BBB@D@D@B@D@@@B@B@DAB@B@BBB@D@@@BBBBB@F@H@B@@@@B@@DBB@@@BBB@@@@@@B@@BBB@@BBB@B@@BAD@B@F@DB@@@B@BBBB@@@@@B@BA@@BA@@B@@@B@@A@@D@@A@@BA@@B@@AB@B@@@B@@@FA@AB@D@@@BBB@B@BBB@BBDB@@A@FDDFB@BBBBDDF@B@B@BCBCDG@ADCBCBC@A@A@@B@@AB@@A@C@@@ACA@AAA@@A@A@@AA@AAA@@A@@AA@AA@@CA@@A@A@A@@@A@@BA@@B@B@@E@@BA@@@AB@DAB@B@D@B@@AB@DAB@@@@A@@@ABBB@D@B@@@@A@@@C@A@AAC@@@ABA@AB@@A@@TGHAB@BA@@H@@@@AAAB@@AB@@BB@B@BA@@@AB@@AB@BA@@@A@@@@BABA@AB@B@B@BBB@B@B@D@@@BBBB@@BBDB@@@B@@@@@BFF@@@@B@"],["@@@@DAB@@AB@@ABA@A@AB@B@BBB@BN@@@E@@B@@@BF@@BB@A@@@A@C@@B@AI@@B@@@DBB@BAB@B@@B@@DBB@@@@@@ABA@@@@A@@A@@@@@@@AH@@@G@@@H@@@G@@ADA@A@A@A@A@@CAA@AA@@AE@@@BABA@CAAAA@@@CA@@DGBBBAHDB@@@AC@@BA@@FAB@@@@A@A@@A@AA@@@A@C@A@AA@G@@@AA@@DEFE@AAOA@@CBMAGACEECGAAEKA@C@A@A@AAA@A@AAA@A@A@AAA@@@AAA@CA@AA@AA@AA@AA@@@AAA@AW@G@GBMDKPMPGBI@K@IAIAC@C@A@ABAJADBDBDABC@CACACAAB@D@DADEFEPIHCDEDIFIFEBCFEJGFEBI@GBEAG@E@E@G@GBOB]DDTHrNVJR^H`FHB^@TDNEFODI^@BHHLVEHIR@JFHBTCXAL@R@VB@@@G@@AI@@A@@AAE@@B@D@D@@G@@AIB@B@@@@@@A@@@A@A@A@AAA@AA@A@EAA@@@AGB@B@B@B@@@AG@A"]],"encodeOffsets":[[[123753,42129]],[[123917,41931]]]}},{"type":"Feature","id":"211421","properties":{"name":"绥中县","cp":[120.342112,40.328407],"childNum":1},"geometry":{"type":"Polygon","coordinates":["@@JDD@J@NBP@VAX@P@Z@L@P@VBXDPBL@J@REJGJMNMPGP@T@VDNFXPRHRDfDfALBXL^VTXDTDZBPHPJPPZPLVDN@NBFBDFHHJJTFPDP@RCLEF@VLPHTLTLNBRCV@VHJHBJCHCFGJIJGJEHENBHFHHFNFLDP@F@B@@BB@B@B@B@B@@@B@@ADA@@@@BA@@AABC@@BAB@@AB@@A@A@@B@@C@@@E@CBA@AB@B@D@B@D@PDDBD@D@DAFADCDAFEHEDEDEDGBEDCBCB@BABAD@@A@@@@@AA@@AAA@A@ABCDGBCDCBCDAB@B@B@B@B@BBDBDFDDBFB@BBB@D@HBD@H@DBB@BBB@BBBDB@B@B@B@BABADGFEBC@@@A@AA@AAICGCGECCCCAEAC@E@IDGFIFGFAJARCNAJ@DABADC@CDCBAHCLETKJEFEDA@A@CACAAIGACAC@EBCBCDAHAFCBABEBIBKBEBC@EAGCG@C@CBABCDAVEXGJCRIPIBCDC@GCKAE@C@E@ADCFGBIBGBCBADADADA@CDKBEFELGPKHEFAP@JADABABGBABAHANCLCN@FBF@FADEFGFEHANAL@HBD@FCHCHIHIB@A@BCBC@EDCDCDEBGBEDAHADAFALKFADAJ@FDHHDDZFTBBS@QAKMCKKCICQGICKG[KSQUQMQG]CDgBYC[Geµy«c·[wkUA]DaDÇcqKyEQCQEGCCCCCEKAIAG@I@KAE@CEGGGKIMIGEIAKAM@S@uDI@IAA@AF@@@@A@@@@@@@BB@@@@@@@@@BA@ADADAD@@A@@@@@A@A@@@@@@@A@@@A@@@@@@@B@BBA@@@@@@@@@@B@@@@@@@@@B@@@@B@@@@@B@@@@@@@@BAB@@@@@@@@A@@B@@@@A@@@@@A@@@@@@BA@A@@@@@A@A@@@@B@@B@@@@@@@@@@B@@@@@BB@@B@@@@@@@@@@@@@@@B@@@B@@B@@@@@@@@@@@B@@@@@@@@B@@B@@@@BB@@@@@@B@@@@@@BB@@@@@@@B@@B@@B@@B@@@@@@@@@@@B@@@@B@@@@@B@@B@@@@@@B@@@@A@@@@@@@@@@@@@@@A@@A@@@@@@@@@@@B@@@BB@@@@@@B@@B@@@@@@@B@A@@B@@@@@@@B@@@@@@@@@B@@A@@@@@@@@@@@@B@@ABHFDB@B@@@@@@@BA@@@A@@@AB@@A@@@A@@BA@@@ABA@A@A@@BA@@BAB@@@@@@A@@B@@A@@BA@@BA@@@@BABAB@BA@@@@BB@@@@@A@@@@B@@@@@@B@@@@@@@@B@@@@@@A@@B@@@@@@A@A@CAA@A@@@@AC@@@@BA@@A@@A@@@@@A@@@@A@@A@@@@B@@A@@BA@@@A@@@@@@@AB@@ABA@@BAB@@@@@A@A@@@ABA@@@@A@@@@BA@@@AB@@AA@@@@@@AA@@@@@@@@A@@A@A@A@@AAA@A@A@@@A@@@@@@@@A@@@@B@GCC@@@@B@@@@@@@@A@@@A@@@@@@AA@@@@@A@@@@@BA@@@@@AE@@AA@@@@B@B@@AB@@@@@@@@@@@@@@@@@A@@@@A@@@@@@@A@@@@@A@@B@@@@@@A@@@A@@@@@A@AA@@@@A@@@@@@@BB@@@B@@@@A@@@@BA@@BA@@@AB@@@B@@@@A@@@@@@@@AB@@@A@@@@@@AA@@@@B@@@@@@@@@@@@A@@@@@A@@@@@BB@@@@@@@@@@@@@@BBB@@@@@@@@@A@@@@@A@@@@@@@@@@@A@@B@@@@@@@@A@@@@@A@@BA@@@ABAAB@@@A@A@A@AA@@AAAD@B@@ADA@@@A@@@A@A@@@@B@@B@BB@@@@B@B@@B@B@BABA@CDC@ABAD@BABBDBDDDBF@DLHBB@BG@EDEBEDEDSNEFGDCDADBDFHB@FFJNFFDFDDADBDBDFDDD@D@JADCFCDCBBFBD@DADAFCFAF@LAL@LADAHCJANADMA@@A@AAAA@A@A@@AA@AA@@A@@@BA@@@AB@@AB@@@@@B@B@@@B@@@@@@K@KA@@@@@@@AB@@@@A@@@@@A@@@@BA@@@@@A@@AAA@@AAAA@@A@@A@A@@@ABA@ABA@@BA@@B@@@@A@AB@@@@@B@@@@@BA@@@@B@@AB@@@@ABIDIBGFMLQN@B@@@@@@@B@@B@@BB@@B@@@BA@@B@@A@@B@B@@@BA@@B@B@@AB@B@@AB@@AB@@AB@@@@A@@@A@C@A@@AA@@@A@@@A@@AA@@A@@A@@@A@@@@A@@@@A@A@@AA@@@A@@@@@A@@@@A@AA@@A@@A@@@@@A@A@A@AA@@AAAAA@@@A@@@A@A@@BA@@@A@A@AA@B@@A@@@@@@B@B@@@@@@AA@@AAA@@@AA@@@@@A@@A@@@A@@@@@@AA@@A@@@@@A@A@@@@EAE@ABABAD@@B@BBB@@@@B@@@BBB@B@@B@@B@@BB@@@@@B@@@B@@@@@BB@@B@@@B@@@B@B@B@@@B@@@BB@@BB@@DBB@B@B@@B@@@B@B@@@B@@BBB@@BB@@@BA@@@@@AB@@@B@BB@@@@@B@BB@@B@@BB@@BB@@@B@@@@B@@@B@@ABAB@@@B@@@@@B@@BBB@B@@@BBB@@B@@@@BB@@BBB@@@BB@@BB@@@@@B@@AB@BA@AB@@@@@BA@@@@@@@@B@@@@@B@@AD@B@D@@@B@@@@@B@@@BA@@@ABA@@@@BA@@B@@@B@@A@@B@@A@A@A@@@A@@BA@A@@BA@AB@@A@A@@BA@A@A@@@@BA@@B@@@@@@@@@BB@@@@BA@@@@B@@C@A@@@A@@@A@@BA@ADAHAFGPEFCFGFIFCDCFAD@F@H@DDJBF@HEFEFGJEJAFDNDHBNHNJN@J@FEFAH@DAF"],"encodeOffsets":[[122466,41397]]}},{"type":"Feature","id":"211403","properties":{"name":"龙港区","cp":[120.838569,40.709991],"childNum":2},"geometry":{"type":"MultiPolygon","coordinates":[["@@AA@@BA@C@@@AAEAAACIE@A@C@ABCBADADALAFAFAJIBCDG@E@EACGCQEACCGAGAK@MBCBABCBAD@B@D@D@D@FF^@b@DCBAB]BCF@FA@AAA@C@E@IAEACA@EAK@OAK@M@E@EDIFEBE@EAEAAEACECECAA@EAAAAA@C@IBC@E@GACCEGGECAG@G@UA]@M@KAC@C@A@CAA@AAE@A@A@A@A@ICC@C@ABA@A@E@A@A@ABABA@A@ABAAWCICICGCCCADMPCFEBKDED@D@B@@@@@BBDBF@F@HBDBBLFA@ABFDB@@@AA@@AA@@BA@@@@DBB@B@AD@BB@@@@AB@D@@@@@BD@@@@@B@@@@CBABFBHFJDHDB@BB@BBFBBB@BBF@B@B@F@B@@BAD@@ABBB@B@@@@B@@AF@@A@@@AB@@@B@@BB@D@@@B@@@B@BB@@B@@@@@NA@@@@B@@B@B\\B@BRBJLABMHB@B@DABB@@BD@B@@@B@@ABC@@B@@B@@B@@@B@B@BA@C@A@@@@BB@@D@BB@@@@@@DB@BA@@B@@B@B@@A@@@BB@@@@BAB@@@@B@B@@@@FB@@@B@B@B@B@B@@@@B@B@@@@B@@@@@@BBB@@D@BB@@@D@@@@FBB@@BB@@@@@BBBB@@BBBDB@B@@AAA@@@@@@B@@@@@B@@DB@@@D@B@@B@B@@@DD@@AD@B@@AB@@DBBBB@@@BB@@@B@BAH@D@@B@@@@@AB@@B@@@@@B@@B@@DAB@@B@@@@@B@@B@B@B@@@@D@F@B@@B@B@@@BBAB@DB@@@B@@@AA@A@ABB@@BB@@D@@@D@@@@@AA@@@@FB@@B@@B@@B@B@@B@@B@B@@@@@@B@B@@@@D@B@@@@@B@@AHBH@@@@@D@DAFABABAB@BAB@DANK"],["@@@@@@B@@AB@@@B@@A@@A@@ABA@@@@@@@@A@A@@@@@@BA@@B@@@B@@@B"]],"encodeOffsets":[[[123884,41801]],[[123893,41727]]]}},{"type":"Feature","id":"211422","properties":{"name":"建昌县","cp":[119.807776,40.812871],"childNum":1},"geometry":{"type":"Polygon","coordinates":["@@@@A@A@A@A@A@@AA@E@O@KCMEGEEGAGFMFGHIJIHIDEDGAIIGUGU@QDMASKSKOGUKE@KFQDO@OCSEIIGGCEEAMAM@UCOKOYIOGOAOCYCSSW]UWKKAeBeCQCQGWOMEUCS@O@OHMNINIHQFI@K@OAWCUAO@K@Y@O@W@UBO@MAI@C@IC@HADAHDFFDHHDJBD@FGLEJEHIDI@GBGFCDAHAFCHGJIFGDKHAJAFBJFFNDNDFFBF@FBF@FAFCDIHMFQDMBA@CBABA@A@A@AB@BA@@@A@A@ACCCA@@AA@AAE@@@AAC@A@ABA@AB@@A@A@A@CBC@@@@B@@@B@@B@@@@B@B@@A@@@@AC@@AAA@@A@@@@@@B@@@B@@A@ABA@@@@A@@@@@@@A@@@AA@AA@@@AC@@@@A@AAAAA@AA@EC@@AA@A@@@A@@@AA@A@AABA@@AAEACAG@E@I@MBK@MDKDKBK@MBGAKCI@KAK@KAEBKBGBE@IAI@I@I@KAGAGACAEAIAGAE@GBG@IAIAK@KBOBQDQBMHMDMFOJWPQNKHCDALBHBDFDJFHHDHBHHLFFB@B@BB@@@@BB@@@B@BB@BBBB@@@@@B@B@BDBAD@@BBB@@BDB@@D@@@D@@@BAB@BA@@BADA@ABA@@B@@ABA@A@A@AAAB@D@FADAD@@@B@@ABB@@B@BDB@BBDBD@D@FB@@@B@B@@B@@@DA@@B@BBB@@@@B@@@B@@AB@BB@DB@@BBBBA@AAA@CB@@DBBBBB@@BBBBB@@DLFHFJJFDHFJNJPLLNLHDRLJDLBJBH@H@HCH@HBJFLDLHJHHFJPDJ@N@HDLHLJHHJHDJDHJJFBDC@EB@B@@@@BDBBB@B@B@DDFD@B@@@B@@BBBAB@B@BADBHA@@DCBAB@@@BBB@D@DBD@BAD@JDDFD@DBDDFDFH@JDLFLDLLNFDFDFHDHAFCHAJ@F@HDDLBJCRCLINIJEHCDAH@HDJFHDHDFDLLDB@BABB@DBB@BB@@@B@@B@B@DADAFCB@FAB@DAF@@A@@@@B@FAFABAHAB@BA@@BC@A@AB@@A@@DEBA@@@@BABA@AB@@@B@D@@@DA@@@@BA@@@A@AB@@@@A@@BAA@@@@@@@@@B@@A@@@A@AB@B@@@@@@@B@B@@A@A@ABA@A@@AABABA@C@@BA@A@@CA@@@A@A@@DC@AB@B@@A@A@@@A@@B@BA@@@ABA@@B@BA@@@AB@DAB@@@B@D@BBB@B@BA@AD@B@B@B@@@BB@B@B@@B@@@@BBB@BBB@BB@BB@B@B@B@B@@@@@BBD@BAB@BB@DD@@@BH@BB@@BDBB@@@@@@@@BBBBDBBB@B@@@D@@@@@B@@BB@BB@BBB@@BB@BB@B@B@@BB@B@@@D@D@@CAC@CAA@I@C@C@@@AA@@A@BBAB@BAB@F@BBB@@@B@B@@@BBBB@D@B@@@BB@B@@BB@@B@B@@@B@@@BB@B@BAB@@BD@@@B@B@BBBBDBBBB@B@@BD@D@@BB@BB@DBB@DAB@D@B@DBD@BAD@B@BBDBB@BB@@BB@B@@@@DB@@B@B@BBDB@@BA@@B@BC@@@A@A@AB@BC@AB@JAF@B@B@BBD@D@@@B@B@BAHABA@AB@@@@@BCAABABA@@@@B@D@B@@AB@BA@A@AB@@@B@DDBDAB@@@D@B@@FD@@@@B@BAB@BBBAB@@@BAB@D@BBBBBDB@BBBD@B@B@B@@@@@B@@BB@B@D@B@@@@BBD@@@B@@@B@D@@@BBB@DBBAB@BB@BDB@B@@@B@@@B@@@@@B@@@B@@BB@BBB@@B@@BBBB@B@@BD@@BB@A@@BAB@BB@@B@BB@AB@B@@@B@@@B@B@@ABAB@@ABAB@@@B@@BDBB@@@D@@@B@BA@@D@@AB@BA@@B@D@B@B@@@@@B@B@@BB@BAB@@@B@@@@@B@@@@@B@@AB@@@B@@@B@@@B@@AB@BB@BD@@BBB@B@B@BB@@B@@@B@@BB@FBB@B@@E@A@A@@@A@@@ABAB@B@DBD@D@B@B@BA@@B@D@@@BBB@BABADA@@@AB@B@D@BAB@@AHC@A@@BABA@A@@B@@A@@@@@A@A@@BCB@@@D@@@B@@@B@BA@AB@B@BBD@B@B@B@B@BBDB@@D@FADBB@D@@@@AAA@@AA@AB@@@@@BDDB@@@@DABA@@D@D@BA@A@@FB@@@@@B@DAD@BFBBJFNHHHBJBFBHFDJHHHDJ@HCJGDKDGDCDCFAF@HDLFHJJHFDJJFJDH@@BB@BB@@@@B@@DD@B@@BB@BABABB@@B@@BDAB@@B@@B@@@BBD@F@BB@@@DBBB@@B@B@B@@BBB@@BB@B@@@@AB@BAB@@@@B@@BBB@@BBB@@@DB@BD@B@BB@@@BABBBBB@@@B@BBB@@BBB@B@@BB@@B@@@@C@AB@@@BBBA@A@@@AD@@@@A@A@BBAB@@AB@@BB@B@B@@@@ABA@BDABB@@BBB@@@@AB@@AB@B@BA@AB@@BBAB@@@B@BBB@@@B@@@BBB@BCD@@BB@@CD@B@@A@A@@@A@A@@BABAB@@A@A@A@@@@B@B@B@B@@@B@B@@@BAB@@@BAD@B@@AB@@@BAB@BBB@@@B@@@@@BA@@@A@@B@@@@EBC@G@@@@B@@@BA@AB@B@@@B@BB@@BB@BBDD@@@BBD@@@@B@@@D@B@B@@DB@BBB@B@@@B@B@B@BB@@BB@@BBBAB@B@@A@@@@BBB@D@@@B@B@@@@BDB@@@BB@@BBBDBB@D@F@H@JBBBBBB@@@B@@B@@HFB@DAB@B@@AB@BB@@@BBBBBB@@B@B@BBB@B@DDAD@D@D@D@@@BA@@@@B@@@B@B@BBDA@B@@BA@@BA@ABAB@@@@ABABA@AB@BAB@DAD@FADAB@BAB@@@B@@BB@B@B@@AB@DBB@B@@@BA@@B@BBB@BC@@C@C@CB@@A@@@@A@@@@@@B@@@B@@@@A@@@@@@BB@@@@B@@@@AB@@@@@@BBABB@@@@@C@ABC@@B@@@@B@@@@B@@@B@@@@CBC@@@@@AA@@@BAB@@@@@@AB@@@AA@@A@@@@A@@C@AAAA@ACAA@@@@AA@@A@@BAB@CA@@AA@@BA@@AA@@@@@@@ABAB@BABBB@D@@@BABB@@DA@@BEHIFIHMFMDIDIDIDKBEFGH@HFHHJJJJFFFBJ@FKDKDKDIBGB@B@B@B@DBHAB@@@BC@A@A@ADC@ABABAB@@C@@A@@A@A@AA@@ABA@A@ADCAAAA@AAA@@BA@@@A@@@AB@@@@@AAA@A@AA@@AAEAC@@AC@@A@@BABA@@@C@A@@AAACA@A@@A@@@CA@@AA@A@AAC@A@C@A@ABA@@@AAA@E@A@@A@@@C@A@@B@BABC@@CAA@CAA@@AACA@C@@A@@AA@C@A@@BA@A@@AA@ABA@ABA@@@@@A@@@A@@B@@A@ABA@@DA@@@AB@BAD@JCB@B@DB@@B@BAB@D@B@@@B@B@@@B@B@BBD@@BDB@@@B@BBBBBB@@@@BBBBB@@@B@@@B@B@D@B@@BBBB@@@@@B@@B@BBBD@@@B@@@D@@BBBBB@@@AB@@BBDBDDBB@@BD@@B@@@F@@AB@@@D@BAB@B@@@BBBAB@BADA@@@@DCH@CKBGFIFSDM@ICQAQ@EDEJCJCFEFGDIDMFODGFCVKTIHEDE@E@GEEGEAAIKIGEE@EAE@G@@A@@CAAACA@AB@@AAA@A@@@A@@@AAC@@AAABA@@B@@ABA@@DCBA@AB@B@@@B@@@@@@@AA@@B@@AA@@CB@B@@@D@BCB@@E@G@KAGCKCCAIGKEKGICGBK@YAGECSEK@K@GFEHEFCBEBEAE@UEOGGECEE@G@KDI@E@WBOAKCECEEGGEIOOGKCIBIBEFIDKDEDEDIBI@GAECEAAA@AA@@@@A@A@@AAA@AA@A@@@A@AFBBB@BBA@@BABABA@A@G@AAAA@A@AA@AA@AA@@AC@@A@@AA@@A@@AAAA@"],"encodeOffsets":[[122985,41594]]}},{"type":"Feature","id":"211481","properties":{"name":"兴城市","cp":[120.729365,40.619413],"childNum":6},"geometry":{"type":"MultiPolygon","coordinates":[["@@ABABABBB@BFFD@B@D@@@B@@AB@@AAAGGA@A@AA"],["@@EBIBEFADAH@FBFFDBDBFBDDBH@H@F@BBBDABADAD@D@J@BBBD@DCFAD@FBHDBB@DA@CBCB@F@DBBD@D@BCBC@AD@B@BBB@B@DEDCDCD@F@B@BABEBCAG@EBGBGAGCCECIASBK@G@EAEGGIEEGC"],["@@AAABAB@@@B@@BB@AB@B@BB@@BAB@BA@@B@@@@A@@@@A@A@@@AA@@A@@@AB@@"],["@@@BBJBDBBBB@@@@B@@@B@BA@A@@BA@GAA@CAAA@CAC@AB@B"],["@@ECBAB@KEAAAC@G@EAEAC@A@@@@@A@CFCLCFADENOBCACAA@CBGBEBEFEDI@G@GEGEICGASAQ@KCMEKMMQKOKw_iGQ@MCQYMOCKACBO_KSGMCEECIC_BW@OCMEKECGAEBQ@IAIBIBUCKQSUIAE@E@CDCJMBKBOCOEIGGKIOIWKoOQEKIIMISAUFYSAYECCGGECI@CBEBKLEBCBGBCBAFAHCFCDCD@FADADB@A@GJGJGDEDC@GAK@MBGBEFEHCFEBE@EAM@KDMDGBABABAHABCBIBO@EBGFOLKHEFAFCL@DCBCBCBABADAHAJEHCD@B@F@DBFDL@HCDADOJQJIDWHUFCBADAB@D@DDHBH@FADAFALAJAFABEDGBCBADAD@FBDBDJHBBBD@D@BCBEFIFSLKFGDABCD@DCDABCBI@MBQDIBEBEHEJCH@J@FBDBFDDDDHFHDJDBBB@@B@B@@ADEFCHABABA@A@A@A@ACAAA@AAA@CAG@C@GAC@A@AAA@AECCCECAAAA@A@A@A@A@CBADCDADCHAD@B@BBB@BB@@B@@@@@BC@ABABA@ADCDAFCHCFCFGFEFCBCDEBCBC@C@CAOCC@A@C@A@A@@BAB@D@F@@@DA@@@@B@BA@@BA@AB@@ADBB@@AB@@@@CB@BA@B@BB@BB@@@BB@@@BD@@BB@@BBBB@@B@BBBBBH@B@B@BABA@AB@AAA@AABEB@@@B@B@@BBB@BB@B@@@@@BBB@BBDFBF@HAJCJCFCFCLEJAFAJDJHLPPFJHHFFFDLDPBXAF@J@LCH@F@DFHFPHVFF@FBFADAFEFGHEL@L@TFFDBH@ZALDHHJFLHLBJDDDLBH@L@H@FA@ADC@@@A@A@@DB@@BA@@@BB@@@@@@A@@@A@A@@BABCD@@AB@BA@@@ABBB@BD@BB@@B@@@B@B@BB@@BAB@BDBB@DB@@@@HBF@FFFJHJLLE@@LALALDPDLBHFDDTFNBV@JCLGJIJGJIFKDI@IAGBELGR@P@LCJGFKJILID@@@H@DBF@BAD@B@@@B@B@B@@@@A@A@@@ABC@@B@@@DA@@A@@@@@BA@@DA@AB@@@B@@@BB@D@@BBD@BBB@@@D@B@@@D@@BB@B@@BBB@@@BBBB@B@@B@B@@BD@B@@BBB@BB@@B@B@DBD@BBD@B@@AB@B@BA@BD@B@@@BBB@B@@B@@@BD@@BA@@B@@AB@@A@@BA@@BB@@B@B@B@@@@@B@@@B@B@@B@B@B@BAB@B@BA@@B@@BB@@@DA@@BCB@@A@ABABA@@@A@@B@@@D@D@BAB@@AB@D@@AB@@@BB@B@@B@@BAB@B@D@@@@B@BBDBF@FB@@@@BAB@@@B@DBB@DBB@F@B@B@PCRCNAVCRCNAZFPBPBJAFIFIJIPAPDNBL@d@RDR@NCPGLKNGDA@@B@H@B@@@B@B@@@B@B@@@@BB@B@HAB@B@D@BABA@@B@@@@AC@AA@@AAAA@A@@@ABABA@AB@FA@@@@@@A@A@AA@@@@B@DA@@@@@@@@B@BAB@B@@@@ACA@@DC@@AAAAABA@A@A@@BAA@@@AA@@A@@B@D@@@BC@C@@B@B@B@@BFAB@@A@@@@@BB@@@BA@@B@@@@@@@BA@BDB@BB@B@B@@B@BB@@B@@D@@@B@B@@@@ABA@@B@@@DB@@B@B@B@B@B@BAB@B@B@@@BB@@@A@A@@@@@@@@BB@@B@BB@@BB@@@@@@DB@@BBDB@@@@BB@B@@B@@BB@@@@ABA@@B@@@@@@@@BA@@@@@@@FBBK@@@@@@D@@D@@B@HB@@B@@AAAA@@A@@@@BAAA@@B@@@@@@C@@@@@A@@@@@@BA@@@@AA@@@@@A@A@A@@@@C@@@@A@AB@@@BB@@@A@@@AAA@@BA@@@A@@BAB@"],["@@A@A@AA@@AB@@@B@@@@A@@@@@@@@BB@@@@@@B@@@@@@@B@@B@@BB@B@@B@@@BB@BA@@@AB@@AAA@@AA@@@@@A@@BA@@AA@@@B"]],"encodeOffsets":[[[123724,41503]],[[123686,41445]],[[123664,41442]],[[123510,41367]],[[123721,41694]],[[123669,41413]]]}}],"UTF8Encoding":true}