{"type":"FeatureCollection","features":[{"type":"Feature","id":"420606","properties":{"name":"樊城区","cp":[112.13957,32.058589],"childNum":1},"geometry":{"type":"Polygon","coordinates":["@@HEBA@@@@AA@@@A@@BAB@@A@@@ACA@@@ADBDBDBBBJBD@F@D@BGBABA@@BDAB@B@@B@D@@@@@B@@A@C@CB@BA@A@C@AB@B@BB@@B@@AAA@AA@@ABA@AAE@G@AAAAAAAAAACACAGCE@CBADCBAB@@CBABEPWFGFEB@B@BB@BBBDADADCBAD@@@@BAB@BB@D@BABA@CDAB@H@F@BABADCDADABADABCBCBE@CB@D@B@BA@EDGFCFAD@BB@BBBABABADAD@D@BBBBADABAD@B@@BAB@DB@@B@D@BCBADAB@BAF@DBB@DAD@DAB@B@BFAFADAHMDIB@DDBB@A@EACBCD@BBB@BCACAAAA@ADAFBDBF@DABA@ABAD@DBDBDBB@DCBAD@@B@D@BCDADB@J@L@D@BDFNDBD@RGDAB@DBDBH@DA@CAA@A@ADAFCDE@E@EDCF@BDBDDH@DAH@B@@@BBB@BABAD@DBBBB@B@BABABABAD@BFAJABAPSFEFCFAFBDBDBBDBBBBFADBB@@DB@B@BC@C@EDCDGBEFEDCBBD@DBFAH@DBDBDDDDBBDBD@DADCDAF@L@DBFBH@F@F@FCBA@ABC@C@OB@B@B@@@B@@AB@CE@@@AB@@A@ABAB@@@B@@DB@DABA@@B@@BP@B@DA@@DA@@B@@AB@@AB@BAB@D@D@B@BC@ABA@@AC@@AAAA@@@@A@AD@@A@@@@A@@B@@@BAB@@A@AB@@ABA@@BA@BB@@@B@@AB@@BB@@@B@@@B@@A@@@A@C@@A@@@@@ABA@A@@AA@@ABA@@DCBC@@B@@ABB@@B@@A@A@AC@AA@@@@BAB@FAD@@@B@@BB@@@B@@A@@@@CA@A@A@C@ABA@C@A@AA@@AA@AA@@AA@@@A@ABA@@ACAAAA@A@@@C@ABA@@BADCFCFGDCDCFEDE@C@E@EACCCEEEGGGUOSKMEM@M@MDGDE@KCGCE@C@A@C@A@E@G@EBEFAFAFABCA@EEGCA@@@B@@A@@AA@CAA@@@@DAB@@GA@@BC@@@@A@@@ADA@@B@@C@@A@@CGAB@@CDADA@@@@BLFAD@@ABB@EJ@@@FABADADCDCBEBEBEBCDCBCDEHCDCAGCEACAA@C@A@@@EFAH@DCDABCAAACAAAIAG@A@EC@@C@A@EA@@CBA@CBCB@@A@@AA@@A@@A@EB@@A@AB@@@B@@AB@@A@@ACB@@A@G@ABA@C@O@A@A@@AA@G@A@A@@AA@@@AAA@A@A@AB@@@@A@@BC@C@A@A@A@CACAC@I@A@G@OKA@IEC@K@QAA@IASAO@Q@MFIHKPGHEFENIRGTCPAXMTSZOPMVIHOJQJWFB@F@D@HAFABBBF@BDD@BB@BBB@DBB@HBBBB@D@BBDFBB@@BBBB@D@BB@HFBDBB@BBBBDDB@BBBBBDBB@H@BBB@@DBB@DABE@A@A@A@AAEBC@CBA@E@C@CBEBA@C@@@CBAB@B@B@B@B@B@DA@ABEBAB@BCD@@@F@BCF@D@BDB@@B@B@HADAF@HBFBBBDD@FBBB@DBB@B@D@BAD@LDD@@@F@B@B@DAB@"],"encodeOffsets":[[114487,33026]]}},{"type":"Feature","id":"420602","properties":{"name":"襄城区","cp":[112.150327,32.015088],"childNum":1},"geometry":{"type":"Polygon","coordinates":["@@DDBDBHFFHDDBFBHBFDD@F@B@FABAJGFCFGDGFKBGBGBM@CAGCACCAE@CBCDEDCBC@C@GAGCKCKACIKMECAK@I@ICOGMGCEECCECKCO@SBMP@NCJENQLQLQLAN@JA@AF@HCHGDE@A@GCGAKCECGOOGGEEEMCEOME@E@UCEAECCAAKACCCACAEKEGCCAGCCECEBEACCAW@EAIACAEAECECCEGECCGICCGAI@IBGDADCBE@M@GAC@EBCBCAK@GAADC@GAGDCDGHC@C@E@C@ABCBCFCDAD@HCDABAJH@D@FAD@@@BAFCDCDAB@B@@@@B@B@@DDBB@B@BADCFCBEDCDEFE@CBADDFF@B@PAHBFBFBDB@BAFBFFFDFBF@F@DAFGNAF@FBDABED@B@D@DELADAF@FCDAFCFADA@A@G@AAEAC@@@AB@@A@@AAB@@@BB@@@@B@@AB@@@B@@A@@@A@@B@@@B@@AB@@AA@@A@@BA@A@@BA@AA@@ABIFABC@A@@BAB@@@BB@@B@@AB@@A@A@EA@AA@@BA@AB@@@@@@BBB@B@@@@B@@A@@BAB@BA@A@@@A@ABABA@A@@BAB@@@@CA@@AB@@@@BB@@ABAB@BA@@ACLED@B@BBD@D@D@FADE@AACGAAAACAICCAC@A@ABCDAFA@EBC@CA@CBC@CAAAAC@I@A@C@C@ABA@C@AAA@CB@BCFABCBE@E@C@ABABA@G@@@AB@@BBD@DFF@BB@B@B@BA@A@A@AA@A@@ABAB@BABABABCDEDCBEAGAEAC@CCECQOGEAACDA@AFCBAB@FCBCBC@IAE@ABAB@F@BBBBBH@HBDBBB@DBDAF@FA@C@AB@BA@CBA@@B@BB@@BIDE@CBABG@GAC@ABABAFAFBBBF@@@@BBB@B@BABA@AB@DBDA@BB@BB@@@BD@@BBDA@ABADCB@DABAB@B@BBD@@BFBHBB@B@B@BBDB@@BBBBBAD@@CF@@@B@B@@BBFAD@B@DAB@@AB@@A@EBEBC@@BAJBF@F@FFBBB@FBD@BDBBBB@D@DAB@DAB@DBB@B@BBD@@@BCFRBL@D@JFB@PLH@B@J@D@DBDBB@B@B@D@D@@AB@@@@@BAB@B@B@BB@@B@@BB@B@H@B@@BB@B@P@D@B@BAH@B@@@DA@BB@@@BA@@@A@@BAB@@@FAB@@@@BB@@BB@@@DADAB@DA@@FBB@D@@@FDB@H@JBBBDBBBDBBADC@CBGFE@@B@D@B@DBFBHDDBDCFGDCDADCFAFAFADADCBCBCBA@E@@FIA@BA@@BCKE@A@@B@BCDC@@BADH@@@BD@@@@AB@BC@@B@@@@@AD@@HB@@BA@C@@B@DBB@@BB@@@@A@@DBFH@FDBBABEBEFEFAH@F@B@D@B@D@F@HDLDF@HCNCN@N@NFTLVPHHFHFFDDBD@F@F@D"],"encodeOffsets":[[114868,32829]]}},{"type":"Feature","id":"420607","properties":{"name":"襄州区","cp":[112.197378,32.085517],"childNum":1},"geometry":{"type":"Polygon","coordinates":["@@GIECCACC@CBCFAHEHCHEFCBA@ACGGGKKEGECCCCAC@CBCBABAB@@A@EACAC@GAA@CCAE@ABCBAB@DABADABABA@C@AAAACAAAC@CBA@@BGDAB@LEFADA@CBCCAAADA@AACC@A@A@CACAGGAC@EA@ABE@@@AB@@A@@ACA@AAA@C@@@AA@AEDA@BNG@@@A@@@C@@@@@@A@@EB@@AA@@AB@@CBA@AB@BA@@B@B@@@@AAAB@@@DAB@@A@@AA@@@@B@@@B@@@CE@@AA@AA@AC@@@DE@AE@A@AAC@AB@H@@E@AG@@BEBCCECEAG@MDCAACCA@E@A@A@C@A@ABC@@BC@AB@@A@C@AB@BAD@VEDA@@B@@A@AAA@A@A@ABA@A@AAEAC@C@GCEAA@A@ABABC@C@@@A@A@AA@C@AA@AAA@C@C@A@C@CAGAE@@AC@ABC@ABABABADAB@BA@@@AAIAG@CACACACA@AAAA@AAA@A@CAA@A@AA@GEAAE@@AA@@CA@@ABABA@A@@CA@AC@AA@AAABA@AB@BA@@BA@@B@DDB@B@B@F@BAD@DA@@@A@A@CBE@ABAB@B@B@B@D@BAB@B@DBB@@@BAB@@AB@FABAB@@BD@BAD@@ABA@A@@@ACA@AAEBA@ABAB@BAD@BBB@BBBB@DB@D@B@DBB@B@F@BAFADAF@JAQa]FA@KAA@E@A@A@@A@AAABAAC@C@AAACA@CAEAE@A@E@A@ABA@@D@@CBAB@D@FDD@F@JCFEFCFCJCBEBE@GBCFAHKFAJC@@BA@@@ADAHAHEBADADEBC@A@ACECEACAACEEICCAEEICCE@I@CACACAACAEAC@ADADABCBAAA@AAAACAGAACCGGACAC@G@E@EAC@EAEAE@AACBCBI@AEE@A@@@EAGCEAI@A@ABCBA@C@A@@@@AA@AC@A@A@A@ADA@@@ACCACBC@E@CBCDABEBC@E@GAEAE@E@ID@EBC@EAC@EACCAC@IBEBBE@EECG@GBE@AACAEAGAGBGDE@CAE@EBEBE@CACAACACGACACBEDEDCDCFMHGFKFKDUFIDGDI@CBCB@D@D@DCDC@EAEBCBADGBEAECEBCHAD@DC@EAG@CDABCDEAADCBABCDGBEDGFEBE@IDEBEBG@@C@EACAACACCAAC@EDABEA@BCFGHGDE@@BIBM@KBKRKRMRIFMDO@AN@TDPDLDFFDDFNHPHJDJ@L@DBNFJLBDDLDLBH@H@DADCDCFAD@DBFDDDBBH@DANAHAHELCHEHEDIHABEBA@E@C@ECGAEACAGCEEAGACCCCFEFCDCDEHEDCDAB@@AB@B@D@@@BBBBBBD@@AB@B@B@@BB@@BBB@@BB@@B@B@DAB@B@D@B@BDB@@@@@BA@@@A@@AA@@@C@EBA@AB@@@@BBD@@B@B@BA@@@AA@BA@@@ADCD@@AB@BB@@BB@B@BA@@@@B@@@@D@B@@@BA@@@A@@@A@@AA@@BA@@@A@@AAB@@AB@BA@@B@BA@AB@@A@@@@B@@B@@@BCB@@@@@BBBB@@BD@@AB@BADA@C@C@A@ABA@@BA@@BA@@@CB@@CBA@O@@AA@@@ABCBA@@CA@@@A@AB@B@BA@@B@@DFA@@BA@@@A@A@A@@P@DAD@BABEDE@E@G@EACAK@E@CBCDCBC@CAAACCCCCACAG@EBCAC@AACDEFAFCHCD@F@DADA@A@@CA@CAEBAAAAACCACAEAEBEDEFOTABIBEB@ABCBABABA@A@AAAAA@CBCBA@AAA@A@@@ABG@CCGACACE@CD@F@FCFEDCB@B@BBB@DCBG@CACAA@CBQHC@CAEMACC@K@I@A@BCDC@A@C@AC@ABCDA@CACACAC@AB@BABCBE@CAEACB@BBBBBBDADA@AAC@ADBD@F@BAACCA@CJGNCBEBEB@A@ABA@CBC@CAA@CBE@ABABCDA@A@C@AA@@CBA@AA@C@ABCBABAA@A@CBCBCBABAAA@AAAC@EBEDCH@FABA@C@A@@DAFADADCBABCBCBCDABABE@G@A@CB@DABABC@A@@ABA@A@@C@ABCDCBCBAA@AAAA@A@EFEHOXAFAB@DA@ABCDAB@DDFBHBDBDBBBBBBBB@B@HBF@BAB@BB@@BBB@BA@@@AAA@A@@B@D@BABA@@D@D@BA@@@@@C@A@@@@ABAAC@@ABABAHC@E@C@IAAACACACA@B@@DB@B@@@BA@AB@@@B@@BB@@@@ABGFB@FBB@B@B@@DAJBDBBBDBBBBBBBBBBB@B@D@@BAD@BBBBB@@J@B@B@BBB@BBBBDL@@DB@BBBBB@@@B@D@DAB@B@DDFBDDFBD@DBDDHDDDBDBB@D@B@DBHAD@B@D@BBD@FDDBBBDBFDDB@DBBB@BBF@DBHADAD@FAHED@F@LBD@B@D@BBBDBB@B@BBF@B@@@BADBBDBB@B@BBB@DB@BBD@BADAD@DBFBFBDDBBBDBDHB@@BBD@BA@@@A@A@EA@@@@@@A@@@AA@@AB@@@@@@@AA@A@@@@@@@B@BBB@B@@@@@@BB@@B@@@@BB@@@@BBA@@B@B@@@B@@@B@@@@A@@@A@B@@BB@@@AB@B@B@BA@@@A@A@@AA@@@@AA@@A@@@@@@@@@@@B@@A@@@A@@@A@@A@BB@@@@@@@A@@@A@A@@@@@@@@@@B@@A@C@@@@@@@B@@@B@B@@@@@@@B@BA@@@BB@BB@B@@@B@@@@B@@@BB@@DB@@@@B@D@DBB@D@BBRDDBDBBBBBB@@B@@BBB@D@HAF@B@DBFBB@BBBBDDBFBD@B@B@BAD@@@B@@BBDBBBFBFB@@BB@B@B@B@F@BDD@BAD@BADBB@B@@AB@@BBH@D@B@DB@BBD@@BDB@BBDBDBDDBBBDHDBB@@HHD@BDBBFBB@DBBBBBDDDHB@BBD@B@HDBBDAHABAD@DBDBDBB@BA@C@CBCBCBCBABA@@@A@CAE@A@A@AAAAE@CAC@ABCBABAB@B@DA@AB@BADAF@D@B@B@B@DA@A@E@@ACA@AAAAAA@AAC@ADADCB@D@H@D@@AD@HELIHKLENEF@FDBDD@BABC@EDEBCBABAF@BABABA@ADCBABALEBADAB@B@DBBBBDBB@BBBB@@B@@@@CBABAB@@A@@@@AAAC@EAA@AA@@A@A@@B@B@B@@@@HBBBBB@@A@@DA@@B@B@@BBBBB@@@B@@@@@@@ACAC@ADB@A@@B@@@@BB@@BB@B@@@@BA@A@@@@B@BBBBB@B@B@@ABABA@A@AAA@@@@DA@CCA@@@A@CBCB@@AB@D@@C@@B@@@@@B@@B@B@@@@B@@@@@@BBB@BBBB@@B@@@@@B@B@B@@@BABAB@@@B@BBB@@@B@@@AA@AB@B@BBB@BD@@@@DAFA@A@A@@@AB@@@B@@@B@@@@BBB@@B@@@@A@@CA@A@E@C@@A@@A@@@ABAB@DBB@B@@A@@@AAA@@@AB@@@B@@ABA@A@@AAA@A@@@A@@@@@@A@AAA@@@@C@@@@A@A@@@ADBD@B@B@D@BBFBDBD@BBF@B@BB@@VDB@DAB@BAD@BAB@DABAB@D@BAB@D@BAB@D@@@B@BA@@@A@C@ABABEBAFCB@DAB@DABABAJAD@BABABA@ABA@ABA@A@ABA@@BA@@B@@@B@@@B@@@B@@@@@B@@@@@B@@@BAB@BA@AB@@@@@B@@@@@B@@A@@B@@@@@@A@@@@@@@AB@B@B@B@B@BA@@B@BA@@@@BA@@B@B@DAB@BABAD@BABABA@AB@@ABABA@@B@DADA@AB@@CBAD@BAD@BADADCB@BA@@@@B@@@@@@@@@B@@@@@BA@@@@@@@@@@B@@@@@@@BB@@@@B@@B@@@@B@@@BABA@@DEBABADAB@B@@@@@BBA@@D@D@F@B@BBD@DBD@BBDDBBDDBBDBBBBDBD@F@D@DBB@@@B@@@DDHJBHBHBBB@FBJBB@D@PCFAD@BAD@B@B@@DBD@BBFHAHAPEJCDABABCBCBA@ABA@@DAHCD@HCFAFALGFAHAD@B@@@@BCDCDCF@D@FBDFDPNFDD@F@HBDBDBBFBFBDBBDBB@D@DAFEFCDAB@D@B@DFFBHDD@@@D@F@FBHBDBD@FCBA"],"encodeOffsets":[[115227,33158]]}},{"type":"Feature","id":"420624","properties":{"name":"南漳县","cp":[111.844424,31.77692],"childNum":1},"geometry":{"type":"Polygon","coordinates":["@@@EBABAF@JBD@DADA@EBADABEB@DCBBHFRPFDDDD@FBHBFBDAFCDCBABABA@ABABA@@@BBBB@B@B@@A@A@AAAE@CEC@AA@@BA@@H@B@BABAD@F@F@DABADE@ADAB@BBD@B@BAD@D@B@J@D@BBBB@DAD@DDBD@FAB@BEDCBAB@D@DBJDDBBBBBDHBBF@BC@E@C@CAC@A@AFCDK@BB@@ABABA@@AA@@@@BA@@DB@@@@BA@AB@B@BABAB@@@B@B@@ABA@AB@@@@A@@A@A@AA@@@@@@BAB@@AB@@BFBB@B@@@BA@@@AA@@A@@BA@AB@D@BAJEBA@@BBB@@AB@B@@AB@@@BB@@BA@@@A@@@AB@@@B@@@@A@@BA@@@A@@A@@A@@BA@BB@@@BA@@D@FBBBH@B@B@BCDEBEDC@EBEBCFK@C@C@AFCBAAC@EBEHMBE@C@EAECEEEAEBE@ACAEAEAGAOBA@E@CEBCDAF@FEDCFCDADEBC@A@AAACC@@@A@A@@A@A@CBCDEDAB@@C@EBC@G@BI@CCAEECCAC@CHIFQDCDCHEHGJGBAD@H@DBB@B@@@DE@I@E@EBCBGDCDAF@HBD@FCDEBGDINKNGPCHCHGBC@GBEBIDGDE@G@IBIDGJGBELQ@IB@BKBCEECAACAC@CJIBCFCDADCB@H@RDD@DABCI]BG@@ACAGEGAEBCFEHCLGHALG@ECGCECEKGEEECEAEDGDE@EAGCC@IEQGIAMEG@C@IFKHQLGFI@EEGGIGKIKEIAG@CAEECECA@K@GAE@CAAEBCBC@GAGCECECIKEGCCCGAG@EDIBAAEEEACCAACBABADA@ABA@C@CAC@@A@@BABCD@@A@@@@@DE@A@A@AA@E@AAA@CBC@CACAACAA@@@CACC@ECCCAG@C@GA@ACCGCKCAAC@ABE@AACAMCK@EBG@GCKEKCQCIBCJABABA@CAAIC@ABCDC@AEG@C@EAGCK@ABECCECE@C@IBE@@EBABCFCDCDCDA@ADC@C@GCEAG@CBAFAH@FADEDKDI@G@GCGEGCICCCCGAE@C@EFEBMBEAQKGEIKEKEGAACACBGDE@A@ICA@@@A@A@@AAA@E@A@@A@A@A@@F@DABABA@C@A@A@@EBCAAAAA@EFABA@A@@@C@G@GDEBGJGJIHKHK@KDCDGB@B@BADCDABAFCHEDCFE@CGEECACBEHCNCFCBGCG@EBEDCHEHCFEFEF@F@DBDHFHDDFBFBDBBHB@FEBIBG@A@CF@BDFFDFHDFCJEDCBAFADBHFL@DMDKEMEOEQ@GAI@KAKCMCIAMAKBI@IDGFIDQJULG@CEEGCIKIKKIKGGKEICIEOGGGKEQCKGOEIEOGSGM@I@@@@@KBSDWBYBM@ODMBOFEJCFBPBN@@AFCNAJ@JBHBFCFGBC@@@EBEAC@EBABABCB@@C@ADAF@DDB@BDBHHDHFHBDADQ`BBDDH@DAHANGBBBBB@FDB@@BBB@@BD@BAD@B@BAB@BAB@BA@@B@DADD@FABA@@BBBB@@BBB@B@B@@D@@@BFDF@D@F@HBBDCBED@DFBD@FCFADCD@BB@DCLITBBADAB@HBFBDDBF@F@D@BD@DAFDJF@F@B@B@LFFBBD@DCDILAFABEB@BADADCBEAE@GBC@ABBDHPHN@FADED@BABEDEDCFAF@DBDDD@FAH@DAFCFAFDDHB@@F@HADAFAHGFA@@DFBBB@D@PGD@FFBBD@BABAD@HFDBDBFAB@B@@DABADA@ODC@A@CBG@G@G@CDAFBDBDBDAFAF@DBFBDDFFBF@F@D@B@BBDB@D@D@JCHBDBFBDDBDDABEDCDADBJ@BDBFDBD@B@BCDEFGJ@D@B@HBFCBAD@DBBB@B@D@DABADAD@BBBBDFBBB@BABADCBA@@H@D@HBBD@DADA@CBE@@B@BBBBB@BA@E@ABIHEBEBE@E@@AACAAAAA@EBABCBADABAD@BFJBF@D@DEJCFBDBBD@D@DBH@@HBBVBFCBA@E@@FAFB@@@D@BBBT@BBB@FDDDBB@BCBABID@@CJIFMPILGJCHCFEFGFGHIJGHIHILIFEFEDGDEFIDGDGHIBEBKFGHCDCHAFBH@HDDDFFFHFJFHF@@@H@FBBBBB@L@B@B@BBBBADCDCFEBKFCDHAF@FBDBDDDBHGDCF@F@FBFDBBDFBDFDDFFBDAD@D@DCFAF@F@FBFB@BBD@DCDCDCDCDCBCBCDEBCDAB@DDD@F@F@B@F@T@HADAF@BBBDDFBBF@JBDBBBBCFAFBDB@FAJBFBDBH@FCBABAFADDDDBFBF@F@BDFF@DBBFCFEDAD@D@DBB@BDBB@BBBBDF@B@BB@@BB@BBB@HAJ@JAD@B@D@DBD@D@B@D@F@HABAD@D@DAB@BA@ADAB@@@D@B@B@B@BAB@B@B@FDB@B@B@D@DAFBB@F@BAB@B@B@HAHCB@@ABCDCHGLE\\IVATCVERG^IF@B@BAD@@A@AAAA@@A@AFGBA@@D@D@FBB@DABADAFAFAHBHBF@F@H@DBDDDBF@FBFDBADAB@JDFBB@@FDDB@JCDAHCFAH@BAF@FBD@BABAFCFADADAB@BAD@DH@BB@DD"],"encodeOffsets":[[114526,32729]]}},{"type":"Feature","id":"420625","properties":{"name":"谷城县","cp":[111.640147,32.262676],"childNum":1},"geometry":{"type":"Polygon","coordinates":["@@NKPEHCPERGRGXIXELCTGVMNKJKLIJIFEHELIJKFM@MEIEGGIKKQKCC@@@@GGGEGICIAGCG@IBKBGHKPMXKZKZILENQLMFQDEJKDOEgAM@KCSCSFKPSPMLKRCHAXERIPIJGNUPOTYNSBWDOHSJQFMFEHGLOJGNER@P@TBJBB@DE@A@@AC@A@AAA@CBA@CBA@C@CAAAAACC@EAA@AAEEE@E@IAAB@@ADAF@F@BA@@BA@CBA@C@EBAA@@@A@A@@DE@@BCAAAA@AA@AC@A@A@AAAAGAE@@AC@A@ABABA@CDABCBAB@AC@AC@@A@@AAA@@ACBCAA@@BABABA@A@AA@@@@AEAABEBEBABAD@HBH@BADAF@JC@AA@@A@AB@DAB@@ABAD@B@@EBEAC@CAACAGAG@AAAA@ACCA@@ACGC@ABA@CBCBEBEDABABC@EAE@ABG@EBGDCBIDA@CC@EA@EAICA@CBABECEAE@CACCCAG@E@E@GAGAEBEBCBABCBA@EAC@C@@@ABEH@B@BB@BB@B@BC@ABA@E@]JQHUFSDUB[JKFGHCDAD@BA@GDGBA@A@A@ABE@A@EACBC@A@A@A@ECA@A@A@ABA@A@A@C@@@A@CB@BABA@CBC@C@ABGBE@C@A@C@C@CAC@A@C@IBI@GBA@AAA@@AA@@A@ACEAAAAA@CA@AAA@C@CBCFCDEAECAE@CE@A@EAEAECCCCEBABABEDG@CAEAIAEBA@ACBEDEAAAAAC@IAEEACCAA@ABEBC@G@S@E@A@E@ECC@CBADCFADCDADADCDCDCDC@CAC@AEAEAE@E@EBCDC@C@CBEACEECACCEAAECEAE@E@CDGHCACCCAEAE@GBABCDEFCDEDC@EDKFEHGJGHGFEAIAGCIBEBCHKFYDMBMDKFE@KBKDBH@HAPEPINGLEJGJIJIHILCHBH@DObGFIDKBY@[F[AMAYGEQBOFKJCFAD@D@DCBKBCBABEHEHAF@@AB@DCD@BGFA@ABABAB@D@BBB@B@@AB@B@B@@DBD@DB@@BB@BADAB@BEDABADABAD@BBFAFAF@DCF@B@B@B@BBB@B@BAD@B@BBBDDDDFF@DB@@BDBDBFBBBD@B@D@B@FAHEBAXF\\NLFTLTLTPJPPNLXHNNVLXF^ABAHABCFAB@BADADABCBCBIBABAB@BAD@D@F@F@D@D@FBF@DFF@BBBAB@BE@A@CBC@AACAAAAAA@A@A@@@C@ADABEDCBA@C@ABABABBB@BLHDFFDFDDBHFBBDDDFBB@BABEDCBA@@D@B@B@BB@BBBB@DFTRNTRXNTHTDVBPFLHJRDRFFLNHHJB@@@@DBPBVJPJPFJHFLFJGHBDHFLANIVODGT@NFVRLFTDTBLHNLJJHHFD@B@BCFCD@@@B@B@F@@ADABCBEDA@@D@B@BB@B@F@D@@AB@BBB@DFDDDDBBD@BADADAB@@@D@@BDDDD@BBBBB@B@BBDBD@@BBB@D@B@@DBBDAHBJHDBNM"],"encodeOffsets":[[114210,33271]]}},{"type":"Feature","id":"420626","properties":{"name":"保康县","cp":[111.262235,31.873507],"childNum":4},"geometry":{"type":"MultiPolygon","coordinates":[["@@CBC@C@A@AAACAAAC@A@@AAAAEA@@C@A@A@A@ABABCFABCDEHA@A@AA@@CCAECECAAC@AAAAA@A@A@E@@@C@A@@CGMECAACACQHBHBDABIAKH@DBD@RBFDBHBFLBHBHBB@FABADEBK@KAKEECC@@@@FDNFLFNHHJBDDFJDBB@BCBGHCFADE@@FBBBDDBBDDHFDDD@DBJBDBDDDJBBD@DAD@BA@ABC@A@AAA@A@A@A@ADE@CBEBEAE@ABCBABCBAFC@ABABC@AAA@@CAC@CA@@@A@ABA@@@AAA@A@CBABABAB@HE@ADC@CBA"],["@@AEBKAAGA@ABCBAB@F@DB@@DBFAFBDHBDAFBBB@FAF@FBVP@BGJ@BDB@BD@FBF@@@D@DBF@L@B@B@D@DBBBBDB@BBBADALADA@C@CBCDELIPERAFZHNB\\B\\EZ@LAJCHEPa@CAGDGJKJGJIHIFIHKJMFOBO@GAGLCLAF@LENCNAZCLEDGFAJAHDJBFBHEHGHIFGLEFCD@FCDCFEDCBADCLEFADEDCBCAAAAA@A@K@A@AAAA@E@G@@GEIEGEEECECC@GAGBEDGDCHGLEFAJAHGHCJCFEHCFCFEJEJKJGHGJIHGHEFEDEDGHIJKNOJEDI@@JCBADA@AAACCECA@AAS@AA@A@C@@EAEB@@@FABEDUAAA@GG@CAC@C@AAACDEFI@C@CAEEI@ABCBABCDABAFAB@BBBBBD@BF@F@FAFAJGBAF@B@@AAAAA@A@AF@DAB@BC@CACGAC@G@@@ABCDABABA@AACEAAAAC@CBABCBC@A@A@AA@CBCDAAE@G@A@CHIFEDC@A@AACECCA@AAIBCDCFCBACCCAACAEACDG@I@C@CCAAAA@C@E@E@EACEACAE@CBEBEACACACBEDCH@H@H@DAB@D@PCB@BCBA@CA@A@EBCACAGEC@ABABC@AAEEC@OHC@A@AACE@@EBGHEBCBGBE@@@GACCBEDEBE@CBG@ECCAC@CBEDEFCFCBA@AFCBC@EGMGOACBAD@HAF@FBDABCBC@AFABABEJKDC@CACEAKEA@A@E@E@CIBE@CACC@E@E@CAACAE@GBABCAAJSDK@CAAC@CDEBEDC@EA@CFCDAACGAE@C@E@EC@A@@@CA@A@A@AA@@AAAA@@ABEBC@BC@C@AB@@ABA@ABA@A@ABC@AAC@@AA@AA@ECA@AAAAMHGBCBG@CCAAR_BCACEGCGGGCA@ACA@CBEBCCCACECCAA@C@ICCAC@CBA@KAGAIGKICCC@G@IAC@EBCBCBIBCBCBMDGBCFEFA@ABC@ABADAD@B@DBDBD@B@DABA@K@CBCBCDABC@MBI@E@EAIBCBEFIR@JBH@DCBCFAHBDBBJDDBFLBLBFAHCHADCDEDEFIBMDSFMFEBKBI@EAC@ECAAAAACCCAGAEEKCEEAC@C@CBABADCBCBCDEBCA@CAACAC@ABAFCF@BCBCBA@A@CCCCEGACAACAEAGCECAAA@CBCACBA@CDABCBE@C@AACAAACCGECAACACCGAA@EAEAAEAC@IHC@E@C@C@CB@@@BBDDD@BBBAFCFCBABEDA@GJCDA@C@C@EEGAE@CBGDE@AB@@CBADA@EFIPAFAF@DDL@P@JDHLPHHNHFF@DAD@@CBCBAFAF@P@BCD@@KDCBCDIHED@B@DDBJFHFBD@F@DAJAJABEBC@KAEAGBE@IAM@I@ABABCDCBA@EAA@EACAC@QFIBKAICKAO@C@CB@B@D@DAPABEJAJ@FDLLNPTHNLTFLF@D@D@DBB@BBB@@@BB@BABCFAFABC@EDIBCBA@IJAB@@C@G@@BA@ABCDABABA@EBCAIEAACAE@C@CAKAMAE@EBAFAD@DADABIBCBABCBCBAB@@AD@@@B@BADABAFAD@BA@@BABAB@BABABABAD@BAD@D@B@DADAB@B@@BB@B@@@B@B@@@B@@A@@@A@@DA@A@@@AB@@A@@B@BAD@@BB@B@@D@BB@B@@@B@@@B@BBB@BABBBAB@@@B@BADCDAB@DCHILIJMRKPMPIHGBK@MAO@IFGHKNSZOLADAB@D@FADAFADEBCBCBED@F@BBDFDFBD@L@D@DBBDDD@BCPCF@F@BFBH@H@F@FCD@@AFGDCBCBAB@BBDBDBD@BBDAD@HCB@D@BBD@B@B@DCBAB@B@LBB@@AB@DCBAB@B@J@F@NDL@DBB@BB@@@B@BGHCF@DBDBBB@BABADADE@@D@D@BB@B@BABABGDADAB@@BBBBFDJBH@F@D@BABABCBCDCBAFCFCFAJAFADA@D@D@BCD@B@DDBH@PFFBFDHDB@B@B@BAHGBALAB@BA@C@IBCBCBADCDAFADABCDA@CBCF@DBBDDDHHHDFDDDBBBDB@DBB@BABADEBA@A@A@A@A@E@CACAAA@GCC@@A@@@A@@DC@@BA@ACI@CBGFEDEB@B@DBBBBBJBFB@@FDBBB@BB@B@BABC@AB@B@@FDD@D@B@BBBD@D@D@DADADCBABCDADCD@FBH@Z@BCDAB@BAD@BA@A@EBAB@@A@@CA@@@A@CF@F@DABA@@B@@@BB@@@B@B@FHDDLHDDCDCH@BE@CBABA@AB@@@@BBBD@BBH@D@DDL@FBBB@D@BBDD@BADAFCDABAD@DABBDABAJAB@B@@B@D@DAD@B@BBBB@B@BA@EDA@AD@H@BA@EFCBABABAB@@C@ABEDCB@BBDFJB@BBBB@@B@D@D@@@BB@@@BABAD@B@JB@BBD@DBHDHBN@JAH@DBJAJGBC@ADCBG@@BE@ODIBCNMDG@ADS@A@ABBDHBBDBD@B@BADCDCDA@AHGFKBAHEBCB@B@B@FBFDDDB@@B@DABCDERCBABABE@KF@@ADAB@D@BBJB@BBD@@B@B@BA@ADAHABCFC@C@CBABA@A@EEAAAC@C@AAAC@AA@A@A@A@AA@@@A@@BABCBABC@@B@B@@BBBB@BABEAAB@@B@DD@@@B@@@BAF@BBF@DDDFFDBD@FCB@BBBD@FBFD@F@BB@DRG"],["@@@A@A@E@A@@@AA@A@A@A@@@AB@DAB@BBD@@ABAB@@@DABAD@BC@ABEDEB@BAB@B@@@@@@BBBA@@BAB@B@B@D@H@D@@@F@B@BB@@BBB@@@BABA@A@A@A@AAA@AA@A@AA@A@C@C@C"],["@@BAA@AACACAA@AAECEEA@AAC@ABA@ABA@@B@B@@BDDFBBFDBDBB@D@@BBBBBAD@BAFEFC@A@@"]],"encodeOffsets":[[[113812,32816]],[[113755,32784]],[[113657,32694]],[[113726,32186]]]}},{"type":"Feature","id":"420682","properties":{"name":"老河口市","cp":[111.675732,32.385438],"childNum":1},"geometry":{"type":"Polygon","coordinates":["@@CSBKHKRFHLJHNDJCfKVKR@PETORKPYTOTIRCRKJG\\STGNELEb@XDPGDGJMHQRKRERBbFTJNFTDN@DADA@ABADAB@BA@EBA@ADABABE@ABCHGBE@ABEBE@CBABAB@BA@C@IBA@@DAJAB@TE@@@A@@@AAA@@CAAAA@@A@@@A@@@@B@B@@@AA@@@@DA@@@AHBB@DBB@D@B@B@BABCBC@CB@BC@@B@@BB@B@DAD@ACAACCCACAAAA@AC@@AC@ACAA@C@G@AA@@BA@@@AAABC@ABC@ACC@A@E@A@A@AAA@@EAEAAACAAA@@@A@@BC@A@A@AACAECCAAAAA@EACAA@E@GBC@A@AA@@@AA@AAAACACAQCAAC@A@CAC@A@@@@@CA@@AA@@A@@@@@@A@@@AAAA@@A@@ABA@@@@@@@A@A@@@A@@@@@@@D@B@@@@A@@@@@@@@B@B@@@B@@@@@@@A@@A@BB@@@B@@@B@@@@A@@@@@@@@@@@BB@@B@@B@@BB@B@@@B@@A@A@ABA@@A@@AA@B@@@B@@@@@@A@@@A@@@A@AB@AA@@@@AA@@@@@AA@@A@@@@A@A@AAA@@@@@@@B@B@@B@@@@@@BA@@BB@@B@@@@@@@FBB@B@@@B@@AAC@AA@CGCAAACAACAEAE@CBCBC@AAC@ACAA@AAA@A@CAAABC@A@@@AAE@A@AAAACAAC@A@C@KAE@C@GFEBC@CBGBCAE@AAA@AA@CCAECCAAACAECC@AAC@A@C@GBCAA@C@A@CACACCCGAC@CACCEACCE@C@ABA@C@C@A@@AAAA@ACA@@CKAAAAA@AAA@A@I@@@AAAA@ABC@AC@A@A@AAAAAAAAAAACAAACBI@CA@A@A@EAA@A@CBA@A@E@@@C@KCC@ABC@A@A@CAA@AA@ECCAAEAGAE@CBGBA@A@@@CA@A@CDE@A@E@@DC@ABAFABAB@@C@A@A@A@A@ABADA@@D@B@FADAD@F@B@DAD@FABBB@B@B@F@BA@CAA@CA@AAG@A@CAAAAA@ACAACAA@AAAACGEA@@A@CAAAA@@AACEAAC@A@AAGAA@CAA@AAA@@ACC@AAEAAEBGBC@E@A@GBQDKLONOTELDTDT@LBNFhCPILCFERKNMRKFYJYLWLONGLAHAL@JDHBHDJHJHFHH@@@@DDRLLLHJFHFJ@NENILKJGFEFIJKJILMLUNSHKDWFWJQHQHOFGDOFMLNRF`HLJJ@BBDBBDFB@BD@@@BAD@FVTNPJNHNFL@T@HCJLJPHNJNPPTRHNHNADM@@"],"encodeOffsets":[[114323,33411]]}},{"type":"Feature","id":"420683","properties":{"name":"枣阳市","cp":[112.765268,32.123083],"childNum":2},"geometry":{"type":"MultiPolygon","coordinates":[["@@@DABAD@B@BBJDFBH@F@@@BFF@BAJADBD@BBFBF@FBD@F@F@HBDBDHHDDBBBHBDBB@BBBABADCBCB@BBDBFBDDBDBDBJ@F@DDFJBFDDFJDFBBBDDFDF@B@BADCFCBABGFGBCB@B@@AB@@IDEBGLEBAD@HAFAFIDEDEDEFIDE@C@ECC@A@AB@DC@@@AB@B@B@F@BBFBF@DDBBB@B@DBDABBB@B@BB@B@F@B@LBB@^ERbIBE@CBEBABE@A@A@CAA@C@A@@CAAAAA@AAC@ABA@AB@BABBF@BDB@B@@@BAB@BC@ABC@@AA@ABEBA@@BA@AB@@A@CAA@A@ABC@A@A@A@A@AB@BAF@D@B@B@@CBC@ABE@A@A@A@CCA@@@AB@@ABA@@BABBB@BBBD@@BDB@@@BABAB@BB@@DB@@BF@BBHFB@@B@BBB@D@BBB@BBBBBB@BDBDBD@DBHBJ@B@@ABA@CBABABAB@BAD@BBD@@BFBH@D@D@B@D@DBB@BBBD@B@@B@B@B@@@DADAB@B@BBBDF@H@DBDBF@B@BAB@B@B@BBB@B@BA@@@CBUFC@ABA@@B@D@BA@@BAD@@AD@B@B@D@B@B@FDBBDDBNCH@FBFDDDFA@AH@@B@FG@A@@BBD@B@BBFF@@C@@BDB@@BBB@@DF@@A@@@A@@@@@BB@@@BA@CB@@A@BB@B@@A@A@@@ABA@@BAB@DA@@BB@@BA@@FB@@@@@@@@D@@@B@@MH@ACBBFB@@B@@@DBB@BDB@BB@@@BA@@F@BAB@@FBDHHDBDBB@B@D@BD@BCBBBDBAD@DCBEBKFA@CBAH@@AB@DBDBBBDBB@B@DABABCBABCBA@ABAD@BBFDDB@HBD@DBFBB@@@BABADADAD@DBDDFDFHLLHHDH@BABEDGFGDGFEBAD@DDDDBFDHJFCDA@@PNDHFHBD@DABCD@BBDDDB@D@DANGDCBBFBDCNEBABCDAB@TA^CX@RITCRMLINChBB@HAFABC@EBAJCFAH@HAHEH@LAFBFJPBBCDAJ@D@@BDAAGBALCHEFCLAJAH@JDFDDDAFFJBDJAHHRLVLbJ^H`TTJTDLADGA[DITDNLNNRDXAHAjAN@LEJOJKNCVFHL@L@BADCZLVLLXBHBFBHDBDBBBBD@B@DAFCDAPAH@FELM@CFGhUF@LFVDH@L@HMFWHICGKMC@A@sJYEQKBMDSHKXMXSBOEQIKQUOOWGGAW@QAGEEKHWJUDQ@U@QBQAOGOGQCUAY@SHMXSPKBUOUOSSSY]IIWQIMBaBWA]@SBG@O@K@CLCL@NANAFCNEJCDGBIAGECE@IACDI@EBCCCI@CAGAACBEDCCAE@IAI@IAG@GCECICECCCEGAGCCBKAE@EACCCECEBG@IFIDKDIDIHEDGDGBGEGCEGIGCECE@CBGBCBCBGJCDEBE@G@EBMIGICEEEGGKGGEAKGIGIECKACDGHGDMDMAGCGEEKIOGMGMISEGCGICKAG@I@I@IAGEEECKIEGBOHGFSDGBI@CCCC@IDKBIBG@KAECGEEECIEGECKAI@K@KAIAGBIDGBKBK@EAIAECGEHEHGJGJIHGAEBI@IAE@@D@D@DBHAJKLIHIHEDEAAGBG@ECGCGIAIAKDGBEFEHGNGHILCFAH@HDN@H@DGFEDEBEFIFEFAHAD@DBBFD@@@BHB@@A@BFB@@BBA@CB@BAB@B@FAB@B@BBC@A@ABGB@B@D@BBBD@@@BA@@@@B@@BBBB@@ABADBBAB@@@BF@B@BBBB@B@B@B@@@BA@A@ABA@A@C@AD@BA@ABA@BABADAB@BDABBB@@@@D@@@@AAC@A@ADAD@B@BB@B@@@B@DD@@BB@BA@BBBBB@BABB@@C@@@@B@BBBBBBBD@D@@@B@A@ABC@E@AA@A@AA@AAAC@AA@A@@@@AB@CE@@CBADBBBD@@@@AA@@A@@@ACBC@CCAA@A@@BA@@BB@@BA@AABC@ACAAAAA@@@DBH@DBJAD@BBD@@B@@BBB@BAB@FCN@DDHBB@BABA@A@A@GGEAC@A@@B@@@BDBBB@@@F@FAB@@AD@B@BADBD@BABAB@@@B@FAHAJGLGHKHOJIFGDKFEFEHGDQ@EACAC@IBA@CA@@A@AB@BAD@D@@@BA@A@CDA@A@KAABC@C@EBA@A@AAA@C@A@"],["@@FHTHJB@EDK@CCBBB@BED@DA@KACABCOA"]],"encodeOffsets":[[[115215,32627]],[[115422,33135]]]}},{"type":"Feature","id":"420684","properties":{"name":"宜城市","cp":[112.261441,31.709203],"childNum":1},"geometry":{"type":"Polygon","coordinates":["@@B@D@B@BBB@B@FAD@D@BALBB@B@DCB@B@@A@@@CBC@ABAB@@@DBB@JAD@DBFBR@HCFGFELEHCJEPILGHGHKBIBG@E@A@@BABA@AACBC@A@ABC@@BA@E@E@@AACA@A@@@AB@D@FBHHB@B@B@BA@AAACG@CDM@EBA@AAA@AA@@@AC@ABCAI@CAG@C@@BBBBDB@BADBBB@@AA@@AB@@AB@B@DB@DADBD@@B@@@BB@@@@ACAABCDA@@DFA@@B@@B@B@@BBDBBB@@B@BBBF@D@BAB@A@@@C@C@AAAAAA@A@A@@D@@@AAABA@AAAAB@@AAA@@CCA@@@A@A@@A@ABCBCB@D@BB@@@@@C@@A@AACB@ABABCBA@AAB@BABC@@B@D@BAB@B@BAB@@A@A@A@A@AA@A@AAE@@A@ABCAAB@BA@AA@AA@@@@@AB@@C@AA@A@C@AHABAB@D@AAA@A@EBA@A@ABA@@DAB@AA@AEB@@@GA@A@@ECAA@CBCBGFEJEFEFAFCHE@C@GCM@GBGDEJKHGHMFGFEHALCJBJBDHDH@FAHBHFBFCJGJGLKBIAG@C@C@CF@JBJ@FAHBJGHIHIFGFGBKBGDIHGJAFEHAFC@IEM@IAKCOAK@IBECICECCI@KBI@K@GAGCEAGGAEAEDKFCHKFKBCFIBEDCFEBG@MAICGCEAMCCCEC@GBOJGHEDCDIJMDEBGBKBIFGBGHEBG@EAGCCEE@G@GFILEHONQTIPEJIDEDEDGDIDIFEFEDGBGBW@UEGAIAKDMBE@ICEEGEECEAGKEEGGEEGAQASGUIIGGEGKKGKEICI@MBKBWFGDSJUFIBEAEAIAIAIHOJKJMDK@G@SFILMJGDGDECGCIAK@IAOCICGEGECECEE@G@MDKFKDEAEECGCGEEEGAGAKDKBOAK@MAQGBIJUHS@MCGCEECA@AAECAAAGEABGAK@CAEBC@C@EBC@EBEAIGGCC@GCG@CDA@E@A@EAEBEA@@ACBC@AEC@ABEBC@ACEGABCACCCCCAAEBCDCDIHEFCBIBE@C@AAEMAACAIBCBCBCFCDGDGHEBGDC@C@E@CACCGECCAAC@C@CDEBA@@@A@CACC@AA@C@M@E@AA@H@DBHDDFDD@BD@D@@BBBDDBDBD@DAB@BBF@B@@B@B@BCF@@@@B@@@DCBA@AB@@@BD@D@DAB@BCBABABBDDBBDFFBFABCJ@FBHDHDDFHJLFDFDHDHBD@DAFABB@DBF@H@LDBDFFFDBH@JBLFLJJHHHFFJ@HERKLGJED@H@NFJBRHJFD@HDFBF@HCFCFBFDFFLHDFDFDH@FKHGBKHGDEFADBFFHBHBD@@AHJ^ADCBC@QCG@A@CDCBEDADIJ@DBDBDDBFFADALA@@JKRAFIHCHAJ@J@HCFCHAJAF@HADGHGDODMHMLCJAHCFEDC@GAE@CBCDAHAD@F@F@JCF@@A@A@CAG@C@ABIHGHGFCDCDERGJ@DBDDDFFDB@DBADC@GBCDCDEDABAD@F@D@D@HGDCHCHBD@BCHBL@DBDAFAD@HBN@F@DABCHCJAJ@HBDDHJDDHFDFFDFDFBDBJBFBX@DBBDAFDFDFHDDBHDLFBFBDDDBDBLDBFDFBVDF@F@PNDFFNFFHHPPDHDFBLDH@HFBBAFCD@BBDDDBBBBD@F@DH@FAFAJCF@FAHEFCHADCBADABCFBDCBADCH@FBD@@CBCDGFAFDFBHABCDAFAFBD@DC@C@C@CDADAJ@HCJCVELCLEHENGDEDCFCFCDADBHBBDBDDBDBF@FAFAF@DBF@HCHAHBFBDBBBF@HAH@FD@FAFFAJAD@DBBD@FBD@FAD@FJCF@F@FBHBF@D@FABADCDAF@D@DADBBD@@B@BCB@B@B@D@@BBB@@@@@B"],"encodeOffsets":[[115215,32627]]}}],"UTF8Encoding":true}