{"type":"FeatureCollection","features":[{"type":"Feature","id":"451102","properties":{"name":"八步区","cp":[111.551991,24.412446],"childNum":1},"geometry":{"type":"Polygon","coordinates":["@@A@@AAA@AAACCA@ABAC@C@A@ACGBA@AAA@AC@AAAAG@@@C@C@@CB@@AB@@A@@@@@ABAAEC@CBEACFC@@@A@C@IAKCEEIE@CEDC@CBAAED@DEJAAC@KFEA@G@ACCAE@GBADABA@ADE@CBECCDCACCEEEA@AACGCAEDCDCA@HE@CAE@E@ABCBEAACAG@ADAAGEGA@EGCIBE@CBCAAFGD@FCDC@EAGCA@ABCBA@CEE@GDCF@DD@ECCACBABACC@ABC@ICCGCG@BACGACCIDG@GCCGFGHAAAAGHA@GGAA@CC@CCEBABCBCBGCAACB@BCBCAABBDC@ADCAA@@@@CEBADECG@AD@BEBABABADC@CAEB@@ACCDE@ACADA@@DE@CBA@AAEFA@DBCDCD@@@DC@@@AJCBEAA@A@A@@@A@ABE@CAA@AAAA@A@A@ACC@@@CBG@AA@AA@E@EEA@B@@@@@B@@@@@@A@@@@@@@@@A@@@@@@@@@@BB@@@@@@@@@A@@@@@@@A@@@@@@@A@@@@@@B@@@@@@@@A@@@@@@@@@@@@@@@@@@@@@@@@@@@@B@@@@A@@@@@@@@@@@@@@@B@@@@@@@@@@B@@@@A@@@@@@@@@A@@@@@@B@@@@A@@@@@@@@@@@@@@@@@@@A@@A@@@B@@@@@@@@A@@@@@@@@@@@@@@@A@@@@@@A@@@@@@@@@@@@A@@B@@@@@@@@A@@@A@@@@@@@@@@@@@@@@BA@@@@@@@@@@@@@@@@B@@@@@@@@@@@BA@@@@@@@@@@@@@ABADABABABCBABA@ABA@EAEDAAA@AAA@@B@B@B@B@B@B@D@BBDARA@CJ@FBDD@@@@DBB@BBD@BBBBB@B@DAVIRERBF@FBR@XAVCJENOTQNKHG@M@MBGHADKPEN@BBFSJEHC@G@IAGCGAG@EBE@CDEFELEJEPAPCR@NHNLLPJRJJHHFPJLHBLEFCD@@KF@DAD@DDDFH@DADADCBCD@BDHDD@D@FAN@DCBABA@C@IEGAGAI@EBEDCFGHABC@C@@@E@E@EFAF@HE@C@E@ABADADABABE@E@GCECAEAEEEEEAGAODCP@B@BA@EAG@@EAE@G@CBCDAACEAA@G@CCCAAAE@CBEBEHMBE@A@AC@A@EAAAKKEEEAG@EBGBEBEBCDC@@EAEE@G@EAECIICACAEBEDC@A@G@CBCDIBIECEBKHODMBMCMEKIIGM@IDKJMRQBGBGDKBGBKBWAWESCMEKCIEESSQUMMCCOQ@GFKAMOAEFMJS@WGGCG@OAOHKJOLGHGDUBOAcEOBIH@NANCHAJAH@DAFCDEHKPEFCDIHDHJPRRPHPHHFFFDR@JCJBFOJCFGFAJ@NFLDHHHFHJPJNFRH`HRBNDHHDH@LAJAFAD@FDDD@D@JBJDRHJFNFNFNDR@NCNEJIFG@GBEHCHELABCFCDCD@BB@@BB@BB@@BBAB@@BBFFB@B@BB@DBBB@BBB@D@@@B@B@BFDBBBBB@DBBBBB@BBDAB@@@@B@@@D@@B@@@@@@BBBBBDD@@@@BD@@BD@@@@@DAA@B@@@B@@@BAB@B@@@DAB@B@@@BB@@@@DB@BB@@@@BB@B@B@B@@BD@@@B@B@@B@@D@@B@@@@@@B@DBB@B@@BB@B@@@B@@@@@@B@@@@@@B@@@@BB@@BB@@@BABCDADABADC@ADADCDADEH@BBBBBBBBB@BADABBBBDDBBB@DABAB@B@H@BCFFFBBBBDFDBDCP[FGFEFE@@NAHCFGFIDEJANDJDNJLJFFDHFJJTHHHLFNFRDNJHFHDD@LBN@@@B@@AF@LBJ@LFLFNFLHLNNLJFDDDBFFLHJFDHBF@HA@@@@@@LBLDJFLDJDDF@FCFCFGJAJBF@HDFBH@HAPCJ@@@D@FCHCDABABAB@BDDFFABAFBDBFADD@DBF@DBNNDHDFBFBFBDDDFDHFB@AF@D@D@@CBEBAB@DDFBD@BAD@@CBAB@BBF@@BHDFBB@D@DAD@B@BBD@DBB@BAB@BA@@D@DADCB@BA@ABCBED@DADADBDBDBFDFACBC@@B@D@DCDABAFCH@B@DB@DBD@B@DJD@BBBB@DBD@D@FEFCDEDCVLBDDRNfFPDJHHHDJBHCTIHCHAbEFBFFBFBRAJCLCF@DAF@HBLFJTV^jJHLJHJFBFBFDH@DCDAD@DBDBBDBFHCBCDAHAJ@LALAHCJ@LB^HHDDFFFHBJ@HADCJKHGLAPCLANBJFNDFBF@L@HAJCFCF@F@F@H@BGAI@EBCFAFAXHFBH@JDJ@J@LCTGJAJ@HBJBDDHLDHHBN@DAFGHCNCJ@H@LCLAVM@ADCFCDEFCFAFCECGGECICGDKBOCGCECG@O@OEGEGSCSCGAAGGIEGEAABG@ADCBABC@CACEAAC@ABAH@D@@AB@BAAA@C@C@ABCBCBCDCBCBC@AA@GCECEAK@E@EKEGAEFIDEFMDCBE@I@MAA@@@A@@BABABAB@B@B@B@@BB@B@B@@A@@BAB@@BBBA@@B@B@@BB@@B@@@BA@A@A@A@A@A@ABABA@ABAB@@AB@B@DAB@@ABABABAB@D@BAB@B@B@@@B@@@BA@A@A@A@A@@BA@@BBB@@@BA@@@A@A@@@ABA@AB@BA@C@A@AAA@A@A@@BA@AB@B@D@B@@ABA@@@ABADABABC@AB@@@@BBB@@B@B@HAFEDGFIDI@A@AAEACBA@CBA@CAE@GAE@EBCBCBABCBAAAA@A@ECACAAC@C@CACAACCCCEAEACAA@CBA@CBA@A@CCAACAABCBCDABAD@DCFABCBCBC@A@A@ADCD@FAH@HAHCFCDABCBAAEBCBAFABABA@CBCBABADEDEBCB@@CBCBABAAC@CAC@C@C@A@EBCDCFEFAHABAB@D@B@@CBCBGBG@GBGAEAGBA@C@C@AAE@CAA@C@C@CBCACCCCCEACCCCAEAC@AAC@CGEGCCACCEEAG@CBE@CAACCCAC@C@EAE@GEECAA@CEECCEACACBA@C@A@A@AAAC@CBE@G@GAECECCAAC@GAE@CBADCFCFG@EBCAA@AACC@AAA@AAC@CCECECAAAGAE@ACBA@CBABE@CACAAAAA@C@ADCBCDC@CBA@A@AAAACAC@@CAE@CAAACCAEAE@G@E@IBIBEDGDA@ABA@ABE@CA@C@C@C@CAEAE@G@GAO@ABC@C@C@CACACACAM@C@ABADADEDCFADADADCBC@C@E@CCICIAEAE@C@CAAACAEAEBC@EAI@G@EBCBGBGBCBEB@BADADA@CBA@C@CAAACACBAFGFCDCBCBEACBADGFIBEBEBEDADADADBDADABADCBC@E@E@KBK@CAG@CBCDCDCLOBA@A@@@C@ABAFCFEBC@A@ECCA@EAEEAE"],"encodeOffsets":[[114618,24549]]}},{"type":"Feature","id":"451121","properties":{"name":"昭平县","cp":[110.810865,24.172958],"childNum":1},"geometry":{"type":"Polygon","coordinates":["@@D@PCNGHGHELEJ@PBNBP@HAHAHGJGPCNCL@DDFFDL@LEHEJCLBJDJHRNRNPLFPBPDNAJAFGFKN]CLKRGJIDEAIAMBCDGFGBSAG@IDKBKB@B@DBDDDDBDDDFFDDBDDFDDDB@DBDDBBB@FCDBD@BBBDDFBH@FBDBB@@B@DEBIDAB@BFBH@H@F@FBD@@B@BABCD@D@DFLDFDDFFDB@FB@D@BADCD@BCBEBA@CHI@CB@BC@CACAE@A@CBEBA@E@ABADABAHAFBD@DADAB@BDDDBDDBDDFDDDDBDBF@D@F@FBBFBBBB@BDFDFBH@HDD@@L@LBF@DAD@B@B@FCP@NDRDRDFD@@D@DADAB@DBBBJAHBL@F@BABC@E@EBEBG@GCI@C@CBADADADADADBD@H@L@DADCB@B@BFBD@F@F@F@FAFBB@DBBHBJBF@F@B@DBBFBDDDHFFDDBD@DAF@D@HABBDBDDD@HBHAF@F@F@FBFADBF@HEHEDGFEBEBCDAB@D@BBHBB@P@L@F@FBJ@BA@A@C@EBCB@D@D@JHB@D@FCFCDCBG@CDCDEBABAB@LFB@JBHDNFDE@A@G@ABABA@CAACAACAABABC@AAAAAAAAA@AFGBCDCBCBCD@BCBABCDCBA@A@@AA@@AA@@@@@A@@@@A@@@@@@@@A@@@AAA@@@AAA@C@A@@@@A@@@@CA@@@@A@A@@AC@@@A@A@AAA@@@@AAA@@C@@A@@A@@@ABA@C@@@ABA@A@@@A@@@ABB@C@@@@AC@@AC@@@@CCAAAA@A@@@@A@@@@C@@@A@@A@CBAAA@AAAA@CAAAACAAEA@A@@@C@A@AAA@AA@CAAA@A@EEAA@@BAAA@@AAA@@AA@@ADCDCDEBAFKDGFGHAH@JEFIDM@MCQEMEMEMGICQAI@I@CCCECC@EBIBKBG@GCCGAMGQG_EQIMIOEGGGCGEK@MBIHEDEPIAEDI@ICQEEGEOGOGQQIOCGEAGAK@IBIBKBQ@CBM@KAGIEMAGEOAECOES@CEGEISIOAICKCAECO@M@EAGCKCIGMICAC@AC@@AAAEAC@G@C@E@G@CBC@@@A@AA@@A@AAA@@A@A@A@AAA@CACAAACEEGCA@MECEEBABA@CBCDC@CFGBEBGAAEBABK@C@E@C@GBCDKLCBABIEIIGCI@CCECFCEICA@ABC@A@@BBB@BEBEDEBA@CDBBA@ABAAC@A@@@@CCAA@@AAAA@A@@CACB@BAACAA@A@@D@@CAAA@@A@ABA@C@AAAA@@ADA@CAAAAAAAEBC@ADABADCDC@EAAC@C@CBADC@A@CAC@@@A@@BAB@@A@EAA@AE@@BAAAABC@AA@A@A@C@C@AACAE@AB@DABAACBCDC@AAA@CAAAAAC@ABA@CDC@AB@DCBA@CBC@AHI@ABGAE@CCEIKECC@E@ABADBD@D@F@D@FABGDC@E@AAAACAGACCAAACAAGBCBCD@F@F@B@DABABABCJCFADC@C@@ACAA@CBIFAD@D@B@B@BCBABCHCDAD@D@@@D@RDTDVDPAPIJOL@PNNJPAPEFEN@HBTSFOGKGQGKPCROLCNHJPHJDTLJPBF@RITIJKLQHWBYJKJMPQZSXGFGDIFGAC@CA@@AA@AC@ADABABG@GAA@C@A@C@@A@C@AA@ABADCB@DCAABGAABAB@BA@@AAAABA@A@A@ACCA@@CAAAAAABA@A@AD@DAB@D@DA@EB@BBB@@DB@@BB@B@@@BDD@BHNHXBNBPCJFDFHJFH@HBBDADAFEFKFUHQDMBGBEDKDODE@EDCFCJEHENAFBHDFFHFLBJFRBNCTCL@F@FFLHLFPFJFFFDJDFHFFFJDHALAFCFGDK@MDKDIFMPGNGJAJQHIBM@MHIBEFMFIFEJCLAJCHAHCBSPAJAPBHDFBLBHFFDFALCDG@@H@DFFRBBFGD[HKCSCIBKFEDAFAFBHHJDNAFGJEJCDNHFFFFFHBLBHFHHHLDL@JAL@NAHCLAFEHEDEDEFKFIHIJENGNCHCLGFENANC"],"encodeOffsets":[[113354,24928]]}},{"type":"Feature","id":"451122","properties":{"name":"钟山县","cp":[111.303629,24.528566],"childNum":1},"geometry":{"type":"Polygon","coordinates":["@@CEAEACACBCBC@CFCDABAB@@ADABC@C@CB@@ABA@AAA@CAC@A@ABC@C@CAACEAG@@AE@ABADA@@BC@AACCE@CBAFADA@@@C@CBEA@GEECCCACAEAECECGMMCAE@CAC@BCAEACBEBAEECC@ABABABADCDG@E@C@@DIBO@GAGCE@GAEBIHIDEDE@ECEICKCIEKCKA@@@@@@GBE@GAECGIEKAECCECKIMMGKEKEMEK@KAI@KBE@@@A@@AM@KCCEGIGCMEQEMGKGGISEICGEEKIMIICMCIBCFEJEHGDMB@@EFEFEHO\\CDCACEAAAAEEMEGCIAA@KEA@ABABCFCD@DAHCDEDEDC@A@IGC@C@A@AD@F@D@BABI@EAE@K@O@A@GAAAC@A@CBADAFEFCHGFGFE@CAEBEAE@E@E@GBGAC@CCCAAAGBC@E@CBC@CAECGECCACAECAA@E@E@IAGAAA@CAABE@E@E@E@EACAEA@A@CDCBK@G@C@CACBCBCBCBAB@D@DDJ@HAHAF@F@FADABE@K@GAIBAACAA@CBCBC@@@ECQCQCMCO@EDA@A@C@CBE@@F@FCD@DBD@D@BABGHCBEBC@EAC@A@C@EBC@IBE@CB@@ABGDEDC@G@C@CBGFGHCBAB@BDDDDDBFAJCHCDAFBDDDBHD@DDP@JBHDFHHHFNJHJFJDJBPDNDPJJLLFFBDCHGHILEJADRFPHBDDFAD@DCFGFMLOJGHGRCJAJCJCFEDCBGDIFIHGLGNCPBJDHJFLHNNBH@FGJGFEFCHAJFFFDJ@J@FBDDDJ@HBNHPJXDHHDFBJAHCLAR@LBLFHNDNDLFJHFHANAN@LFDBDDAFGLAFBPDFHDHBFEHALBHDFDBDDLHPFJFNFNHDH@F@JBFBFDHYBQBSBQHQLOXGVEFKHSHGB@DBBBB@BBDCBCBCBE@EBAFEHEDCFAFCDCBCEGAE@C@CFGHCFAPCN@BB@@D@@@BCBCD@B@DAFBH@D@BBDHDFDBBB@BDBD@B@BBB@D@BA@C@CFCDABAH@BABABABAD@DAB@HHB@B@@@BADABADADBAB@DBD@B@BD@DCFADBF@DDFDB@BBD@DAHADCBALSFKFIDEBARCV@JBJDFBHDFDFF@DBBFBF@P@J@J@FDFDDJDBDBFBFDHFHHHHHFFBH@Z@JABEHEBABADABABCBGFE"],"encodeOffsets":[[114196,25238]]}},{"type":"Feature","id":"451123","properties":{"name":"富川瑶族自治县","cp":[111.277228,24.81896],"childNum":1},"geometry":{"type":"Polygon","coordinates":["@@DCBEBKAQACMSCAEAQEQGIGCO@I@OHOJMLKLAD@HEDEFAHAD@DAAG@G@EGQAAIAGACCEKEEAEBEFGJAHEDIAIGMGGEI@KFMFGZaFEFKFMBGBM@EAICKCGGKAI@GAGAECCACEGAEBA@A@ABC@CBA@CBA@ECEACCA@@CACEACAE@CAAGECEAEEGKKACEKCC@CBCFEFAF@DBDBD@D@BCBEBM@E@CBAD@RBF@DBBDBHBD@@LAR@JCBAB@HCFADAFCIBY@G@EAGEGGGGGEECEACACACIECECI@I@O@E@EAAA@CEEECGCEAICIAU@QDABCFEJELKTABCDGBCBC@AAA@ECCCE@CAEBCDC@@A@AAC@CBACACBABCBAB@@A@A@GGA@CBC@ABABABABG@ABCBED@D@DABC@A@AAA@C@CA@AAACACECGAAC@G@EACBA@C@ADAD@@C@@@AAM@ODEBGDEH@D@DBFFHADCDEDEBCDGFEFAB@FAFADADCDAAA@AACAA@GHGTELUFWHKPGRARATARGZDF@HBNARALELENCNAPBPDPFLFXBVAVETCHGFKBEAGEIGIEKAI@KFIFEDEJIJGTG^AH@JFJ@LAR@LAHAJBDBDFFJrBFIjALDDFBPDPDd@RFHJ^VxXF@FD@DLRHDJFHFDH@JBHHHJLRLJFFFDBR@HFDD@HBDEFBDFBRLDBFCFCDCFADEBI@IFKFINEPEPKFIRAPCRAP@LDNLBJBJDLDFDBXDPCJGBG@ODIJIJCJ@PBHBJAFGCIACYmEEAM@IAMDKJKHCFCFCLCPCLAP@JA"],"encodeOffsets":[[114141,25625]]}}],"UTF8Encoding":true}