{"type":"FeatureCollection","features":[{"type":"Feature","id":"360702","properties":{"name":"章贡区","cp":[114.93872,25.851367],"childNum":1},"geometry":{"type":"Polygon","coordinates":["@@APAFADAD@DAD@BABAB@BADA@AB@@A@A@A@A@A@A@A@A@A@C@A@A@ABA@A@@@A@@B@B@B@@@B@BA@ABA@CBA@A@AB@@@B@@@B@@@B@@@B@BAB@BADABA@ABABABCB@BAD@@@B@B@B@@BB@@BB@@@BA@ABA@ABA@A@A@@BC@A@A@@BA@@D@B@B@BA@@D@D@HBHFF@@@D@@@B@@BD@B@@CF@FBDBAB@BA@@BB@@BB@B@B@B@BAB@D@B@DADABADAB@BA@@@A@@@A@@A@@AA@C@A@AAAAAAA@AAA@AAAA@AA@@ABA@AB@@AB@B@BBB@BBBAB@@AB@@@BAB@B@B@BAD@B@BABCBABCBABABA@@BC@ABA@C@@BAB@B@BBDBDBDDDBBBDBBDDBBBBBBBB@B@BBD@B@@@BB@BB@DCBGH@DH@BFHDB@FCH@D@B@DBD@DBDBB@B@BBD@@@B@B@BBD@D@D@D@B@B@B@B@BBB@BBBBBBB@B@BB@@B@B@B@B@B@BB@@D@DBB@DBB@B@DAB@D@BADEJEF@B@BDDBF@H@FCBCDB@@@D@@AB@BA@@@@D@DABADABBDF@FBBBBBB@BADABCBEBCFEHM@CBIDEBCDADADAD@BAD@D@B@F@F@FAF@D@F@D@F@BAB@DAB@BABABAB@BABCBA@AACCECCGGCCHEJGDGEKCGBEDAFE@GBG@I@CDAB@FBHBFDB@D@HDBBB@@AB@@A@CAE@@DEDEBC@EBE@E@E@AD@D@D@BC@C@CCC@AD@BADADAFBJBDBBBJDJFHH@@JNFB@@@@BAB@@@B@B@B@@@DAF@DBB@BCBE@A@@B@BCJ@FADE@ECGGMI_@IDGFGFCDCBEAICICGGCQM@E@ECECCGCCEEG_]GCEECECEAEDAFAFAFEFC@CDCF@J@FAFEDC@E@CA@EBEBE@C@CA@A@CBCF@DCBCCAOKGAIGIGIEEAAE@@@A@C@EIGMCK@CBABAJGPEHADC@A@AC@E@CCAEAEBGDCDCHCDEFCHADA@@@C@EC@AKI@@@@AABA@@AA@@@A@A@AAA@@@@@@A@AAA@AA@@@AA@AA@@@@A@AACA@@A@A@@AA@A@@@A@@@A@@@A@ABA@A@@@A@A@A@@B@A@@@@AA@A@A@A@@A@@A@@@A@@AA@AAA@@@AB@@@@ABA@@@@@A@@@@@C@@A@A@A@@AA@@AA@@B@@A@@AA@AA@@AA@@BAA@@A@@@AA@AA@@@A@@@@A@AB@@@@A@A@A@CA@A@@A@@BAB@@@@AA@@AB@@@@@BA@@@@@@@@BA@@@A@@@@@@B@@AB@@A@AB@@@AA@@@AB@@@BA@@@BB@B@@@@A@@BB@@@@@AB@B@@@B@B@@C@@@@B@@@B@@@BA@B@AB@@@B@@@@@BA@@@@B@@BBABB@AB@@@@A@@B@@A@@B@@A@@B@@@B@B@@@B@@AB@@ABAA@BA@A@@@@@A@@@A@@B@@A@@AAB@@@@@@A@@B@@@@@@@BABB@@@@BA@@@A@@@@BA@@B@@@@@@@@@@@B@@@B@@AA@@AB@@A@@@AB@@@@@BA@@@AB@@@@A@@@@@@BA@BB@@A@@@@@AA@@A@@@AB@A@@A@@@@@@@@B@DA@AB@@@AAA@@@A@@AB@@@@A@@@@@@@@BA@AA@@@BA@@@@B@@@@@BB@@@@@B@@A@@@@@B@@@@B@@@@@B@@@@@@@@@@@@@AB@@@@BBA@BB@@@@BB@@@@@@@AB@@@@@@@@B@@@B@@@B@@@@@@@@@B@@@@@B@@A@@A@@AAA@@@A@@@@B@@@@@@@B@@@@A@@@@@@@A@B@@B@@A@@@@@@@@@B@@@BB@@@B@@BB@@@@@BA@@BAA@@@@@@@B@@@@A@@@AB@@A@@B@@B@@@@@@B@B@@A@AA@@A@@@@@@AA@A@@@@B@@@B@@A@@@A@@C@@A@@@AA@@A@@@@@A@@@@BA@@@@@@@@@A@@@@@@B@@A@@@ADAB@BDBA@A@A@@BA@@@@BA@@B@@C@A@A@@@@B@@A@@@A@@@A@@@@BA@BB@D@@ADCB@BAB@B@@@BBBBDBBBBCBCB@@CB@AABBB@@@B@B@BB@@@@@@B@@B@@@@B@@@BADBB@B@@@@@@@B@@@B@@@BB@@BB@@@@@B@@@@@@@@BA@@@B@@B@@B@@@@BB@BB@BD@@A@@B@B@HBD@F@DBD@FDDB@BBDBB@H@FBDBBFDB@D@DB@@B@B@DD@@B@BBBB@@@B@@@BD@@A@@B@@@A@@@B@@@AA@@B@@@@@@A@@@@@A@@@@B@@B@@@BB@@@@@BA@@@@@@BB@@@@BB@B@@@@@@BA@@@BA@@@@@B@@BB@@@BABCBBB@@@BAB@B@"],"encodeOffsets":[[117625,26413]]}},{"type":"Feature","id":"360703","properties":{"name":"南康区","cp":[114.756933,25.661721],"childNum":1},"geometry":{"type":"Polygon","coordinates":["@@CEAC@EBCFCH@FCF@FBF@DEDCDCFEB@BADCDAJCDADA@@@@@CBCBABADCBAD@DABADAD@DAB@D@D@D@BCDABABCBABA@C@CCAAAAAAC@C@A@C@CAA@CAC@CAA@CBCBADADA@AB@D@BCFADC@A@ABA@A@C@CBA@C@C@ADAB@DADA@CBA@CBC@ABC@C@A@CBADABADAD@D@D@DBBABADBBDD@F@FCDCBE@@@A@C@CAA@ABA@CAA@C@EAA@C@A@C@CAAACAAAAACCA@AACDABC@CCAAC@A@E@A@CBADABAD@DADAD@BAAC@CAAAC@A@C@EBC@A@AB@@@@AAAAAA@A@A@AAA@CAAAA@CA@A@A@ABA@A@A@@@AAA@AA@@AB@@EBCDADADABC@CDEBEFADADIBC@CHGDA@CAAA@@A@@@AAC@A@AAAAAAAAACCAAACAACCACACAC@A@ABA@AD@B@BAD@@AB@BABADABADABA@A@ABC@A@A@ABA@A@@BA@@BAAA@AAA@A@ABA@@BAB@BA@@BBB@BB@BBB@BBBBBBB@B@B@DBB@@@BB@@@B@@@B@@ABABCBABC@C@A@CBA@A@A@A@AAA@@AA@@ABA@ABAC@EDE@@@AAC@@@A@@@C@@EEAG@G@C@CB@@A@A@A@CB@@AB@B@D@@AB@B@B@BAB@BAB@@A@@AA@@AA@@@A@A@A@@BC@ADABABABAB@BABC@ABA@A@A@@@A@@@A@@@A@@BAB@B@DAB@BAB@@A@A@@@A@A@AB@@@B@B@BAB@B@D@B@B@B@B@B@B@B@B@B@@@BAB@BC@ABABA@ABC@CBCBCBEBOA@A@AB@@A@AAADAB@@A@@AA@@@@@B@@A@@AB@@@@@@@AAA@@@@AA@@@@@@AB@@@@A@@A@@@AA@@@@@@B@@@@@B@@@@A@@@BB@@A@@@B@@@A@@@@BC@@A@@@A@@AAAAA@@@CCA@A@@@CAC@A@ECAAAC@E@GAAAC@ACAECC@CAE@C@GAA@A@@@@BC@@AAAA@@A@@A@@@@AA@@@B@@A@@@@@@A@@@@@A@@AA@@A@@@A@@@A@@@@@@@AAABC@A@@@A@@A@@@@A@@@@A@@A@A@A@@AABA@BDA@@DADAAAAAACAA@A@@@ABA@ADABC@@@CAAB@@A@@B@@@B@@@B@@@@A@@B@B@D@@@@AB@@A@@B@@AB@B@B@CA@ABABC@@B@@@@A@@@@B@@@@@@@@@B@@A@@B@@@@@B@@@BB@@B@@@@DB@@@B@@@@A@@@A@@B@B@@B@@@@B@@@BBB@@@@A@A@@@@A@@@@AB@@@BA@@B@@@@@@A@@@@@@BB@AB@@A@@@@AA@@@A@@AA@@A@@@@@@@@@B@@@@AA@B@@@@@@@B@@@@@@A@@@@@@@A@@B@@@B@BB@@@BB@@@@A@@@@@A@@@@@@@@@A@@@A@@@A@@@@@@A@@B@@@@@@AA@@@@AAB@AA@@@@BA@@@@@@@@@@@@A@@@@@A@@@@@@A@@@@@BA@@@@@A@@A@@@@@A@@B@@A@@BBB@@A@@@@@@B@@@@@BA@@@B@@BB@B@@BAB@@C@A@@@@@@B@@@@BBA@@B@@@BB@@@@B@@@AAB@@A@@@@B@@@@@BA@@B@@A@@@@BA@@B@@@BA@@BB@@@A@@@A@@@@@@@@@@@AB@@A@@B@@@B@@A@@A@BA@A@@@@@@@AB@@@@@@@BA@BB@@@@AB@@@B@@@@@B@B@@ABBBA@@BA@@@A@@@A@A@@@AB@@@@AB@@@@AB@@@@@BAA@BAAA@@@A@@B@@A@@@@@A@@BAA@B@@A@@@A@@@A@@D@@@@A@A@@@ABA@@@@A@@AB@@@@@@AAA@@B@@A@@BA@@B@@B@@BAB@@@BA@@@A@@@@B@@@B@@A@@@@@@B@@A@@@@BAC@CCCACACCECCCCCCACCGCGECECCAC@@@A@CBABADADADAB@@A@A@@@C@ACGCEAAA@EACAAA@AACAE@C@C@EBC@CBEAAACAEAEAAA@CAA@AAAAACAAAAACB@@C@@BC@C@A@C@A@AFCB@DBDAFA@AB@@A@A@@@A@ABA@A@@ACCCAAAA@AHE@AB@@ADCFADCCI@AFELGDC@C@ACCCAGEAEAECGGEIAK@G@@@AAA@E@GAEAA@CAGACAEAC@G@A@EAEBEBCAC@CAE@ABE@C@EACAECCACCGE@CCICCEECCCAG@ABCDED@@A@KNGHKHEACCCGEGCAC@CBC@C@@BAD@JABC@E@E@E@A@@DAD@@A@GDABEDCDBD@B@DAJAFAH@HAHCHCH@@CDIJEFAD@F@FFHDF@J@HCHEFAH@DBDD@DBB@DF@FAHADED@DAFCDEFABEBCBECEACAE@EAA@E@GBC@C@C@K@GAEBCAAAC@EBC@E@A@IAG@CCA@GEAACCEAGAG@E@EBIBCB@D@D@FADCBABAAAC@G@AAAABAB@DBD@DADCBCBE@C@C@CBCAAACA@BA@EFEJ@@ADADABC@E@EACCCA@A@@ADABA@C@@J@B@F@DBDBDBDBDBD@BBD@@@BB@@@@@FFDFBDBBBDDHBDBBBBFDFB@@BB@@D@BDDD@@DBD@D@BBDBDDBDDDBBBDBFBDDB@BFBB@BBD@@BDBDFFFDDDHDFBDDBB@B@DADAD@DBD@FAF@D@B@B@BBJ@J@H@FDFDHF@DBD@D@BABAFABABABCBCDABGBIACBAFCDALAFCDB@B@B@B@DBF@B@BA@C@AD@F@FBFBDBDDBD@FAFABABA@CAA@A@@B@B@BAB@@@DDBFHBDBBABCFEFADAF@DBHABCDEB@B@BDDFDFBFBFFFJ@DCDCHCFCD@DBDB@BBBD@B@DEH@D@BCBCBAB@D@DCDAB@DGP@B@BBDBB@D@@C@CAE@EBG@GAC@ACAC@C@AAAC@ABABABABABBBBBBB@DABABA@ADABABAD@DBF@DAD@HBB@@B@DA@@B@@B@B@BABIB@@BB@BBB@B@DBBBBFDHDHBDBFBDDDDBD@D@BABA@AAC@A@@@@B@D@BCBAB@BBBBBHDF@DAB@@B@@@BBBB@D@D@BABB@B@BBBD@@@BDDJBBBBDBBBAB@@@DBBB@BBBABAD@@BBDAB@D@DAB@D@BDBHFHBBBBB@B@D@FABA@A@E@C@@B@@@B@D@D@BCBAB@B@B@@@B@BBBBBBB@BBB@D@DBD@BBBDBBBBBDB@BDBBDBB@@@BBDAB@DB@BBD@JAD@@BDBB@DDBBBD@BBD@B@DCBCBA@CBCBA@CBABABCDABCBCBA@CBC@CBABCBCBABCAAC@CCAC@C@AA@CAACACAA@ACACAAAACACAC@AAC@C@C@CBCBABABCB@@CLKPGHADABIAG@ABABCBAB@D@DBB@D@D@BBDBBDB@D@BADADAB@D@DBBBDB@DBDJAJEBMB@BCBABA@CBE@EBC@AB@@@DABC@ABAD@DABCBAB@D@DAB@D@DABCBC@ABAD@DABC@CBC@CBA@CDABADC@ABC@CBAB@BADCBECEAEBAB@B@@@D@B@B@@ADAD@BADAD@B@D@DBDBBBDBB@D@D@B@D@D@D@BAD@D@BDBDBDBF@BFDFDBDDDDFFBFBD@DD@DB@B@F@DDD@D@DBFAFEDABF@F@BFFDFBDBB@BAB@BEDABADAD@DBFDDFBFBD@DDBHBH@FBFDDDHBFDH@F@BCFCH@F@DABCBEBAFAH@DABEBG@ECGAEAGBADALAJDNBLBHADEDIDGF@DDHHFDFALADAB@D@DA"],"encodeOffsets":[[117422,26824]]}},{"type":"Feature","id":"360721","properties":{"name":"赣县","cp":[115.018461,25.865432],"childNum":1},"geometry":{"type":"Polygon","coordinates":["@@D@DBD@D@DABAD@DAD@BBBBBDBBDBD@D@D@D@BBD@DBD@B@D@D@D@D@D@D@DBBBBCBA@CDABADAD@BAD@D@DBD@DBDAD@B@D@DBD@DBD@D@D@B@DABCAAACAAAC@CBA@C@CAA@C@CAABCBADA@C@CBA@CAC@AACAA@CAC@ADCBABADAD@DBB@DBDBBBD@DABAD@DDBBBBD@D@D@D@DBBBD@DBDCBABAD@BBDBDBBBDBD@D@DBBADABADABAD@D@D@@CBABC@CAA@CBADABADABCBABA@CBC@ABC@CBABCB@AECE@EBEDC@@BCBADADAB@DAD@DABA@C@A@CAC@A@CACDAD@BADADABCDABABABABAFCLCFAFBJAHC@A@@AA@AB@@AB@BA@@B@BA@@B@BA@@BA@@B@@ABA@@BA@@@A@AB@@A@A@@BA@A@@BA@@BAB@@@B@B@B@@@B@B@@@B@B@B@B@B@@@BAB@B@@BB@B@@BB@B@BB@@BB@@DDHAHEDE@IAK@A@@AA@@@AA@@A@AAA@@@AAA@@@A@AA@@A@AA@@AA@AA@@A@AAA@@@AAABA@@@A@A@A@A@@@A@A@A@A@A@@@A@A@A@AA@@@A@@@A@@EAAEAGBCHCB@@A@@@AB@@A@@BAB@@A@A@A@@@AA@@A@@AA@@BADG@G@CCCAA@CBABA@GAAAAA@@@@AA@@A@A@@@A@A@A@A@@@A@@@AACECGAGBCBA@CACAE@EA@AA@@A@@AAA@@AA@@AA@@AA@@A@A@@GE@ADCFAJCDBDEAE@@BA@@B@B@B@B@@@BAB@@AB@@@BA@@@AH@DABCBECECG@A@@ACACAAAAECEAC@AB@BA@CACEAE@A@EAAGCEAM@MAKAIEIEACC@GFEDA@EAEEEECE@@@@GDEDCDADCDABGDIDEDGBIBEDABEBA@CCACCEIECGAC@G@GCGCCGIAE@E@EAGCKBGBIDG@ECA@A@ABCBE@EAEAEIKCC@CBEDKDODEDCHAJCF@FBDBFDDDBBDAFE@AACAAAA@C@ACAC@AABU@I@IBADCHAFAH@FCB@BKFCDABIDEDEBABADAF@D@BABCDI@EACCAG@AAAA@E@G@@@CBEDIBEAECEBMFYBCBAFAHAF@BABAACCCAA@@BAD@D@BABE@C@CAE@C@CAA@@ABCBEBODA@@AAAAKACBAD@H@FBBABABA@A@CBADEFEDC@A@CAAAAC@A@ADCBC@A@AACCAAACE@C@GAGACACCGGAA@ABA@C@CAA@AA@@A@AACAAACGECCEMAC@C@C@CDCDAFAF@DAD@D@@AA@CAAAECCAAAA@C@@A@ABADAB@DDFBBBB@DADCBABCF@D@B@DCDEACEC@A@CBADCBCBCEECCCA@A@ABABA@A@A@CB@BBBDD@D@B@@A@AAAAA@A@A@A@CAA@A@@BCBA@ABGBCDGDIDC@C@CAA@CDEDGFE@C@@AG@EAAAAECEGAA@AE@C@A@AA@A@@@ABA@@@CAA@AA@A@A@A@BCCCAAAACAACAEAEA@@ACAA@ABA@A@A@@A@A@A@ABAA@C@@@A@@DCDABAAC@ACEECCCAACACAM@C@CAAAAC@A@EAQGCACAG@I@KAE@C@@AAAACCCCCCAECGICGAEACAAAAAAAA@A@CAAAA@AAEAAC@E@A@AAAA@A@AA@CBCDEBC@C@EACACAE@A@A@GGCAABCD@BC@E@GFCHCDAHBF@BAFETALCJAHAP@JABC@CB@BAFCDCBCBE@A@CDADA@A@@C@C@CACAAA@CDAD@BABA@A@AAACACA@C@CAAIAC@@C@AAEEAGMCC@CBCDCHADBFABEFGDEFABABOHIFGBEBG@E@EDADCDEBEBC@C@ECCACACBAD@DABA@A@AD@D@BABA@AAAACAE@EBC@E@CAACAE@C@ACAA@A@C@E@GAE@C@ADCF@DABEBI@CDCDGFEDADAHAHCDEDE@GACCACAEAE@ECAC@E@CBA@C@@@C@CDEBCD@BA@@BGF@BBBBBDDBD@@@BAB@B@B@@@B@BA@@BEBCBCAA@ED@B@B@D@B@DAD@@@DA@BDBBBBBDBBBBB@DBB@BBBFBFBDBBAF@DAD@F@D@DBFBD@BBBDBFBB@BBDFDH@B@D@@@B@BA@CBCBCBABAB@D@B@@BDDDDFHFHDDDDBDDDDFDDDDBDBDDD@@@BB@@@@BA@AB@@@@BDBB@B@B@@@@@BAB@@@@@@B@@BBB@@B@@@BB@AB@@BB@@BBB@@BB@@@@AB@@BB@@BB@B@B@@@@D@@@@@B@@@@AB@B@@A@@B@@BB@BBB@@@B@@@BB@@@@B@B@BBB@@@@@B@AB@B@B@@@B@B@BAB@@@B@@@B@@@B@B@@BB@B@@@DBBBB@@@@@BBB@@B@@BBB@BBB@@@@@@@BB@B@B@B@@BB@@ABBB@@@@LJ@BFDD@@@B@BCDGFEDCDGDCHCFAFBDB@D@FBDB@D@BCFGHOBIBADAL@NDJH@F@D@B@@BFFBJFJHJHHBPLDBADCDE@AD@D@BDBD@F@FAFAB@@D@FCDEFEBI@E@CD@DEDEFEBEBCBBFDFDFFFHD`^FHDFHDDDDF@F@FRNHDDHDJBJAFCDEDEHCH@JJ`HNDH@FCFEBI@ADA@@@@BAFADA@CAE@CB@@A@A@A@@@A@AB@@@@EAIM@@GGIEICAACAIAEACBCBABC@@BDD@D@DADC@C@C@@B@F@FAF@FADCFCF@@BF@D@BA@@BA@AAGCC@A@ECGAEAA@CB@D@JAH@HEFCBAFDHFLCHIHGFDDHHDDDFBD@BABADABA@ABABABA@CBA@ABE@C@E@C@E@EBE@E@A@C@C@ABC@CBCBCBADCFAJ@DGNEFADAFADCBABA@AAAAEAE@ACBABCBA@C@C@@B@@ABA@@@C@@CAADEDG@E@CAACA@E@IFCFABC@A@CBA@A@CAA@CAC@@@AAA@A@A@A@A@@@AAA@A@AAAAAAA@AAA@A@A@A@C@C@C@C@AAA@A@@@C@AAA@A@CACAC@CAA@C@G@EDA@GCAEG@ADCJCBEBAFCF@DADCBCBCBAD@FA@@BB@@BBB@B@@@B@BAB@B@B@BDBB@BBDBB@BBB@B@B@BBBB@B@@A@@B@BAD@F@D@BBDBB@DBDABC@CBCBC@ABCBAB@D@B@F@BBDDB@DADCBBD@BDBBDBBBBBDBB@D@D@B@DBB@F@DBB@DAB@BBB@D@D@B@@AFCDEDE@C@ACCAABABCAC@C@C@CBABCBAB@D@B@DAD@BAD@DAB@DCBCBA@CB@B@D@DAB@D@D@BAB@B@BCDEBADC@A@@BCBCBABAD@DBB@DBD@DBB@D@D@B@DBDBBBBDB@D@DABABADABCBADC@C@C@A@CBC@CBABCBC@ABCDABABAD@DF@B@BA@ADADBBBBBAB@BBDDDDDDDBD@HBD@DFBH@FBD@FAFADCDAHA@@FBB@BABAFCDAD@BBAF@DBDDDBD@D@@BBDBDBFABABCBADAFBD@BBFCDAFADCJ@HAFBH@HAFDFFBDBBF@F@HABFBDDAF@DBDFBDH@FAFAHEB@BC@AAC@AAA@CB@DBB@BBDABAD@B@PPDDFBDHHH@@D@BAD@B@D@DAB@D@BBBDBBABADBBBBDBB@DBBADABAD@BAD@B@D@D@D@B@D@B@DAB@DABA@C@A@CBAD@D@BBDBB@D@B@DAD@BAD@DAB@D@BAD@D@B@DBB@DBBBBBD@BABCBAB@DAB@DAD@B@D@DBB@DBD@B@D@BABABAB@DAD@@CBABABA@ABC@A@C@A@CBA@C@ABCAA@C@ABABAD@BBDBBB@BBBBDD@BAB@BC@AAABC@ADA@CBA@CBABABAD@B@DBD@B@D@D@BADAB@BCBABABABCBABABAD@B@DABABABADAD@BBD@D@B@D@D@B@DBB@BBBBBDDBB@D@B@D@DBBBBBBB@DBBADBBBBB@@BBH@DCDMBGD@DBD@DABA@ABABAD@B@DABABC@C@A@C@C@A@CB@DABABC@A@C@CBA@C@C@ABC@C@ABC@A@AB@DBBDBB@BBBD@BBDABABCBAB@B@DBBBBBD@BBBBBDDBBBBBBDBBBBBDBB@DBB@D@D@@DBB@BBDBBBB@BDJDHBDAB@D@FBBBBBBBBD@BBD@BBBBBDBB"],"encodeOffsets":[[117854,26896]]}},{"type":"Feature","id":"360722","properties":{"name":"信丰县","cp":[114.930893,25.38023],"childNum":1},"geometry":{"type":"Polygon","coordinates":["@@D@@@D@B@DAF@D@DB@FBFBFBDDDHBF@FCDCBGBGBCFCHEDCDCJ@FABA@CDEBCD@F@HBF@D@B@B@DB@B@DBFBDDBF@D@FAF@DBBBBBB@BA@A@CBCB@B@BA@CBCDADBDBFDD@D@FAFADCBCFCF@H@FAHAJEPGBABAFEHCFEBAAEBCDGDCDAD@NDBHFFBBD@@@BDBJDBD@B@BDBDBBB@B@BA@ABCDCB@BBBD@D@D@DB@B@BCDCB@F@DADADCBE@ADAD@BA@IBOBGDIBKFSBE@AAEBGDCDGHEF@D@@ADCBADBHHB@B@F@DBDBFBD@D@FADCDAB@@B@BBBBBB@F@D@BBBF@BBBBB@D@BBBBBBBBBBDBFDHHJFDDBDDDDBDBB@BD@F@LBJ@H@DBDBRHFBB@D@BBBB@D@DBNBDBDDBDDFFBDD@BBBADC@CB@@@D@B@B@B@B@D@B@B@BADCBE@@BEFEBCFCDABCDGBEBEDAB@F@FBBABA@AAW@C@CBCBAFAJARADC@@BAB@FDBDDBFAJEAAAGDEFEFIASEGGKCI@ABAHBJCFEBEBEAC@C@CBAD@D@@CAC@CDGD@DC@C@ECGAAAG@G@GAADGDIBE@GIMMKEGAC@CAEECCC@CDA@CACGCAA@C@GEA@GBGBCAEAEEEGACG@C@CBCBAAE@A@CBG@GEG@ECACAIKGG@EAIECCCAEAAGEEACCAEGCG@EAAC@GEACEBEEGAC@GAEEC@@CAACBCBCAAICEEAEEAKEEBE@E@A@EBAAA@@@@E@C@@EAEAAEBCBE@@AAEAECBEBADE@A@CAAEECC@A@@DCBABAF@BABA@C@ACCAEACACCGEAA@ABAAAAAE@CDAFCFCDB@DBB@BB@H@FABABABCAE@C@K@CDCF@F@BBBAAE@GA@AC@ABABAFABA@C@EA@A@CBAB@@CACAAC@C@ADADAD@B@BCDCJCF@@C@EAECG@C@@BGBCAAGACCAE@CAEAGAE@CDCFAFA@@@C@A@A@A@C@AAAAAA@AAG@EBA@@ADCDEBA@A@@A@EAA@AFEDCFEBG@IBEBAB@@AB@@C@@@CBGBE@@@@B@B@B@DAB@@A@AAAAA@@@AB@@@@BDBB@@A@@@A@AAC@AB@B@FABABAACCA@C@AACKAAAACBA@GHEFAFAHCBEBAHABC@CAA@ADADBHAHCDA@GCCCEDEDCBEACAC@@BADAACACAABGHEFGBMBC@EF@HCFGBGAICEAGD@@ADAF@@@@C@AAEAECC@ECAC@G@CAAEAEACACBCBCDAAAAAGCEEEAAC@AD@AEDGBMEGGAIA@AC@CACA@AA@CDGBCBAB@@ABABCBAAA@AA@ABA@C@CAA@@A@CB@BADC@@@@@@A@@AA@@BA@@@A@C@@@@@@@AB@BA@@@A@@C@@@@@@A@A@C@CA@@AAA@AC@@CAC@@B@B@BB@@BB@BBB@B@@@@B@@CBCB@B@BBD@B@@A@A@AAAAC@A@ABCBABADAB@DEFGDE@KAGEKEIC@@GACCGEC@AD@DCDC@IAICMGIAE@E@GAE@A@ABABAFBFFFFHFJ@LAFGDCD@F@FCBGDADDF@DABEFIHAFEFE@C@EDCBC@ECAAEBIBEFEDAB@BMDOFKNKFKNGLEBEBABA@ABA@C@C@CBCBCD@@ABEHEJCHGFCFEHABEBA@@DAD@B@@ADAB@B@@@B@DABCB@@@DBBDFBH@FABC@E@C@CBAF@D@BCBE@E@CAK@MBA@@B@BAB@BE@C@A@IFCDCBABBDFDBDBBC@@D@DABC@CBCDCH@DBBBBD@D@HAFAD@FFFF@D@@CBCAA@BF@FCFAB@BD@FBDB@B@BAB@BB@DDB@FBDAD@DBHFNNDBB@D@DCDCBCDAFAFBFDBBDBDDBBAB@BA@C@CCEAAAABAD@H@DB@FBF@F@DB@BEDABCF@F@HBH@FAH@H@DAF@BA@@BAB@@CB@BCBCFEBKAC@AB@D@F@BBBBB@BCH@B@D@DCDABA@E@EBAB@DBDBD@D@@ABAAC@A@A@CACAA@AB@D@DABABA@CAA@ABCDC@A@AAACAECCE@E@EDA@CBEHIHCDCBKBAAA@GACAEBCAE@C@AAC@ABCDABABC@CBAB@D@D@B@BAB@BABCBCBABABAB@D@BAB@BCFCD@DABCBA@C@C@E@A@CB@@AB@BDFDD@BBBABABE@@@@DBJDHAJMJMJI@AE@G@I@CA@A@A@AAA@ABCD@B@FBN@BBBDAB@BDBDAB@BA@CAE@@@A@@@DBDB@D@F@FBDB@D@D@BD@DBDD@D@D@BBHFD@FCFCFGBAF@LDHHHFFBHDBBBB@BALBFHBHADGHCD@DBDD@@@DEHBBHFBBFBDBF@BBHFAHAD@DAB@H@FFHH@FCDCD@FBDDDDF@D@FAFAF@JDF@B@@@D@BBD@DAD@DBFHDHDDFBLGHGLMB@@@FCDCBAH@DBDDFFDDDJ@DHFDDDBFDDBFBD@F@BAF@DBD@DBFAFAFBB@H@D@FBDBHBDBB@FBHBF@B@BB@@H@L@JBHFDHBFBFHFDBDD@B@DCDKHEF@BDJ"],"encodeOffsets":[[117612,26145]]}},{"type":"Feature","id":"360723","properties":{"name":"大余县","cp":[114.362243,25.395937],"childNum":1},"geometry":{"type":"Polygon","coordinates":["@@AAC@@@A@E@ICE@EBEBC@E@CCCCEAC@CDEDG@EG@E@GBA@CBCBGGEAAE@CAEAAAGEAAFG@C@@CCCAC@GDCHGBGAAEBK@AAAAAGCEAGEGGKCE@ABEHEDEDC@GEAAC@C@C@AC@CACC@C@A@AC@E@E@CCACA@@@@A@@BCBCDEBE@E@ABCBEFEDCBC@A@ABCB@BABIAGCOOCECAC@A@C@A@AAEAE@AA@A@C@C@CBADCBC@CACEACAIEECEAG@E@EEAA@AAAC@ABA@@@CDA@EFGB@@ADA@C@A@AB@BBDBB@BCBGDE@OCAAAA@A@ACCCACCAAAG@EAEAECGEM@CAAC@CA@@@@DCBABA@A@@AAACCCAAA@AAAAA@CAC@AAC@A@CBA@A@C@A@AAA@C@@AAGACCAEAAAA@A@@AE@E@ACCEACCAC@AB@BBBBB@@@@C@A@CAA@AB@HADABE@C@S@IBIDIFGDI@G@G@EDGDE@A@CAMEACB@BAFA@A@@C@C@@@A@@AAA@A@C@A@C@E@E@@BADABAB@DA@@@@B@BC@E@AAAA@ABCBAACCAAA@ABA@AAAAAAAACABCBA@A@AD@@AFCBA@@A@AAGAE@C@AD@BCB@BBD@DABCBEBUBEBA@AA@CEKCAC@C@E@aLIDE@EAAA@C@AA@A@ADCDC@GBC@E@A@GAC@A@A@@BBL@DADADCBCDGDC@C@C@EEMMGCE@CB@BADADADAB@@E@E@E@GCCCCECAAAA@@B@B@DABABC@E@A@AAGACBAA@ABABAAAC@CAACACA@EBCBC@A@C@ACGEKEA@ECCAGGGGEEECAEA@CBEBCBGACAACAAA@AFADAD@@C@GCA@CACCAAA@@@AA@CACAAAAACAG@CCECEEGC@IBABC@ADBJ@DBBBBAFCBEBGDEDADAD@DEFF@FBDDBBBBBBBD@B@LBFBHFDFFDBD@DAH@J@LDDD@BCBGDGFCBG@IBILAF@FBFDBFDBF@DDDD@DADABAD@DBBBBF@FIJCFADCD@BFBF@D@BBADADGBG@MFEBE@EBA@BBDBFFFBF@HBDBDDDB@BABCB@B@DCBE@I@IEECCCA@CBAD@@A@EAE@A@ADBD@B@B@@ADABAB@B@@@HFNFNFDF@HFAHDJ@J@BBB@BBBBDDBBBDBDDDBFDHABCH@D@JAFABAFE@CBCB@DBHDL@D@D@DBB@D@JBB@B@@CBGBCB@@@@BD@D@@AB@AABAH@D@BBB@@@@@ACEIAG@CBCBCD@F@LDHBDDBDBFAD@DFFHJBBB@@@@AAC@@D@F@BBDBFHD@FBDBBB@D@B@D@B@DCD@DDDDBB@D@B@F@D@D@BB@B@J@BB@@BF@J@BA@@BAACCG@C@AB@DBBBHDFFDFBBBBHBHBBBHDJHBDBBAFADGBGB@B@FHL@LAHGDEAA@C@C@CCC@CBABCB@BAD@B@B@@@B@BBBBBBB@B@@BB@@@BBB@@BB@@@@B@@@B@B@@@BB@AB@B@@BB@B@BBB@@@B@B@B@B@BAB@B@B@@@B@B@B@B@@@B@B@B@DAF@B@D@HBHDFDDBDBLBH@BABIBEBADCFAF@JBHAHCFCDADE@C@EBS@A@E@ABC@EBEBABAD@FABC@EBC@CBA@CBABAD@D@BAFCFCD@DABABADBFBDAJAF@F@B@DD@DABADABCBA@A@@B@@BBBBBADAFCHCF@F@D@BB@@DFBBD@BB@@F@@@FBBB@DCF@B@D@FBH@FBDDD@BDDBHBDBBFBBFHFDDCDELFP@HEJ@HBFBLBDDBB@BD@B@B@B@@@@B@B@DAB@F@BBB@BBDDDDBF@F@FAHADAFBF@B@@@@@BDB@BHDFFBD@JDFFHFBFBD@BBFBB@H@D@FDBFDBLHJBFBBA@C@A@I@AJAHCDC@EBCB@FBDBDBDFBD@FAF@B@@B@D@DAB@D@BBF@N@L@D@FAHAHAD@F@D@DAFAFBD@B@BABC@@@BDBDDFBF@D@BABCBC@@FIFEB@@ADBBBDBDAD@D@F@DADABC@CAC@CBABABB@B@HBDBBBADABC@E@C@CDAJAFAF@H@HBFBDDBBHFB@DDH@JBB@F@D@FAD@BBDBFAHBL@D@D@D@HAF@B@FBF@DBFBFDDAFABAFEDCBE@CFCBCBG@ECEA@CAC@AC@CBGFEDG@G@ICEEG@E@EBCFEJIDC@@DGDGBG@GBGBEBI@C@AACDCFCBAHCB@@@BC@CB@F@F@F@D@BA@IBC@AD@"],"encodeOffsets":[[117463,26084]]}},{"type":"Feature","id":"360724","properties":{"name":"上犹县","cp":[114.540537,25.794284],"childNum":1},"geometry":{"type":"Polygon","coordinates":["@@@A@CBC@A@C@C@C@A@C@CAAACAAAC@C@C@ABCBC@ABCBC@@@A@A@C@@@ABAFAFBFDDABC@ABADAD@BAD@BCBADCB@DAD@DAD@BA@CBCBAD@DABA@C@CBA@C@CBADABA@CBCBAD@BA@C@@BAD@FAF@DAB@BADA@ANAFABICICAA@ACAA@C@CBABCBC@A@CCAAAAC@A@C@CAA@C@CBADABABAH@JBBABCHGLODK@@DABABADADAD@D@D@BBD@DBDBBBBBBDBDB@DBDBBB@DBBD@D@DB@DBDDBBADADABADAD@DAB@DADABADCBABADAB@DADAB@DADA@C@AAC@AACAACCA@CA@AC@IBC@AAA@@CBAAC@A@@AAACCA@ACAAAAACAAA@AAC@C@CAA@AAAAAAA@A@A@@@A@ABADA@A@C@C@A@@@AD@F@B@B@BA@E@C@AAAAAGAGECA@A@CBA@C@CBAAC@AC@ABABAAA@AA@C@@BAAACAAAAACIAC@@C@AA@A@AAAABC@C@A@AA@A@@@AA@CBE@GCAAAA@ABADA@A@C@A@@B@D@BBB@BA@A@CACCCCCEACAGAGCECAAAA@C@AAA@AAA@@JABA@A@A@AA@@@CBA@@@AA@GBC@CAE@CBCBABABCB@BABA@CAAAAAABABABABABAD@BB@B@DBDBDD@HBH@FAF@DBD@@@@CAAAC@A@AHO@CBADC@C@CBADADA@A@CFG@C@AACAAA@AC@CDCDEDGDC@CEIEEEAEAECCC@A@AFADCBAAG@CBEBCFEDEBAAAACEGCA@C@@BA@A@A@AB@B@DBB@BABABE@EACCCCAEAEAE@C@@B@DABA@E@CAA@A@A@A@ABAASEEACACBABCBE@C@E@KAG@G@A@AAEGECC@A@EDCBCBA@CAAAC@A@C@E@C@CAAA@CAAA@A@EDEDEBE@C@CAKKEI@AAACCACACCCACCGGCG@CBC@ICGBEBEDE@CACEGACBGBIBIAICC@ADADABGFA@CBG@CBGDC@@B@@BDBD@D@@ABC@AB@B@BDV@FDHBDBD@DAB@@@@@@@@@@A@@@@@@@CBEDAB@BBDBDBDBF@JCFDHHLFNDL@@@B@BAB@F@D@D@F@DCBCDABCB@FABA@A@A@AAAAE@@@CAE@EF@BEDCD@B@B@BFDBD@DADCDCDADADBD@D@@BBDF@DBB@D@JAF@BA@A@A@CAC@C@E@CBEDADCBA@CBEDEDC@E@CAAAEAA@C@ABABABAAC@EAE@CBCBABCBC@C@CBCDADEFCBCBC@A@ECGCC@@A@A@A@CAA@@EBA@@@CBABA@A@CCCCC@C@CDEAC@C@CAA@@BCBABEFCFCBE@E@EAEA@@C@EAEEKCCAC@C@A@AA@A@ABMBKACA@AAA@@BA@@BABABA@CBC@A@A@A@CBCBEFEDABCDE@E@GB@@AB@BAB@BBD@B@B@BGBIFGDADABCDABA@BB@B@@CBEBE@C@C@CAEBCBCBCBABAB@BAAAACAAACCACCECAA@A@CBC@ABA@ABC@@AA@@AAAC@AAAAAAACCAAA@AA@AA@@A@@BA@@BEDCFAB@B@FBFAD@DC@C@C@C@EAEBGAEBA@A@EDEBEDEBG@E@EAA@CACAAACCE@C@OCKAICAFCDAD@F@@CD@BBBBDBB@D@BADABAH@F@BDDDDBFDFBFDF@FABABC@A@@B@BBBBB@BABA@C@A@A@ADAD@B@BDF@B@DEHADDJ@@B@@@B@DBFFHHFHHFLBFBFBB@DBB@J@F@JAF@BADABAB@B@BBDBBDFB@@@BD@D@DAF@F@D@F@D@DAB@B@BBBBDDDD@@HFDBFDDBBBD@DCFAB@FBDBHBFDFDDBDBDB@F@FBBDDDDFDFBDBDADBFBF@FDD@DADAB@DBFBDBFCF@FAFAFADAJCDADAD@DAD@DBDDFDBBDDD@HBD@DADAD@H@H@H@B@FBFBDBD@FBDBBBDDFDDADEFBBBFBDBFABD@FAF@DCD@DDFBDFBFBFDFDDFDDBD@@DDHDHDLDHDD@BBBB@DBDDDDBDBDDBBHBD@F@D@DDDFDFFFBDBFBDDFDDDDBDDBF@FADBDCDCD@DAF@DBF@FBBCFCFCFAJBFBF@D@DA@CACAE@CBEBEDEAC@C@EBAFFDHDFBHDDBHDDBFDDBDHBHBHD@D@F@H@DAF@H@D@DAFABAFDBBDF@DCF@FBFDFBHBDDFBBDBDBFDFFFFDDD"],"encodeOffsets":[[117242,26797]]}},{"type":"Feature","id":"360725","properties":{"name":"崇义县","cp":[114.307348,25.687911],"childNum":1},"geometry":{"type":"Polygon","coordinates":["@@JDLBPDD@F@DDBBDBDBB@FBF@H@FAFCFAFCB@B@FAHBFAFBD@D@D@D@@CBCAE@E@ABADEFC@AB@@AB@@@BBB@@BBBDBBDBBBBBBD@BB@BB@@BD@BAB@BAD@DAB@B@DBDFBDDDBBDBBBBB@ABABADADADAFADBD@D@F@FADA@@@AAAB@BADCBABCHCJEHA@A@A@AAC@ABA@ABA@@HAF@F@DCBAFCFEDADAB@B@B@D@DAB@BABA@AB@@AB@BBB@BDALAN@B@BBBB@D@D@DBLDFFFBD@@@FBFBF@F@DADEFEBADA@AB@DBD@D@FBDCD@D@DDDDB@B@BADA@@B@FA@@BB@D@B@B@BD@HDFDB@D@DADAFEBCDCDAD@D@DABADADAF@FBD@BBBABABAD@B@FBBBDBF@D@FCFCDAB@DABCFCDAF@D@D@DBB@B@B@@ABE@I@CAA@CCEAA@@@CACBCBCDCDCBC@CACEC@A@A@ADCFC@AFEF@DB@@F@BBBBB@B@B@BA@EDABADCDA@C@E@C@C@EBA@A@A@@CKEMGKCGDE@IAEACACAC@ABAFCDA@@@@@@B@@@@@@@@@@@BA@CACACCG@ECU@A@ABAD@BA@@@CACAC@@@AD@HCDAH@DAB@HEBABCBCD@JDJBJAHADAHBDFDBF@FCFAHAJDD@DAH@HDDHBDDDBDBDDDBB@BFJLLDBD@F@FAFCFCB@B@BB@DBBDBD@F@D@B@D@BBDBB@DADAFCB@D@FDFHBBB@H@H@LBF@D@F@DABADADBFBTFBBBADCBEBKDCBEDAJBHABADCDABABABABEBA@A@CAC@CGEECECG@I@I@AAA@A@C@E@EBC@CAC@CBCBA@A@CAACCECGCCEECECA@AC@AAA@EA@ACAACAEACAACCACCCCAAAC@C@CA@@CCACC@@@AA@@EAECAAAAACCGACAAACCEEE@@@@A@@A@@AC@AACACACACAC@C@E@A@IEAEBCBC@E@C@GBGBEBC@K@M@E@AAC@A@CBC@A@@@@ABE@EACCECACAEAA@AD@FCDGDIB@B@J@B@DABEAIAKGCAAEECC@G@A@EAAAC@EAEAEGCE@IACEEGC@ACA@A@@@@@AAEBEBCBG@E@EAECCCCAAA@AAE@A@CBA@A@@@@@@A@A@AACA@CAACAKAE@GFI@GEOFKDCCCGEAEEAAAACAGCC@ACCAC@EAG@E@C@ADE@CAAEA@@E@@@AAC@AACE@@AAC@E@E@GDEDCBABAAAA@@@AB@B@DABABCBA@CCCA@E@E@IBCBEACAABABCBC@EDEDABC@C@ABAB@DAB@DAD@FADEBC@ABABAF@FAD@B@F@BAT@F@DCFCBEDGDGBIAE@EBCDABAFAJABG@KACACAECGCGAC@A@E@CBA@A@A@@@A@A@A@A@@@A@A@A@ABA@A@A@A@@@A@AAA@A@@AA@A@@BAA@@A@A@@@A@@@@@AA@@AA@A@@AA@@@AAAAAAA@A@A@@@A@ABC@ADABADAD@DDD@D@B@FBHCBG@KGK@E@AHAHABCBEAAACIGGCAAGAGAAAAACEEEGCAACAA@@B@DDHBDAB@@ABI@E@@AA@@A@I@AAAC@C@E@A@C@A@CACC@CDC@C@A@C@A@CAACAEAC@EGCAAAE@C@@@BD@B@@A@AAGIEE@CBCAEACCCGAKCE@C@ADAD@DBHFJBD@@@@A@AAC@G@ABBBA@@BC@C@@A@@A@ADAH@DA@A@IAC@A@CAC@C@K@GCCAA@AD@DEFABEBIBC@G@ADGBECCACCCAAACAACAA@AAA@A@ICIBGGEE@ECEMEM@GA@@@A@@@A@ABE@GDABG@EBCDCDCHAF@FDDHJLJHFJFBDBFAFADEBE@C@AAEACBGDEFC@C@G@E@EBCDEBEBACCCEEECGCG@ADADCD@DBD@FADAF@DBDDDJDHHDFHLBD@DBBCBCBC@C@@B@FBBBBBDBDBFEBGCCCEB@@BDPLBFDHDFBD@DBJDHFDDBDADAB@D@J@J@D@DDABADCJJZ@LHFBFADAB@@CBCB@@GDEBCF@D@DBTBF@B@@@FDF@D@FCDEDE@EBEBGBGBGDEF@BAFEFAH@HDH@D@DCDEBCBCD@F@HAFADAD@FADABE@CBABAJAHAJAFCHEJEJCBE@ADAB@F@DBFDFBHBHADABCJ@HBD@BDFBDBFBBDDHFHFFHHHFBFBDDDBJLLLHHADABAD@D@DBD@DBD@F@DDFDD@D@BBBBBDDBDBDBF@DAFBDBDAB@DADAFBDBFFBFDBD@FDDDFDBDDBDDDBFDDF@FBBDBDDDDDDBF@D@BF@FBFBF@FB@LHNF@@BB"],"encodeOffsets":[[116765,26515]]}},{"type":"Feature","id":"360726","properties":{"name":"安远县","cp":[115.392328,25.134591],"childNum":1},"geometry":{"type":"Polygon","coordinates":["@@@CBAD@DAD@D@F@D@BA@@B@BAB@FC@GAAACDG@E@GBEDC@@BADAB@BAB@D@B@BBB@DD@DBBB@@BB@@@B@B@DADABADAB@@@BAB@@AB@B@B@D@B@B@BABAB@DABA@CAAA@@@@@AA@A@AAA@C@EBCBCBCBABA@@BCBABA@@BA@@B@B@BBB@@@BB@@@BB@@@B@@BBAB@BAB@BABABA@@@ABA@C@A@C@C@A@A@AGGGIIEAC@CH@H@@@B@BABA@@@EAA@E@CB@BAB@HBDADCDCHCDCBCBCAA@AAA@AAAAA@AAA@AAA@A@A@A@A@@@A@@AA@@@A@ABABABADAB@D@D@DADBDBB@PBBB@B@BAD@B@D@@@BB@B@B@FEFEFEFAHDJHJFDDDA@A@EAGCECCAE@A@A@A@@@ABAB@@@AAAA@@@@@AB@D@@@BBB@B@B@@@BAB@BAB@DABA@C@EAEBE@C@@AA@A@AAC@C@C@AAA@A@A@AAA@A@A@@@A@ABA@A@A@A@AA@@AAAAC@@CGEEGCI@GBE@C@AAAA@C@GCCACACBEBA@@@CBCAC@A@CAAAACCAAA@C@CCC@AAAAAAEGCAG@GAECCEACACBEDCDABC@EB@DAD@BA@ABCBCBADEBC@CACCACAAAACBCBAB@BCAC@@AAAA@@AAA@@@A@A@A@@@A@A@A@A@@AA@@@B@@A@@B@@@@AA@A@AA@@@@@AA@@ABA@A@AA@@CCAC@@@A@C@AA@@A@AA@A@CACAAEAAEEI@E@A@CCACAA@@ABADABA@AAC@A@A@AFCBABA@CAAAC@AAC@ABCF@DABAAA@@AAA@AAAACAACAG@CBA@A@A@AAC@A@A@A@A@@@ABA@ABA@@BA@A@ABA@A@@BCBABCBA@@@AACAACAA@AAA@@@AA@@@CBC@CBC@CBA@C@A@A@ACAAAA@AA@AB@@A@A@@CAA@AAAAAAAAAAAA@C@@AA@C@@@A@A@CAAA@@AA@@A@A@A@AAA@@AAA@A@@@A@A@A@A@@@A@A@A@A@A@ABA@@@A@A@@@A@A@AA@AAC@AACAAAAAAAAA@AAA@AAA@A@A@A@@@@@GAECCEAIEEBCFEBEFCHE@CECECEI@EDEDCFAFGDCDABAB@BAB@BA@E@CBG@AACAAEIAA@AACAACC@C@EB@@ABI@C@@@AACAAAC@@AACI@A@AAAEEGCCCACAE@CBCDCBGBG@CACIAGAAACECGAGIAC@A@CC@C@AAEACCC@@AE@CBIBEACAA@@EDCCEKBKDMAGGCYEKACAAAAAECGACACAIKIIE@EDKBI@EAEAKAIBKDIDEFAFCA@@CCACAAAAI@GAGEGEIEGEA@AAGBEDCHEBCAA@AAC@@B@@EHEDOHIBCA@ECGA@@@I@G@EAEBAB@DAFEDCF@FAFGDKDA@ABIDI@GCU@MGIO@@A@ABC@C@C@A@CCCACAA@EBEDEDEBEBE@CBADABIBEBAD@BFBFNCPIPEJIBED@BDFD@CFAJ@FBFDDFBFFFDD@F@DBBBD@DBCFAH@B@DFBFDDBDBBB@DBDBFBDDB@@FBB@@@@BABCFCD@BB@FAH@BBB@BBBB@B@D@B@B@B@D@@EBEBCD@DBFBHBF@DBFDDHBBBADAH@@@DDHBF@F@DE@IDCDADA@C@CBCB@B@DBDDBDB@@BADAB@B@@F@DABEBABAB@BBDB@@HBFABAAE@E@CD@D@L@DBFADABABEBG@A@@AAA@CCAEDEDCB@DBFBBBBBAB@FBDHBDBDBFDD@B@DABABE@ABABCD@@@BDDFFBB@D@BCFABAFFDFBBB@@AFADBFFBFB@@@D@F@@B@BBFAB@F@F@FALFFBBFFFJDBBADADBDDB@@FDBF@HBDFHAFDFFB@HBDFBH@HDBFDDFBHFBBBFDDFDBJ@FHHJLDBDB@FFH@HAH@D@BBFABAD@D@DDHHBFFBFBFADAH@HFB@H@DBBHDBD@DCB@DDDFDBF@DBDFHNLJN@HAFCJCHBB@H@HBHBBDH@F@DCDC@CH@DBD@DC@C@AB@D@DBDAFAFEFIDGAAB@BDJHLFHBTEJEFCFBHBBIFEBCAACECA@AB@@CDQBIBEBABAD@D@DBX@BABABEAE@A@CBAFAFCHADCBEDADEFAF@@AFCDABA@A@C@A@A@A@AB@B@B@B@BB@B@B@BAB@DB@BB@BFBFBDDBBBBBDDADB@B@B@B@@BBB@D@@AB@B@@@BBBB@D@F@@BBBFHFDBBBB@FBH@@@DEFCHCF@DBB@D@DCDCJCHADAH@BBABADA@@@B@@B@BB@D@B@@DCFC@@BC@AB@@ABCDCB@FBBDDHBJBHDFJDHDB@JDNFD@BBBAB@BBDBDB@BBDDDDF@H@FBBDBDAH@J@HBD@DEBEDAF@F@BAFABBF@D@DBBDDD@@D@FGDEFDHFH@JCHEHEFI@EAAGEGAIBE@ACAE@ADIDELBF@L@JBBBD@@@BCJI@CCC@G@E@@@ABADEDEDEDCB@BBB@DAFCFCB@D@DBH@J@D@B@D@D@@BABADABBDBDFFBBB@@@BB@@BADCBADAHCFABABCDEDBFBLBDB@@DA@@BA@@BA@@BBB@@@B@B@@@"],"encodeOffsets":[[118254,26171]]}},{"type":"Feature","id":"360727","properties":{"name":"龙南县","cp":[114.792657,24.90476],"childNum":1},"geometry":{"type":"Polygon","coordinates":["@@@@AAAAAA@CCE@@GEEAAE@AFEHCDCBC@EEC@A@ADABABCAAAAA@@A@ADAFADABC@CBAAC@ECE@C@EBCDAH@JBD@@AAC@ICMBCBABA@C@ICCC@@@AA@A@A@@BAB@BBF@DABC@AAAECCEAA@A@E@CA@E@GAEC@E@CDCHAFCBCBAB@BABA@AECECCC@CDCDAFBHBFAF@DBBDAFADBD@BD@BA@E@EBE@EAACBE@A@@CACBM@CBAB@DDBBB@B@DA@@@@@CAC@EECCA@CAC@CDCFAF@DABABE@EACC@C@CAAAAAC@C@A@AACCAC@EAA@@@AE@CBC@E@AA@E@ABA@CAAA@CCAAC@GAG@KDIDEBA@CAACBG@CBCBA@A@C@C@AB@FDB@@ABEAA@ACA@A@AB@D@BA@@AAAC@C@CCC@A@@FA@A@C@CACCCI@EBCBA@C@AA@EBGBE@AAAEAKACAACCGCCCACAG@GAIAGAAA@A@A@EACECI@AACBEBCFEJAFCDCDCAGCKCGACA@ABEAE@C@CBC@AAACCOGAAAEEUAGAGCGGE@ABAFAHAFCAEAACAEBCBCACA@@@AFC@@AAE@C@ABAAAA@CBG@ACCE@EAACACBCBAFG@C@A@CBAAC@@ACCCAA@ABCACCCAEAA@MA@A@A@AAAC@@A@C@ED@DADEDGFE@C@@A@AAECAC@E@CAC@EBEDEFEFEBCBAAA@CACCE@E@E@C@E@CCACBCBIBC@CCEAC@ADEBC@@BABABC@CACACAE@ABADCDA@E@CAAAAC@A@CEAEEOADCBABABC@C@AAAC@CBCEECEAICGCGCEELELC@CBG@G@C@@BEJITEPEJCJBBBD@BABEHEFEACCEAECIAICECGCCAA@EDEDABADC@AAGEECIGIECGCEEECECICIACCCC@E@GBGDGBGBCAA@EEEAIBGDGBGBEHCJGJGFC@CCCEACGEGEGCECG@GACCACAC@CA@C@E@CBECECE@EACAACEICGAGCGGAGACCCCECGCGAE@CAAAGIIGCCCAAB@BABADADABADABCBC@C@C@ADABADA@A@AACCCCC@AB@@@BBD@FBHBJBDBFAHAFAHABWHCB@B@D@DBFAHA@AD@B@BBFBDBHDJA@A@F@DBBB@DBBBBBFDFFDFDFBDBFDDF@HFLDJDHFBLEPEPIHGB@B@BDBHBFDDD@FCBAFBDHFH@BBBBFBD@D@B@D@DBFBFBBB@DBFDBDBFBDDDBBBBBBBBDBF@B@D@BADABEDEFAB@B@@D@FHJHFHAJAF@HDBFADAD@DB@DADAFB@@BDBBD@BBDBB@BBDDDDBBBBDBDDDBBDBHBFAH@FDHDHBBBB@B@DAD@D@BBB@DD@HADBBDAFAHFJNLNFJ@LCD@JB@@BEBEDA@@HBBFCFIJIH@B@@BBABABAD@B@D@D@D@BAHHLDDF@DCDCHBFFALGJMLGD@BCPEHADCHAL@JDDB@FCDADBDBBDCHEDG@C@CDIJGFCBABAFDHFFJDBBBB@BBD@DBB@D@@ABCBEBCBCDC@ABEFCD@BABEBEDEBCBG@C@CDAB@DBBBDBBFDFBFDFDDDDDDDBDBDBF@FBFBBBBDBD@D@DADBBBFBHBBBB@FADADABAD@B@@D@D@BBBB@BBDBBDBDDBDFHDJBFBB@BHAFED@DBBD@FCDAHBLFLF@@DBFBDBDBDDFD@BBB@B@@DBB@DDDD@@@BADABCDAF@B@DAFB@B@DAB@FADAJAJAFBFDB@DBB@D@FBD@@BBDAHDDL@XCJEDC@E@CBAD@HBD@BEDAF@JDJDB@@BBBBBBBDBDBBBDBDBDDHDJDDBDBJ@JBLBLB@@BABCDAB@DBBB@@DBDBFBF@HAJAD@FBFDDF@J@B@DBBBBFCFCB@B@BEBABAB@F@HBF@F@JBNHJDJBD@DC@CBCD@HFDDHB@@JDLFHFLBF@HCFE@CBABCBADABAB@D@BBBBB@B@@@@AAC@A@ADADA@@@A@@A@A@AAA@@AA@@A@A@A"],"encodeOffsets":[[117716,25592]]}},{"type":"Feature","id":"360728","properties":{"name":"定南县","cp":[115.03267,24.774277],"childNum":1},"geometry":{"type":"Polygon","coordinates":["@@A@E@GDE@UBI@CCEA@@A@@@A@@@AAA@A@@@@A@@@@EAGBG@AAEEAAACCAAAA@@@@@AB@@A@@@A@A@@@@@AAAA@@@@@@A@A@A@@@A@@@A@@BA@@B@@@@A@@A@@@@BC@@@A@@BA@@@A@@@@@@A@@@A@@@@@A@AA@@@A@@@A@@@A@@@A@@@@@A@@@@B@@@BB@@BB@@@@BBB@@@@@@A@A@@@A@@AAA@@A@@AACCEACBAFCDGBC@CEC@AA@B@BAB@D@@@B@@AB@@E@G@@@@@A@@D@@@BB@@BBD@@@B@@@@@@@@@@A@@A@@A@A@@AA@@A@@@@A@@@@@@@@B@B@@@@ABABAB@BAD@@AB@@@BA@@BB@@BBD@@@@@BA@ABCBAD@@@B@@@B@B@@@BA@@@@@AA@@@@C@A@A@@@@@AA@@AAA@@@@@@@AD@@@B@DB@AB@@@BC@E@E@AAA@A@C@@AA@A@ABA@A@AF@BA@@BBBA@@@A@AC@@@E@EGEEAACBCDEACEGMGKEEGAECCC@CB@BABEBC@EAG@CBAD@DABABA@CAGEICG@CBAAE@E@GCECECEAE@AACGCEEEIEICKAEDAF@H@H@BBDMBUBKEGECK@K@EBEEEEE@A@ADCBCAAACCACCAGAEBGDEBE@CCEACEMCE@C@G@EACAACA@@@@C@C@@CACAGAGEACAKECACAA@ABCBCDABAHAFAFCFCBADBDDJDHBDADCBIDEDE@GAGCKEEGAEAAA@CBCB@@EBEDADEDCDGFADCB@NBBBFDDBDAD@BBBDDBD@@BDAB@D@B@DEHABADBDBDFBF@DD@BAH@DBBBBBAD@F@BB@@ED@B@@DBDBDAFADBBBBFEDGBEBAB@BHFDHBHBHFVBFBBPHDDBB@BAD@D@DBFAF@BDBHBLDHDDBDCDCBEFIDEFADABBJ@FDBD@F@B@BBBHBJBHBH@DBDBDDDHBDDBLBFBBB@BAFAH@FBBD@B@DAFAJ@DDBD@D@D@BEB@@@BDD@D@DBDBB@@ABC@A@@B@BDB@BBBAF@BA@ECA@@B@D@D@BABAD@DAHBDDBB@FAJCLCH@HBD@BBDDB@BB@DAB@B@FBBF@D@DAF@@B@@BB@FBDDDBBB@D@D@BBBBDBD@D@BD@FAFABCBE@EBCD@DBD@DDBFD@FBD@D@@@@CBA@A@AACCA@AB@DANBD@DB@F@DABB@FAF@F@FABC@@AACBCBEACCAE@EBGAEACBCD@DDDFDFD@BABABA@ABADEDGBCD@D@FFDHBF@B@@D@F@BBBDFFDBB@BADCBE@AAA@AB@@@B@BBB@@D@DD@J@DABABADDN@JBD@BC@IAG@CBAD@F@DDF@FBDAB@DADCBEBCB@B@BB@BBBBADABCB@B@BFD@FADCDGDEF@BBFFBHF@@DF@DBBBBBB@@D@DB@@BDB@BB@@DBD@B@B@@@@@@@@DB@@@B@@ABA@@@@@@D@B@@@B@@AB@@BB@@@@@@@CDABA@@D@BB@DBD@B@BAB@@BBBABADAB@BA@ABADCH@DBBB@BD@DBDB@BJHHNFHAFC@BBCD@BBFFDFBHBBBBDCDADADBFBFBBB@D@HBDFDD@FDFBBBD@@@@@BEBC@@HCFBJDHBHADE@GFED@NAHAFEHGBADBDBBBBC@AD@DBFBDAFCFCDDHDB@DCBGAGBCBCB@DBD@BABGFADABGBEFEHGB@DABBBBDLBBD@B@DDBBBABA@E@ABAD@BBB@@@B@@@AAAC@@@@BA@@B@BBBBB@@@BA@C@A@A@A@@F@HADA@@D@@@BA@@BAFAJAH@FADEFCBEB@@@CAACAEAC@CAACACAECEA@C@ABGDECAC@AACAE@C@ECEEEACCAE@EBIDEC@CE@AFCJAFIJODOEMEA@ABCFAJABABCDAF@FAFAFCFCFAB@DBDBDDB@D@D@D@BAB@@@JPNHV@HDJ@JCBAB@LCHCBE@EDEFCBE@CBAFAFBH@J@@@B@DH@FDBJAPGFCFG@@@AD@BBB@DBFADGFCHABBB@@A@C@AAABEBC@CBAD@B@HBF@BA@EAKCMCKAC@ABCFBLFPJNN@@BAFEFEBAAABEBCLBR@BEBKAG@@BAAGACGCE@EBEBA@@@CCAEACAEAAACAAAAAAAAGAG@AAAACC@CBGFGDAD@FBF@D@D@FEDE@ABA@@A@CGAEEIEGAC@AAIBG@GBGAECCC@EBEFEFKHIHG@EBEAGAG@EBEDCDCDCDCBA@G@EAE@E@AACAC@C@I@GAICGEAGAGACACCGCCACCAC@CBEBA@GBGCIEEECAADGDIA@@GEGECAC@@@KEMEQCG@E@@A@GDG@ADID@FABA@CBA"],"encodeOffsets":[[117960,25285]]}},{"type":"Feature","id":"360729","properties":{"name":"全南县","cp":[114.531589,24.742651],"childNum":1},"geometry":{"type":"Polygon","coordinates":["@@A@A@EDEDAAAA@C@A@ICEECEAC@IBGBE@EACACA@@AACAA@CBADAB@@KAKAIAI@CACAICGCCCCACAAACACAAAAAAA@AA@ICICE@CBAFC@GAC@AB@D@FCDIFWDK@CCBGAC@AC@EAC@A@CAA@ECEAIBIBCBEBA@CBA@A@BE@C@ABEDCBABC@A@@CCCCA@CA@@@AAA@AECCCCACAEACA@@KEKEGACBEDC@AA@CFCBEAGA@EAIAGCCECAACACCAAAA@AA@A@C@CA@C@ABCBCBEBA@AAGAEAAACACBC@C@CAAAAAAE@EAEACACCCCCCCECECEAECAAACAA@CBADCD@H@DAFAFCFABA@ADCFEBAD@DCDAFADABA@@@CAA@CAC@AAAAAICEECGBEBADAHEJIDCD@H@FCDGACCACACBEDA@CC@IBKDGBCFGDO@AHCNKHIBKEEGACDCDE@CCGKBG@A@C@C@C@ABCBABAAA@@@AJGJIDEAEGA@@CBAFAF@@IAC@KDI@MEMKEIBGBEACCAGBC@@CAA@A@CBC@C@AAAAACGCG@EBGAEAGACCACCCAAAAACCCCAAA@CAAAC@AAAC@@EACBCBA@@CBCBCAEGCE@IBGBGEGI@E@CA@A@EBCFAFCBABC@A@E@CAAAAAAAAACCACAEACECCAA@AAAEAE@C@C@A@CACAEAA@AEGCGEAABEDC@CCAEAGACA@A@GHOJOFKFEACGCIEK@GCEECCAEAECECCEAEAAAA@CAACAE@@@C@C@GAE@CDAF@D@DABABCDCBC@C@ABABAH@@CBE@@@EA@@A@A@@B@BBFBD@B@@E@GCEEBEFCBEACCAA@AD@FCFEBE@EEGGGAEFABCAKEGAGA@@GBCDAD@FAH@FCFADCDADCBAD@D@BADADDD@B@@@JCHCBGBC@@F@D@DA@@DABABC@A@IAIBC@@BA@CDAFAFABIDKDI@ICKEIBIDOFKFAF@DGAK@G@EAGACECAC@E@GAANBFDF@BF@DCBCAEF@HDFDAB@@EDCBAB@@@J@@@DCBEDABCDAFADCBABCBAHBHJDPBTBLCFADE@@DBL@RHXJ\\BDABBD@D@FAF@D@DBDBBBH@J@B@BBBBBBB@DJ@H@JDNFFHFJDH@JAF@HDFBDDFFFHFBF@HDHBBBBDDFBHFLBBAJAHGJEFBJBDHDJBBD@NERBHBB@@DFFDFBF@B@DB@BABAF@FBDBFFFFF@DBBAD@BBBBBDDFBBDDDDDBHBFBBHBJBFBFJHDHDDHDR@NAJEJGHIHAB@DB@DDHDDDBJBH@DEFA@@BCD@BBDBBBD@DCDADADBBBBBBDBFBHBH@TBHBBD@DGFADBHDDR@T@RFHDDDBBBD@D@DAFAF@D@D@B@BB@B@B@D@D@BBDDF@BBPHD@DBDA@CBCD@D@DBDAB@NCLB@@HDBHBTDLFFHAHEH@HDHHFJBFBH@LAD@BBDJHBFBDFFBBJTJLNB`@JAB@DADADADC@CD@B@@BADCD@DDFFBBDB@D@@CBEBEBBDBD@DATER@L@LDPJPPHFANBFDDLDNDJ@HCJANDJFBAD@DBDB@BBBBDDBD@DBDBB@DBBBDBF@B@B@B@BDB@BH@DBBB@FABAFGDEHEDGFIFGBA@@DCDADAD@D@B@BAB@BAFAFAHKLMLELMPENC@ABAFCFEJAFABBFDD@DAFCD@F@FEBEJGFEBA@CCEBCHCDA@E@EDCHCBE@KEIEGEEAE"],"encodeOffsets":[[117618,25603]]}},{"type":"Feature","id":"360730","properties":{"name":"宁都县","cp":[116.018782,26.472054],"childNum":1},"geometry":{"type":"Polygon","coordinates":["@@@@AAAAAAB@BABA@AB@BABCBA@A@A@AAA@A@AAA@A@A@A@A@ABABA@A@ABC@A@A@A@C@C@A@AAA@CAC@A@A@C@AAA@AAAAA@AAAA@@A@A@A@AKGCEAE@IAEICIEGCEE@CCKAEAKEKAGBCDEBE@IAG@G@GFIDIDGBC@GDAJ@H@DAAIGMCG@CBCFABGCEAAEAEAE@AGAGGCCICMCKEEEACEDGAG@EJAFEHIBEBEAABE@CECCCEGCE@EDGAEAA@E@IAGACACAG@EGGC@CC@E@G@ECCCAECCCACCCAA@EBEJIHEDCDGDAH@DDBDFBHEFE@EBEBEBAFCF@FBHDJDHALCJEDABIDG@C@EDAJCBG@CAEACAABC@ABADBD@BBBBB@DA@ABAB@B@D@FBFDBBB@B@BABC@IBEHEL@JBH@FADBFBHFFBFAHAFBF@FCBEFGBCCGCECCE@E@CCECGCCAECACCCC@E@C@CCEEACHGTKJCFEHGFGDGDIDKAGCEAECGGECBECACE@CCECEEEGCEDCGCCCAAE@CBC@C@CAECACAE@A@@AEBIFEDEBCAGAEBGDEBC@CDCFCHADCDABEBCDEFCDA@@DADABCAAAAEACAACAC@GDEFCDC@C@E@@@E@E@A@@B@D@B@B@B@DC@AB@@@BB@@BB@B@BBBD@@A@AA@ACAABABA@@BAB@DAB@B@F@D@DADCBA@CBE@AAAC@EAAAA@@A@CIEAA@ABCBACA@AB@F@HCDCFAFCEAGAE@C@E@EBIAAACEAEAEBADGCGCCIACACA@EBCDCBCBCACAEEEEAE@C@GEAEAEDCBIBCAEACACC@ABC@CBC@A@E@CAACAEDAFGDEDCFADAFBDCDEFEFCFCDADIBCDCJCFAJGDEHEJCF@HAHAF@@ECAEEAA@A@CA@C@AAEACACACAA@AAAA@A@A@A@AAA@CAAAAA@@@ADCBA@E@CACAACBA@A@A@A@A@@C@GCCCFC@I@CCCCCAE@CACE@KAEACCCCDGBGAGC@MBG@G@CE@EDCBCAGE@CAEACEACG@E@GCKGIGGECACAACBEACE@CCCCACGACCCEG@KBEBEACCG@E@EAG@AACC@ABCBA@A@CACAACAA@@A@A@ABC@AAA@A@@CEAEBE@CDEDCHI@AB@DCB@BCAAC@AAAACEGAEBE@CDCJADGCCAEBCD@FCHE@G@C@GCAAACGGEACGGCCFCJAHCDGDGJGFGDADADCDCBAD@F@J@J@FEHIDGBK@KG@CBKBMBEACC@ICEAC@I@CCC@GCAE@@AAAC@C@CA@CCCAA@CCEBGC@CBGBECCCCGCGCCECGCGCCKEI@IAEBCD@D@D@FCFEHEHCFEJADE@E@GBEBEAED@DBFBFFJ@DAFCDAJ@FBHBFAFCL@DDD@HCFGLAJBDDDJFAFABGFCDCD@F@DA@A@A@@@@@AB@D@BABA@@@@HDDDBFBBBB@BBBB@BABCB@B@FABB@BFADADCFBDDHDHBH@FABCBC@IAEBEH@B@BBDDFADAFAD@D@HAHCJCDGBEACAEACDCDABCACAKGGCGCGBE@A@GCGAIAGAABEAG@E@G@IBABAD@FAHCDEBEACACCE@ADCDAFA@@BEDGDEAACABCCCCAAA@ADABCBC@CAAAACBAAAA@A@C@C@EBADCFEFCFADDFADADBHADDL@D@F@BCBDB@BDHBD@BA@AAC@AB@D@BDBDDHBFF@DHFDFDDBDH@NFDHDHLJXHVJdXFJBLCFKFONINGP@FB@HJNLNLLLDD@DBDF@DBDBHBFBDJBD@DBBD@BBBB@D@FAN@DBBDB@@BB@F@D@DBFFFHDHDDBBFADEDCFDHEHBDAH@FBDFDDFBDHFAH@DCDEBEBGBGAEDEBCBEDEDE@EAGAEACAEGACG@G@CF@J@LABG@CCCCGCCCCBEFGDABIAG@E@EF@FAFCD@HBF@HCFCH@FBDDFFH@FCDG@CCCECCECEEICCDE@EACAEBIFGDGBCFAHBFDFFHBFDDFHAH@FBFDD@DAFEDGAGAKBEDEDGBMFCDBJFD@F@HDFHFFBPFAFEDEFGBEFBDDFHFF@L@DCDAF@JDDDBDAHCL@NAT@PCDADADBFAHADE@CAEEECE@G@EBCDEBIDAFIDCACBC@EFCDAF@DDDFBHBD@D@DBBB@DADCD@D@FBBDDFBDBBD@BABCDC@EBA@A@ADBHDDDD@DADADAHDFHJJHHHFF@H@JFFD@FAJAHEDEDGFCFAHEJAPCFCDE@EDGDGHEHCJCLCHCLCBDBD@JBHBH@HDDDDBDFLDFBLDLDHFFH@F@DBJ@D@FFBF@HBJDHFLBF@FDF@F@B@DB@@BB@BBB@D@F@@@D@HDJFDBHDHDFFDFJBDFFFFDFHDFFFFHFFFFFDBFBDHDHDHDJ@BAHCHDBDDFFJJFHH@JBHDHDDJDFBFN@@BBDBD@BB@A@@BBB@@B@BBB@BBD@@BJFJHHHF@@BB@DBB@BBDBB@DBBB@D@B@BB@BBBBBBBBBBBBBBBBBBBB@@BBBBD@BBB@BBB@BBDBB@B@BBB@BBBBB@BBDB@DB@BBB@B@BABA@@BCBABA@ABABAB@@AB@B@B@B@D@B@BBB@D@B@B@B@BBB@D@B@B@B@B@BBBB@BBBB@BBB@B@B@@AD@@AB@BA@@BAB@DB@B@BB@@B@D@B@D@DBB@B@BBBB@B@B@BBBAB@B@@@D@@@BB@BBB@BBD@FBBBD@BBD@DBB@D@BBD@BBD@B@DBB@B@B@B@B@D@B@B@B@@BB@BBBBBBBB@BBBB@BBBB@@B@DBB@B@JCB@DCF@HBD@B@J@DAHADAB@BC@@@A@ABADAD@DAB@B@B@@BB@@BBBBBB@B@B@B@@AB@@A@ABA@A@A@A@A@A@C@A@AAC@CBCBCBCBE@EAECE@AB@@ABABABABABABAB@BAB@@@B@B@B@B@D@BAB@BA@@BA@ABA@@@AAA@AAE@AAA@AAC@A@A@A@A@A@A@@AE@CBADADA@A@E@CB@DA@A@ABA@CBA@A@ABA@ABAB@B@B@BABCBCBADAFDBDDFDDB@@BD@BBHFDBB@F@D@@@@A"],"encodeOffsets":[[118973,27702]]}},{"type":"Feature","id":"360731","properties":{"name":"于都县","cp":[115.411198,25.955033],"childNum":1},"geometry":{"type":"Polygon","coordinates":["@@AC@@BABABAFAJEFABA@AAAAECGAEBEE@EAAA@A@E@CBEACAAECCAAA@ABADABABA@CCCAAAAAAAAA@EBC@C@EAAAAAAGEC@@MACFEBCAC@ACECCC@C@CAA@A@AAEAACCA@AAABC@@AA@@AAAA@A@CCEGEEEEAE@E@EBCBE@@DAHCFABCCGIEGCK@ICEC@GCGGEEI@@AA@A@EBABABABABC@AACA@@A@ABA@@BA@@AAC@A@C@CA@AAAIGMCEEBC@E@EHCFAFCBADA@@BBD@D@DADA@GAIFEHEJCLCJBFBD@@GBOCMIAEEAKFCHCFEF@FDDD@AJADADGBGBEDCFCD@JAJAFABAD@DADABABCFCFGBCBCDCBCCGECAA@A@ABC@CBA@CBC@C@ADABA@@@A@A@A@A@ABA@@BABC@ABC@CBA@AA@AAC@E@A@CA@AA@@AAAAACCAAC@A@C@CBA@CBA@C@AA@BC@@@EBCBC@A@AACAAA@AAAECAAAAAAA@AAA@ABA@A@ADABCDAB@BAB@@@@@B@@@@@@@@A@@@A@@@@B@@A@@@@@A@@@@@@@@@@A@@@@@A@A@@@AA@@@@@AB@@A@@BAB@BAD@D@D@BA@A@A@C@C@C@EDEDCDAFBDHJFJB@DB@BD@BBB@BBBD@BBBB@BBBA@@@@B@@@@B@B@DABAF@HAJALDNHN@FEDEBEACEIIMAMAICCE@AAAAA@@AAAB@@CBCBA@AA@CB@@AB@@A@A@CAA@CBA@ABCAACAACAAACA@CE@@ACC@ACAC@CBAAAAA@A@CBABA@BBDBBBBBA@A@A@AAA@@BADCDADCBEBCACACCACAA@AA@@AA@@@A@A@A@AB@@A@@B@AA@A@CAAAAACCCAACA@A@@ABA@ABA@@@ABA@A@@@AA@@A@@A@ABABC@ABABCB@BADADAB@DAB@DAB@BAD@@@DCDC@CBAD@DBDBD@B@AAAECCCA@A@AB@D@BABA@AA@C@CAA@BCBA@C@ABABABCB@@@BCF@D@B@AECA@@E@G@C@EAC@CACCEACACCCEAAA@ABADC@ECAA@A@AAAA@ABADA@EAECAACCECGCECACACBAB@F@D@HBJ@DDBDBFBBB@@ABCBEBAD@@@@A@ABCDCB@@ABC@A@A@ABABAB@BA@A@A@AAA@@@ECEECCC@G@EBEDC@C@@@@AAAA@A@A@A@AB@@@B@B@@@B@B@@ABAB@@AB@@AB@BA@@@A@@AABA@C@@@C@@@A@C@A@C@CBABCDCBCB@@A@A@C@@BA@AAAAAAAA@A@C@C@C@A@AAC@CACAC@@AG@G@K@E@I@KBA@@@@B@B@BABGHEFCHAHAFCDA@@BADAD@B@B@BBDBDBBBBD@@BB@@@AB@@A@CBCAA@A@A@CACBA@@@BD@B@D@DBBBDBB@DBF@DBH@DBB@D@DADABCABDABABABEBA@CDCBA@ABC@AAE@ADACC@EAAAAAAAACAA@AAA@AC@C@CAA@ABCDCBCAEEAE@CBC@CAAC@ABABGBG@EAIOAA@@A@A@C@AAA@@A@A@@A@G@E@CAAC@E@E@@BA@CBAB@DADAB@@@B@@AAACA@A@@@AAA@AAA@AA@AA@@BABADC@ABA@E@C@EAE@CAA@CAAACACAECCAAAA@AAA@C@A@A@C@ABA@@BA@ABA@ABA@A@@BAD@D@D@D@B@B@B@BC@ABC@CBA@ABA@A@@B@@@BABBD@D@DBD@B@BABABA@ABA@C@A@CAA@C@A@ABABA@ABA@EAQ@AEC@C@@BADABA@@@@AAEA@AA@@AB@@ADAB@B@BABA@@@AA@E@@@C@AA@E@A@AB@BBB@B@BABA@C@A@A@A@ABABABA@A@CAAC@AAA@ABA@C@A@A@A@C@A@AC@A@AB@@ABADCB@@ABA@ADABAB@B@BAB@BABA@ABABC@AAAAAA@A@AAA@AAA@@AA@@AAAAA@@A@A@@@C@@@A@A@@A@A@A@ABC@CBA@A@ABAB@B@D@B@BAB@@ABABCBC@A@ABA@CAAAAAA@AAA@A@ABC@A@C@E@C@A@C@C@@AAACAGAA@AAAA@A@AB@@A@@@C@@@CC@@CAA@A@A@ABAB@@ABA@AAEEECABGJGJ@F@BA@CAA@@AC@A@AB@BA@ADAB@@AAA@AAAAA@AAAA@A@@@C@@A@CACBC@AB@D@@@@A@C@@@C@A@AB@@CBABABC@A@A@CAA@AAA@A@@@AACAACACA@@AAAAC@A@ABA@@DABE@@AAAAAC@ABA@ABCBA@@@AAAAAAE@E@G@E@AC@@@AAAA@ABCAACAEAEAA@@A@@@AA@@B@@A@@@@@@A@@A@@@@@AB@@@@@@A@@@@A@@@@@@@@B@@@@@@@B@@@@@@@@@B@@@@@@@@@@@@A@@@@@@@@A@A@@B@@@@A@A@@@A@AA@@AB@@AB@@CB@@CAKAEACACFADABEBGDCBABCDAB@@AA@@A@AAEEACACBABCBA@AC@C@A@C@I@G@CAC@A@EDEDCBA@AAA@CDCFCFCFAB@B@@@F@HDD@DIJAD@@C@AAIAK@E@KACFCJ@BBFBDF@JAHBHFBB@FEJGFGFIDG@GEECCFEHC@@@CCACCAC@E@AAEBABE@E@CBAFCFC@GAI@G@CBCAAA@E@GCECCAC@ACACAAAA@ABAAC@MEICA@GCICCEAGAICGACEAA@CDAD@BA@@BAD@@EDCD@@@A@CAAA@@@@A@@CBABABABAD@@@BBB@D@B@B@BBBBB@B@BA@C@C@ACAAA@@D@B@BABAB@B@BDBDDFFADADCDAB@D@BFDBDCFCDA@C@E@ADABCDCBA@AAEACCA@CBAB@B@BD@B@BBDBFDBBDBB@@BC@C@CBE@EBCBCD@D@D@DBDFNDDHFBDBBBD@B@BB@@BBB@D@DAB@BBBHHDDDBHBHBD@F@BDBBDDBBB@D@DABCB@D@BBBB@D@BCDEFCFAB@D@BABABABEAG@C@ABBDBLBB@BB@PCFADABA@@BB@D@DBF@D@DAFABC@C@AB@@BBDDBDABABE@GBEBABADEZANDFBFAFCJAF@D@@@H@FBBBBH@DBBD@FCJADABC@E@CBABABCFCFAJCBEDALA@EDG@EBGBCDAB@J@JAVBBD@DB@B@DBBBBBD@BEFCBAACCECCAEAE@IDGBCDCFCPCLAF@DDDJLBFBF@FAFAD@B@BDB@FCHAJAHDLBH@F@FBFHJDDDH@H@HBDDHJFDFBDDDB@FABAFCJAHAFCJCHCBADCBCDCFCHC@@@@DFFFFFFBB@FCHED@BDJFJFLBNBN@FBHDBB@F@BBFDFDBB@@ABAD@FBFDBBBBBDBD@@@BDHDFAFADCBG@@B@@AB@@A@@BA@AB@@A@A@A@A@@@AB@@BFCFCAIDEBCD@BHF@@@B@BB@@BB@@BB@@BB@BB@@@BB@@BFBF@DBDBB@DAHAHBFDBD@B@@@B@@@B@B@B@B@@@B@BB@@B@@B@BBBBB@BAB@B@DAB@@AB@@ABA@@BAB@B@@@B@B@B@B@@@BB@@BB@BB@@B@@BBB@@BB@B@@@B@B@B@@@B@BB@@BB@@BB@@BBB@B@@@BA@@BA@@BAB@@@B@B@B@B@B@@@B@B@B@@@@B@BA@@BAB@@@B@BA@@BAB@B@@@BAB@@@B@@@B@BB@@B@BA@@B@@AB@@@B@@@B@@@B@B@@AB@B@@@B@@@B@BA@@B@B@@ABA@@@@BA@@B@B@@@BB@@BB@BBB@@@B@BBB@@@BBB@B@@BB@@BBBB@BB@@B@BB@BB@@BB@@B@B@@BB@B@@@B@B@@@B@BBB@@@B@B@@@BB@@BB@B@@@BBB@@@B@BBB@B@@@BBB@@@B@B@BA@@B@B@@AB@@AB@@AB@@AB@B@B@@@B@B@B@B@B@B@@@B@B@B@B@B@B@@BB@BBDABAB@@@B@BAB@@AB@B@RAPARDRD@@B@B@B@BBB@B@@@BBB@@BB@B@@BBBB@@BB@@B@@BB@@DB@AB@BAB@@@BA@@B@BAB@@@B@B@B@B@B@@BB@B@B@@@B@@@B@F@D@DFFFBDAHAFABA@C@CDCDBDBF@BABA@ABABABCDAB@B@DBDBBBB@DAB@D@D@BCBC@C@CBABCBCBABADABABADADAB@DBDBBBBDDB@DBD@D@BD@BBDDBD@BDBBBBDBF@DD@BCHAF@FDDD@FGHEF@HDDFBFFHFHBB@@@J@H@FBFADAF@F@DCF@DAF@DBDFDDBF@HBDBBDB@DBFAFAN@FAF@H@FDBDDFFJHHFHBJ@JBDFHJFHHHBFAHBDDHBH@JBBA@@D@BB@BBBB@D@BAD@B@BAB@D@B@B@D@BBBB@BFDDDFHHADCH@NBL@FBBBFHFBFJHHB@DABBFFFFJFHBHDBBB@BABCB@@CDEDCDCD@DAD@DCDA@A@E@CCKBCAGBCBCCEBCDEFEDEBCFAD@D@B@B@BBABBDBBDBD@DABABCB@BBDDDDBABDFBHCFC@AB@BEDCBCF@DDDBFBFADCBG@EBCBAJAH@F@H@FB"],"encodeOffsets":[[118602,26911]]}},{"type":"Feature","id":"360732","properties":{"name":"兴国县","cp":[115.351896,26.330489],"childNum":1},"geometry":{"type":"Polygon","coordinates":["@@BAD@BADABADAB@D@B@HHFJ@BD@H@FFFHB@DBHBDC@CDADADC@E@EBIAC@E@GBGBKBCDEFCHELCDANFHBJEXFJBB@BAD@DBBB@DADAB@DBDD@F@L@BA@ADAB@BBBBDF@@FBBBDAB@BA@@L@HAH@N@J@BCDEFEDAB@DA@@B@B@BA@ABABABAB@BB@@@BB@B@@@B@BA@AHIF@BFAJDFD@FBF@FFDFAFBHDBLFAIDCNEHAFCFCLAHBHBFCBE@CCCAE@EBGEGCCAEEGCEAEBGDEHAHCJEFADBFBF@DCJDFFFDDDDFDDH@DC@EEGCEAC@EDGDE@GAE@GDCBE@EFEF@H@JBBAHCFEDADDHDDDDDH@BA@K@IDEH@H@BDFHDBFBHBFBF@FCFCDAFAFCHBHAFAFADC@CBGGEACCEECAC@EBGACFGCGDEFCBCAECAGCGCEEAE@C@C@EAA@@CAAA@CBM@E@CAAAAC@AA@CACCIEAGACACAE@AC@CCCKKMKMKGIA@@EHOJMPMLEDEAKEIcWUIWGKICGCGMEG@ACCCCEGE@CEEGACCCA@A@CBAD@BBB@@AACCG@ACACDC@CBC@CDCDCF@DA@ADABA@AAGCGAIEEEEEAACBA@GGEIEAEGAAEAK@MAG@CDGBEGCCEC@AAAAAC@A@A@C@A@ABA@C@ABC@A@AA@AAAC@@@ABIAG@GACCGAEBGAGGIEEGAC@IAIEGGGEICEACECG@E@EBM@EBEBCAA@ACCAGAE@CAECAC@CBE@CDE@C@EBEBCAE@E@G@I@@AAEGEGAECEGCE@GFEHC@CC@EBEDG@ACCE@CAAAAAACC@CAAC@AACC@C@CAA@CCAAAAAC@CBABCBCBABABCBADADABADAD@D@DA@A@C@CBA@CAAAAAC@C@ABADCBABABAB@BA@AAEACDCDCD@B@BABEBGACEECEC@E@A@@@A@@@A@A@A@@AA@A@A@A@A@@@A@ABA@@@AB@@A@ABA@@BCA@@AA@@@AA@@AA@AA@AA@A@@AA@AA@@A@A@AAA@A@A@@@QCQCOBQBA@A@@BA@ABA@@@A@ABCBAAA@@AA@A@A@A@A@A@@@A@A@A@A@A@A@@@A@A@A@@BA@@BA@@BA@@BA@A@@@ABA@A@@@A@AA@@A@A@AAA@@@A@AA@@A@A@@AA@@A@@@A@A@@AA@A@A@@@A@A@@@AAA@@@A@AA@@AA@@AAAA@@@AAA@AA@AA@@AA@A@AA@@A@AAA@@@A@AAA@@AA@@A@@@A@AB@@A@@B@BA@@@A@AB@@A@A@@@A@@@ABA@@@A@A@@@A@@@A@@BA@@@AB@@A@AA@@A@A@@@A@@BA@A@@@ABA@AB@@A@A@@BA@AB@@A@A@@A@A@A@@@A@A@A@A@A@@@A@AB@@AB@@AB@@A@A@AA@@AA@@AA@@AAA@@@A@A@A@@@A@A@@AA@AA@@@AA@@AAA@@AA@@A@A@A@A@@@A@A@AB@@AB@BA@@BA@CBA@A@ABA@@HABAB@DBBDD@D@HCHAB@@BB@@@BB@@B@@@B@B@BA@AB@@@BA@@B@@@BA@GDADBHBFFB@@@B@@@B@@BBB@B@B@@@B@B@B@B@B@@@B@B@B@B@@@B@BABB@@B@BBB@@@BBB@@BB@@B@BB@@B@B@@BB@B@@BB@B@BB@@B@@BB@@@BBL@JCFGFGBCC@@AA@@AAA@A@@AA@A@@AA@A@AB@@A@A@A@A@A@@@A@A@@@A@A@A@@@A@AB@@AB@@@BAB@@@B@BA@@B@B@@AB@@AB@BA@@@AB@@ABA@@@ABA@@@ABA@@BA@@BBB@@@BGDIBEAEBKDEDABABABABCBADCBCBABC@CBBD@D@BBD@D@B@DABCBC@CBA@CBCBABAD@@CDAF@FDFBFA@ADAB@DAD@BAD@DABABADCBABCBAB@DBB@DADAB@DC@C@C@ABCBABCBABCAC@C@CAAACACAAAC@ABABCDCAC@AACAC@C@C@C@AAAACCC@ABCBC@AACACAA@CAC@CBABABCD@BBD@DBBBD@BBD@DAB@D@DCBABADBB@D@DBB@D@DAB@DBDBBBDBBADCBA@C@C@C@CAC@CAC@A@C@CBCAC@CAC@C@ABC@CBABCB@DABADAACAC@C@C@C@C@C@A@C@CAC@AAC@C@C@C@CAAAACAAAAC@CBC@ABCBC@C@CAC@@DABABADCBABABABABADABABABABCBABC@AD@BAD@B@DAD@B@D@B@DBB@D@BBDBBBBBB@D@BAB@DABABCBA@AB@DAB@B@@B@@B@B@@AB@@@@@@ABA@ABC@ABAB@DABABCBABABABABABABCBC@ABABABABADABABABABADABABABCBABCBABABBBB@DBBBBBD@BDBB@B@LCLEFAJDLPFFD@F@B@BADGDAFHLFN@HHDNFBB@BBBBBBD@B@D@B@D@BBDBBBBDDDBB@BBBBBDBBDBBBBB@D@BBBBBBDDBBBBBBBBB@DBBBBBDBBBBBDBBBBBBBBBDBBBBBBDBBBBBDBBBBBBBBBBBBDBBBBDBBBBBD@BBD@DBB@D@BBD@BBBBBBDBBBD@D@B@DBD@BBD@BBD@D@BBDBDBB@BBDBB@DBB@DBD@D@B@D@BAD@D@B@DBB@D@BAD@D@B@DBD@BABADAB@DAD@B@D@BAD@DAB@DAB@DABAD@BBDBD@DBB@DBBBBBBBBD@B@D@B@DABAB@BABA@CCACCBGFBDBBDD@BBB@BBBBDBBBBBDBB@BBDDDBBBD@BBB@DDBBBBBBBBBDBBBBDDBBBD@BDB@BBDBD@BB@B@D@D@B@DBBBDBBBBBB@DBB@BBDBB@DBB@DBBBBBBDBD@B@DBDBB@BBDBBBBD@@DP@B@BBBB@B@@DBBDDBBFBFDFBBBCJCTBPJBF@B@D@BBBBBBDBBBBBD@D@D@B@DBD@B@BBBDBBBBBD@BBDDBDBD@D@D@BAD@D@BABCAA@A@CD@BAD@BABABC@A@CAABABAD@B@DBBCBADAB@DBDBFBH@J@N@FD@@B@DBDBBBD@BBH@@ADAB@BADBDBBBDBBBBBDDBBDBBBDBBBAB@DABDBBBBBDBBBDBBBBBDBB@DBD@BBBBDBD@BADABADABABABADABA@C@ABC@ED@B@B@DBB@B@B@DAB@@@B@B@B@@@ABAB@BBBDBDBBBBBDBB@DBB@BB"],"encodeOffsets":[[118261,27323]]}},{"type":"Feature","id":"360733","properties":{"name":"会昌县","cp":[115.791158,25.599125],"childNum":1},"geometry":{"type":"Polygon","coordinates":["@@B@F@D@@@DAB@B@B@D@B@FDB@B@BAD@BB@B@D@FBDDBHAF@H@HAH@N@BBD@B@BBB@BBB@BBBAB@DCFFBA@@BCBAFAJAJCDA@ABABAB@@AACAABCBADCAA@C@ADCF@F@BCB@BAD@B@DBAC@CBA@CBE@AAA@CB@B@D@B@@ABE@EDAD@B@@A@AC@C@AA@AB@H@H@BBBBBBD@BABCROPGFADA@CBEBCFCFADAD@FB@@B@BABC@EBGBCBE@CCECE@CBA@ACACBCBA@C@AC@ADEDGDG@IAKACCBCDAH@RADA@C@E@GBG@A@ADELCHAFAFCDEDIBMBIFEDA@CAGG@E@E@ADAFAB@BA@CAACCAEBCBABC@@@@AAC@@A@A@@@CBCDE@IBCAECEAC@CHCH@HDBDBD@BB@BC@A@ABABA@@DAB@BA@@@ACACCECCAAACAAA@AAAA@@AAA@A@AAA@@@C@@@ACCCMBCDEDCDA@@@C@@@AAAA@C@CAC@A@@@AA@@@AAE@@AAEMGECAEGEGMCA@CD@@EAE@CA@EDCDAFCBCAGEGECCCAE@CBEDCDE@E@CAAEACCKKCA@@AAAA@AAAAA@A@A@ABA@CDA@CBABCBC@A@@AA@@CAA@C@ABA@@BAB@@@BAB@@A@ABA@C@A@A@ABAAA@C@@AC@ABC@ABA@AB@@A@@@A@A@A@@AAA@AAA@A@ABCBCBA@ADA@AB@B@B@B@B@B@@@B@BADABCDABCB@@A@A@AAA@A@@AA@@@A@A@@D@DAH@DAB@D@B@BBD@BBDB@@@@BBB@@BB@B@B@@@B@@@BA@@DD@@@@@@B@B@D@B@J@BBB@B@B@B@DAB@B@B@D@B@DB@@@@BBBF@B@F@@@D@BAB@BA@EDGDABA@AD@@@B@@@@BB@@@@BBB@B@FAB@D@B@B@DCDCB@B@BA@@BB@@@@@@@D@FBD@B@@@@BBB@B@BABC@AB@D@B@@@B@@@@@B@BB@@BABABE@ABCBABABA@AB@@@B@B@@@B@B@@@B@@@B@@ABAB@@@B@B@B@@@B@BAD@B@@AB@B@@A@A@A@AAABA@AAA@CAA@A@ABADCB@BC@ADABADABCB@@ABAB@B@B@@A@ABA@ABAB@@ABAB@BA@@@A@A@C@ABA@@BADA@@B@@ABC@C@@@AHCFC@A@EAGAK@@B@DAF@B@B@B@BBDB@@BB@BB@DDBD@DBDBD@DBD@D@BBB@@B@BBB@@BBD@@BBBBD@B@B@B@@@DABA@@B@B@D@B@B@B@B@DBB@DB@BBB@B@B@BB@@BFBBB@B@BBDAFAB@@@B@BB@@@D@B@D@DAD@BB@BBB@D@B@@LJFBBA@ABEBAH@DABECEEEEI@C@AACDCDEAG@GDGBIFEDCACMC@CBADAFBPDLBF@@@H@FAD@D@D@F@D@DAD@@@BA@C@C@C@C@A@AB@BAB@D@D@BAB@BAFAFABAAEAC@CAA@C@C@A@C@C@CBC@C@CAC@@BCBC@@KGOAEAGACKAGEGCCCA@@AA@A@ABAB@BA@@AC@CAKBEDCDAB@BBDDFB@@BAAACGCEAEAG@GDGFI@G@@@AFCBABABCAC@CAC@C@CBC@GCCAACCCAEAC@CBE@CCAA@GBCBCBGBABEBC@ACEAACAACMMEI@GDGFGFIAGAEEACAA@@AAA@A@A@@HAJADEFG@KACAAEA@CB@HAFC@CAECC@AACAE@AAECC@CCACCAA@AGC@@EEAAA@@@ABAH@@A@@BA@AB@@AB@@C@A@@@A@AAAA@@@A@A@C@EAACACA@@@@G@A@ABEFCBA@GDA@C@CACEAA@C@CBG@ADC@CBE@A@CAC@CCCCAAC@ECACCAAAC@AAC@CAAACAAAAAAACAC@CCACAC@CACACAAAEDCBE@C@E@CACACCACCCACCAACAAAACACAABECIACBCHGDEBAAAECEECECCC@EBG@EBI@AAC@EBC@CAC@ABC@CEAAAABA@@@ABGBIDKBIACAAC@EBAJ@F@DADC@ECEECE@EDEBGAAAAAA@AACAA@@@A@A@A@AAC@@@I@KBO@E@EAEGCECAEBGBIDADDDHFDFBF@DCDEBEFCBC@AC@EBC@AAAECAECCACBA@AA@CCOICCACBC@A@ACAECECGAECCCCAEAGBGDEB@D@DJFDD@BABEDEDMBE@ECABCB@B@BDDFD@D@FABC@A@E@CBEDA@CCCECEECC@CB@D@JEH@HAHADADADBBFD@D@DKFAB@DDDFHBDBFADADADDFDD@DADDBDBBB@BAD@B@DBD@FADADCBAA@@A@ABA@A@A@@@@@A@A@A@AB@@@@@@A@AB@@A@@AA@AC@@@@A@CAAACAA@@@EIAEAGACMEGCECACBCBA@AAC@MIOACGAGCGEIEECCAABCBE@EA@@C@CB@@A@G@CAAA@CA@ABCDCBABBDHFFD@BABEBEAI@IB@@@@A@@BA@AB@@ABAB@@A@EHCDCBBBB@BB@@BBABCBE@AD@BBD@BBDBB@DABABED@B@B@BBD@BABCBAB@BB@DBDB@D@B@FFJBFFBBBBD@D@BBBB@@@BBD@B@@@D@DB@DB@@B@BAB@BB@@B@@@@BBB@B@@B@@A@@@@BA@@@B@@BB@B@B@B@@@B@B@B@@@B@BB@@BBBB@@BDADA@ABADBDBBDBDBBD@DADCFABADAD@BABC@CBA@@FADCBCDAFBDBDDFFDHBH@DBFHBBBBBBD@DDD@B@BBDDBBBB@D@BBDAD@D@@ABAFBDBDDD@H@DBBBBD@F@HAJ@HDFFDH@@BDBB@BB@@B@B@B@BAB@B@B@@@B@BBB@B@B@BBB@B@D@DBD@B@BBB@@@DAFBF@F@DABCBA@ABA@AB@@A@A@A@AA@@C@A@@B@@@@BBBB@@A@AB@B@@@B@B@BBFDDDFBH@F@BCBCCIEIGGCEBEFEFEFA@A@A@@A@@@C@ABC@A@AAAOAA@CACACBC@C@A@CBABABAB@B@B@@BB@@@B@@@B@B@B@BBB@BBB@BBBBB@BBB@BBBADADCDGDCDCDCBGAA@ABA@@D@FBB@F@@ABABA@@@G@G@@DBDJFHJHH@B@B@B@D@D@B@DAB@B@@ABABABA@ABA@AB@AA@@@A@@A@@AA@@A@AAA@A@@@AB@@ABABAD@@ABABADADAD@F@DBB@B@BBB@@@@B@BB@DABCBA@ABABA@A@C@A@A@A@@BA@AB@@A@CBABCBCBA@A@@@A@@AA@AA@CCCA@AAA@C@A@ABA@CBAB@@CDAF@H@FCHBDBB@HEDA@ABA@@@ABC@E@C@C@CBC@AB@D@@@AB@B@@@@@@@@@@B@@@@@@@@@@A@@@@@@@@@A@@@@@@@A@@@@@@@@@@B@@B@@@@@@@BA@@@@B@@@@B@@@@B@@@@AB@@B@@@BB@FBFBDBBBAD@BBBBB@@D@@B@F@H@FBFBBBB@B@@ABAD@BAB@BBDBBBB@@AFCB@@AB@B@BBDBB@BB@BDBDDBBB@@B@B@BBB@DBB@B@D@BABADA@@BAB@D@@@D@B@@@@@@CBAD@DADBB@@@@D@@@BBBBBB@BBBBB@BB@@BABCB@@ABAB@D@@BB@DBB@@A@EHIHIBAFDFFBBB@BA@@BABAB@B@B@DB@@DD@@D@@@B@@@BAB@B@BB@BBBBHBDBB@@@D@D@B@D@F@D@BAD@B@BBB@BBBBBBB@DAB@B@BADADAB@BA@ABA@C@A@A@AB@B@BAB@DAD@B@B@B@BB@B@@@D@@@B@B@@@BBBB@BB@@BB@BBB@BBB@B@BBBB@BADAB@BABABA@ABA@A@ABCB@BAB@BA@CDAB@BA@@B@BBDB@D@B@B@B@D@B@BAB@BBD@BB@D@BABABAB@B@B@B@B@DABABA@A@AAA@@B@B@FBBD@@@F@B@@B@@ABABA@A@CB@BA@@BB@@BFBBB@@@@ABCBAB@@@DFD@BBR@FAB@BABAB@B@B@DBB@D@B@DAB@BABABABA@C@CAC@C@AAAB@@A@@@@BAB@BAB@DAD@BADA@A@A@C@C@C@C@AB@@@BAB@BAB@BAB@@AB@B@D@B@B@DBB@BBBBBDDBFBDBDBB@DBB@DBF@F@D@FAB@BCDABAB@@BBB@@BBB@BBB@B@@@BDBBB@BA@@@A@CBCBA@AB@DAB@@@F@FBDDBF@H@B@@@@B@BB@BBD@B@B@@@BBJPFBH@HABABAD@BB@DAD@DBFFFDBDADCBAB@DBD@D@@BBB@BBBBDBBBBBBFBD@BDBCF@BBD@BAB@DADCB@FABABABAACDBBABC@C@CAA@CAG@CAE@CAAACAA@C@C@AAC@@B@DADBB@B@B@DBDAB@@@BA@@A@@AC@AAAAACAC@A@A@ABCBC@AB@DCBEBGDGFEHGBA@A@A@A@@B@LAJ@F@L@H@H@@BD@DBDBD@BBB@D@D@D@B@B@BBBBBB@BAB@@@D@B@BA@ADCDADAB@D@D@B@D@B@@@D@@@DABBB@@@B@@ABA@@BA@@BA@AB@BA@A@@@A@A@@@A@@B@B@B@BBBBB@@@@@DCDAF@F@HDDFDDF@F@@BB@B@B@BABA@ABAB@B@B@BAD@BA@CDAD@B@B@@C@ABAFAD@BA@AAAEACCCI@GAC@E@A@ABBDBDFDHDFDDDBBFDFBB@BCBAB@BB@B@BBBFDD@BCBAB@BBDFDDDBFBDDDBD@FBD@H@F@@@DBBF"],"encodeOffsets":[[118508,26525]]}},{"type":"Feature","id":"360734","properties":{"name":"寻乌县","cp":[115.651399,24.954136],"childNum":1},"geometry":{"type":"Polygon","coordinates":["@@A@BABEDADCBABA@CEAIAAABGBGBCD@FBB@BCDCHAHBHDD@DC@EBEDCFA@@BGBEBE@CACACCA@@ECA@E@CB@AA@AA@A@A@C@@@A@CBCDEDABCDABADA@AEEAE@IBEBAD@F@D@N@LANEJGDE@ABABADA@@@A@@AAC@AC@A@ABA@AAAA@AA@@@@@A@A@A@@B@@@B@@@B@B@B@@@@@@@B@@@@@B@@@@@B@@C@CBCBCDABAB@BA@@BCAA@@ACC@C@CEACCCCBABCDA@C@CAC@CAAAACAACBCAACAEEAC@@@AICEGBGBA@AACACAACBC@C@C@E@C@ABCBC@ADABCD@@C@@AA@ADCVALCTSRONSBGAAEAG@GBKHEBCAECE@CBCF@HABA@ABABA@A@@@AB@B@@AB@B@@A@A@@BCAA@AAA@CACAA@AAACAC@E@C@C@C@CDCBCD@BA@@B@D@B@B@BAB@BA@@@ABA@@@A@ABAHKDE@@@AAAAAAAC@ADAB@BA@A@C@AA@AA@AA@A@A@@@ABA@@BA@ABC@ABC@CBE@E@C@G@E@EBEBCDCBCFCFCF@BAD@DA@@DAFEBEACCCIGMGMCI@I@I@GEGCC@CB@BBFFJBF@@@@ABABAB@D@BBBBBBBBB@F@BCBE@A@C@ABA@@@A@CDABAD@DABABA@CBA@AB@BIDGBGBGBEBCACAAAAAAAACAA@CAAA@AAA@ACACAA@C@A@C@A@CAAAA@AAA@AAC@C@C@A@CBA@A@EBC@C@CAAAAC@A@A@C@A@A@A@CDEFK@EAAEDCFCH@BACAAAA@AAAA@AAA@A@ABALOB@@A@AA@AAAAAAA@A@EBCBA@ACAE@CBE@GACAACCCAAA@A@A@A@CBC@C@C@AACACAAAAAACAAAAA@AA@@ABABAB@BABA@@@ABABABCBA@C@@HI@CACGEIGCA@AAA@A@A@A@A@A@A@@AA@@AAA@AA@@AAAAAAAA@A@C@C@A@C@C@ABCB@DABADADCDCFADC@ABA@ABAAC@AAA@AAC@A@@@AAA@AAA@A@@@AB@@@BAB@B@B@B@B@BABA@@BA@AB@@AB@@AB@B@BBD@B@@@B@@AB@B@@AB@B@@@B@B@@BB@B@HFDBDAHCBC@ECCCAA@BC@ABA@ABABA@A@@CAAAC@A@CCCA@ABCBC@AAACAA@CBE@C@@@A@@@@BA@A@@@ABI@CAECCCICK@AA@AB@DCFAB@BAB@@AB@B@P@BAB@@AB@@A@A@A@@@CBA@CBABA@@BABABA@CBA@A@A@CAC@CAC@AAA@A@A@ABA@@BAB@@@B@BB@@B@@@B@B@B@B@@ABABA@@BA@A@A@ABABAB@DABAB@@A@ABABABABABABABABABABA@A@ABA@AB@@ADBD@@CFGJGLG@@@ABABADABABA@C@AAC@A@ABA@ABABAB@B@BAB@BA@ABA@A@@@A@AAA@@AAA@@AAAA@A@@@A@@@ABA@A@@@A@A@@@KCMAG@CDEDG@EAEAEBGDKDQASIQKMKMGQEK@C@A@AA@@AAA@C@A@A@A@A@A@AA@@AA@@A@A@C@@@A@ABA@@BA@@BA@@BC@ABA@C@C@A@C@C@A@ABA@ABA@AAC@A@A@A@A@A@A@@@A@@BABA@@B@B@B@@CBCHEJ@JDDNH@B@B@D@B@B@BAD@D@DADA@@BABA@@BA@@B@BAB@BAB@BABADADABABADABABA@ABA@A@C@EBC@CBA@AB@BABCBABCBABC@C@C@C@AACAA@AAC@ABA@ABAB@@@B@@AB@BAB@BABA@A@AB@@A@A@A@A@A@@@A@C@ABABABCBA@C@ABA@AAA@@@CEEGECGCO@O@IDEFAF@H@@@@@DABAB@DABADABABCB@BABABAD@@@B@BAB@B@B@@@B@B@@BB@B@D@D@@BF@DAB@BAB@BADAB@DAB@B@D@BBD@B@D@D@D@@AB@@A@CBCBEBCBABA@@BA@ABA@C@ABA@A@A@ABA@@B@B@BA@ABA@@@CBCBABABAB@B@@BBBDBFBDBD@DABCBABA@A@@@AAC@A@@@EAE@E@ABADAH@F@BA@CDGDEH@@BBBBDD@D@BEBC@GFCFGBEBAD@DCHAHCBCBIFIBC@AAGAG@GBEDCDCDC@ABCDYR[RKBKEOUGK@@GCGAGBABABABA@@@AB@BCFEFC@C@E@EAC@CBEHAH@DDDBBBBH@HBBBBBBBBBBDBBBFBDBFDD@@B@FAFAF@HDBDBHAB@@BHALAFQ@KAADAFBBABEFEFAB@@MMOIKEEAAD@BBDDLDNBL@FABE@GAA@C@AB@DADAFBB@B@D@BHFJFHFHFHBJ@BBBBBDDD@@DBBEFEJCLCJALBFBFBJ@LAFCF@JJJLDBDBHBFDBBBBDBLBZFHDBHCNALFLDDFC@@BBBDAFAJ@DBF@@DDBDBF@B@DDDB@D@JBBHDHDFBBHBJBBD@DAHAHCDAD@DBFBDDDHDFFBB@B@BDJBB@@BDBBBD@B@@@DAJ@BA@@F@DDDBBBD@BBBFJBBBD@BAH@D@FABA@ABA@ABCBCDEHEBCDCF@FFJFDFD@DGFEDAFEFADFFBJDFFDHB@@@@B@B@B@B@BBB@BBB@BBBBBBBBBD@BBD@BBBB@B@@@B@B@@@B@BAB@B@B@B@B@@@B@B@B@B@@@B@B@BB@@BB@B@B@B@BB@@BB@BB@D@B@B@@@DBB@@@DBBBBBBBBBBBBB@DB@@@B@BA@@BBBB@BBDB@B@B@B@DAB@DAD@DAD@D@@BB@@B@BBB@DBBBBD@B@@ABADABAD@@@BAB@B@BAB@@AB@BAB@B@@@B@B@B@BBD@B@B@BAB@DBHBDDBBBDADCFGB@@@BABA@@BAB@@AB@@@@@JAJ@FBFABA@AECGEACBADADCBAB@@DBBDBH@B@@@DAD@@@FBF@DABADBFDJFHFHDHBBDJP@NBD@BABADBDFDHDNFBDBHBFFJ@@B@DBBBDBB@@@@@BDB@@BB@@@BAB@@@@@@@BAB@B@B@@@@@B@B@B@BAB@@@BBDABCBC@EAC@C@ABC@AAACACABC@CCCCEBCBCBCAEACEGCC@CBALE@C@CECAABCBCBCBG@GFG@I@CDAD@FDDFDFDDB@FCDAF@B@D@BA@E@CECCC@A@ADABAFDF@NAFCFCBA@ACCIE@C@CFAHCHAFBDBDDFDHBFDFDDB@B@BADBDDDPJDDB@@BABBDDDBFFDBB@BAD@FBDD@DAFEFADC@CAECEGECCBCJCHAFADBDFFHFBF@P@LAJ@@@D@BBB@B@B@@@B@DBBBB@BBBBHBFAFCF@FDDF@FCDCBE@I@AB@FBDDBJBLAJCHABA@@B@BA"],"encodeOffsets":[[118635,25781]]}},{"type":"Feature","id":"360735","properties":{"name":"石城县","cp":[116.342249,26.326582],"childNum":1},"geometry":{"type":"Polygon","coordinates":["@@DBBADC@EACCEKGAA@ADCLCB@B@BAB@@AACACCC@ADAF@B@BBDADGB@DCJBJBJ@F@FAFBH@@CAEAEBE@CACECEEAG@IAE@CCEECEAGAEEEEEEAE@CAC@EBCAAA@@@ACBC@GAGDGFIDEAGAG@CCCCCEEAIEAG@EACCEACCEBCB@DEBK@OEMECB@DBFHP@NGP@HCFECIAUH@JAF]DGCEM@KAIGGKBEAAI@K@C@ACEACHCDEACGCG@C@GEGCCEM@OEKGEQCCAECCEACC@@EAIGAOAKAAAAEEGCAAMAOAHELG@I@@AGACCCE@EAEAA@CAIAECCEBC@ECCCCACAE@ABABABABE@E@CCACAA@GECCDMHMDMACAE@A@AA@A@A@@@C@AAAAB@BABADAB@D@B@BB@@@BC@A@@BB@BBBBDAB@@@@CAAB@@AB@BABA@AA@CAC@A@@C@ABAB@B@B@@BB@@@BA@AA@AABC@A@ABBB@B@@A@AA@AAA@@GAAB@AAAC@A@A@ABAAAAAC@@AAA@@AC@A@AFCBABAD@DADAJ@BABC@ABAD@B@D@@BBBDHBDBBB@BABABABAAAAACAAC@ABAB@@BBBD@BAB@BBP@TJDBB@@@@AB@@@@@@@B@@BD@B@@BA@@@@B@@@B@@B@@@B@@B@@B@@@@@B@@@@AB@@BB@@BBB@@@@B@@@B@@B@@@@@B@@B@@@@B@@@@BB@@@@B@B@@@F@D@B@DABA@@B@@@B@@A@@@@@@@@@@A@@@@@@A@@B@@@AA@@@@@A@@@@@@B@@A@@@@BA@@@@@AB@@@@@@A@@@@@@@@@@B@@@BA@@@@B@@A@@@A@@B@@@AABA@A@@@AAAAE@EBCDABCACAC@E@CDCFCBCDG@GBEAI@EEECCGGGCECIEECCEC@CAC@ACGGCAGGGEOEIGIEEACCAI@GCEECEAGCGACACABGBGAECEA@A@A@A@A@A@AAA@A@A@A@@@A@A@AAA@A@@AA@@AAA@A@A@@AA@AAA@AA@@A@AAA@@@A@@AAACEC@@CC@@BC@A@CCAA@A@C@C@@@AA@AA@AA@AAA@@@A@A@A@A@@AC@EBEBCDCBCBEBCBEBE@AECEAEAG@EBAA@ECAI@A@@@A@CBA@A@@BEBADCFCBC@A@AD@DDDHDFBBD@DABABABCBC@A@C@A@C@AAA@ABAB@@C@C@C@@BAD@D@BAB@@@B@B@B@B@BA@@B@B@B@B@@AB@BBB@BB@@B@BBBA@@BABA@@@ABABA@AB@@A@A@A@A@ABA@A@A@A@A@AB@@AB@B@BAB@@AB@BAB@@AB@B@B@B@B@B@BBB@@@B@BABAB@@AB@BA@AAA@A@A@AAA@A@AA@@A@A@A@@@ABA@A@A@ABA@AB@@AAA@A@A@A@@@ABA@@@AB@BA@A@ABA@A@ABA@A@ABA@A@ABA@@BA@E@C@EBGDCBAB@FAF@DBB@DCBC@E@G@AB@@AB@@AB@BA@ABA@A@@@A@AAA@@@A@AAA@A@ABA@A@A@AAA@A@A@A@A@A@A@@BA@A@ABA@AB@@ABA@@@AB@B@BADABC@A@C@@AA@@@CBEB@@E@EA@@A@A@@AA@AAA@A@A@AAA@A@A@A@@@A@A@A@AAA@@@A@A@A@AB@@ABABA@@BABA@A@A@@BA@AB@@@BAB@BAB@BA@ABA@ABA@A@A@A@A@@@A@A@A@A@AAA@A@A@A@A@@@AB@B@@AB@B@B@@A@ABA@A@A@@@AAA@A@A@AB@@A@A@ABA@ABA@A@@BA@@BAB@@@B@B@B@BBB@B@@@BBB@@BBBB@BB@BB@@BBB@DCF@FAHBDFBBBBD@BBADA@CDA@@BGJCDCF@DAFBFDF@@@BBB@BAD@B@B@BB@DBBBBD@D@BABAD@BDDBBH@FBF@H@DDFBFALAH@DFDDHBBDDDDDF@BDAFBDDBDBHFJHLHHDF@H@BDDFFBDBF@BHADCD@FDFH@H@NAD@BHAHCHDDDDFBLBF@BD@DBFDDDD@D@JEDDDHDD@@@@B@B@B@BABBDDBDBF@B@DABC@@B@BBBB@DBB@B@B@B@BBBBBB@DBDBDBFBBBD@B@@D@BBBFFDB@FE@GBGBE@IDGFCFIHEBIDCDADCJCBEDEDEFCFCDEACBEBCDCFEHCBBFBDDBF@B@D@DAD@BAD@BDBDBFADAJCDBFBFHFD@F@FBFFBFBDADADCDAD@FDBDBJBDDDHCHABBFBFDFBBJBFAF@D@F@HBFBEDEBCDGDE@A@@BDBABAD@BBBJF@D@BB@BBFBD@BB@BAF@DABCDCBC@E@A@A@CBA@AB@@ABABBBBDB@@B@BC@AA@A@AAA@@AA@@A@@BCDA@A@A@C@A@@@@B@F@F@@@F@DCDEDCF@HBDBDDBFBBBBBADCBCB@@CBEDCFADAFCBCDGBEDCD@DADCFAHBFBHADCFEFAJBF@@@BBFBDFDDBD@D@DAF@BBDDHDFCJEF@FCFCF@FADCBCJADA@GBCHCHCDCHEFIFADCFEBAFEFCB@BBPJBBJ@D@B@DBPDLDH@LCHADBDBH@HCBCLBDBDBBDHHDDDF@D@FCFEFABCF@DDFHHJHHDFDFBFBJ@FADCFBBFJBDDFFFAH@FBDDDFFDBDDJDJ@@@DBH@D@FBBDBDBDB@@@HADJ@H@HCDCFCFC@CACFGHEFAFEFAFADCHEFABCBE@CBCBG@EBEFCJ@FBHDDDFDJDFBFDJBBCBEHCJEHCFADAJEJGFEHCFADE@IAE@CJAHA@GFC@ABAB@D@"],"encodeOffsets":[[119393,27149]]}},{"type":"Feature","id":"360781","properties":{"name":"瑞金市","cp":[116.034854,25.875278],"childNum":1},"geometry":{"type":"Polygon","coordinates":["@@ABEBEBABA@ABC@C@A@ABA@@B@B@D@D@D@DAB@@C@CBC@E@C@C@C@EBG@@@E@KAOCEACBAB@DNDBDCDEFAJCH@HBHCFCDBD@B@DFJFFDFAFCBG@ABAF@BABEAKI@@@A@CAA@AAAC@CBC@A@C@@@A@@A@A@@BABEAC@A@AAAEA@AA@@A@A@AAA@ACAA@CAA@A@A@A@C@A@A@@@ABCB@@A@A@A@C@AAAA@@AC@AA@AAA@@@AA@A@CAC@CACAC@CACCCA@@AAA@@CAAAA@A@A@E@CBA@@@BLBH@F@BEDGD@B@@@DAD@BA@@@CBAB@@AB@B@D@B@B@@ABA@AB@BA@AB@BAB@B@BA@A@A@AB@BA@ADCBABCB@BADA@CDAB@B@BBB@DBB@BABBB@B@B@B@BA@A@@BA@C@ABA@@@A@A@A@@@A@AB@BA@@@A@@@A@A@@@A@A@@@A@@BABABABAD@BAFABAB@@AAA@@@@@A@@@A@C@A@@BADABA@A@AA@@@@@AAC@E@C@@@@@@AA@@ABA@A@CDCDA@A@C@A@EBA@A@AA@@@@AA@@@@@A@@BCB@BAHCFCB@@ABA@A@C@@@E@AAEAA@@@@CAA@C@A@A@A@CBA@A@A@A@AAI@A@C@A@A@@@@@@@CC@@AB@@A@@@A@A@A@@AA@AA@@@@CAAAC@AAA@C@A@CBG@CBC@@@@B@B@@BB@@@BBB@B@B@BA@ADCBADCBABA@@@A@A@A@A@A@A@@BCB@BABADAD@B@BBB@BBB@BB@B@B@@@B@@@BAB@BAD@BAD@@BD@B@BBBAB@B@D@B@BAB@@@BA@A@@BA@AB@BAD@B@DB@@BB@@@BADADAB@DCB@DAB@B@B@BBBBB@BBBBB@@DBLLDDFBBB@D@FCFCDAF@DBFDDFDFHBHADEDCBCD@FDBF@FB@@DCB@NDFHFHDBHFFNBB@@BF@B@@BB@@B@D@DBD@B@BB@B@@@D@@CBCDCFADDNDD@B@@@D@@BB@B@BBB@BB@BB@BBBDBBBDBFDDDDB@B@@ABA@CB@@ABAB@B@BADA@@AACACGCG@GD@DBDDFBFAD@JCFAD@D@@@B@BD@BB@@@@ADABADBFDDBB@DABA@EBCB@B@F@FHHDBB@FCJENAJAFCDCBEBEDGFKBCB@H@HAF@D@B@BC@QBGDCDABDBL@JCHCHCF@BBDD@B@DADADB@BAB@DDFDF@DAFADAH@FADABA@@@EAC@CBEBEDADAF@DCBEBOHQPADABC@AAAAAAG@G@A@@BBBD@D@@B@BA@C@CB@FAF@BA@C@A@A@@DBB@BAF@DAB@DBDCAA@C@ABA@ADE@E@CD@B@DBBCDABADBBBD@BA@ABAB@BCBIDIBEBABAD@@ABEECDA@ABAAA@AAA@AAA@C@AAM@G@GBG@E@GBCAAC@E@C@AAAC@ABA@A@ECA@C@A@A@A@CB@@C@E@A@A@C@E@AD@@A@ADABAB@B@DABADB@DBD@B@@BABABC@A@@B@BDBDDBFBBA@C@CACAC@AB@DCDCD@@C@ABA@CBA@CBA@CBCBABA@ADAB@BADAB@B@BB@@@BB@@B@B@BA@@B@BAB@BA@@@BDBBBDDBDBBBB@D@BBBA@@@@BA@@B@B@B@B@@BB@@BBB@DBDBBDBDADAFCDCBCDAB@@BB@B@B@BABAAAAAC@AABAB@D@BBBBBAB@DBDBDD@BD@@DFB@BDBBBDDBBBAD@BAB@DBB@D@B@BA@@BA@@DBBB@DADA@@BABB@@BBBB@BDFJDNBNBJJDFFBFAFC@EGMCMBKBI@GBEBA@C@A@A@@A@@@@@ABAAA@AA@AACAAA@AAC@@ACAA@EIGIACBEDCFCFCD@D@D@B@B@B@@A@C@CBC@ABA@AB@@@BA@@@@B@@B@@@B@B@@@@@B@@@@@@@@B@@@@@B@@@@A@@B@@@B@@@@@@@@@@A@@@@BA@ABADCBABCB@B@BAB@BBB@BBBBBBFDBB@BBBDBBBB@D@DAFA@@D@@ABBD@B@DAB@DAD@B@D@BBDDBBBB@BB@@BDBB@F@D@BBB@@BAB@DAD@BADAB@@AB@B@B@B@B@B@@ABCB@B@DAD@DAB@DAD@B@BBBFDDHADCDADADEHEDADABCBCBC@ABEBIBIBC@EDCDAFAHCHCBIB@BCCECE@EFGDEDBLFFJBDNAP@HC@EAIAKDIDGFEFBJ@HCBCBC@C@AA@@CBABEDEBGD@F@FADFFNDJHBB@BDBD@B@D@BB@@AB@@AB@B@BB@BD@BADABABABAB@F@BBB@@FJHFDH@HFDJDL@HDJFDHADEBGDCB@@AFAD@F@FBFFFFFFHDDB@B@BB@BB@@BD@BABBB@DDBBBF@B@BBB@D@DDDFDBDD@DBFADENB@@FDBHBBBBFBD@D@FAB@BBBBBBBBDD@DABABCBAB@BBBDBFDBBBDAF@D@F@BBBFBF@AFBFDHBFBB@BABEBIFEBABABAB@@BDBAHBJBHBHDB@F@HAHDHDLHDBDBBADCDCFBDBFBHADCDIBG@G@CBCBEBCCEAC@A@AFGFAJBD@DABA@EAGCGCGACDEBCBCAEA@BA@E@ADABA@AAAAAA@AAEACACC@G@@B@BA@A@CBA@@@@B@B@B@@C@EDCDCHEBABEIECCACBIHKDE@GCC@CDKBEAEAG@EBIDCBE@CEIAEAE@CFCFBFAHAF@F@BCFIDEFGFGDE@E@C@CDCFAJBJ@LFDDDHDHDFHDHDDDDDAFAH@DHDFADDB@DBDDB@@D@DBDBB@@BFHDD@DDJ@D@FBJDD@BDAFANAL@DLHL@HAJCFG@E@I@I@EBCDADCBCBCHCHEHIHCDCBGDIDEHDDHFBHHBDBBHDD@H@F@DG@EDCFADBHDBCDIA@AA@@AAA@@AAAAA@@AA@A@@@AAA@A@A@A@A@@BA@AB@@AB@B@BAB@BAB@B@@@BAB@B@B@BB@@B@B@B@BAB@@@@A@ABA@@@ABA@@B@B@B@B@B@BBB@B@B@B@@@B@B@B@B@B@BAB@BAB@@ABA@ABA@A@@BAB@@AB@B@B@BA@AB@BABA@@BAB@B@B@@@B@BBB@B@B@@@B@B@B@B@BBB@B@B@BBB@@BB@B@@@FBF@@@FADA@@B@@BD@B@D@BABC@A@ABA@@B@BA@@BAB@BAB@B@@AB@B@B@B@B@B@B@BBB@B@B@BAB@B@BBB@@@B@BBB@@@B@B@BAB@@ABA@@BA@@BAH@F@D@DA@CAA@CBE@EBADAHCFAD@F@B@@AB@BAB@B@BAB@B@BAB@B@BAB@B@@ABA@@B@BA@@B@B@B@B@BB@@BAB@BAB@B@B@BA@@B@B@B@@@BBB@B@BBB@B@B@BBB@@ABA@@BABA@A@A@@AA@A@A@A@A@A@ABA@@BA@ABA@@BA@A@ABA@@BAB@B@B@B@B@BAB@B@B@B@@@BAB@BABA@@B@BA@AB@AA@A@AA@@AAA@ABA@@@A@A@A@AB@@A@A@A@A@A@@BA@A@CBC@AD@D@D@@@BABAB@BBD@B@D@B@D@DABABABA@CACEAGCCC@CBCB@D@DADEBCFA@AB@B@DAB@@@B@J@DB@FBBFAH@FBFBFD@ABC@CBCAACCEAK@IBK@KAAACAECK@G@CCAG@@AEAE@CCCAACAAAC@CACACCAACAAE@AAC@CACCACAEACAC@C@E@CCCCC@C@E@E@C@E@EACACCAGACACCAEAEBCBC@E@CAA@EAEAEBCDADA@AFCBC@EAEAEAC@ECAAAAIAE@CACBC@C@C@EAAAIEGCAA@CAAACAA@ECKCAC@IB@@EAC@E@AAEAEEEAAAAEACCACACACACCCABE@CAAAC@K@C@E@C@ABCBC@C@G@EDCDBDD@@B@BABC@A@CDCF@DAD@FCDABADABADABEBA@CAC@AAEDAD@DADCBABC@ABCDAD@DCBEBCFC@C@CCCACAEAC@E@E@C@AAC@A@C@A@CECEA@@ABEB@B@D@F@@AH@B@BDFBB@BABA@A@C@@@A@IAIEC@C@ACAACBEBAAEAC@E@E@AAAEAC@ACCEECCACACAE@EBABCCCA@CAAACCAAAEAA@GBG@EBA@E@C@CCAACEAC@CAE@C@EBC@AAAACCC@C@CFCBCDCAC@ADCDCAAE@EBG@EEA@@@DAFABC@AAACBGCE@ACC@ABABAFCHC@@@A@@@A@@A@A@A@A@@@@AAE@@@CDA@A@CCCAACA@CBADCBABABC@CBAFADC@C@CAE@C@AACA@@@A@CDADABA@EACCAAAE@AACACC@C@C@C@CA@CBEBCDCD@@AEGGK@EFCHAJEDI@O@MDEDC@A@CACBADABCDC@CACAEECAC@CACCACAC@C@C@C@CBCBCAAA@A"],"encodeOffsets":[[118823,26159]]}}],"UTF8Encoding":true}