{"type":"FeatureCollection","features":[{"type":"Feature","id":"150502","properties":{"name":"科尔沁区","cp":[122.264042,43.617422],"childNum":1},"geometry":{"type":"Polygon","coordinates":["@@@@DB@BBB@@@@D@FBBBB@D@F@B@D@B@@@BB@DDB@@F@B@D@D@@@FAD@@ADA@AB@@@@@BB@@@B@B@@B@J@LAF@DAJAJAF@D@HB@@BB@D@@B@@@FAB@B@D@@CBABCJAFAJAFAHAHADEBC@ADBDEBCBE@@DEBC@AHCBCBABA@@HABCB@DA@A@A@@@@B@BA@@D@B@F@BBBAD@D@B@BBD@B@@AAADCD@B@@@D@BBD@@@BABA@@B@B@RCB@XH@@ADLBFBFDBBDB@@B@BAA@BCDBBEBELDPDLCB@A@VBDGBA@ABA@CBA@@BABAG@@I@C@I@A@@@A@@@@@@AB@@A@@A@@@@@A@@@@@AB@HE@@BG@CBIBC@ABGBIBI@CBEJ@RDP@BE@AFB@@D@@HN@FBbBbDB@@DAJ@DIAABBB@@A@ADNBAFJ@D@AF@DABH@BBF@AHABL@BBN@@BC@AD@DD@@DAHA@CBBBA@@BJB@@HB@@J@DDF@F@DB@D@@E@@D@BAD@BA@@BAB@BB@AH@DAD@B@BA@AHBLHB@@@HAJFFB@@CAIDAB@JDFB@@FDABABF@AFAD@BHDGJHHDBJJFHAAA@@@AAA@@B@@@B@@B@@@B@@BB@@B@BB@@B@@A@@@A@A@@@A@CBLBADG@CB@BA@DDEFDDB@DBB@D@B@B@BBB@@@D@B@F@D@D@DB@A@BDC@ABAB@@@AA@AHBH@B@JBF@LABE@@@@B@BB@@BBBBD@FDD@FB@@BBFBDAB@@@B@D@@B@@CAA@@@@@@B@@@@@DBB@DB@DD@@FLBF@BAHBDEDD@D@BFADDBDBBBB@D@BCBCFABADAB@BAB@B@HBBBA@@@DBDBDBD@B@F@F@D@@BF@F@D@FB@@BBA@AH@@@D@@F@DABA@ELCHBHBJ@HBH@@HB@B@D@F@B@@A@AB@B@B@@@BA@@@@D@AJ@BA@A@A@A@BDBDCBC@AFCLCLJ@BBB@@B^DF@\\BB@J@DB@FJLHJRLZRRJFDPDFBdBAF@BB@DB\\AP@VNNBB@BBFAPCFCFABAJEDGVGBAfJbHLD^HD@JDTH@BNFB@ZHLCDEHAHDB@FBJ@FA@@EEACEECCAACAAA@AA@CAACECCCCAECAACC@@B@LA@A@@@@ECAAA@GCCGCKEECKOEACGC@@CCAA@@@A@@@@A@@A@@@@A@@@@@A@@@@@AB@@@BA@@@A@MEAA@@@ABCF@@@@@@@@@@AASAGB@@@B@@@B@BA@@D@D@@@@@@AB@AE@E@@AAA@A@A@CBC@A@ABA@A@AA@@A@@@A@@AA@EAGCSEBADC@@C@CA@@@@BARQGA@EB@@@BAB@@A@IDEB@@CE@A@@@A@@@DCB@AEAAAGD@@@@@B@@AA@@@@@@A@@@A@@@A@@BABAB@B@D@@BB@B@B@B@@@B@@B@@B@@@D@B@B@@@B@@@B@@OPB@BHDLCB@BADAB@@LBB@@BD@@@@B@@@@AB@B@DBBBBBB@BB@@B@@@@@BA@@B@BAB@B@@@@@@BBB@@@@B@@@@ABAB@D@@@FAB@FAACBAB@@ID@@IBAHLB@@AB@@@@AB@@BB@B@BA@@@BD@BBBDFDBDFDDBFBADLRFADAB@@BCD@@BBAB@@ABB@@@H@AHJB@BB@DCTEFFBDDAEIH@ACAA@@D@BGD@FIA@@AH@JADABC@@@AA@C@EAAA@A@@DAF@H@NCF@@AAC@ADAH@PADABA@AAA@ABC@ADAPBPBNBLBLBBBAD@D@BABAF@BBB@BD@D@JAD@@@@B@BCFAB@BBBBDDBF@N@@@JAJAHCFCFCBAFAB@DBFFLFF@DAJCB@FBFBFALANEFAB@BA@ABCBABA@CB@BA@AB@BAB@B@BBBBBDBD@B@B@BBBB@D@B@DAD@FCDCDC@CBABCBABBHDD@DBBADADCFAFADADADADADAF@DAD@D@B@B@D@D@DADA@A@A@AAAAAACAABAB@BABBD@BDDBDBB@DA@@BABA@A@CAAAA@A@A@ADAB@BBB@BBB@BBBBDBBBD@B@BABABA@@B@@ABC@CBA@ABABCBABABAD@D@D@BBB@BB@@BBBDBBBBBBBBDBBBDBB@@ABC@C@A@C@@@AAACGCCCCECAABAB@FAXDDAB@BAAAAACAA@KAEACCCC@ABAB@B@DBHD@A@A@CQ@BGCAB@BCDAC@@AM@AEB@DGBEMBABA@@@@A@C@A@ABA@A@A@A@A@A@@B@@@@@@@@@@AA@B@@@@@A@AA@@@@@@@B@@@@A@CACAA@BA@@@ADB@@@A@A@GB@@C@C@GAC@G@@@@A@ABC@A@CBA@@@A@A@A@ABC@CBA@C@CBA@A@EBA@A@A@A@A@A@A@A@AAEACAA@AAEAEAC@@@AAA@@@CAA@@@@@EAAAA@A@AAC@AAA@A@A@AAA@A@C@C@AAC@C@@@C@CAE@A@CAA@A@A@C@@@ABA@A@ABC@A@CBA@CB@@A@AAA@ECAAA@A@E@@AA@CAAC@@@AA@@A@CB@BA@A@@BABC@AAAAC@A@ADA@CBACGA@ABABABABQJCBGKAA@G@@@G@A@C@ABA@AB@@@FE@ABEBA@AAGSAaAoC_AsDiB@@@@@A@A@A@@A@@A@@A@@@A@@@@@A@@@A@AB@@@@@@A@@@@AAA@AA@@@@@A@@@A@CBA@CDCBA@AB@BABA@AB@@@B@@@BB@@@@@A@A@ABA@A@A@@@A@CACA@@A@@@A@@@A@A@@@A@AB@@A@A@@BA@ABA@CBC@@BA@A@ABCBABA@@@C@G@E@C@A@A@CBE@C@ABA@@@AACAEACAAAA@AAA@AA@AAEAC@@@@A@CAA@AAA@CCA@AAAA@@A@AAC@@@E@A@CAA@EAC@C@CAC@E@A@C@C@C@@@I@E@GAECG@G@GAIAIAI@G@CAECICAAECECCEAAAAEA@@EAC@C@A@A@C@AAC@C@EAC@A@C@A@AGP@JSFMDMDGBCDGC@EACAA@A@EAC@CAA@A@A@CACAAA@@A@CAC@C@C@C@A@A@CCCIAC@ABK@@BB@BBBB@@BDBBBBBB@B@@C@A@AAA@AAA@@CAAA@@@@@A@@@A@C@A@AAA@@@@@@A@@B@D@@@@@@A@@@@@@@AA@AAA@@@@@@A@@@A@@@AB@@AA@@@AA@@A@@A@@@@@@@@@A@@@AB@@@@@@BB@@@B@@AB@@@@A@AAA@A@A@@@ABA@@@@@A@A@@AA@AA@@@@A@A@@@A@C@CCEACAC@CA@@A@@@@@A@CBA@@BABA@@BAD@B@B@F@BBB@@@@@@@@A@@@@A@AA@AAACAACAAAA@@AA@A@A@GAEAICKCIAKCGCA@GCGCEA@AA@@@@@BA@@B@BACCKAC@@@@AA@A@A@@@CB@@A@@@AA@@A@A@A@A@CBCBEBC@A@C@A@CBE@E@AB@B@F@FKAG@E@A@C@E@A@C@A@C@CAEAA@AA@AAA@@A@A@C@A@A@@@AAA@AA@AA@A@C@AA@@AAA@A@A@ABA@A@A@CA@BAFADA@E@CAA@@F@BADE@I@@@@@@ABA@@BA@@@@@A@@BAA@@@@@AA@AE@E@A@@@A@AAC@C@C@C@A@A@AA@@C@CBA@A@C@C@@@CAAAJ@@A@@BMBA@AD@BC@@A@FMCE@CC@@IEA@AA@EAKAAAOEAAAA@@ACIIAC@@@G@@A@C@E@IA@ADG@ABGDKBEHI@@@AA@@A@@AA@AA@@A@@@A@@BA@@@A@@@@@A@@@A@A@A@@@A@@CE@@@@@AB@@A@A@@@@@ABAB@@A@@@AB@@A@@@@@AA@@A@A@@A@@AA@@@A@@@A@@@A@@@A@@@AAA@@@A@@@@@@@@@@B@@@@@@@B@@@@@B@@A@@@@@@A@@@A@@A@@@A@@@AAA@@AA@@@AB@@A@@@@AA@@@AA@@@@A@@B@@@BA@@@@@AB@@A@@A@@@@A@@@@@A@@@@@A@@B@@A@@@@A@AA@@@@@A@@@A@@@A@@@A@@@C@AAA@@@A@@@AB@BA@@@@BA@A@A@ABA@@@A@@@AB@@A@A@AAA@@@@@A@@@AB@@A@ABA@A@A@@@A@@@A@@@A@@@C@A@AA@@A@@B@@A@@@@BAB@@@@A@@@A@A@@@A@@AA@@@B@@@@@@AA@@@@@AA@@AAC@U@CB@@@AA@@AAA@AA@@ACGCGAECGCIAGC@C@A@A@@@A@@@A@@@@@AA@@A@A@@@A@ACCEK@@CF@AC@@@@@B@@@@@@A@@@A@@@A@@@A@@@C@@@A@@@AA@@A@@@AA@@A@@@ABC@A@AB@@A@@@@A@@A@@@@@@@A@@BA@@@A@@@@@A@A@@@@@A@@@A@A@ABABQ@EAEDCBCBIJKA@CBK@G@I@@ODGBC@A@CBA@C@AB@@CBABAB@BA@@@A@C@CB@@C@OAC@QAK@I@G@A@ABE@E@G@E@E@G@C@C@E@CBG@G@E@A@ABC@GDEBCBA@C@E@IAE@E@A@C@E@GBGBE@E@C@E@G@C@CAEAA@C@G@E@E@E@E@EAC@I@E@E@CAG@GBC@A@ABGBGBCBEBA@E@G@ABA@ABEDA@CBABCBCBABA@A@A@A@A@CBA@A@A@A@@A@GAGG@EBE@EBEB@DAB@H@@@BA@@@AA@@A@A@A@A@E@C@C@C@C@A@C@C@A@C@@AABAAA@A@C@A@@@A@AAAA@@AA@@A@A@A@@AABA@C@AB@@@@A@@A@@@@@AA@@@A@AAA@A@A@@@@@@@AAB@@@B@B@B@@@@A@@@A@@B@BAB@@@B@@@BBB@B@B@DAB@B@@AB@@@@ABABA@AB@@A@A@A@A@A@AAAAAAA@@@@A@@AC@@@A@CAA@C@C@@@@A@A@A@@C@ABC@CBADA@ABABCB@BCDAB@@A@CAA@A@@BA@@@ABADABC@ABC@ABC@A@@BA@@@@BA@@@GBC@EBABABA@AB@@@B@@@BAB@@@B@BAB@@@B@@BB@@@BB@BBD@DBJBB@B@DBD@FBD@DBB@@@B@@@FALANAJA@B@@AB@BAB@B@@@@@B@@@@AB@@A@A@A@A@CBEBA@C@ABA@A@@B@B@@AB@BA@ABA@ABC@ABABA@@@@@A@@@A@@BA@@@A@@@A@@@@@A@@@A@AB@@A@A@@B@B@DAD@B@D@B@BAB@@ADA@FHC@@D@D@BB@DBB@DBB@@@BBB@B@@@DBB@B@D@D@B@BBD@BBDBDBB@DBD@D@H@B@D@HAF@BADBD@D@B@D@DADABABADAD@FCBADADABAB@BAF@B@D@DB@ADBF@NBB@DCD@F@F@BBBB@BCZ@FEBGBAB@F@BBD@@@@BBHBRJB@DBB@F@@DCBEBM@@BV@ADG@@BKB@A@@GA@FYE@AIEKAC@C@EACFC@@@GA@BFB@FQ@@DAB@BK@A@A@@@@BC@IABAGA@EE@KB@@KF@CUF@J@BA@A@@B@B@@H@CD@@ABAP@D@BAB@BAHDBB@ADCFBBFAF@HB@@@D@@@D@F@@@DC@BF@DA@@B@@@B@BC@EBCBCBEBABAB@@B@@@B@DADAB@DAD@B@BB@@BBA@@@ABC@ABC@ABABA@@DA@@@ABC@CBABA@AB@DABABCBEBEBC@CBC@A@A@AB@@ABAB@BC@CBA@A@@BBB@BD@D@D@DBF@FBD@BBBB@B@@AF@BAD@B@BABABA@AB@BBBD@B@FBD@H@B@B@D@B@FADADADAD@BA@@DADADAB@D@B@F@BB@@@@@B@@ABCBA@@B@@@@D@DAD@BBB@B@BAB@@H@JBDCDOJ@DBL@L@LK@KBK@G@@GA@@EU@@DIDI@@NA@@B@FP@TBDE@ANBDDHFDBFFBBBB@FBF@@BJBBDBNFRFDEBA@AD@B@N@JB@@B@@A@@FAJA@@AA@@B@AA@A@A@A@AFIBA@@DCBE@CFBTFD@BBN@^D@@B@B@BABA@CB@@ALADAF@AAB@B@B@DB@@@AB@ADDBJH@@DBADDBCJA@DHABA@A@@@@@A@AHCLAF@@@B@@XCBHC@A@A@@DADJ@L@H@@BO@@BP@@BS@@AK@DDZ@H@BABBD@@@@BAHA@A@A@A@@@AB@@GAA@A@@@AHADAH@BID@@HD@BA@@B@@AD@BOCA@@@AB@@BBBB@BA@BBBDBBA@A@CBC@CDOJABCAC@@BAD@@QDCBQLCDTL@@EJ@@AFELADEDA@IFEBEDCBCBMFA@CBC@@HCB@@AB@@B@ABA@B@@BFADDFHDFFFLAB@B@B@@AB@D@BF\\BB@@DH@@@@BA@EBC@@@CB@DAD@D@LBB"],"encodeOffsets":[[124733,44845]]}},{"type":"Feature","id":"150523","properties":{"name":"开鲁县","cp":[121.308797,43.602432],"childNum":1},"geometry":{"type":"Polygon","coordinates":["@@ZBP@VBF@TFhJRDhF`BbC^CdEJANAdIJAdIB@^EX@T@XAV@X@J@LATCLHLMDUZEFQTQzLOVILOTMPKLITIRAVARAN@@@BAF@BFDEF@@@@@BA@@BABBB@H@B@@@FBD@@A@OCC@@@@@QAI@EAABCBCBGDABEDABA@ABKAEBAB@@@BB@@BA@AB@@@@@B@@B@BBB@@@DCB@BB@B@@B@B@BB@@@@BA@@B@B@@@@@@B@@H@@@B@AA@AB@@@@@@A@@B@D@@@@B@@@@AB@B@@A@@@@B@@B@B@B@@B@@@@@B@B@@@@B@@AB@B@DADBB@@B@@@B@BBB@@@@@@B@AAB@B@BABBBBB@@@B@DAB@@B@@@@@B@BB@B@B@B@@@BA@@@AA@@@A@@A@@@@B@B@@@BAB@@@@@@DB@@BB@@@B@@@A@@BBBB@@BA@@@@@A@@@BB@@B@@@B@@@@@B@B@@A@@@AB@@@B@B@BBBBF@DBB@@BB@B@BBBBB@B@@BBBB@@BBBB@F@B@@@B@@@AB@@D@BBD@B@BB@BD@@@@B@@D@DB@@DA@@B@@@B@@@B@@AB@@@BB@@B@@@@@@@@AB@@@@@@@@@B@@@B@@@B@B@@@B@@@@A@@@@B@@A@@@@B@@@@@@@B@@@@@@@@@@@@@@@@@@@@@B@@@@@@@BB@@@@@A@@@@@@@@@A@@@@@@@@@@@@@@@@B@@@@@@@@@@@@B@@@@@@@@@@@@@@B@@@B@@@B@@@@A@@B@@@@@BA@@@@@@B@@B@@B@@@B@@@@@B@@B@@BB@@@@B@B@@@B@@@@@@@@B@@B@@@@@B@@B@@BDBBB@B@DAB@@@@@B@@@@@@AB@@@@@BA@@\\ftnGprHZPDI^FB@J@@BJBBDpWlAX@bA^\\IP{nBs{B@@ADADCFCFEFCFCHGHEBADCDEHGDCDEHGFGHIJI@@DC@@@A@C@AAQ@C@C@@B@@@D@B@DBAB@@BB@B@@@A@ADABA@ABA@ADC@AD@BBFBBCBBFBBACC@CCI@CB@B@HG@AB@FHFGFGDCFBDAHCHEIC@ABAB@BAB@@AB@@@BA@@@CFAHEFCFCFCBAPIL@HDHGA@JENILIBGXABCDCBCBABCC@BC@A@ABCGA@CACAAEABAGEGEBG@A@C@A@EDADCFC@CDCBAB@@ADEH@DAHM@CG@BE@CBADG@ADGDCJCPEPCNAfI^GB@FAJAPCREXEVEDBB@B@@A@@@A@A@CBE@@AA@K@CBC@CDA@@D@FAB@@A@@G@@CA@[AAEC@A@@BA@A@A@KBEECEEGCCEB@AA@B@BAA@@@BA@@DA@GD@DAB@NEDADAFCFAJEB@FCBCFKBE@@FI@@SKDCRKDARC@@BC@AD@DBBAPIDCD@DAB@B@AAACAAB@@AAAAA@@BA@@B@PD@ABC@@@AB@@AGC@@JC@ABGBCBG@@B@B@HB@@BA@@B@B@B@B@BG@A@@C@AAABG@Y@CCL@@BT@@AO@@AP@@AG@K@I@BC@CB@B@D@AGWD@@@A@@BEDKBGB@@@@@B@B@BACGB@DICABCCA@@IGCABCA@@B@@CAA@A@A@BBE@CBKB@BA@@DABABA@A@@@]CM@AAC@SEEA@DAFCD@@ABEJ@B@B@B@BBBA@@@BB@@IBEB@@@BA@@@IAM@A@C@@BABCFQEMECAAAAI@@AE@EAAAAEECAGECCMA@BCFSAO@@E@AB@@MJ@JC@CV@@FB@@HH@L@LAL@@K@KAK@CPIDCAC@I@GA@ABA@A@AAC@CBC@@@@@@AB@DABA@@@A@@@@AAE@A@C@A@CBCBCB@@ABC@CBCBCBEBA@C@A@A@G@C@EAA@C@AA@ABAB@BABA@A@ABC@ABE@@@AAAAAC@EAE@CAC@C@C@@AAA@AB@B@DAD@@ABABA@@BAB@B@D@DAD@FAFADABABA@CBAB@BADAD@BA@@B@@CB@BABAD@BAD@BA@@B@AA@@AAA@C@CBA@CBCBA@@@A@@@BABAFADADAFAD@@A@A@@@AB@@CAED@@C@@@E@C@@@C@@GAE@EBAADEBCA@CABG@ABA@A@CBOBA@@DCG@@@@A@AB@B@@A@IVE@DLE@@LAF@@FHBABJBD@@A@@B@B@L@@ABA@CR@@EEA@AHB@@D@DEFBD@D@LBJF@BZF@EHB@@@BLA@AH@BCU@@AN@FADA@CE@A@CAA@QIGAAA@@@@AC@A@EBAHAFA@EDY@AAAAAE@E@C@CDA@MAE@CA@BCAC@A@E@ABA@ABCBCBABEDC@CBABABCBCBC@A@C@C@CAABE@GBC@A@G@C@C@CAA@CACAAAC@AAA@C@C@A@A@CA@@A@A@AA@@A@CAA@CAA@@A@C@CD@EGB@BC@@BA@A@A@C@ABC@C@A@AB@B@@@BAB@@@B@@@@@B@@@B@@@B@@AB@@@B@@@@@B@BABAD@BAB@BAB@@ABA@@@A@AB@B@BAD@B@FADAB@B@B@B@@@BA@@@@@A@@@@@ABA@ABA@@@AIBMBKBEB@@A@@@A@CAC@EAC@CAA@A@IACAC@AAA@@A@@AA@@@A@@BA@A@A@@BA@A@@@A@@BAB@BABAFAD@HA@@A@gEA@@@A@ABA@C@C@I@IAKAGAA@KAIAE@E@EAA@A@A@GA@@@@@@@@BA@@B@@@B@@A@@@@@@B@@A@@@@@@B@BB@@B@@@@@@@B@@@@@A@AA@CA@@A@A@ABCBA@@A@AA@@A@@@A@A@A@C@C@@AA@@@@@@@A@A@@@A@AB@BABCBA@C@E@C@C@AAC@EBC@A@A@A@AA@@@A@@@ABA@A@@@A@@A@@@A@ABA@A@CAAACAACAA@@AA@@@A@A@A@C@@AG@G@C@ABA@CBA@@@@@AB@@@@@FA@AB@@@BCB@BAB@BAB@BA@ABCBE@C@C@AAAACA@GFMJG@E@E@A@EAMDAFK@BFC@@B@B@@C@@HEFDB@BJFEN@BCFEJFB@BBBIFGACBCBAB@@@BADE@CBIBCBED@AC@ECA@ABCDB@@BBD@B@@AB@BDH@BABABADABBBB@@B@B@D@@@F@BAB@@D@@BAB@BB@BB@@ABABABEBCBEDABABGBABABADAD@@A@C@AD@@B@B@CFGJAJ@B@B@F@D@@IAA@A@A@AB@@C@A@@BB@DBB@BBE@GBKBA@@CAAGDA@C@@@@B@BA@EDSFUHKFCB@@@AB@A@@@A@E@ABAAC@BBAB@@@B@@@A@@A@@A@@A@C@@@A@C@GH@@@@OPDFHA@BB@@NA@@DC@@BABAB@@BBED@F@B@DA@@B@DADB@@@@BADCDAB@@@B@@AB@D@DAD@BB@B@A@ADABAD@@@BB@@@B@@@AF@@@BA@@BADADADC@QFEBCBCBCDGDGDK@E@G@G@A@E@C@C@GAECK@K@KDA@CBCACBE@A@EAIACACA@A@ACAC@E@C@C@C@CACAG@C@E@A@E@C@@@C@A@A@@@CBCBG@CBKBKBIBA@CAA@C@CBA@A@@AA@CCA@A@A@@@AAA@@@A@A@A@CBA@ABA@@BA@A@A@A@AA@@ABA@A@CBC@EBIBU@SAC@AAC@E@CAA@AAA@AA@@A@C@A@EAA@AAEAA@AACACACACAC@A@A@A@A@A@CACAC@A@CBEBEBIDCBC@@@@@AA@@A@A@A@GBA@CACAAEA@CAC@CBCBA@C@C@E@EBE@ABKBCBCBC@CBEBGDC@A@C@AAAAAACCCACACACAA@@AAA@CCCCAEAO@IAGCCACAE@EBE@GAEAE@EBMDI@K@IAICCACCCAE@EAKGIEEECAECE@ECCCECQIUIOCM@Q@I@K@I@EBEBG@GEIEMCMCMIOEMAECAB@AA@A@C@A@C@A@A@@AAAA@@C@AAA@A@C@A@@BCBABCBC@AA@AAA@AAAA@@A@GCG@GAECECGCAAAEAAC@C@CBEFCDABA@CACACCEEGCA@C@G@G@I@ECKGGCG@GAG@KAG@GCMIKCGCI@E@C@C@CBA@G@C@A@A@C@C@A@C@GAEAE@EACAE@E@G@M@MAMEQEUIOCEAE@E@CBGBCDC@A@G@C@E@CAECG@ICQACAC@E@CBC@E@I@C@A@CBCBE@I@E@MCKCK@IAIBE@UBK@E@EADFFDJFHDF@BBFDLDLBJFNJLJPJHBHBJ@JAF@J@H@LBLFFDHFNFFDJBLBR@LBR@LALAhEFBLFHFFFLFLFFFFFFBDBHBJ@FBHBHHDDDBHDFFHJFBFDBD@BAHAF@DBDBBBLBFABAD@DBFDDBBHFBDBDDBHDFDDBB@H@H@FBFDJNDFRHDHHDJFJBFBD@HFBBBBBB@D@BDBD@D@H@F@DBHDNFD@DBFAFCD@DAF@FBD@BBDBDDFDDDHFFBJFDBDDD@FDDBB@DDFBDBB@@BB@DBNHHDDDB@DBJ@FBB@B@BBDBFBHBJBJ@HBDDHBDBBBB@@@BBDBF@HBF@JBHBFBDBDBHFDBBB@B@DAD@DBDBDDDDDF@F@F@D@B@B@BBDBBBBB@DBBDDFFHDFDFBDBBBBBBB@BABADAFaCILCFABAB@@ABOVGLCFIPeNUVKLCBMLIF]RM`abKJKNIJqZsZ@^@LBB@BVJ@R"],"encodeOffsets":[[123698,44903]]}},{"type":"Feature","id":"150524","properties":{"name":"库伦旗","cp":[121.774886,42.734692],"childNum":1},"geometry":{"type":"Polygon","coordinates":["@@A@A@@@@@AA@@@@@A@@BA@@@ABA@C@A@C@ABA@@BCBC@A@@BA@A@C@A@@@@AA@ACC@@@AAG@A@G@@@CAC@A@@BA@@@@@A@A@A@A@@AA@@@@@A@@@A@AA@@AAA@@AA@@@@A@@@@@A@@@@@A@A@@AA@@@@@@@@@@@@AA@@@@B@BBB@BBHADADABG@EAA@KACAC@@@AACA@@A@@@C@@@C@ABA@A@@B@@AB@@A@@@A@@@A@@AB@@@@A@@@@AA@A@@@AA@@@@@A@@B@@AD@@A@CBA@@@A@@A@@@A@@BAA@@@@@A@A@EBC@CBA@A@EDA@E@C@C@A@@B@BBBBB@BABADC@C@A@ECC@A@ABGDCBEBEBIBG@A@A@A@ABCLAFCDA@A@C@EAECGAE@C@AB@D@BBDBB@BADA@EBEBABA@A@C@A@MECAA@A@@A@A@A@ABA@@@A@@@AA@@ACAC@CAA@A@CACAC@E@G@AA@@A@AAAEACAAA@AAC@CBKDGDGBG@CBE@CACAAC@C@EAAACECCAAA@BABAJA@@BA@CD@@A@C@EBC@@@A@C@EAAAAC@@@ABC@EBC@@AA@AA@A@C@A@E@C@C@ABA@I@EBAAA@@@@CCAAC@@@ADGFKBABC@A@CAC@AA@CAC@CBCDABA@ABA@AAEAACAA@AA@@A@AA@@@@AC@AAA@@@AA@@@@BABADABA@A@@@AAAAAAA@@AC@@@A@@B@@A@@@A@A@A@@BABABA@@@A@AA@@@AA@@A@@AA@A@A@@@ABAB@@@@@BAB@@A@ABC@@@A@AAA@AAA@@A@@@@@@@A@@@@A@@A@A@@AABA@@@AB@BAB@B@@@BB@@@@BB@@B@BAB@@@B@D@B@B@B@B@B@@ABA@@@A@@A@@@AAA@@@A@AA@@@@AAA@A@@@A@AAA@A@@@@@G@@@A@@AA@@A@@@AB@@AB@@A@@BA@@@@BAB@@@@AB@BABA@A@@B@@@BAD@@@BAB@@@@AB@@@BA@@@@B@@AB@@AB@@@B@@A@@@@A@@AA@AA@@AA@@A@A@@@A@A@CC@@@@@A@@BA@ADCBCBA@@BA@A@A@A@A@@AAAAA@AAA@C@A@@@ABABABA@@BAB@@@B@@@@@BAB@B@@A@C@@@A@@@AB@AA@A@A@AA@@@A@@BAB@@@@@@A@@BA@@@A@@BA@@B@DADA@@DA@@BA@AB@@AA@@@@@AAA@@@@A@C@A@@@@@A@@@@BA@@@A@@@A@@@@@A@@@A@@@@A@@A@@@@@AA@@@@@@@A@AA@@@A@@A@@A@@@AAA@@@@@@A@@AA@@@@@@@A@@@CA@@@A@@@@@AA@@@CAAAAA@@@@AAA@@@AA@@@@A@AAA@@@C@@AC@CAA@AA@@@@A@@@A@AA@@A@AA@@A@@AA@@A@@@A@@@@BA@@@A@AAAAA@@@@@A@@@A@@@A@@AA@@BA@A@@@AAA@@BA@AB@BA@A@@@A@AA@CBE@CB@B@BBB@B@DABABC@ABABA@A@@@AAAAAA@A@A@ABC@A@A@A@@@AAAAACAAAAAA@A@@@AAA@@BA@AD@DAD@D@@ABABA@@BA@A@A@A@@@A@A@@@A@@@AA@@A@@AA@@@@@@A@AAA@A@@A@AAAAA@@AAA@A@@B@@A@@@AEI@A@C@A@@@AAAAA@A@A@AAA@A@@AAA@@@A@AA@@@@AA@@A@@A@@A@A@@@A@@A@@A@@@@@@@A@A@A@@@A@A@@B@@@@@B@B@BBB@BBB@@BBBB@B@@@B@BAB@BA@@BA@AB@@AAA@ACAAAAA@AA@@AAC@AAAAACAA@AAA@@@A@@@@@A@@A@@@@A@@A@@A@@@@A@@@@A@@A@AA@@AA@@@@@@A@@@A@@@@@A@@@@@@@@@A@C@@@A@A@@@AAA@@@@@A@@@A@@AA@A@A@@A@@A@CAA@@@@A@@@@@@@@@@@@@@@AA@@@A@@A@@@AA@@@@@@@A@@@A@@@CB@@A@@@@@A@@@A@@AA@AA@@A@@@A@@@A@@BA@AB@B@C@A@@@A@@@@AA@@AAA@@A@AAA@@AA@@@@AAA@@A@C@@A@AA@AAA@@@@ECACA@AACC@AA@AAACA@@@@@@A@@@A@@@@@A@@@AA@@AA@@@@AA@@@@AAA@AA@@AA@@AAAA@@@AA@@AA@@A@@AA@AAAA@@@AA@@@@@A@A@@@AAA@@AA@AACA@@C@AAA@A@AAA@@@A@A@@@A@C@@@AA@@A@ABA@A@A@ABA@@@ABA@@@A@A@@@A@A@A@@@A@A@A@@@A@@@A@AA@@@@AA@@A@@@AAA@A@@@A@@BA@A@ABABABCBA@@BA@@@@BABABABAB@B@BAB@@@@A@@@A@@B@@A@@@@B@@@B@B@@@@A@A@A@@@@@@B@BBB@B@BA@@@@BA@@@@@AB@@@B@@@B@@AB@@@B@BA@@B@B@BA@@B@BBB@@@B@BA@@B@@@BADABAB@B@@AA@@A@A@A@AA@@A@AA@AA@A@AAAB@@@@ABA@@B@@@@AB@@@BA@A@ABA@ABC@@@A@@BA@@@@B@@AB@@@B@@AD@@@BA@@@A@@BA@@@A@@BC@@BA@@BA@A@@BAB@@@BA@@B@@@BA@@B@@@B@B@B@@@@B@@@DDBBB@BBB@@BB@@BBB@@@B@BAB@@@BA@@DAB@@A@@@A@@@A@@A@@A@@A@@@@@AA@A@C@C@@@@@@A@A@@@A@@A@@A@@@@A@A@A@A@@@A@A@A@@@@A@@@C@@@ABC@A@@A@@@@AC@AACACAA@@AA@A@C@A@A@@A@@@@@AB@@AB@@A@A@@@AA@@AA@@AA@A@A@@@AA@@@@AA@@@@AAA@A@@@A@@@A@A@A@@@@B@@A@@B@@A@A@A@A@ABA@C@A@ABA@A@AAA@CAA@A@A@CACAE@CAC@AAC@A@@@@@CC@@A@@@AB@@ADAB@BA@AB@@A@CA@@A@@@CFA@ABA@A@@@A@@A@C@AAAAAAAACA@A@A@@@A@A@@@A@AB@B@D@BA@ABABCF@@A@A@A@@@A@CBA@@BA@@AA@@@A@@BA@A@@@A@A@CBABA@@@AA@@AAACCA@@AAAAA@@AAAC@@A@@A@BA@@BAB@@@@@AACAAA@@@@AAA@CAA@EAA@AA@@A@A@A@@AA@@@AAABA@A@A@CBA@@@AAA@AAAA@@A@@@CBA@@@A@A@@AA@@@ABABA@@@ABA@@@A@AF@B@BABCB@@ABA@I@A@A@@@@@@@AAB@@A@A@@@A@@B@@A@@@A@@@ABAAA@@A@AAC@A@C@G@I@C@@@A@C@C@A@CAE@A@AAAA@A@A@C@CBC@C@AAC@A@ABA@C@@@C@A@@AAA@CBA@@@@@A@A@A@A@AB@@A@@@A@ABA@@@A@ABAB@@ABA@CD@@ABA@A@ABAAA@A@@@AA@A@A@A@@@@AAA@A@@@A@@@@B@@ABBBAB@B@@A@@@@@@@C@@@AC@A@A@@AA@A@@A@@AA@CA@AAA@@A@@AA@A@CAA@AAAAA@ECA@AAC@AAA@@@@@@@@@@@@@A@IAIAA@C@AA@@AAAAAA@@AAA@C@@@@AB@@CBA@@@AB@BAB@B@D@@@BAB@@AB@@@@AA@IEAAA@A@@A@@BA@A@A@A@A@A@A@A@AAA@CCIAACEACAAAAA@A@AAAAA@AAA@AAA@@AA@@AA@@AA@@A@@AA@@@AA@AAA@CAC@@@AAA@@@C@A@@AA@AAAAA@AAA@AAC@AA@@A@A@A@C@@BCB@@A@@@@@@@ABA@ABA@@@AA@@A@@A@A@@BA@@BAD@B@BA@@@@@@AAA@A@CACAA@@@@@CA@@A@A@A@A@@@@@A@AAA@A@A@A@A@A@AAA@@@A@A@A@@@C@C@@@A@@BA@@BAAC@C@@AC@@AAA@@AA@@@C@@BA@A@@AAA@@@@A@A@@@@@@CBAB@B@DAFCBCD@@DBB@BDEDADADABABABA@AJ@@F@@@ADEJA@CBBBBJBDABA@@BA@KCE@EBGD@D@@BDBFPJCHBD@@FBDBBBDBBFFDDHBF@@A@@@CAEAC@A@A@ABO@CBED@B@@@@H@HB@FDDBBBBDBDBBB@B@HCACFIHCDWFCDLFBB@LIAK@KNMHQHIDIDBF@@ABA@AB@BADDDBDBDCDEHHBJBDB@@@B@BA@@B@@@B@@ADJDFDAD@DAD@HDFBBJHDDJHFD@FBBCBCDEFCJAFBBDBFF@@DBF@H@F@HA@@B@B@B@@@@B@@@B@@A@@B@@@BBBBB@D@@@@@B@@AD@B@@AD@BABA@AB@BABADAD@BFDFBB@@@@B@BA@@BA@@B@@BB@B@D@DAF@D@B@B@@BF@FFABB@BDFBCDAAA@C@@@A@ABABCDDHBDCJBCHE@AAAD@HFBAFD@CHH@@@DBBB@B@B@@@B@BB@BB@@A@AA@@CAGECAEBBBCJAFCDGJABCJAFODABA@CDEDBVA@AXB@AJE@AHDBAHEhIB@ZBDD@D@DBBBNLNJHJJ@B@@@BD@@B@@@@@AB@@@@@@B@@@@B@@A@A@@@@@@B@B@@@B@@@@A@@B@@@B@@@@B@B@@@@@ABA@@@@@@@@@A@A@@BB@BB@@A@@@A@A@@B@@B@@@B@@@B@@B@@A@@@A@B@@BB@@@@B@@@@@@@@@@@AB@@@@B@B@@A@@@A@@@@D@@@D@LBBFF@N@`SVENBD@B@@@B@B@HBLHTLdZT\\VJHBJBfUXQRmZONMFM@AHCBHFAV@NDX@@@@ELFHKR@RDFBDFFL@J@D@PDNBRBJ@FBH@FLDBBD@B@LCFGLEHGNCHGJCJBPBFTDF@L@HEJEBCFEDEJANAPCJAFDB@FBHDH@FDJDJFJCXE@CBEHAHCHEFCJ@HB@@HBDAH@PAPANAHAL@JAH@@@FDD@@BBBFDHDBDHDFH@FAF@D@FD@FBBBB@F@FBFBBBDBBD@BBBDFBDBB@DBB@D@BBD@BBDBB@BBBBDDDBBBBBB@DBBB@@BB@@B@B@D@BBB@@BBBBBBBB@BBB@BBD@B@@BDBBDBDD@B@B@BAB@B@B@@B@AFCJAJ@JAHLHVAR@LALAL@TGJEHCFBFEB@@@B@TEPCLE`CLDd^@RBHGNGNENCPJHCF@HHDJJDH@FGFBDBBLDBDCJBDPJBD@DBDBBDDBBCHBBHBBB@@AD@@CXbOBCVY^SraFA\\GIMNIJ@LK@CBAPIFEDE@ABADCB@P@B@BEHCVCNCNIJEJCHEB@DADC@A@I@I@G@GBABE@@DEFB@ADC@A@AA@@@A@@ADMBA@E@CAG@EAEAAAA@EAACCACACACDEDKBGFCHEHEJE@G@KBCBGBCDKDGBCHMLOFGJKBE@C@CAA@C@GDCBE@ABCB@FEDEDCBEBCAICE@G@@@IBOBCDGBGDE@GJODMDAD@HACIPF@CBAFGFEBGJGJKD@NEZSBC@EFQzGPYFMFALBD@J@D@BBF@DB^BH@J@`EBADAHETWB@@ABCBADGBCB@@@F@D@B@DAD@JAB@@@@AACACIAE@@CBE@C@C@ABA@@FKBGBA@A@@@@@ACE@C@@@A@A@G@EAA@A@A@@B@BGBGB@@ABABCB@@@@ABBJ@H@FBB@@@B@@@@@DEBCDCDEFEBABCBCB@@@@@B@H@J@H@F@B@B@@@@@AD@B@@@@D@B@B@B@B@@@@@FE@@B@@@F@DBD@@@@@B@DAD@B@B@@@@@B@@@@@@@B@@ABA@@B@@@BB@@@@@@B@@@@@@@BB@@@@BA@@B@@@@@BDB@@@@@D@@@B@@@B@@@B@D@HAB@B@@@@@BBFF@@B@@@DBB@B@@@@B@B@B@@@@B@@@B@@@@AFKDE@@@@@ANGJEFENGFCBCRKDAPGLGJEB@FCDADCHCDA"],"encodeOffsets":[[125140,43759]]}},{"type":"Feature","id":"150522","properties":{"name":"科尔沁左翼后旗","cp":[122.355155,42.954564],"childNum":1},"geometry":{"type":"Polygon","coordinates":["@@IUA@BCB@@@B@B@FB@@@@BAB@BA@ABD@@FA@@BBFCC@BA@AB@@@BCBBFC@BB@DCDA@BR@BCDCBA@@@@BABBBABAB@@BBBB@@BB@B@@A@@BA@@B@B@@BB@@BB@@@B@@AB@@@@A@A@@@AB@BABBB@B@BBB@@@B@@@@@B@BBF@BB@@@@BBBBBBB@JD@AFBFALEB@@@@AB@HK@ABABABA@@CGIOACCEACBA@A@E@CBAF@D@DAJ@HAD@RAHAFAD@D@HCDA@AHBFBJBLBFBNB@@DADAB@BADABADABADA@@DABABADABADAB@BABAB@BABAB@BADAB@BA@@@@BAB@BABAB@BA@@B@BAB@BAD@@@BAB@D@DAEE@C@@HCFAFADAAC@AJ@D@FFBB@BFABDB@DAB@B@FADAB@DAD@BAD@BAD@D@BAD@DAB@HAFAHADAD@NADA\\CFA@@@@@@@@AA@@@ACAAABEFOFOBA@GDAD]@A@@B@@AB@DCDAFCBAFADCDAFCBAFC@@@CAEAAAE@AAC@AAA@@AA@A@@AA@@MUhU|DFIPCPMJOBG@OLOf_@@LapVBF@@@BA@@B@@ABA@@B@@AB@@@@@@@B@@@B@B@B@@@@@@BB@B@@@BBB@B@B@@P@@@AB@BABABA@@B@@ABA@@BA@@BA@@@ABA@@BC@@BA@AB@@@@C@@BA@A@@@@@@BA@@@A@ABA@@BA@@BABA@@@@BA@@B@@A@@@AB@@A@@@ADABC@@BA@@BCBAB@@ABCBAB@BCDA@A@@BAB@@@B@@AB@@AB@@@B@NFFFFFFFFFBDBAHEHEBCB@BCHGBABA@@@@BABAFEFEFEDCDEFCDEDADCDAHAJCJCFCHAJ@L@@@J@B@H@@@B@@@B@DBL@J@N@PBN@L@PBN@N@HBJ@D@@AB@@A@@@A@A@C@A@AAAACAACAAAC@AA@@@A@@B@B@D@B@D@B@DBBBDBB@B@B@D@B@B@B@B@B@B@B@BA@@@@A@@AAAA@C@A@C@A@AA@@A@@AAA@@@ABA@ABABABA@@@AA@@A@@A@@AA@A@A@ABA@@BA@@AA@AA@A@@@A@@BA@@@A@@@@@A@@@A@@@AB@DA@@D@B@BBB@B@@AB@B@@A@A@@AA@AAAA@AAA@CAE@AAA@A@@@@A@@@ABA@ADABABADAB@BAB@B@DBB@B@D@@AB@@A@A@A@AAAAAAAA@@AA@A@E@A@@@A@A@C@A@A@A@A@A@A@A@@@@@@@@A@@@A@@@A@@@AB@@@@A@@@A@@@A@@@ADA@ABA@A@A@@@@@A@@A@@@A@@@A@AA@@AAA@@@A@AA@@@A@ABA@A@AB@@A@@@A@A@@@A@@@AA@@AAA@@@AB@@ABABAB@D@B@D@BA@@@A@A@A@AA@@AA@A@AAC@A@CBC@CB@@A@AB@@AB@BAB@@A@A@A@@ACAAACA@A@@@@@A@@A@AAA@A@C@A@A@A@A@@@@@A@@AA@CA@@AA@@@@@AA@@A@@@AA@@@@A@@@@@A@@@A@A@@@ABA@A@@@ABAB@BA@@BA@@@@@A@@@ADABCBABA@@@ABA@A@A@@B@@A@@@A@@AA@@A@A@A@@A@@A@@A@@@A@@@AA@@@A@@@AA@@A@BA@AB@BABA@@@A@@@@BADABABA@@BA@A@@@AA@@ACAA@AAA@A@A@C@A@C@@@ABA@@@A@A@@@A@A@AA@@AA@@A@AA@@A@AAA@AAA@AAAAAA@AA@@A@A@A@C@@BA@@BA@A@@@A@@@AB@BA@AB@B@@AB@@@BA@@@@@A@@@A@A@ABA@@@@BAD@B@D@D@D@@@B@@ABABABA@A@@@A@A@@AA@@AA@@@ABA@A@@B@@AA@@AA@@AA@A@@@AA@@A@@@@@A@@@A@@A@@A@@A@@@A@@@@@AA@@@A@CBA@ABA@@@A@@@A@@AA@A@@AA@@A@AA@BA@A@A@A@@@A@@BA@@@@BA@@DABABA@@@@@@@A@@@A@@@A@@@@@AA@@A@@A@@A@@A@A@AA@@AA@@@@@A@@@@@AA@@@AA@@@A@@AA@@@C@A@A@@A@@A@@@@@AA@@@@@@@AA@@A@@@A@@@@AA@A@@@A@@@A@@A@@@@@A@@A@@A@@@A@@@A@A@ABA@@@A@AB@@@@A@A@A@@BA@@BA@@B@@@AA@@@AA@@A@@@@A@@@AA@@A@@@@@A@@@A@A@@@@@@@AA@@@A@@@@@@@@A@@A@@A@@@@A@@BA@CBA@ABA@@@@BA@A@@@@@A@AAA@A@@@A@@@@@A@@@@@@A@@AA@@@@AA@@A@A@@@A@@@@A@@@@@AA@@@@@@@A@@BA@@@@@A@@@@@A@@@@@A@@@A@@@@BADE@@@A@@@@@@@A@@A@@A@@A@@AA@@@A@@AA@@A@@@A@@BA@@@@@A@A@@AA@@A@@@@@@@A@@@@@@@CA@@AA@@@@ABA@@@A@AA@@A@@@A@@A@@AA@@@@@A@A@@@A@@@@AA@@A@@@@AA@A@@@@@A@@@@@AA@@A@AA@AA@@A@@@A@A@@@@@AA@@@A@@@@AA@@@A@A@A@@@@@A@A@@@@@@@A@@@@@@@AA@@@@@@@A@@@A@A@@@@BA@AB@BAB@BAB@B@B@BAD@B@BA@@DC@@BA@@@A@@A@@AAAAA@@A@@A@@A@AA@@C@A@@@A@@A@@A@@AA@@@A@A@AA@@AAA@@@AA@@@A@@@A@@A@@A@@@A@AA@@A@@@AA@AA@@A@A@ABA@AB@@@BAB@@AB@@A@@@A@@@A@@A@@@A@C@@@A@A@@@A@@@AB@@ABABAB@@AB@@@@A@@@@@@@AA@@@AA@@A@AA@@A@@A@@@@@@BA@@@@DA@@BAB@B@B@BA@@@@@A@@@ACA@AA@AAAAA@@@A@A@@@A@@@A@A@E@A@A@A@@AA@@@@A@@@ABA@@@AB@@A@@@@@AA@AA@@@@A@A@@@AB@@@BA@@B@B@B@@@B@@A@A@@@A@A@@AAA@@@A@@EB@@A@@@@@@B@@@B@@@@@BA@@B@@@@@@@@A@@@@@A@@AA@@@A@@@AAA@@@A@A@@AA@C@C@C@A@C@A@A@A@A@@@AB@@@@@@AB@@A@A@A@A@A@@@@BD@DBB@@@@B@@A@@B@BA@A@@@@@A@A@@@A@@@AB@BCDABCB@@AB@@A@ABA@A@EBAB@@@B@B@BD@BB@@@@@@A@@@CA@@@@CAA@AACA@@@@@@A@@@@@A@@@@BA@@@@@AB@@A@@@@@CC@@A@@@A@@@@BA@@@A@@@ABA@@@A@@@A@@B@@@@@B@@A@@D@@AB@@ABAB@BABABEBCBCDEDA@A@AB@@A@A@A@A@A@@AA@@@AAA@AAA@@@A@AAA@@@A@A@A@@@ABAAA@C@A@@@A@A@A@A@@@AA@AA@@@@AA@@@AA@@AAAA@@AA@@AAAAA@@@A@AAA@@AA@@@A@A@A@@@A@A@A@@@ABA@@@A@@@ABA@@@A@@@A@@@A@A@@@A@@@A@A@AAA@@@A@@@@@A@A@@@A@@@@AA@@@@AA@@AA@@A@@@AA@@AA@AA@@A@AAA@AAA@A@C@A@AAA@A@C@AAC@@@A@A@AA@@A@@@A@A@@@@A@@@@@A@@B@A@@AA@A@A@AAEAA@A@@@A@AAA@A@A@CAC@A@C@AAC@A@@@A@AAA@E@@@AA@@A@E@@@A@@@AAA@A@A@C@A@A@@@A@@@CA@@A@A@@@A@@@@@A@@@@@AA@@A@@@AA@@A@@@@@A@@@@@@AA@AAC@A@AAA@A@C@A@@@A@A@A@AAA@C@A@C@A@@@A@A@A@C@A@C@AA@@C@@@A@A@@@E@@@C@A@A@A@@@A@A@CAE@A@@@A@C@AAA@A@@@A@CAA@A@AAA@A@@@AAA@A@A@A@@AA@@@@@@@@AA@A@@AA@@AAAA@@AA@CCCAAA@AC@@AA@AA@@AAA@A@@AA@@@@A@@AA@@AA@AA@@AAA@@@@AA@@AA@@@A@@@@@AA@@@@A@@@@@A@@@@@A@@B@@A@@@@A@@A@@A@@@@A@@@@A@@A@@@@AA@@A@@@@AA@@@@@AA@@@@AAA@@AA@AA@@@@AA@@A@@A@@A@@@@@@AA@@@A@A@@@A@@@A@@@A@A@@@A@@@A@@@@@A@A@@@@AA@A@@@AA@@A@@A@@AA@@@@@@AA@A@@A@@A@@@@@@AA@@@AA@@A@AA@CC@A@@AAA@AA@@A@@@@AA@@@@@AA@@@@A@@A@@@A@@A@@A@@@@A@@A@@@@A@@A@@@@@A@@@@AA@@@@@AA@@@@A@@A@@A@@A@@@@@@A@@@@@A@@@@@A@@@@@AB@@@@@@A@@@C@@@@@A@ABA@@@@@A@@@@@A@@@@@@@A@@@A@@@@@A@@@AB@@C@E@@BA@A@A@A@@@A@A@A@@@ABA@@@A@@AA@A@A@@@A@@@@@A@A@@@@@A@@@@AA@A@@@AAA@@AAA@@@AAA@@@@AA@@A@@@@AA@A@@AA@AACACCEAC@ACEAC@AAA@A@AAABA@C@@@@@C@@@AB@@AB@B@B@BA@@B@BABAB@BAB@@@BAB@@@B@B@@@B@@BB@@BB@@@B@@@B@BA@AB@BAB@@@D@B@B@BAB@@@BAB@DAB@BA@@B@B@DCB@@AD@BA@@F@BAB@B@@@BA@@B@BABABAB@@@B@B@@@@@B@AA@@@AAAA@@AAAAA@@AA@@A@@@A@ABA@AB@@A@A@CAA@AAA@A@CAA@A@@@A@E@A@A@A@A@A@A@A@A@ABA@A@A@A@A@A@AAA@AAA@A@A@CA@@@@@@@@@AB@@A@@BA@@@AA@A@CAAAA@AA@AA@AA@@@@A@AAA@AAA@AA@@A@@@A@CAA@CA@@A@A@@@A@A@@@A@@@A@@@C@CAA@AAA@AAA@C@AAA@CAA@CAA@C@AAA@A@A@@@@@A@A@A@C@A@@@EAA@A@A@@@@@CA@@AAAA@@A@@ACAAA@@AA@@A@@@A@@@A@@@A@ABAA@@A@CCA@AAAAAAA@@@@@A@@@ABA@@@A@@@@@AAAAAAAA@@A@@@A@AB@BA@@@@@@@A@@A@@@@@@AA@@AA@@AAAA@@AA@@AA@@@AA@@@CA@@A@@@@@A@@@AAA@AA@@@AAA@@@AA@@@@@A@@@@@@A@@@@@@@@@@@@A@@@AAA@A@@@A@AB@AA@@@@@@@@A@@@@@A@@@A@@AAA@A@C@C@A@@@CB@@AB@@@BA@@A@@A@@@@@@@A@A@AAA@E@C@AA@@A@CAA@A@A@@@@@AB@@ABA@A@A@@@A@CD@@@@A@@@A@@@@AA@@@A@@@AB@@A@@@A@@@@@@@A@@@@B@@@BCB@@A@@@@@A@@A@@A@@@A@@@AA@@A@@B@@@B@@AB@@@@@@A@AAA@A@A@A@@B@@AA@@A@@@AB@@AAA@@@@BA@@B@@ABCAA@AB@@@BA@A@AAA@A@C@A@A@A@@@AA@@AAAAAAAAAA@@AAAAA@@AA@AC@@@AB@BA@@B@BABA@@@@AA@@CA@@GCCAAAC@AAA@AAA@A@C@@AA@@@A@@@A@@BABABADA@@@@@@ACEAC@BA@@BABA@ABADABAB@@AB@@AB@@AB@BAB@@AB@BA@@BAB@@AB@@ABA@@@C@A@A@@@A@A@A@GAC@A@E@C@A@A@C@@@C@A@C@C@C@A@A@A@EAA@C@A@A@A@@@@AA@@@@A@AAA@@AA@A@@@AA@@AAAA@@AA@AA@@@@BAA@@A@A@@@A@A@A@CA@B@@@B@@@B@B@B@@@BB@@@@@A@@@A@A@A@A@@@C@@A@@BA@A@@BA@@@@@@@@@A@@A@@AA@@@AA@@AAACC@@B@@@BA@@@@@@@@AAAA@@AAAAAAAAA@@AA@@AAAA@@AA@@@GCAA@@AA@@A@@A@@AA@A@A@@@@@A@AA@@AA@@ACAACA@@A@@@@@@B@@AB@BAB@B@@AB@@@@@AA@A@AA@@A@@@@@A@@@BC@A@C@A@@@A@@@@@A@@BA@@@@@BB@BB@@B@@B@@@@@@@@BA@@@B@@@@@@@@@@@@B@@@B@@A@@A@B@@A@@B@@@@@BB@@@@B@@B@@B@@@@AB@@AB@@A@@@@@@@AA@@@AA@@@A@@@A@A@@@A@A@BB@F@BA@A@C@C@@@AAA@A@@@CBABABCB@BA@ABABAB@@A@@@AB@@AB@@AB@B@B@@@B@@@B@@A@@@A@A@A@A@@@ABA@A@@BCBCB@BA@@@A@@AAA@@AAA@A@C@@BA@@B@B@BABAB@@@B@@@BA@@B@@@@@BA@A@@B@@AB@@A@A@@BA@@@@B@@@@A@@@@B@@@@@@@@@B@@@@ABA@@B@@@@@@@BB@@@A@@@@@@@@@A@@@@@@@@@A@EAA@@@A@@@@B@@@@AB@@A@@@AB@@A@@@A@@@A@A@A@A@@@A@A@A@@@A@@@ABA@ABA@@B@@@@@B@@@@@BA@AB@B@@A@@BA@AB@@@@A@@@C@@@A@@@A@@AA@@@@@A@A@@@A@AB@@@@A@A@ABA@A@ABA@@@CBA@@BA@@@@B@@AB@@@@@@@B@@@B@@A@@B@B@@@BA@@@@B@@@B@@@B@@@BA@@@@BBB@@@@A@@B@@@BA@@@A@A@AB@@A@CAA@@@C@A@@@A@@@@@CAA@@@A@A@A@A@AAC@AA@@@@E@@@A@@@C@@@AAA@@@A@AA@@@@AB@@A@A@A@@@A@@@@@CBA@@@AA@@C@A@A@@@EA@@A@C@A@@@@AE@A@@@@@EB@@@@A@@AA@A@A@AB@@C@@@A@@@@@A@C@A@@@@@EB@@A@@@@@E@A@@@A@A@@AA@A@CAAACAA@A@@@A@A@AAA@@@EA@@A@EA@@@@AAA@A@A@AAA@@@@@A@@@A@@@@A@@A@ABABA@AD@@A@@BA@ABA@@@A@ABA@A@@@CBA@A@@@EB@@A@CBA@@@@@A@ABAB@@A@@@@@A@A@A@A@@@CBA@A@ABA@A@@@A@CBAB@@@@EB@@@B@@AD@@@@@@@D@@@@AD@@@@ADA@@BAB@@@BAB@@@@@B@@ABA@@BA@ABAB@@@B@@@B@@@@BB@BB@@DB@@@BD@@@@BD@@BB@B@@@@@B@@ABAB@@CBA@A@@@CBAB@@@@EBA@@BC@A@A@@@@@AB@@A@@@A@A@@@@@A@@@A@AB@@A@A@@@A@@@A@@@A@A@@@A@A@@@A@@@A@A@@@A@A@@@@@A@@@@BC@A@@@A@@@A@A@@BC@@@@@A@A@@@A@@@A@@@A@@@A@A@CBA@ABA@@@CBA@A@@@C@A@A@@@CB@@@@A@@@@BA@@@@@@@@@ABA@@@A@C@C@A@C@A@E@A@C@E@A@ABA@E@A@CBA@A@E@C@E@@@ABE@CBA@C@C@C@A@A@C@A@A@A@A@C@ABA@C@CBC@ABA@C@C@A@C@C@@@@@A@@@@@A@A@A@E@CAA@C@C@CAC@C@CAC@CA@@A@E@A@C@C@E@AAC@A@A@A@CAA@C@C@C@C@C@A@G@E@AAE@@@A@A@@@AA@@@@A@AACAAAAAAA@CAA@C@A@C@A@@@A@ABAB@BC@@BABC@ABA@@@@@ABA@A@A@ABA@C@ABA@ABA@ABC@ABA@A@A@A@A@A@A@A@@BA@AB@BABABABA@ABA@AB@@A@ABAB@BAB@BA@@D@B@DA@@D@@@B@B@D@B@B@D@@@D@B@B@@@B@@@B@B@B@D@BAB@D@F@@@HAB@F@DAF@B@D@B@B@B@D@B@@@B@B@@@B@D@B@@@@@B@BAD@B@@@B@BBB@@BB@BB@@B@B@B@@@B@@@BBB@F@FBB@@@B@BA@@@CBA@ABC@A@CBA@A@@@@@A@A@@BA@A@@@A@A@AAA@AA@AACAA@AAC@A@CAA@AAA@A@A@AACA@@AA@AA@@A@A@A@E@AAA@@@AAECEAAAAAACAA@@AA@@@CAAAAAA@AAA@AACAGACAA@AAA@A@CAA@AACAA@AAA@@AA@AA@AAAAA@AA@@A@A@A@C@A@C@A@C@@@@@A@A@A@AB@@C@@BA@ABC@@AAAAAAA@A@AAA@A@C@@@C@A@A@E@A@C@C@A@A@A@CAABA@A@ABC@@@A@A@C@A@@AA@A@@@AA@A@@@A@@@@CAA@C@A@AAA@CAA@AAA@AA@AAAAAA@AACAA@A@@@ABABA@@B@@@B@@@@@@@@@B@@@B@@BB@@AD@@@@@@@BABA@CB@@CBCBCBA@A@A@A@AAC@A@A@CAAAA@@@@@A@@B@DAB@BAB@BAB@BA@@@A@ABA@@@A@EBA@@@ABA@C@A@@@A@A@A@C@A@@@A@A@@@A@@@A@A@@@A@ABA@A@A@@@@@A@A@A@@@C@A@ABA@C@A@@@A@C@A@A@A@@@A@@@AB@@@@A@@@@@AB@B@B@@@B@B@@@BA@@D@@@@AB@@@@A@@@A@AB@@A@@BA@@@ABABA@ABA@A@ABABC@@@AB@@@BAB@@@B@BA@@BABABCBAB@@ABA@ABABCB@@@BA@@BA@A@CBA@CBA@A@A@ABA@@@A@C@A@A@A@A@@@@@A@@BA@@BCBGDCDCBEDA@IFKHOHCBQLADEDMHEFIFMH@B@@@@CFEL@B@@A@@@A@@@@@@A@A@A@@A@A@CA@@A@@@EEAA@@@@A@A@GBC@A@@@A@@@A@@@C@@@@@A@AC@@@@A@@@AB@@@@AA@@@@@@A@@@@@@@AA@@A@@@AB@BA@@@@@@@A@@@@@A@A@C@CBA@@@@@C@CAE@@@A@@@EF@@@@A@A@A@A@C@@@@@@ABC@@@@A@A@E@G@I@G@A@@@@@A@ADADABEFCFCDADCF@@@@A@@@A@EAG@I@AA@B@@A@ADAB@BA@AHAHA@@@@B@BBB@F@H@B@B@@@DDF@B@@@@@BABAHEL@@AB@B@D@DAF@DF@JBBDBD@B@@A@IBC@CBA@C@E@@@A@ADCHABAD@BA@SXGFCBAB_FI@G@]ACAE@AAC@I@C@KAEBENOZyHER@FADYTMFC@ILIHAHEFEHAB@DOEDJGBC@CBCNIP@HCFAHCHADAP@J@@@HDFBJADAFCDCFEFA@AD@BAFCD@H@DBB@D@DAFILEHKPGNADCHCLADAHAD@L@HIFGFGFEDAHCLCFBDBDBDDDBB@FBBBBBF@FBH@D@FABCN@BB@@@B@@B@BCD@BEACF@@AFAB@H@H@J@J@BCDCBA@GFIDIFMJMDUDGDAFA@O@A@CDAB@BCFEFOJAB@DKLI@MJJN[HEBqb]TUZADaPZCHDCFE@MBALTGB@BDBB@B@D@DAFAD@BABA@ABA@ABA@AD@@A@@BEB@@@@A@@B@@@@AB@DAB@B@D@HBH@@@D@B@B@B@@BB@@BBBDDBBBDBB@B@BAB@@@B@@@@B@@@BAB@B@@@B@@BBB@B@B@D@FAD@BBD@D@F@D@B@DABA@ABAB@@@B@B@@@@@@@B@@BD@D@B@B@B@@@B@@@BBB@@@ABAD@B@B@BB@@DBBB@@@@@A@@@@@@@A@@@AAA@@@@@@@@BA@@@@@@@@BA@@@A@@@AB@@@@@@@@HBB@B@B@FBF@F@JBLBB@HBLBJBJ@D@D@B@BAB@@@B@hFB@B@@A@@B@@AB@D@BAD@BAD@BABCBA@@B@@AB@B@DBB@@@BADC@ADABABAB@BCDAD@BAD@@@@B@B@B@@D@D@B@DBB@@@D@@BB@@@@@BBBBBB@B@B@B@B@B@BA@@BABAB@B@@A@@BA@A@CBA@A@A@AA@@A@@@A@ABA@@@@B@@@B@@A@A@A@@@A@BB@@@@@@B@B@B@BBB@@@B@@B@@@@@BB@@@@@BAD@B@BA@BB@B@B@@@BB@@BBBBB@@@B@D@B@B@BBBA@BD@B@D@D@B@D@D@D@D@F@B@B@B@B@@@BB@@B@@A@@@GBA@CFAFAF@FAH@BH@H@BB@B@B@B@DAB@B@B@B@B@BADADABADAB@FCBAB@BAH@F@B@FADAHAHABAB@D@HAH@DBF@F@J@D@FBF@F@F@F@H@D@B@FBDBD@H@F@D@F@F@HAHAF@D@B@F@F@JBF@D@B@DAFAHCD@BAB@F@H@H@DAF@D@D@H@F@F@H@F@F@BAB@H@J@L@RBD@PBD@@@DAD@B@@@B@@ABABADA@@BAD@B@DAB@D@HAPC@@@J@HAL@DLBJIDADAFCFBR@BABAB@B@@@B@@@@@B@B@@@@@B@@@B@@AB@@@@@@@B@@@@B@@B@@@BAB@D@BA@@B@@@BB@@B@@@BB@@B@@@D@@@B@@@B@@@B@@@B@@@@@@@@A@@@@BDE@@DL@DFBDB@@@B@B@@@BB@@@@B@@@B@@@B@B@D@D@BHDJDHBFDHDH@BB@@BBB@BB@@B@@DAV@D@BB@@BB@@@@B@@B@@@@A@@@B@@BB@@@B@B@@@B@@@@@BA@A@@B@@@@AB@@@BBB@D@@@B@@@B@@@B@@@B@B@B@BAB@@@BA@@B@@@@@B@BBB@B@@@BA@@B@@@B@BAB@B@B@@A@@B@@ABA@@B@@@B@BBD@@@B@@@B@@@B@@@B@@@@@B@@B@B@@B@@@@AB@@@@@B@@@@@B@@@@@@BB@@@BA@@@@B@@A@@@AB@@@@@BB@@B@@B@@B@@@BA@@B@@BB@BB@@B@@@B@@@@B@@@B@@@@B@@@@A@@@@@A@@@@@@@A@@@@@@@@B@@@B@BB@@B@@@B@@@B@@@B@@@B@@BB@@@@B@BB@@B@@@@@BA@@B@@@BA@AB@B@@@@@B@BA@@B@@@@DF@@@B@@@B@B@B@@@B@@@@@B@@AB@@@B@@@BB@@BBB@@@BB@@B@@GJAFCLAH@BCH@BJBF@D@B@@@@H@@BDJJBD@@BBBBPFBBLBFBB@@BFB@JD@@DDFENB@@@ADC@@BABAN@@@BI@BBDB@@D@D@B@B@DAD@@@BBB@B@D@D@D@D@BBB@@@B@F@F@@BBB@@@@B@AB@@@B@@@@AB@@AB@B@@@@J@F@BC@A@EB@DBF@B@BCBE@ADBB@B@B@BAB@B@B@BB@@BBD@B@B@@BBBB@BB@@B@B@D@B@B@@@BB@BBBB@FBDBD@B@D@B@F@D@B@F@H@LB@E@E@ABAF@F@DAB@D@B@D@FADADAB@B@B@B@@@BB@@B@@@DA@@B@B@B@@B@@D@LBDDABA@@@AB@@@@B@@BFBHDHDB@HDLDJBLDJDFBHBB@B@B@@BB@BBDBBBBDBBB@@B@B@@B@@@@@@@@@AA@A@E@A@ABC@AB@BA@AB@DAB@@@@@B@@@DBD@DBFBDDD@B@@@B@B@@@@@BBB@@BB@B@@@@@B@BA@@B@B@B@BBB@@@@@BA@@@A@@AA@@@@@@BA@@B@@@@@@@@@B@@@@BB@@B@@BB@@BA@@B@@@B@@@@@@@BB@BBB@@@@@@B@@@@@@@@C@AB@@@@@@@BB@B@B@D@B@@@B@@@@BBDB@@BB@BBB@B@B@DA@A@AAAACA@AA@AA@AAA@@AL@BBDDJDDB@B@D@D@D@D@DBB@@@BBDBDBB@B@B@DBD@FBB@B@DBFBD@CHADCHCNENITO@BHB@D@B@D@FBD@D@BBD@B@B@D@D@FB@@FBBBBBDFFDFDBBJDFDDBH@J@JBJBHBH@H@FDHBF@J@@@D@D@D@B@F@D@DBD@D@FBB@DBB@F@@@D@BBB@@@BBBBB@DDB@BBB@DBB@@@@@BDBF@BBBB@BBB@BBDBFBDBBB@@B@BAD@F@DAB@B@D@F@H@D@@@B@BADABAB@B@@AD@DAB@BAB@@AB@B@@@BAB@@@B@B@@@B@@@B@@@DBDBB@@@B@B@B@BAB@B@@@@@A@@A@@@A@@BAB@BA@ABAB@DADCB@DAB@@@B@@@@@B@@BBB@B@@B@@@@@@@BAB@@@B@@@@@B@@@B@@@@BB@@@@B@B@B@@@@jAtC`BpDbBTBBH@BABAF@BEF@@A@@BAB@B@D@B@H@@@HBBHLDARIBABABABAB@DHAB@DCB@B@BBDBB@BADAB@@@BABA@@D@BB@@B@@BDDBB@@BF@B@B@BBFDB@BBB@@@DAB@DAB@D@BAB@B@BA@@D@B@B@B@DBB@F@DBD@@@D@D@BBD@D@B@B@BBB@B@B@BBD@BBB@B@BBFB@@@@B@DB@@B@BB@@D@FBFBBBB@DBFBBBB@B@B@B@B@B@B@B@FAB@B@DAD@B@DAD@BAB@B@B@@@B@DAB@D@BAB@"],"encodeOffsets":[[125954,44744]]}},{"type":"Feature","id":"150525","properties":{"name":"奈曼旗","cp":[120.662543,42.84685],"childNum":1},"geometry":{"type":"Polygon","coordinates":["@@SHBKNAF@DEGCYDDW@@BC@@AAGAAADGAACCAAAC@CACOIACDIACKCAAACHE@ECGIIGC@GDEIGDOFMHMHMAG@Qc]KC_DKFODSFA@@@A@EFEAGDIFSHK@KBKBQ@UBKGBG@IBIDIBEA@@@@A@ABA@A@A@ACCCAAAAC@@@AAC@AAA@AAAAAAAAA@@AA@A@C@A@AA@@AA@AA@CAAAAAACCACAA@AAAAC@AAC@A@CAA@CAAACCEAA@AACCAAAEAEAE@A@AAEAC@@E@CBE@EEGGCACGCECAA@AC@EC@@G@IBK@GBMBOBOBG@CBGA@@GAI@EDGFGDGBAF@DWFIDIEICECG@GCEAA@ECIBODMBIBCFEFADIFGFK@E@SCAEAODIHIDGHMFGHKDE@K@AACCAEKG@EAI@QAMAOCC@I@K@EEACCE@QLQEGFK@@@@CW@MBUGEDABGN@NEPMnYRQVWAeAIIG[UYSKcGSAK@G@A@A@@@AACFMTU@_@MEEAA@K@C@@@C@@B@@@B@@@@A@A@@A@@B@@@@@@@@@@@A@@A@@AA@B@@@B@@@@AA@@@A@@@A@@@@AB@B@@@B@@@AAA@@AB@B@@@@@@@@@B@BA@@@@A@A@@@@@@A@@@AB@@@@@@A@@@A@A@@@@B@B@@@@A@@A@@@@@@@BA@@@@A@@@AC@@A@I@GIMIMKAACAC@C@AC@YJAFgBGCABGF@BIA@BWB@AUFCDCB@BAPCBEDIBAHIDCBEDIAAFADBHFDB@@BBB@@@AAA@@A@A@@@A@AAACA@@G@DGC@BEEA@GBCBBF@DGIACDGACCADAB@B@B@@@DBBCBADCE@AAAEB@EAE@@@A@A@CBE@C@C@AAA@@@AB@@AB@@A@A@@A@EAEC@ABCBCBA@ABAB@BA@ABC@@@ABC@@@A@@@@@CAAAA@A@@@AB@@@@A@@@A@@A@A@A@@@GBE@G@E@CA@@EECAAABEDIFEDCDAAA@EECIGCCIGAACE@GBC@CBCECICBC@@@A@@@AB@@A@A@@CAIAGAFGDCACACCCBC@ABAB@BA@@AEJCJCRGNGLML@JB@KAAKEDCXEDCJGDEDB@G@AAACACAAAAACC@EGAG@@@@@@AFCDAP@BAB@B@D@FBDB@@B@@@AECGECAECAAACAEA@@ACDGOIAEAC@@@CHCFAF@LDB@@AB@BAACAIAADAB@FIBC@@E@@@BIB@BABABABCBCFCACA@CA@@DCDABE@C@ABADAA@AAC@AAAAA@@@A@AA@@A@@@A@@@AC@@@@AAA@AAA@@@A@@@@@@@A@@AA@A@A@ABAAA@AAA@AA@@CA@@@@@A@@@AAA@@@A@@BABABA@A@@@A@AAA@@ACAAA@@A@@@@@A@A@AAA@@AAAA@@A@A@A@@ACACCAACAAAA@@@A@@@A@CA@@A@@@@A@A@@A@@AA@A@AAA@@@AAA@A@@@A@AAA@AAA@@AAB@@@@@@AAB@@@@A@@@A@@B@@AB@@@BA@@AA@@A@@@@@@A@@@@@AA@A@@@@@A@@A@CAA@@@AB@@A@@A@@AA@AA@@@@@@A@@@@@@BA@@@A@AA@@A@A@@@@@A@@@@@BB@@@B@@@@@B@@@BA@@AA@AAA@A@AAA@@@@C@@@AAA@A@AA@@ACACCCA@@@@AAAAA@@A@@AA@A@A@A@A@A@@A@@@A@A@E@A@A@IA@@C@@AAB@@@@@B@@AB@@@BA@@@ABCA@@A@CAGAA@CAC@AAA@AA@@AA@ACCA@ACAAAA@ACCCC@ACG@@ACACACAAAA@@A@A@C@ABA@EBAB@@A@@@@@@BA@@BA@@@A@A@A@@BA@A@ABA@AB@@@@CAGCGAEAAAA@CABA@@DADCB@BA@@@@ACAACA@@CBA@AB@@@AAA@AAA@@@@@@ABABC@@@CBA@C@ABA@@@ABA@ABA@ABCBCBABAB@BA@BBBBB@B@BBBB@@@BA@ABCBA@CAC@A@C@EBEBABAB@@A@C@CAAACA@@C@CBA@@@AB@@@@A@A@A@A@@@AAA@AA@BA@A@ABABA@@B@@@BA@@@A@@@C@A@A@AB@@@B@@BD@@@B@BABA@ABA@ABA@A@AB@@A@C@A@A@ABA@A@A@ABA@A@CB@@C@ABA@A@A@@@AAA@@A@AA@@AAAAA@@C@A@A@C@A@EAA@A@C@A@AAA@A@A@@AAA@@AAA@AAA@A@A@@@A@A@A@A@A@@@A@@@ABA@ABA@A@ABA@@BA@A@A@A@@@AA@@@@@A@@B@@A@@@@AA@@A@@A@@@@A@@B@B@@AB@@@BCBCAAAGC@@C@EBG@GBA@A@CBCDABABABAB@@C@ABA@AB@@B@@@NHB@LH@@@@@BCB@B@@@B@@@@IDCBA@AB@BAD@BCF@BA@@BEDAB@BAB@@@B@@@B@@A@GDWNOJEDKFMHIFA@ABABADADAD@@DDDBBBBBBBBB@@BB@BBB@DBBBBWFODGBODGBAB@J@BBL@F@F@FBJ@DWJA@WLeNSJ{`CBBF@B@DA@E@A@CDC@A@C@EBEBAAC@@BCFEJGDGD@VlSVGHABCDCFEFGFJPDF@B@@@@@BENUJA@@@@@@@A@ABUBIB@BDFA@CHCFCFCF@B@D@B@@BBD@@B@@@B@BAF@FAJ@D@FCBKBCB@@A@A@@BA@@B@BBB@@DBD@D@NA@B@J@@@B@@@@@D@B@BED@A@@A@A@@@A@ABCBC@A@A@@@A@@@@AB@@A@@BAB@@AB@@AAA@AA@@AA@C@@@A@@D@BA@@@A@A@@@@BA@@FAJEHCBCDAB@BAD@BADADCF@BCF@BABAFCDADCDABCDEDADADABCD@BAB@BADAFAF@DAD@D@@AD@B@DGRENAHEHCFABGN@BABAJCNIP@@izAFA^@DU[TIJ@@AB@DAH@F@DAHAN@BABCAKE@B@@@B@@A@BB@B@B@D@@DBHDFDIFEFA@A@GFEDIDCDCBCD@B@@DJ@DBBDHHLFHDDTJEHGLGJILCDBDJRBFDFHNDFJTL\\M@YAO@]ACHCHKT@@@@CFAHCHIPADGHABCD@BFD@B@DBB@D@B@B@DA@A@CBCBABC@CH@B@B@B@@@BCHA@AB@DBB@BBB@@BB@@B@BB@BB@BBDBBB@@BB@B@D@D@B@BB@BBBBB@@BB@DDHFDDBBBB@BADBBDD@BDBBBBBBBB@@BFBFBHEACCEDCDAB@@@BD@BBBBDBB@ADC@@@@B@B@FGBAB@BABAB@B@BBBB@@@B@@AB@B@B@@@@B@BBB@D@BBB@B@@@BBB@BBB@B@D@B@@B@B@B@@ABCBA@C@@@A@C@AACACAA@A@A@AB@BABBDBBBD@@@D@DAB@BB@BBDBB@DBB@D@H@B@DBB@DBFBFDBBBB@BBB@BDBBBB@DBFBB@BBFBBBD@DBD@DB@@BB@BB@@B@BA@@BAB@B@@@BB@@B@B@B@B@F@BBDBDBD@DBBBDBB@B@H@D@B@BBB@B@BBB@BD@D@D@FBBBBB@BBBABABAF@B@B@DDBB@DBD@FAF@DAF@B@DB@@BB@B@@@BB@@BB@DBD@BBBB@@BB@@BB@@@@BB@@@@BB@@BBBBDBD@BBB@BB@@@BBB@B@B@B@B@@BBBBBBBBBDDB@@BBF@B@B@D@@@BBB@@BB@B@BBB@BB@BB@BBF@@@B@B@B@DBD@BBBB@@@@@B@@@@BB@@@B@@@B@@@BBB@@B@@BB@BB@@FBBB@@BB@B@@DBDD@@DDBDBF@F@B@BBB@BBBBB@BBBB@BBBBB@BBBB@@@@BBB@@BBB@@@B@B@B@B@BBD@BB@BB@@BAB@DAB@B@@@B@B@@@@@@BBBB@@@BBB@@BBB@BDBBBDDBBB@BBD@B@BBB@B@B@@@B@B@B@DB@@@@@BB@@@B@BB@@B@B@@@B@B@@B@@@@B@@BB@BB@@@@@B@@@B@@@BAD@B@BB@FDDBBBDBB@@@B@@@B@@@@B@@BB@B@@@@@B@@@BB@@BBBB@@BB@@@@B@@@B@@DD@@@B@@@@@BB@BB@BB@B@B@@@B@@@@@BB@@@@BB@@B@@@@B@@@@@BB@B@D@@@B@@BB@DBDBB@@@@B@B@@@BB@@BBBBDDB@BBB@B@BA@@B@D@BB@BBDBFBDBD@BBDBDDBDBDBDDFBB@BB@DDJDBBB@@@B@B@B@B@BBBBB@@B@D@DBB@DBB@BBFBD@@B@@@B@@BB@@@@BB@@BB@BDBDDBDBFB@BB@BBBBBBD@BBD@BBBBBBBBDBDBDBF@DB@@DDDBDBD@DBH@DBD@DB@BBB@DBD@D@DBDDH@@@BBB@B@@BBB@@BBBD@BBBBBB@@BBBBB@BBB@@BADADABAD@@@B@D@BBB@B@DB@BB@BB@B@D@B@D@B@B@@BBAFDNBPFNJNDNDJFHFH@FAFAJ@L@J@R@N@PDVJRJFDDDFDF@FDDBFFJFLHFBF@DBDDDBJDJBL@J@NCFAF@FBHBF@FAF@DBDBHDJBP@FBDBDD@DBB@BB@DBDBDBDBDDBBBBBBD@B@D@HCFADAD@DADALABAF@FAF@D@D@B@DADAD@DBB@BFDBDBB@HAB@B@B@@@BB@@@@D@DAJCFAFADAB@D@DBDBB@B@B@B@B@D@DBDBDBDBBBB@FBBBB@FBB@D@B@@@BBB@BBB@DBF@D@BBD@TBV@JAFAD@DAB@B@BA@@BBB@B@B@B@@AB@BAB@DAB@B@B@@@B@BB@@B@B@B@DDB@@BB@B@DAD@B@DBB@JALALADAH@DADA@@B@B@D@@@D@F@B@F@D@H@DBDBD@D@D@F@D@DB@B@BDBDBJBFBB@F@DADBDAB@LCL@L@FDHBD@D@F@B@H@H@F@L@HCHCDCDADAFARED@BCBCBC@AB@@A@@BE@@A@@@A@@A@@BCBABCB@A@A@@ABC@C@CBA@@@A@@BADCBC@A@@A@BC@C@AB@@C@A@EFCAA@@BABA@AD@@CB@@MA@@AGBCEPO@@@@HGD@B@@@D@B@@@@BB@@@@B@@@A@@BAAAD@BBBAF@B@@@B@A@@B@@DALEVGTEFCB@@A@A@@D@B@HCBB@DB@LAHAF@AAA@CAA@@AB@D@@@BAB@B@B@JB@@@C@E@A@ABIHIDEA@A@@@BCD@B@@@BCBCBABAHABABAFCDAFABABABA@@AAA@@ABA@AC@@@BA@A@E@@@C@A@AA@AABABCBABA@ACG@ABA@@@AAC@AA@DCBAB@FDD@@BFCDAJADAF@BC@A@@BADADAHBJEAA@AEAFIDE@AFMIE@ACAFE@GD@@@@A@AD@AEL@BENCFBB@F@F@H@NIHE"],"encodeOffsets":[[124523,44351]]}},{"type":"Feature","id":"150521","properties":{"name":"科尔沁左翼中旗","cp":[123.313873,44.127166],"childNum":1},"geometry":{"type":"Polygon","coordinates":["@@@@@@@HBD@H@D@DA@@H@B@B@@CA@B@@ABB@DBDBB@@@@@@A@@@@@@BBB@@@@@A@B@@B@@@@@@@@A@@@@B@B@B@B@BAB@B@B@D@B@@B@BANAAFCHA@BFN@@BD@CBADA@DBAHR@@D@B@BGCCAA@A@AB@BDDDDFBLBB@DBBBBBABA@CBWCEBA@ABBBFDDDDDDHBB@B@@@D@B@DAD@BA@CAAACAAAAAAAAAACAA@@AAA@AAC@C@C@ABABABADAB@BAB@DAD@BA@@@ABABABA@C@AACAAAAAA@AAA@AAA@CB@B@B@BBBBB@D@BABAB@@CBA@CACAACC@AAABA@ABBBBDBBBB@B@B@BCBCBC@C@A@A@C@C@CBE@CBCBCBCBCBEBEBCDCBABCAC@GCAAABADAB@DCDCDEDC@CBA@C@A@AA@A@A@AACACAAAAA@A@ABA@@BABA@@DABABAD@BABA@EBMFKBEBEAEAA@IDCBE@KEEECAA@EBABEDEDGDIBIB@@M@E@CAACAA@ABADE@A@A@@C@IBC@C@@AAA@ABEBA@A@CBCAAKAKAMAOAOACB@BAD@BBB@BABCBOBG@CB@BBD@BE@MDG@E@CB@@@BBBFBD@B@@B@@ADCBIBG@@BB@EJC@AHC@@@BBBDG@FJCBACEESFCDA@@AIABGG@@@A@BA@@BAAA@@DC@AA@CBEBKQBCEACAECACECACAAC@@A@@ABA@A@@AA@@B@@A@@BA@GKAB@JC@@JA@ABBDEBA@EB@@C@A@AB@B@@A@@@@@AA@A@@@@A@A@ABA@@@AB@@@@A@@@AAA@AAAACAA@A@@B@@A@@@@@AC@@AA@KA@CBABA@KDGC@AOA@PA@@@A@@@A@A@C@@@A@@@@AA@@@A@A@A@A@@AC@A@A@ABAB@@@B@@@B@@@B@@@@B@@BA@@@@@C@BHBBBFA@CD@@B@@@B@F@@DA@CF@J@BA@AB@@A@@FHBQRAB@@@@DBD@@@CDABTFHDFBB@@BB@@@B@@@BBB@B@BAB@D@DAB@B@B@BB@@@FBFA@@B@@@@C@C@@@ABA@@@A@@@A@BHBT@B@@@@@@@@E@AD@B@@BBNFB@@@B@@A@@BA@@@@B@@@@@B@@@@@@BB@@@@@@B@@BBDD@@HDBDPFDLFFDLDHHDB@BBFD@@@@@BKBA@@@DDBBFDDBDDFDBDDBB@@BBBDBBBDDFFBDFF@@EBI@EAA@GCGBCFKDYGA@ME@ASGICC@]GKCaGeIABUHCHIFABEBEDODEBAAA@MAUMO@[BCAA@@ABEcAEAOCECQIYQQKGIIK@ECAI@A@[AE@]C@AA@AAI@DKDKBED@DAACACB@B@B@B@@ABIC@@@@@AB@@A@A@A@@B@BA@E@C@A@A@@GG@GAI@GAGAKD@FABCBE@@@@C@@BGB@AA@@EAC@E@E@@AC@E@E@A@C@CACACA@@B@AAGAA@A@ABA@CBABEBADADC@A@AACACABCAEC@C@FCACBG@AAEEK@@CCA@@CAA@C@@@@@A@@@@B@DB@@@AC@A@@@A@CBEAAA@@EAC@ECC@AAAA@@AAA@@@@@AFKBE@IAA@G@GA@BBB@@A@AB@BCD@A@BCAC@C@E@A@C@@@A@AAA@A@C@A@CAA@CCFECCB@@ADAH@BCKADAB@@@B@B@@@B@@@@AA@@A@AA@@AA@@@A@@@@A@@@AB@BB@@B@BBEGIICAGGHIGC@ABCBEE@BABAEC@@EAICA@CBBJ@DA@EEBI@G@@GAAKBGB@@A@ABC@CBGA@@ABA@AB@@ABC@A@CF@@@@CCAE@E@CCI@@@GA@@IA@AB@AADAB@BG@CC@@CBCD@@AM@AAK@BABGE@AAG@BA@CBEC@I@BEMABCB@@@AABAJB@CBI@CA@aCaAEAM@@GC@@@EA@BAFO@QCI@AF@DAJAJAH@BADAJ@DAH@@GFA@@B@@@@@B@@@@@BB@@@BA@@@@@@@B@@@B@J@D@JH@ABAB@@AB@DAB@BABCHUAB@A@KDOCKCAFAFCAADB@ABA@@@CAAAECEAKABC@@WGA@QDA@A@@@ABAB@@C@AAC@@@A@C@CDBB@BA@C@AAA@C@C@ABAAE@A@C@@@ABA@@@@@@B@BCBA@ADGB@@ABABADGD@BADCF@@AFADCFCA@BADCFGBGBEBIBEBIBADAB@DC@A@A@EB@@A@@@@CAA@@GAC@E@IBIBCBE@KBI@A@@@@A@A@@AA@@@@A@@BCB@BC@EB@@C@C@A@E@@@CA@CAA@@A@C@A@E@C@A@AAEAC@@@@@AA@ACA@@@@AF@D@B@B@@@BA@A@CAUFWFQFODIBEBA@]HeJMBODOFIDCDCH@BCHAB@DAFH@@DGNCBG@CF@BA@ABCD@DEDCDCB@F@B@D@BAHHFHFABFBBBBD@DHBAD@B@BADD@ADABADCDADWBAHKJMJIFB@GHGCK@OJABEDEDEDGFEB@D@@AB@@A@@BA@ABA@AB@BJDGFGDCBEACDEHEHEGA@@BGHA@A@@DDJ@DDDABEAAAADEAAAC@@BCD@BAB@BABCB@B@B@@@AAA@@BACAA@C@@@A@@@@D@DBR@B@D@B@@CD@@IJGJEHGHCFCDGHCFCDABGFGHEDEDEFEDCDCB@BA@|tmAO|[J]aBW@kBoXACIA@AI@A@]ECJYOqGlP@BADAHWXSPGJDDBBBBHJiNAFGLEPIRELAFBJ@L@TBNCPCbVFhNNPLNLCZE@@\\D`FB@nJPDvV^LPH@XFDV@DDB@FD\\PJHZXPPbZFBFFHFBBLNEBIFGDTPJJPMVQ^WLIJGNKPKRMPMB@DADDDDDBNINEJEIEGCHGBCB@JK@ABALIDCLIDAJGJGHENI@ANI`GJARCXGLCPB^BF@^@fBh@F@RFJDDBNBPDHBNBJJFBBB@@LHB@@BB@HBNDLDFBPDFBHDJBHBJDHBFBB@BBD@B@B@B@B@B@DABABA@@B@@@B@B@@@B@@@B@B@B@@@B@B@@@B@@B@@@@@@BB@@@@BBB@BBBBB@B@BB@@B@@@B@@BB@B@@@@@B@@A@@@@B@@@B@@@@@B@@@D@B@B@B@B@B@B@@@@@B@@B@@@@BBA@@@B@@@@@@@B@@@@@@@B@@@BB@@BB@B@@@@@@BB@@B@@@@@@@@@@@@B@@@@@@B@@@@@@B@@@B@@B@@@B@@@@B@@A@@@@B@@@@@@@@@@@@@@@@@BB@@@@@@@@@@@@B@@@@@@@@B@@BB@@@B@@@@@B@@@@@@B@@@@@@@BB@@B@@@@B@@B@@@@@@@@@@@@@@@@@B@@B@@@BB@@@@@@B@@@B@B@@@@B@@BA@@@@B@@@@@B@@@@A@@B@@A@@@@@@@@@A@@@@@A@@B@@@B@@@@@@@B@BB@@B@@@@@@@@B@@@@@@@@@@A@@@B@@B@@@@@B@@@B@@B@D@B@@@B@@B@@@B@@A@@@@@@@@@@@BBB@@@BB@@@@B@@A@@BA@@B@B@@@@@@AB@@@@@@@B@@@@@@A@@@@@A@@B@@AB@@BB@@@BBB@B@BA@@B@B@@@@@@B@@@@@@@@@BB@BB@@B@BBB@@@B@B@DABANIMdKDAdaFATKHC]zQNILGIB@PIDCJAFAD@DABAD@@AÀROXA`OTKBA^KPCJ@LBLB^@HBJ@D@H@B@L@T@bBZ@H@X@t@D@B@P@J@D@J@B@N@@@B@PFNFFDJD@@@@B@@BD@FDBBB@D@FBFBD@F@FBD@FBHBD@BBFBF@PDHBB@FBFB@@FBD@@@FBDBD@DBD@BBHBFBDBB@HDBBD@DBF@FBDBF@B@DBDBF@DBHBD@DBF@JDJBB@D@F@D@FBB@P@D@D@FBD@F@D@BBDBBB@@DBDDBBDDB@FD@@@DBB@DBB@B@BBBBDBBDD@BB@BD@BBBBBBB@BBB@@FD@@DD@@BDBBDDBBB@FFBBBBDD@@NNDDFFFDJHFFNLNJBBFDbLjLZHRFBXFRJJFJDbRFBJDLH`PJFLJTNLDHBbTXPLF@BD@BBDB@BB@@@B@B@BB@@BB@@B@B@BBD@@@BB@@BB@@BB@B@@B@@BFBBBB@LHLFJFLFTHXD@BD@FBLDF@BB@@F@T@F@B@RBRBD@LBF@F@H@H@@@D@B@PGAAHC@@@@AC@AAC@A@EFG@E@AGGEGIABADEFEBCFA@A@C@CDAA@CACAEAAAA@A@C@@@@@BCHK@ADGJMLS@@EOCIC@@CBG@G@@U@QEC@@@@C@ABEBABCBE@ADEDIBIDGDIBCIB@E@@HCJ@LAB@P@D@DCHAJEDCJCFCB@B@DE@CL@DAH@F@B@F@JB@AB@@ABA@@BCDA@ADABA@@@AB@DEFEDC@@@@BA@@@ABABAFEDEFEFEDEFE@@FE@ADCB@BCB@@AB@@A@@BA@@bg@ADAHIJIHIHKBABGDIBIBIDIBIBIBGBCACJDDBBOBCHSB@PCLCDAB@@CFIA@JEFAPERC\\GHAB@@AF@VEBANCFAHB@@@@CCCC@@BCEBAEAG@C@A@CDE@AkQ@@@@A@@@@@ACAA@A@CAE@E@A@@CECG@@@EAA@E@@CECECG@@DEBCGIEAEHAA@@CCGBKI@@@EBEDE@CA@AAA@@@@A@@FEBAB@@A@@A@@@CADC@@AA@@E@BABE@@BC@@@@@@AAEAKCA@@ADKH@BG@@@A@@@A@A@@B@@C@@@A@A@@A@@ABABABA@AB@@AB@@@@@@@DADAHADALCDAFADADABADAB@BA@ABAB@D@@ABA@A@A@ABABA@A@AB@@A@@DABABADC@@DApgCAEA@@@@A@EA@@AA@@Q@A@EEECB@C@G@DCDC@@BA@@@@BA@ABA@A@@@AB@@@@ABABCDG@AB@B@@@@B@@BB@BFABCHB@@DBDBDGDG@@BA@ABA@@@ABEBA@@@@D@D@BAB@D@@AACBABCBCBAF@@A@@D@BCFB@BHA@E@@@A@E@@@CBA@@@@HKFGBEBCBC@@@A@@BA@A@@@@@AAAAA@@@@@@BCBC@@AC@@BA@AB@BGBEBEF@B@D@B@FBDCB@DC@@A@@@@C@@@AD@@ABCBC@@DA@A@E@@AE@ABCFABABAAE@A@C@A@G@ABACA@@CCA@@@@AA@@@@A@C@C@ABAAA@A@C@A@@@C@ABC@@BAB@B@@A@ABAF@D@D@@C@A@CBC@CA@@A@ABABA@@@A@@BABABCBA@@BA@ABADAB@AA@@@@AA@@@@AA@@CAF@BBDB@@BBB@@BJA@C@A@@BCBAB@@AB@BI@C@A@A@A@A@@BA@C@AA@GAA@C@@@A@@@BC@A@A@AA@GC@A@C@C@AAC@A@E@A@C@AB@A@BA@@@@@@@A@@@@A@@A@@@@@@@@AA@@A@@@@@@@@A@@A@@@@ABA@A@A@@@@@A@@@@BABCDA@AB@@ABABAB@@AB@B@B@BBB@@BB@B@@BB@@BBB@@B@@@@A@@@AA@@@@AA@@@BAB@@@@AB@@ABA@AB@@ABA@@@@@C@@@@B@@@BA@@@A@@@@@@BA@@B@@@@CB@@A@@F@B@@@B@@A@@@A@@BA@@B@@@BB@A@@@@@AAA@@@@@AB@BAB@@@B@@@@A@@@@@@@@A@A@@@A@@AA@@A@@@AB@@@B@@@@@BB@@@B@@@@B@B@@A@@@@@A@AAA@AA@@A@@@@BAB@@A@@@@@A@@@A@@@@BA@@D@B@@A@A@@@A@A@A@@@@@@@@@A@@@C@@@AA@EEA@@A@AA@@A@@@A@@B@@@BA@@@CB@@AB@B@@A@AA@@@BA@@@A@AB@@A@@FC@@@A@A@A@C@@BA@@BA@@@A@@AA@AB@@A@@B@B@@AB@B@BC@@@A@@@AAAAA@@BA@@B@@@D@@A@@@@B@@AA@@AAAA@AA@@@@@AB@@@B@B@@AB@@@AA@@A@@@A@A@@@@@AA@C@@@A@A@@BA@@BAB@BA@@@@BA@@@@ACAA@@A@AAC@AAA@@A@@@@BA@AB@@AA@@@A@@@A@@@AB@BAB@@@B@@A@A@A@A@@@A@@@A@@@@@@A@A@@A@@@@@A@A@@@A@A@A@AAA@A@@@A@@A@@@@AA@@B@BAB@BA@@@A@@A@A@CAA@@@@A@@BAB@BA@AB@@A@A@@AACAA@CA@@@A@A@@BADAB@BABA@@BA@AAAAC@C@A@A@A@A@A@AA@@AA@@@@@A@CBA@AA@@A@A@A@CACAA@A@AAC@C@A@ABA@A@A@A@A@AAA@A@@@A@@BA@@@ABA@A@AAC@@@AAA@@AAA@@CAAAA@A@A@A@@B@@AD@@@BB@@B@@@BA@@BA@ABEBA@A@A@C@EB@@C@ABA@@@ABA@A@A@@@ABA@@@@B@@@BB@@@@B@@@@AB@@A@AA@@A@@@A@AAA@ABA@@@A@@BCBABAB@@@B@DAB@BAB@@A@@BA@@@@BA@@A@@@@@@@A@@@A@@@@@@B@BECKBEE@@ABA@ADEB@@CBADEBCDGBA@@BEBA@@@@B@B@BBD@@B@@@@@@@@@@@B@BB@@@FBB@B@@@B@B@@@DCDA@AB@@A@@DAFCBA@@@AB@BA@@B@@ABA@A@@@A@@@A@@@AB@AA@@@AAAA@@A@@@A@AA@@A@AA@@A@AA@BA@@@@AA@C@@@CA@@AAAA@A@@A@@@@EBCBGB@@C@ABG@CBEBODGBODKDGBE@@@MDKBSDcFEBA@A@A@A@@@A@@AA@AA@@AAAA@@@A@@@@@@@AA@@@@@A@@AA@@@@@A@A@C@A@A@AAA@@@A@@@A@AAA@A@EAEACAC@@@AAA@@@A@@@AA@@A@A@A@A@CAC@GCC@AACB@HABEPEPAFBBDB@B@@BB@@@@@@@@EB[DCBMBC@CBGBEBGBA@CBC@ABC@C@ABC@ABC@CBA@CBEBA@A@CBA@ACEB@AAAEEC@I@@BBDCBEBEBGD@@@DFFCBC@A@AB@@C@ABA@ABA@@@ABA@ABABA@AB@@@@ABA@CBABA@ABABA@ABABA@CBABCBABABCB@@CBABCBABCBABA@CBCB@@MAEAKAIAEAGA@BCBGDC@C@EBGBQBC@GBI@CBC@E@AB@D@F@BABBDDFBDJPDH@@ABABAB@BGLA@@B@@A@KFEBEA@BICA@AAAAAA@@@@AAE@AAA@@@@@A@@@A@AAA@A@AAABA@@B@@@B@B@@A@@BA@@@A@@AA@@AA@A@@@AB@@@BA@A@@AA@AA@AA@ABABAAAB@@@@ABCDADQ@@ACBCDA@@AEDAAAD@@A@@BABD@EDAA@@EB@@AC@BABA@AB@@@@EAA@A@@@A@ADB@JV"],"encodeOffsets":[[125954,44744]]}},{"type":"Feature","id":"150526","properties":{"name":"扎鲁特旗","cp":[120.905275,44.555294],"childNum":1},"geometry":{"type":"Polygon","coordinates":["@@E]VKP@KJERQVAB@@GHEHCFEFGJEFEHEFEHGJIJ@@wBt^hvNBTT`yVWJKPILC^AJAL@BANANI@gDWBBJBVBRBP@BBDA@ADCFEHGHAB@@CBKAG@K@C@AAC@E@@@A@C@AAA@AAC@A@KBE@G@GBA@CBA@I@G@G@G@@@ABCJABAD@@CHADADABCH@BAB@DABOCWEIA_C[EA@C@GAE@A@@@ABEDCDCDGFCDABI@C@IBA@K@G@IAADCDIHEFGHCDEFCBCDABABADEFEJEFEHEHEFAB@BA@B@B@BBD@@@B@@BBB@B@@@B@@@B@@@BBB@@@@A@@BA@@@CBABAB@BA@@BCBCB@BA@@@@B@@@@ABA@@@ABAB@@A@A@A@C@A@AB@@AB@B@BA@@@@@CBA@A@@B@@@DAB@B@BCBA@@B@@@B@D@B@BAB@@A@A@AB@@@@@@@DBD@@@@@@AB@@@@A@@B@@@@@B@@A@@@@B@@@B@D@D@BAD@@@@AB@@@B@@@B@B@@@@ABCB@B@@@@@@BB@@B@BB@@BB@DA@@BAB@@@@@@BBB@BBBB@B@@AB@@@@JwxTdIF@@FD@@BABBFA@BKH@@CB@BD@@BABDDADAACDCB@BCAA@CDGC@BDBABLBCD@@JDBCBBEFHB@@CB@@AB@@@@@BB@AB@@A@AB@@@@@@@BAB@@@D@@BD@@A@ABA@@BA@@BCBAD@@A@@@@@A@C@A@A@ABC@@BA@@BABA@@BAB@@BBBBB@@B@@@@B@@B@@FBB@@B@@@@@@@B@BBB@B@B@@@@ABAB@@@B@@@B@B@@AB@@CBA@ABAB@@A@CAA@A@CBADAB@B@DBB@B@B@B@BC@ABABEBABC@A@C@AAC@A@A@CBIBIB@@CBA@A@CB@BABABAB@@AD@@@B@@AB@B@@@B@@AB@B@BBB@@A@@B@@A@@@A@A@A@@@AB@B@@A@A@@BA@@@@B@@@@A@ABA@A@@B@@@BA@@B@BA@@@@@A@A@C@@@C@A@@@A@A@@@CB@@C@@@GBA@@@ABA@@BAB@@AB@@@B@B@BAD@DAD@DAD@B@B@BA@@BAB@@A@ABA@A@A@@@AB@@ABAB@BA@@@AB@@A@A@@@A@@B@@A@@@@@A@A@@@AB@@@@@D@B@BAB@B@@A@@BA@@@@@A@ABA@A@A@A@@@A@AAA@AAA@@@A@@@A@A@A@A@CAA@@@A@@@A@@BAB@BA@@B@@ABA@@BABA@@BABAB@DAD@@@BBB@B@@BDBD@B@B@B@@@BB@@BBB@@@BB@@@B@BBBBB@@B@@B@@@@@@BBB@@BB@BB@@BDBBB@@@B@@@BB@B@@B@@@BBB@@BB@BB@@BB@@B@BBB@BB@AB@@@@A@EAA@C@CBC@CAA@CBKBE@KFA@ABEBCBA@@BA@C@CBGBCBEBCBEBEDGDEBCB@@EDCDA@ABABADCBCFADA@@@ADCFADCF@BAF@B@@@BABADC@EBA@@BAB@@@@@B@@@BBA@@@@@BA@B@ABB@A@@B@@ABB@A@@@A@@@AB@@B@@@B@AB@@BB@@BC@@@@B@@@@B@@@B@@@BB@B@A@@B@@@@AA@@@B@@@@@B@@@@@@@@A@@@@@BB@@@@@@B@AB@@@@A@@BB@BA@@@B@@A@@@@@@@A@@@@B@@B@@@A@@@BB@@@@@BA@@@@@@@BB@@@B@@@@@@@@@@@@DB@@@@@@A@@@@@A@@@@B@@A@@@AB@@B@@@@@@BB@A@@@A@@@@@@@@@AB@B@@B@@B@@A@AAA@@@@B@@B@@@@@@B@@@@@@B@@@B@@@ABA@@@@@B@@BAA@@@@A@AB@B@@A@@@@@B@@B@@@B@@@@@@A@@@@@A@A@@B@@@@@B@@@@@@B@@@@@@@@@@@@B@@B@ABB@@@@@@@@@@BB@@@@@@BA@A@@BA@AA@@A@@@@B@@@B@@@@@@CBCBA@A@@@@AA@@@A@@B@@@BA@@@B@@@B@@DA@@B@@@@A@A@@@@@@B@@A@@@@@@B@@@@@@AB@@A@@@B@@@@@A@@B@AABB@@@B@@@@BAB@@@AA@@@@@@BA@@@B@@BA@@@A@@@A@@@@@@@@BA@@AA@@@AB@@@@@BB@BBA@@@@@AA@@A@@BB@@B@@@@C@@@@B@@A@A@AB@@@B@B@@@@AAA@@@A@@@@@B@B@@BA@@@AB@@AA@@A@@B@@@@B@@@@B@@@B@@@@@@@@@@@@@@B@@@@@@@@@@@@@@@@@@@@@@B@@@@@@@@@@@@@@A@@@@@@@@@@@@B@@@@@@@@@@@@B@@@@@@@@@@@@B@@@@@@@@@@A@@@@@@@@@@@@@@@A@@@@@@@@@@@@@@@@@B@@@@@@@@@@@@@@B@@@@@@@@AB@@@@@@@@A@@@@@@@@@@@@@@@@@@B@@@@@@@@@@@@@@@B@@A@@@@@@@A@@@@@@@@@@B@@@@@@@@@@@B@@@@A@@@@@@@@B@@@@@@@@A@@@@@@B@@@@@@@@@@@@@@@@@B@@A@@@@@@@@@@@@@A@@B@@@@A@@B@@A@@@@@@@@B@@@@@@@@@@@@@@@@@@A@@@@@@@@@@@@@@@@@@@@@@B@@@@@@@@@@@@A@@@@@@@AB@@@@@@@@@@A@@@@@@@A@@@@@@@@@AB@@@@@@B@@@@B@@@@@@A@@B@@@@A@@@@B@@A@@@AB@@@@A@@@@@@@A@@@@B@@A@@@@@@@@@@@@@@@A@@@@@@@@@@@@@A@@@@A@@@@@@@@@@A@@@@@@@@B@@@@@@B@@@@@@@@@@@@@A@@@@@@@A@@@@B@@@@@@A@@@@@@@@@@@A@@@@@@@@@B@@B@@@@@@@@@@@@A@@@@@@@@@@@@@@@@B@@@@@@@@@@@@@@@@@@@@A@@@@@@@@@@@A@@@@@B@@@@B@@@@@@@@@@A@@@@@A@@@@@@@@@@@@@@@@B@@@@@@@@@@@@A@@@@@A@@@@@@@@@@@@@@@@@A@@@@@@@@@A@@@@@@@@@@@@@@@A@@@@@@@@@@@@@@@@@@@@@@@A@@@@@@B@@@@@@@@@@A@@@@@@@@@AA@B@@@@@@@BAB@@ABA@@@@@A@@AA@@BA@BBA@@AA@@@AB@@@@@@ABA@@@A@@A@@AB@B@@@@@B@@@BC@A@@B@AA@A@@B@@@@@BAAAB@@@@@B@@ABB@@BA@@@@AABA@B@@@@BA@@@AB@B@@A@A@@B@@BB@BA@@@@B@@A@@BA@@@@@@@@@@B@@@@A@@@@@@@@@@@@@A@@@@@@@A@@B@@@@A@@@@@@@@B@@@A@@A@@@@B@@@@@@@BA@@@A@@@@@@@@@@BA@@@@@@@@AA@@@@@A@@@@@A@@@@@@BB@@@@@@@@B@@@@@@AA@@@B@@A@@@@@@@A@@BA@@@@@A@@B@@B@@@@@@B@@@@A@@B@@@@A@@@@@@@@@@@AB@@@@@@@@A@@@@@@@@@A@@@@@@@@@@@@@A@A@@B@@@@@@@BA@@@@@A@@@@@@B@@@@CB@@@@@@AB@@@@@@@B@@@@@@A@@@@B@@A@@@@B@@@@@@@B@@@@@@A@@@@B@@@@@B@@@@@@@@@@A@A@@@@@@@A@@@@@@B@@@@@@@@A@@@A@@@BB@@@@@@@B@@@@A@@@@@@@@BA@@@@@@BA@@@@@A@@@@AA@@@@@A@@@@@@@@B@@@@@@AB@@@@A@@@@@A@@@@B@@@@@B@@@@@BB@AB@@@@B@@B@@A@@@AB@@@@@BB@@@@@AB@@@@A@@A@@@@@@AB@@@BA@@@@@AB@@@@A@B@@@@@@@@@@B@@@@@@@@B@@@@@AB@@@@@@@@@@A@@B@@@@@@@@@@@BA@@@A@@@@@@@@@@@A@@@@B@@@@@@@@@BB@@@@@@@@@AB@@@AA@@@@@@BA@@@B@@@@@@@@B@@@@@@@@A@@@@@@@A@@@@@@BA@@@@@AA@@@BA@@A@@A@A@@@@@@B@@@@@@@@@@A@@@@@@@@@A@@B@@A@@BB@@@A@@@@@A@@@AB@@@@@@@BA@@@@@A@@@@B@@A@@@A@@@@B@@B@@@A@@@AB@@@@@B@@@@@@A@A@@@@@@@A@@@@@@@@@@@@@B@@B@@@@@@@@@@A@@@@@A@@@@@@@@B@@A@@@@@AA@@@BA@@@@@BB@@A@@@AB@@@@@@A@@@@@@@@@@@A@@@@BA@B@AB@@AAA@@B@@@@@B@@@@AB@@@A@@@@A@@@AB@@@@@B@@A@@@@@@@A@@@AB@@A@@@@@@@@B@@@@@@@@@@A@@@@@@@@@A@@BA@@@@@@@@@A@@@A@@@A@@B@@@@@@@@A@@@@@A@@@@@@B@@@@@@@@A@@@A@A@@@A@@@@@A@@@@@@@@@A@@@@@@@A@@@@B@@A@A@@@@@@@@B@@@@@@@@A@@@@AA@A@A@@BA@@@@A@@AB@@@@@@@B@@A@@@A@@@A@@@@B@@@@@@@@@@A@@@@@@@A@@@A@@B@@@@@@@BA@@@@B@@@@@@A@@B@@A@BB@@A@A@@@@B@@@@@@@B@@@@@@AB@@@@@B@@@@A@@@@B@@A@@@@@@@@BB@@@@@@BB@@@@@@@@@@@@@@B@@@@AB@@@@@@@@@@A@@@@@A@@@@@@@@@@@@@@BA@@@@@A@@@@@@B@@B@@@@BA@@@B@AB@@@@@@@@AB@@@@@@A@@@@@@@A@@@@@@@@@@B@@@@@B@@B@A@@@A@@@@BB@@@@@@@@@A@@@@@@@@@A@@@@B@@@A@@@@A@@B@A@@@@@@@@@AA@@@@@@@A@@B@@@@@@@@@@@@A@@@@@@@@@@@@B@@@@@@@@@@@@B@@B@@@@@@@@@@@@A@@@@@@@@@A@@@@@@@@B@@A@@@@@@AA@@@@B@@@@@B@@@@@@@@@@@@@@@@A@@@@@@@AA@@@B@@B@@@A@@@@@@B@@A@@@@@@@@A@@A@@@@A@@@BA@@@@@@@@@BB@@A@@@@@@@A@@@@@A@@A@@AB@@@@A@@@@AA@@@@@@B@@@@@@@BA@@@A@@@@@A@A@@B@@@@@B@@A@AB@@@@A@@@@@A@@@@@@B@@A@@@A@A@@@@@A@@B@@A@@B@@@@A@@@A@@@A@A@@@AB@@@@@@@@@B@@A@@@A@@@@@AA@@A@@@A@A@@BA@@@A@A@@@A@@@@@@B@@@@A@@@AB@@@@@B@@@@A@@@@@@@AB@@@@@@A@@@A@A@@@@@A@@B@@@@AB@@A@@A@@@@A@@@A@@@A@@@@@A@@@@BB@@@@@@@AB@@@@AA@@A@@@@@@BB@@@@@A@A@@@@@@@A@BB@@A@@@@B@@@@A@B@@AA@@@@@A@@B@@@@@@@B@@@@A@@@A@A@@@@@@@A@@@@@AA@@@@@@A@@@@@A@@BA@@@@B@@@B@@@@@@A@A@@@@@@@A@@@@@@@@@@@@@@@A@@@@@A@@B@@@@@@A@@@A@@@@@@A@@@AA@@@AB@@@@@@@@@@@B@@A@@@@@B@@BA@@@@@A@@@A@@@@@A@@@A@@@@@A@@B@@A@@@A@@@A@@@@B@@@@@BA@@AA@@A@@A@@@@@A@@B@@@@@@A@@@@@AB@@AB@@B@@@@B@@A@A@@A@@@BA@@@@@@B@@@@@@B@@@@@@@AB@@@@@@AB@@@@A@@@BB@@@@@@@@@BA@@@@@@@@@BB@@A@@@@@@@@B@@@@@@A@@@@B@@@BB@@@ABB@@@@@A@@@@@AB@@@@B@@B@@@@A@@@A@@@@@@@@@@B@@A@@@A@@@@@@B@@@@@@@@@@@@@A@@A@@@@@@BA@@@@B@@@@@@@@A@@@@@@@@@A@@@@@AB@@@@@@A@@B@@@@@@A@@B@@@B@@@@@B@@@BA@@@@B@@@@@@@B@@@@@@@@@@AB@@@@@@@@@B@@A@@@@@@@@B@B@@@@@@A@@@@@A@@@@@@B@@@@@@@B@@@@@BA@@BA@@@A@@@@@A@@@A@@@AB@@@@@BA@@@@@@B@@B@@@@@@@@@AB@@@@A@@@A@@@@B@@@@@B@@A@@BA@AB@@@@@B@@@@@@@@A@@B@@@@AB@@A@@B@@@@@@@@@@@BA@@@@@B@@B@@@@@B@@@@@@@B@@@B@@@@AB@@B@@@@@@@@@B@@B@@@@A@@@@@A@@@@@@@@@@@A@@B@@@@@B@@@BBB@@@BA@@@@@@B@@@@@@@@AB@@@@@BB@@@@B@@BBA@@@@@A@@B@@A@@@@@A@@@@@@@@@A@@@@@@@@@@@A@@@@@@@@@B@@B@@@@@@@@A@@@@B@@@@@@@@@AAB@@A@@@A@@B@@@@@B@@@@@@@@@B@@@@@@B@@@@B@@@@BB@@@@@@@@@@B@@@AB@@B@@@@@@@@B@@@@@B@@@@@B@@@@@@@@@B@@@@@@A@@@@@@@@@@@@@BB@@@@@@@@@B@@@@@@B@@@@@@B@@@@@@@@@@A@B@@B@@A@@@@@@@BB@@@@@BA@@@@@B@@@@@@@@B@@@@@@@B@@A@@@@@@@B@@@@@@@@B@@@@A@AB@@@@@@@BA@@@@@@AAB@@@AAB@@@@@@@B@@@@@@A@@B@@@@@@@@@@@B@@@@A@@@@@@@AB@@A@@@@@@B@@@@@@@@@@@B@@@@@@A@@@@@@@@@@@@@@@@B@@@B@@A@@@@@@@B@ABB@@@@@@B@@@@@@@@@@@@A@@@@B@@@@@@@@@B@@@@@@@@@@A@@@@@B@@B@@@@@@@@@@@@A@@B@@@@@A@@A@@BB@@@@@@@A@@@@@@@@@@B@@@@@@@@@B@@@@@@@@@@@@@B@@@@@@@@@@@@@@@@@@A@@@@@@B@@A@@@BB@@@@@@A@@@@B@@@@@@AB@@@@A@@@A@@@@B@@@@@@@BA@@@@@@@@@@B@@@@A@@@AB@@A@@B@@B@@@@@@@@B@@@@@@@B@@A@@B@@A@@@@@@B@@A@@@@@AB@@B@A@ABAB@@A@@B@@A@AB@@@@A@@@@B@@@@@@AB@@@@@@@@@B@@@@@@@@A@@B@@@@@@@@@B@@B@A@@@@BA@@@@@@@@B@@@@BBABB@@B@B@@A@@BA@@B@@@@@@@B@@@@@B@@@B@@@B@@A@@@@@@@A@@BBB@@@@@B@@@B@@@@@B@@A@@B@@@@@@@BA@@@@@@B@@@B@@@@@B@@@@@@@@@@@@@B@@A@@@@@@@@@@@@@@@@B@@@@A@@B@@@@@B@@A@@@@@AB@@@@@@AB@@@B@@@BA@@@@B@@@@@BB@@@@B@@@@AB@@A@@@BB@@BB@@@@@@@BA@@@@@@@A@@@@@@@B@@B@@A@@@@@@@@@@@A@@@A@@B@@@@A@@B@@@@@@@@@@@BA@@@B@@@A@@BA@@@@@@@BB@@@@@@A@@@@@A@@@@@@B@@@@@B@@@@@@@B@@@@@B@@@@A@@@A@@BA@@@@B@@@B@@@@@BA@@BA@@BAB@@@@@B@B@@@@@@@B@@A@@@AB@@@@AB@@@@@@B@@BA@@@@@A@@@@BA@@@A@@@@@@@AB@@A@@@ABABA@@@AB@@@@@@@B@@@B@@A@@BC@@@@BA@@@A@@@A@@@ABA@@@@B@B@@@BA@@@@@@B@@@@@@@@@B@@@@AB@@A@@@@@@@A@@@@@@@@B@@A@@@@@A@@@@@A@A@@@@@A@@@@@@AA@@@A@AB@A@@A@@@A@@@@@A@@@@@A@@@@@A@@@@BA@@@@@@@AB@@@@@B@@@B@@A@@@@@A@@B@@@@@@@@@@@@A@@@@@AB@@A@@@@A@@A@@@@B@@@@@@A@@@@@A@@B@@A@@@@@@@@@A@@BA@@@@@A@@@@@@@@@@@@@A@@B@@@@@@A@@@@@@@A@@@@B@@B@@@A@@B@@A@@@A@@@@@@@A@@@@@@@@@A@@@@@@@A@@@@@@B@@@@@@A@@@@@@@@B@@A@@@@@@@A@@@@@@BA@@@@@@B@@@@@@@@@B@B@@@@A@@@@@@@@@@B@@@@@@@@@@B@@B@@A@@@@@A@@@@@@BA@@@@B@@@B@@@@@@@@@@@@@@@@@B@@@AA@@@@B@@@@@@@@@B@@@@A@@A@@@BAB@@A@@@@@@@@AA@@@@@A@@BA@@DA@ABABEDEDADGBCDIFOJIDABw`]RABA@_|UDkHĹn_MWTOJsjCDc\\GFIHRXLN¦ÂB@XFLDNA @|Ad@F@B@b@L@PAP@P@N@P@N@J@H@F@D@DBVDJDNBNDNDLBFJHNHNHJB@B@FBF@BBB@FBHFNJFBBBBBBBDFBBDDBB@BB@@B@@@D@J@L@L@F@FBBB@N@Z@^@J@NDZFC@@B@@@B@B@@@BA@@BADA@@@@D@BAB@B@@@BABA@AB@@BBBBAD@D@HAB@@ABC@EDA@ABCBABABABABA@@B@BA@@H@D@B@B@@ABA@CBAB@@@B@DAB@B@BABADCDA@@BAB@F@B@D@D@B@BBB@@@@@B@@BF@@B@BB@BA@CBAB@BBD@DA@BD@B@B@@B@@B@@@BBFBBB@DBB@B@D@B@DBB@D@B@B@BBB@BBD@FAB@B@D@D@@@BBB@BBB@D@BAF@DB@@B@D@B@DAB@BABBB@@@BAB@@ACA@@@@BA@@B@BBB@BAB@@BB@@A@@A@@A@@@AB@@@@AA@@@@AB@BBB@BAD@@@@A@@B@B@BAB@F@DBD@@AB@@@@AB@@@@@B@@@BA@@A@@A@@B@@AB@B@BA@@BBBBB@B@B@@B@@@BB@@@@@B@BAB@B@B@@@@BBBBB@@B@BBB@@@B@BBFABBB@B@B@BBB@B@B@@@BC@@BAB@B@D@D@B@B@FA@@D@B@BBB@BA@AAA@@B@@@BBDAB@@@B@@@@@@@AA@@@AB@B@B@B@BAF@DAFC@AB@B@BAB@@@B@@@B@@@B@@@@@B@@A@CBA@@@@@ABA@AB@@@B@@@B@BAD@@@@AB@@@A@@A@@B@@A@@BA@@BB@@@@B@D@@@@@BBDB@BBBBBDBBB@@@B@@FDB@@BB@FBD@@@D@B@D@@@B@B@B@B@B@@@B@@@B@@@@@@@@@@@B@@@@@@@D@B@@@@@B@@@B@@@B@B@@@@B@@@@@@BA@@BB@@@@@BB@B@B@@@@A@E@A@CCKAE@CA@BA@AB@@A@C@A@A@ADEBEBC@A@CCEAAAABCA@EACA@@@A@A@ADA@A@AEECAAAAA@@@AB@FC@@B@@@@A@@BA@@DAF@D@@ADA@AD@FBBA@@DCBA@@BBB@@@@BBBDB@B@@HDBBB@@BBB@@BA@@@@BABA@@D@B@@@FC@@HABA@@B@B@@@FBDB@@B@BAB@@A@@BA@AB@BCFCFCB@BE@AB@B@B@BBD@B@D@D@D@DAH@BAB@BABAB@D@@@B@BB@@BB@B@B@DADABABCB@@D@B@DADAD@DBBALC@@FDBBFDFDFFB@BB@D@B@BADAB@DB@@B@@@B@B@@@D@D@FAD@BAD@D@BADADCDABAFABCDEDCDAB@@@B@BBDFF@@A@AAACCAC@AAEBA@GBA@A@AB@BABEBAB@@@B@BDD@@ABAB@BBBBDDF@@@BAD@DAHAFADHBDBDBDBDFHFD@B@B@DBD@BBB@D@@@@DB@@@B@BBDBBB@@B@F@B@B@F@B@JADABAD@B@B@DAB@DCD@B@D@FBD@BBF@DBDBDBBBHBDALAF@D@DAB@F@FBH@D@@@DABA@ADBB@DAFC@@BAB@DBBBB@BB@@BABA@@DAD@@@B@BBBAD@D@FAB@@@BA@ABA@@@@B@FFDBBB@@B@BA@@B@D@B@@BDD@@B@F@@@DDDDB@@@DCBCDAFAB@L@B@BB@@BAFADABABCDCBAFC@@@CBA@AB@@@HAFBB@BBBB@B@@DBDAF@DAD@D@B@@A@@BA@AFADAHCB@H@@@HC@A@A@@B@DABAB@B@BA@AB@B@BAB@F@@@HCBA@ADCFAB@D@BA@@BAB@@AD@D@DBD@B@@B@B@@@@BBBB@@@@@B@B@@@BB@@@B@DABABBD@B@@@B@B@B@@@BBB@@@@C@@BAB@@@B@B@B@B@BAB@@@B@B@D@B@F@B@BA@@BA@@BBB@B@DB@BB@DA@@BABA@@@AB@D@@ABA@@DA@@@A@@@@@A@@@@ACAE@A@@B@@ABA@@BAB@@@B@@A@AB@BAB@@A@A@@@A@@BABABADA@ABABA@@@@FA@@@AB@AA@A@@BC@AB@@@BAB@F@B@D@B@@@B@B@@@DABCB@@BB@@@BB@@B@@AD@B@B@B@B@@B@BB@D@D@B@DABA@@@@BA@@@AD@@A@A@ADAB@B@B@BBB@B@DBB@@AB@@ABABAB@DA@ABABAB@B@FA@@@AB@B@DABBB@H@B@BAB@B@@ABABAB@@A@A@@AAAAB@BC@A@A@@@A@AAA@@@E@ABA@@B@FAB@@A@@BCBC@CBA@@AAACAA@@B@B@@@B@HC@A@ABABABA@@BB@@DBB@DAB@B@D@BBB@DBDAB@@@B@J@B@L@B@B@BA@@@A@@@ADADADBF@B@B@D@B@B@BAB@B@BBB@B@D@B@BBFB@@B@@@B@BA@@@IBA@@BA@@@A@@DC@AB@B@FCBABCB@BA@ABA@A@@B@B@B@D@@@B@@@FDB@BBB@@@B@@@@AFC@@@C@AFADA@@B@B@BABADADA@@@@@CAA@ABAFAB@@AD@DC@A@@@A@A@@BABA@@BAB@DABAB@BAFAB@@@AAAAA@@@BA@AB@@GCAAAAA@C@@ACBCAC@@BA@CBABABAFC@@AAAACAA@@A@A@AACCC@A@@@ABA@AAAAC@@@@BABADA@@@@GE@A@A@@BABA@A@@BA@A@@@AAA@A@@BAD@DAB@@ADCB@D@DA@B@@B@DB@@BBB@B@BAFAB@@AFB@@B@@C@@B@D@B@@ADABA@@FA@@BADCBA@CB@@@D@D@B@@@B@@@BA@AF@BAB@BC@AB@AA@AB@@@FAB@DAD@BA@@@A@@@@@AJAB@@A@@BABA@@@AB@B@BAB@@ABAD@D@B@BABAB@@AB@FAB@@@BA@AB@B@FCFEBA@@@AB@@ABABCBABEBCBAFAB@BA@@BADAB@B@B@B@@@BABA@AB@@AJADAFC\\OTGXEHABADAFA\\MB@dDB@@@FCDC@@B@@@D@D@DA@AB@@@BABBB@BBBA@@HAB@D@D@BAD@DAD@HA@@D@FADAB@@AB@@BBDB@@B@@FAD@BBD@B@B@D@@@H@B@@@BA@ABABE@AAE@A@@DWDQDKD@DBBBBB@@F@F@B@@AD@BAJ@B@DA@@B@F@B@B@DBBBB@B@DAD@B@@@B@B@D@B@D@D@BAB@F@@@BA@@@A@AD@@@@@@@FA@@@@BA@ADC@@DA@ABABBB@BAD@BADAB@BA@@DCB@D@B@BA@AB@F@BAB@@@BDB@D@BADAB@B@B@B@@@DAB@B@@@BABA@@@AB@B@B@B@DDB@DBB@B@B@@A@AB@BAFC@ABABA@A@@@@D@BA@@B@BAB@HABABA@A@A@A@@@AD@BABABA@CB@DAB@BABA@@D@DCB@@AAAAA@@GFABGBKDJMEAA@BCBCDG@AEGS]AA@A@@@@BA@A@@AAAC@@@CA@AA@AA@@AA@@@A@ABC@AAAA@@C@@@AA@A@@@CB@B@DA@@B@BAB@BAHCD@B@@@BA@@B@D@D@FB@@BBBB@@B@B@B@BAB@DABADAB@@@DB@A@@@A@A@ABABABCBA@A@@@ACAEA@@AAA@@ADE@A@A@A@CACAG@@@@B@@ABI@A@AACCCCC@@AA@AB@B@BA@A@ABAB@BAHCHGBAB@BA@@BABABCBEDE@A@ADABAB@@AAG@A@E@ABA@@@A@AA@@A@@@C@AB@BAD@DCDADAB@BADCBCBABA@A@C@C@ABAHA@ADC@A@@DABAB@B@BEB@@CB@BAD@@@D@DBB@BBFBDB@BBB@@D@B@B@B@HE@@BABC@ABADADEB@@CB@BA@@@C@@B@FABADABAB@@AF@D@@@BAB@D@@@D@@@HAHABA@@B@@D@@B@DBB@DAB@BA@@BA@AFAFAB@B@@A@@@A@ABA@@BABAB@HCLEFAB@XCD@BAB@HCD@BAB@DBB@FAD@BAD@D@B@BBB@HA]DCDCDCfCbQ^QLE~aHBdQpU|ujAR_TcSOAgRIĖ»NIBMHkLUJQFI¢OJGDQcMhmAQlkJAZcPKH@VA@@@A@CBA@CB@@ABG^Q^OJGHGNKXUfjQpQNcJBJ@DBN@D@HAD@FAHA\\KHADChc@OMJABCBA@A@@@A@AAA@@@AAA@@A@@@@@@@@@A@@@@A@A@@@ABA@A@AA@@A@@AA@@BA@@@@B@@@@@B@@@@A@@@@@@@A@@B@@@@A@A@@@AB@@@BA@@@@@AA@@A@AA@@@@@@@@@@B@@@@A@@@AA@@@A@C@A@@@@A@@@A@@@@@AA@@@B@@@@@@@@@@@@A@@@@@@A@@@AAA@@@@@@@A@@@A@@@@B@@@@@B@@@@@@@@@BA@@@@B@@A@@@@@A@@@@@AB@@@A@@A@A@@@A@@@@@@@AA@@A@@@@A@@@@@@@@@@@@@@@@@AA@@@@@@AA@@A@@@@@@@A@@@@A@@@@@A@@@A@@AA@@@@@@@@@@A@@@@@@@@@@A@@A@@@@@@@@@@@@@@@@@A@@B@@@@A@@A@@@A@@@@A@@@A@@@@A@@@@@@@@A@@@@@@@@@@A@@@AA@@@@@@@AAA@@AA@@A@@@@@@@A@@@@@@@A@@@B@AA@@@@@AA@@@@@A@A@A@A@A@A@C@@@A@@@@@A@@@A@@@@@@BA@@@@@A@A@@AA@@@A@@@AAA@A@AAAAA@AA@@@@AA@@@@@@@AA@@@A@A@@@A@A@A@@@A@@@A@A@@@A@@@ABABCBA@A@A@A@A@C@AAA@EAGAICGAIAGCEAOCEAKCMCGAA@@AA@KG@@AAEAIIMAGAOCMACAICQEE@g@eA]@E@]AOAKDWHQDIB_HMJ@BMJGFIHIHCBKJCDKJAB@BILA@ADGHHDJFIFMFMJCACCCCCBA@ONQNOLMLIHKJ]XURONIISOHCJEFAKMAAGEEEEAaYOOYWIG[OECA@CCU@EC@WOG]KuUOCmIA@_E[C@@YFKDKMMOgMUEDaDOAM@S@KAIBEFKJQFOHKBEjMGIAAAACCHITOXWBGBC@AkOHosm[e@@AB@@@@A@@B@@@@A@@@@@A@CBA@A@AAAC@@@AA@@@@@A@@@@A@@@@@@A@@@A@A@@@@@AA@@@AA@@@@@A@@@A@@@@AA@@@@@@@AB@@@@A@@@@B@@A@@@A@@@A@@@@@@@@@@@@@@@@A@@@@@@@@@@A@@@@@@@@@@@@@@@@@@B@@@@@@@@@B@@@@AA@@@@@@A@@@@@@@@@@@@@@@@@@@@@A@@@@@@@A@@@@@@BA@@@@@@B@@A@@@A@A@@@A@@@A@@@@@@@@@A@@B@@@@@@A@@@AA@@A@@BA@@@A@@@A@@@CB@@CAC@@@@A@@C@@AAAA@C@AAC@@@BA@@A@@@A@E@A@AA@AA@AA@AA@A@AAAAA@A@@AA@CAE@AAAAA@A@@@A@@B@@@BA@A@@@@@A@@@A@@@AA@@B@@@@@B@@AA@AA@AB@@@A@@@A@@AA@@C@@@@A@AB@@A@A@@@@@@BB@@@B@@B@@AB@@A@A@A@A@@A@A@@@@@AA@CBA@@@A@AAAAABA@A@BBA@@@@@@@AA@A@A@@@AA@CACBA@A@@BA@@@@@@A@A@@@@@AA@A@A@@@@A@@B@@@@ABA@@@@@A@@C@A@@@@B@@@@A@@BBBA@@@G@@@@A@@@@A@A@@@AB@@@@AAA@A@@@@AAAA@CD@@A@AAA@@@@A@@@@BAB@@AA@@A@@BAFALBBAB@BAFCBAHCDADABAFBJ@RB@@@@D@PDB@@@AC@E@@@A@GAABA@AB@@A@@@@FEEC@ABE@A@@BMBQBUJQJSLKNOPSJKPUyKRRSFEVYNCGKKSDKBI@W@U@WBS@W@]FA@cJIBcJMBIBcF]DaD_AgEQCgISEE@UAO@YA"],"encodeOffsets":[[123698,44903]]}},{"type":"Feature","id":"150581","properties":{"name":"霍林郭勒市","cp":[119.657862,45.532361],"childNum":1},"geometry":{"type":"Polygon","coordinates":["@@A@C@A@@@CAE@ABC@A@AAA@AA@@C@C@A@A@EBC@AAA@AAA@A@C@A@CAA@C@A@A@CAA@AAAE@A@@@AA@@@@A@AACB@@CAC@ABADAB@@AAAA@@@AE@@@A@@@@AA@A@A@C@C@A@EBA@AB@DCBCBA@A@ABA@C@A@@BADAB@BA@@@A@A@C@GB@@A@AB@BABABABADABAB@FCD@BA@@BA@G@CBCAAAA@@BAB@BA@A@@@ABA@A@C@@B@BC@AB@@A@@@A@A@@@AD@YEMCI@]@Y@M@A@AA@E@E@K@K@I@C@@@AA@@AAACCAACEAAAAAAEAMIGEEAA@AAE@EAA@A@GIGMGMEIKAMCMCMAICUCCAC@E@G@I@M@O@M@O@O@OBK@a@A@E@c@{B@BMKCWEA@CfAH@LErZH@B@@@@MTQ`ÒFDbNDBVJXHZJ°jTHVXJL||XZDDHJYh``HHøĎ"],"encodeOffsets":[[122631,46674]]}}],"UTF8Encoding":true}