{"type":"FeatureCollection","features":[{"type":"Feature","id":"340705","properties":{"name":"铜官区","cp":[117.818427,30.93182],"childNum":22},"geometry":{"type":"MultiPolygon","coordinates":[["@@AA@@A@@@@@@@A@A@@A@@AAC@@AM@@BB@B@B@@BA@A@@BA@AB@DAD@D@@@@@@@BB@@BB@LAD@DB@@@@@@BC@@AAA@A@@@@CBAB@@@@@B@BA@@B@@AB@"],["@@@@E@A@@@@BCB@@B@@B@@A@AB@@@@A@DBABD@@@B@@@@A@@@BBAAA@@@@@@@@B@@@@A@AF@@C"],["@@@@A@@@ABA@@@@B@@B@@@@@BB@@AB@@A@A@@@@AA@@BD@@BBADB@@@@@C@AB@@AA@BAA@@@"],["@@@AA@@A@@A@@AAA@A@@@@@AB@BCA@@A@@@AAA@A@A@A@A@@@A@A@@@A@@@@BA@@AC@@AA@A@A@@AACB@B@DAB@DA@@@@@AB@@BB@F@@@D@BB@@BADA@@@@@@@B@@@@B@BABA@@B@B@B@BA@@B@@@BBBA@A@EAC@AAA@E@@@A@@@@@C@@AA@A@AA@@@A@AE@A@@BDB@B@@A@CB@@@BB@D@@@BBB@@BB@B@B@@@@B@@B@A@@@@BA@AAAB@@BB@B@@@AB@B@@@@@@AB@@@@@BB@@B@@@@B@B@BA@@B@@@@@@@B@@@@A@@@@@ABB@@B@@@@@B@@@BA@BBA@@B@@B@B@@@B@@@BB@@@@B@@A@ABA@A@@A@@@A@@@@AA@ACB@@A@@B@B@D@F@@@@@@@A@@@@B@@D@@A@@@@@@@B@@B@@DFA@@A@@A@@B@@@@@B@@BB@@@B@@@@@BA@@@AB@A@BA@@BAB@DAB@@B@@@@D@BADAAA@AAAA@ECB@DAA@@A@@"],["@@B@BAA@AA@@@@@@A@@B@@@@@@B@@B"],["@@@@@@@A@@@@B@@@B@@A@B@@@A@@B@@@B@NA@@@AB@@@@@@B@@@BB@@@@BBB@A@@@@B@BA@BB@@@@@@B@@RE@@B@AA@@@@A@B@CA@BA@@AEC@B@@@@@@AB@@@A@@B@@AA@B@A@@@@A@@CA@@A@@@A@@@@@A@@@A@BBA@@B@@BBA@@@A@@@A@@AA@@AA@@BA@@@BBA@AA@@@BAB@@A@@@BA@@@@AA@@DA@@BAA@@@DA@@@@A@@@@A@@@@A@AB@@BAFC@@AAABBAA@AAA@C@@B@@CB@@AB@@@A@@ABAA@@@@AB@@B@EBA@A@A@ABA@@@@@AB@@@@BBA@ABC@@@@@A@@@@AC@@G@@BABB@@@@BA@@@@B@B@BC@@@A@@B@@AB@@ABA@@BCBCA@@@@BABAA@A@@@@ABABABA@@B@@@@@BA@@@@@@@AB@@A@AAA@@B@@AB@B@@@@AA@AAC@AEG@@GD@AA@@AAG@@FBAGD@CE@C@A@@@CA@@@@@E@@@@A@@AA@@CB@@@@A@@A@@@A@@@AA@@B@@@@A@@AB@@@BA@@BA@@BADA@@@AA@@@A@BB@BA@CBACAB@AA@BBA@@@A@FPDJDHDLBD@BB@@A@BLFBBED@@@@@@HJDDD@@@@@@@@@@@@BA@@@BB@@DD@@@@@@@@A@@BBBBDBBBDBB@@B@@@@@@@@@@@FJHC@@AA@@A@BA@@@A@ABA@BDE@@@@@A"],["@@A@ABAB@@A@@@DA@@B@BB@@@@B@B@B@@@BABA@BB@@BD@@AB@@BB@BBB@@@BB@@@BAB@@@B@@BBBB@@@BB@@A@A@@@AA@@@B@@AA@@@@@@A@@@@@A@@@ABB@@@@BA@BB@@AA@@ABA@@@@@A@@@@A@BABA@@@AD@AAB@A@A@@B@BAB@@A@A@AA@A@@@@B@BCDA@AB@@@@@@@B@@@@AB@A@@@@@A@@B@@@@@@A@@@ABABCB@@A@@B@@A@A@@@@@A@BBA@ACB@B@@@@@AAAB@@@@@@A@@BB@@@@@A@AB@@@@@@A@@@@@@@AA@B@@C@@@@@@@BA@@A@@AA@@@A@BA@@@@@@B@AAAB@BCBC@@@BBB@@@@@@@B@B@@BBA@@AB@@@@@@AB"],["@@F@CAA@@@ADBA"],["@@@AA@CBBDBAB@@AB@A@"],["@@@@@AAB@@@BBA"],["@@A@@B@@B@@@@A@@@@"],["@@@AA@@@A@@@DAA@AA@@@@@DBFFJ@@@@@@FLBB@@@B@@B@@@B@BADA@@@@BA@@@ABA@@@A@A@A@@@@CDA@ABAB@@CBAB@C@@B@AAA@@AA@AGBA@@CGA@"],["@@@@@A@AAA@@@AA@@@@@@C@A@@B@@AAA@@BA@C@ADC@@BAB@@AAA@@@CA@@@@AC@A@AB@BA@A@AD@@ED@@CCA@@@AD@@C@@BA@ABA@A@BB@BBBA@@DABA@@@B@B@@@DA@@BABAB@B@BD@@DBBAB@@BB@@@@@BBAB@BABB@@BFAB@@@@D@@@A@@A@@B@@@@B@@B@@@@B@@B@@@BB@BA@@@@AA"],["@@B@@A@A@@AA@B@AA@@@@@@@@@@BA@@@@@@@@@@@@B@@A@BBA@@@@BB@@@@@@A@@B@@BBA"],["@@@AA@@B@@GB@@A@A@@@BB@@@A@@DBBB@@BA@@@@@A@@@@@@D@@A"],["@@@@B@DBDB@@BA@@AAA@@@HCAAAAFC@@A@ECA@@@C@@@C@@BA@ABA@@B@@@@GD@@@BB@BBDA@A@@@@@ABD@@@@@@@@@B@@@@B@@@@@@BB@@@"],["@@@@B@AA@@B@A@@ABAB@@@BA@A@@AA@@@BA@A@@BABAAA@@B@BA@@@@@A@AA@@@BA@@@@@@BAA@B@@A@A@@@A@@@@B@@@BBB@@AA@@A@A@@BA@@@A@@B@@AB@B@@A@B@@D@@A@AA@@@B@@@BB@@@B@@@B@BBB@@@@@BB@@B@@@BA@@@@BAB@@@@BB@AB@@@@B@@@B@@BBABF@@@@@@@@ACAACCB@ACA@B@AABA@A@@BD@B@@B@@@@@B@@@@BBBA@BB@@B@@@BB@@@@@@@@@A@@A@@A@@A@@A@ABA@@@@@@@A@@ABA@@@AA@@AAB@A@BAB@@BB@@@@@B@@@@ABB@@B@@B@@AB@@BB@@@BBBB@@@@@@B@@B@@@B@@AA@AA@AAA@A@@@AA@@@@@CA@ABA@BB@BA"],["@@@@@@B@@@B@@@@A@@@@A@@@@@A@@B"],["@@BAA@@ABAAB@@ABA@A@AA@@ABA@@B@@ABC@A@@@@@@BBBA@@@@@B@@BAB@@@@@@C@@B@@@AD@@@B@@@@@AB@@@@B@@@@A@@@@B@@B@@@A@@@@B@@A@@@@B@@@@A@@@@DC@A@@D@@@B@B@"],["@@@AAAA@CBIDEB@@BD@B@@BB@BB@HAD@LE@@@@@AC@AA@A"],["@@@@@AA@@@@@@BA@A@@B@@D@B@@A"],["@@@GBE@E@EDAHCF@HBDB@@BAAACCECKAAA@A@AHCDACAECE@C@CBEDCDE@GAEAEGGECCCICG@ACEC@G@M@AFAFAD@D@FADCBE@K@G@@@@ABA@A@A@A@ABA@AA@EC@AA@@@@B@@A@@@@@@@A@CBA@CBA@@@C@A@A@@BABB@@BDD@@EDGBA@@B@BCFED@BBBB@ABABAB@@ABAA@@A@B@@AAA@A@@A@@@AFBB@@@@AA@A@@AA@A@A@@C@@AA@EA@B@BB@@BA@@@@@@BA@@BB@@@@B@@DB@AB@@@B@AD@@FD@@@@B@@@DB@A@@@BBB@A@B@@@@A@@@QF@@@B@@@B@@A@@@@@@A@@A@A@@BA@@A@@@@B@@A@@@@@@@@@@AA@@A@@@AB@A@@@@@AA@B@@@@@@A@@MB@@AB@@A@@@BBA@CB@A@B@@@@CFB@@@ABBBB@@@@@B@@@@@@@@@B@@@B@AAB@@@@@B@@@B@BC@@B@BBA@@@@B@@@@BB@ABADBADC@@AA@@@@@AB@@@@@@BB@BB@@BA@AD@D@D@B@@@@ABB@B@B@D@BAFC@@@@@@@BA@N@@A@A@@@@@BBB@@@@B@@@DA@BB@BB@@BABB@@AB@@ABBB@AB@DBB@BBBB@@DB@B@B@BB@B@@BBAB@@@BA@@B@AA@@@AB@@@B@@@B@@BB@@@@@@AAA@B@A@AAA@@@@@@@A@C@AAABAD@@B@@BB@@@BBB@BD@@@@@@D@@@BBABBAB@@@B@@A@@@AA@@@B@@@B@A@BFB@@@@@@@@EB@@B@@B@@@@B@B@D@@@@A@A@@@@@@@@AA@@@@D@@A@@@@DA@FB@@B@@@@@@@BB@B@@AA@@AB@@@@@@@@@B@@AF@AE@@@@CE@@@A@@@@@@E@C@@AAC@@@AB@AAAA@AB@@AAA@@CBA@BABA@@@@@@B@B@ACCA@B@@@@A@@@@@@A@@@@@@@@@@@@@A@@@@@A@AAAB@@@@A@@@ABA@@D@B@@@B@D@BBB@DB@@BBD@DABBBB@BBD@D@D@BBBDBBB@DBD@D@DBDBBBBBB@@@@B@@@@@@@@@@@@B@@@BA@BB@@@@@@@@B@@A@@B@@B@@A@@@@BA@@@@AA@@B@@@@C@@@A@@@B@@@AA@AA@@C@@@@@@@AAA@@@@@@@@AB@@A@@@@@A@B@@BA@A@@@@@@@A@@@@B@@@@@@@@@@@@@@@@BBA@@BA@@@ACCBAB@@BBA@AB@@A@@A@@@AA@A@@A@@@@@@AB@@@@@@@@A@@@@@AA@@@@A@@@@B@@A@BB@@BBA@@B@@@D@@G@@B@B@@AD@B@@@@CB@@BDFBHBDBFFJNDFBF@FDFDHDFBFFDFBDBH@FAFCDC@EBCDADAF@DBDBDBF@D@DEBIBCDCDAFADA@CACA@C@G@CAAEACIOAGAGDIBCB@DCBAD@BBFDD@BA@CECAA@K"]],"encodeOffsets":[[[120638,31686]],[[120810,31682]],[[120814,31681]],[[120836,31659]],[[120672,31676]],[[120611,31666]],[[120849,31660]],[[120671,31669]],[[120624,31655]],[[120621,31650]],[[120626,31649]],[[120588,31632]],[[120627,31645]],[[120632,31644]],[[120593,31625]],[[120595,31625]],[[120858,31608]],[[120864,31611]],[[120875,31590]],[[120583,31592]],[[120601,31657]],[[120731,31678]]]}},{"type":"Feature","id":"340706","properties":{"name":"义安区","cp":[117.792288,30.952338],"childNum":2},"geometry":{"type":"MultiPolygon","coordinates":[["@@HCFALCH@F@FAJBJADINEBCNGEIOSAEAGJQHEPADKAGLGRCVAL@NALCDGDGFGFEFEFADAHADAFGDIBGFGDCHAHAHAJ@F@F@FBH@FBH@F@H@HAFCDADCBGBI@EAEAEACCCAECI@EBEBKFCFKFCBG@EACCCCAEAGBC@CBE@G@G@GAGAGCGAGCIEECGCGCGCGEGECGEEEEACEAE@IBCBGBGBCBEBGCECCAACAC@C@@@@A@AAC@@@@@AA@@@A@@A@@@@@A@@ABA@BBA@@B@@AB@@@B@B@@@B@@@@@B@B@@A@@@@AA@@AA@@AA@@A@@@AAA@AB@@@@@A@A@A@@A@A@@@C@@@@BCD@@@@@B@@A@@@@@@BA@@@@@@B@@@AA@@@@@@B@@A\\@@B@@@@@@B@@A@@@A@@@@@KEABA@@AAB@BDB@@@@B@@B@@@BBB@BBBB@@BA@@@A@@@@A@@@@A@AA@A@@AA@@BA@@@AA@@@AA@B@@A@@@@@A@@AA@ABB@A@BB@@BB@@B@BA@@@B@@@@@@AB@B@BB@@@@BB@@@@B@@@@@@@@AA@@A@@@AAB@AA@A@@A@@@@@A@@@@AAC@@@BABBBA@B@BDA@DDBBBD@@@@@@@@AEAB@AA@@@A@@@@@BAA@@A@@A@AB@@@@TBABB@@@@A@A@BDB@AAB@@@@@B@B@@@@AB@@@DABABA@@B@@@@@@@@AB@@@@@B@A@@B@@A@@@@@@@A@@BCBADA@@@@@@BBBB@B@@@BA@A@AB@B@A@BBC@@B@@ABABB@@@@@@B@@@@AB@BB@@BA@@AAB@@@@AA@B@@@B@@@@@B@@@@B@@BA@@@B@@B@@@B@BA@@A@@AAAA@@@A@@BA@A@@AA@@A@AAA@@AA@@BC@@AA@@AABAB@@A@A@A@@@@@AAA@@@CB@@B@@@BABAB@YA@@@BB@CBA@FDB@BB@BBBCBABC@@@@@@AA@CBA@AB@@ABB@A@@B@@AB@@@@A@@@A@@AA@@@@@A@@@@BB@@@EB@CA@@@@A@@@@@@@BC@@@@A@@B@@@@@@@E@C@A@A@@@@BA@BDB@@B@@B@@@B@@@@BAB@B@BA@@@@F@@B@ABB@@BA@@B@D@@@@CAAB@AC@@AB@@B@@B@B@@@BA@@AA@@@@A@@@@AA@@DE@@B@B@@A@@@@@@@@@BBAB@A@@@B@@A@@@C@BACAB@@@@@BAB@@@@AA@@@DA@AÕG@LBBFD@DABC@ECAAC@ABCDA@ADCJBHBHJPBDBFDBH@D@B@BD@DCBEBCBCDADAJCFC@E@CACACAE@CBCBAD@FCDEDEBG@CAEAECAECECGCE@EAECEIMEECAGAEAACA@@AA@A@@AA@@A@@@@AA@A@A@@B@@AA@@A@AB@D@BA@@EC@@@@@@A@A@@BA@@AA@@@@CA@AB@AA@A@@A@A@ACA@@AAAAA@CAA@@BA@@BA@@@ABA@@@@@A@AB@D@@B@B@BB@@AD@@@@@@CAC@KBA@@AA@@A@@@@@@@CBCOECBCBA@KDAICGCEACSSgYAP@F@LALAHANBR@LG\\@BA@A`ATFhFP^^PTNLXP\\TrThBRCTIVWJY@UJWPOXK\\IH@H@H@H@NDHBJDHDFDFBFFLH"],["@@@@B@BA@@B@@@@E@@AA@@A@@@A@A@@@@AB@AAB@@A@@@A@@@@@AA@BA@@@@B@@@@@@A@@@@@@@AB@@A@A@A@@A@@@AA@@@@A@@B@@@@A@A@@B@@@AAA@@BABBB@@A@@B@A@@@@A@@A@A@A@@AA@AA@@C@A@@A@@DAB@@@@ACA@AB@F@@B@B@@BBB@B@@BD@@@@@B@@@F@B@BBD@FBB@B@AA@A@@@AB@@A@A@A@AB@BA@A@A@@A@@@@@@@B@BC@AA@@A@C@@@EAA@@BA@@@@B@@CBA@C@ADABB@@@B@BBB@@BD@@AB@@@@@B@@@B@B@@@B@B@B@BBB@B@@@BB@ADA@@B@@@@@BBB@BB@@@@BB@@BZBBA@@@@@@BA@@AB@AA@A@@@@@@@A@AA@@D@DA@ABABBA@@@@@@@ABB@@@B@@BB@@@AB@@@@@@D@@@@ABB@@@@@@B@@@@@@@BAB@@@@@A@@AB@@@@@@@SAB@@A@@@AA@@@@A@AAA@@@A@@@A@@A@@@A@@BBB@@@@CA@B@@@@ABA@@@AB@@@B@@AB@B@@@BB@@AA@A@@@A@@B@@@B@B@@@@ABB@A@@@@B@@A@@BBB@@@@@B@@A@AB@BBBA@AB@B@@A@@BB@@@BAB@@A@AB@BB@A@@@BBA@@@LF@AB@@@B[A@@@@@BA@@@@A@@@C@@B@@@AD@@@@@@@BA@AA@@@@@B@AA@A@@@@B@D@BA@@@AB@BA@@BBB@B@BA@@BA@@AE@@@@A@@BABAA@@A@@@C@AAA@@BC@IBE@CDEFAFAF@DCFABABKACAECGCICGEIGIGGIIIEGGEEEACACACECCBADADCDCDCFEJABGBE@GCCACECCECACEEEAECGCKCIAIAI@G@GAICEAEEKIIEIEEEIEEGAE@E@IEEECKCICGCGCCA@@A@A@@B@@@AA@A@A@AA@@A@@@@AA@@@A@@@@@@@@@@A@@A@@@@@@@A@@@A@@@A@@@@@@@@AA@@A@@@@@A@@@A@@AB@BA@A@@@AA@@@A@A@CAA@@@AA@A@MBI@ABA@@B@BBBDJBB@D@@@B@BA@ABA@A@IAEAA@M@MAA@ABA@@B@@@B@BDDDFAB@B@B@B@@FBDDDJFF@D@HBH@FBFDDDDDF@B@J@FBBD@LBD@BDDHFFD@BBDBBBBBADC@AD@BBDBDFBF@LBH@FBDDBB@FBDBDFBFBFBD@FDBDBF@DBBFDLFFB@DBDADADBFBD@DDBDBD@N@H@D@DF@BDHDJDDHFFHFBHBF@DCFCDAD@F@FDDBCBGD@B@BBBLBFDDDBBAB@@CAGAE@GDCB@F@FAF@HÖH@@B@F@@@B@"]],"encodeOffsets":[[[120805,31831]],[[120811,31682]]]}},{"type":"Feature","id":"340722","properties":{"name":"枞阳县","cp":[117.222027,30.700615],"childNum":1},"geometry":{"type":"Polygon","coordinates":["@@FAHCRKPALCDA@AGMCQBCBCFAFAFAH@D@DDBFDDD@J@DADCBADABAHBH@F@FBBBFFFFFBF@L@JAFCPEHBFAF@NE@@BA@@DAB@BABA@@B@@A@@BAB@BA@A@@@@@ABAB@@ADBB@D@@ABAAA@@@AB@@AB@@A@A@AAATU@@AA@C@A@@B@BBBBBBB@B@D@@BB@@@BB@BDBBD@@BBB@@B@BABDN@BDABAB@BB@@@@ACB@@@D@B@@@@@BBFJ@B@@AB@B@@@BCD@@DFABBFADAB@BD@H@BAF@@@fG@A@@@A@@F@B@LBJ@NDB@@AH[@KAQBMBGBK@K@EBOEG@K@K@KAIAKAKAK@IAAAGAI@CAGAGCGAAEMKOWWIGYSIG[UqIÍiYaOiQAEEA@@CSAC@AAAAAAC@AACAA@CACACCC@ACCEGAA@AEACAGEGACAA@E@M@I@I@E@GBK@KBSDUFA@OFCBCBABCDCBMBiCUCYESGOEOEQCOGOGiYUKkSoUKJEPCLAL@H@HBJBDBHHHBB@BBBTLNFLBJ@AD@BC@ABA@ABA@A@A@ECA@C@G@E@@B@BA@@@@@CAAA@@KAE@E@AB@@@@@B@B@@FF@B@@ABCDA@@BA@AAC@OEC@ED@BBBFD@B@@AB@@C@CAKEA@AAEBC@EB@BABABEBABA@@@@B@D@DADC@CBC@CBIDCDCFADGDGFSPCDAFALADCDCFGBIDGHGHBJFf@dBhC^EdItGjKnGjCZ@LDPJJHHFDBFA\\ALBDJFRBHAJEPGF@F@@@B@BBF@HHDF@FADAJCJBJBDDDFD@B@J@RBBBBDBDBJVDHDBFFLNFDD@D@DADALIDCBGDCDAFCJEFCDCFALEDEDIDIHEFIDE@EBIBGFCHGLCJEFCFCLKNKJGHGFEREDBHDH@FBDHDHHND@H@DAHIFEHEN@FAF@FFFBFBFAFAFCDA@EFGHIFIDEBIAAACCAA@BCBCBEDADAJ@D@JBBD@B@H@HBDFDF@JDNHHDFDFBF@HAFAFAJCHAFCJADDBFBHBFBFDBFBNHNDbDB@FBJBFBLJFBHD"],"encodeOffsets":[[120328,31748]]}},{"type":"Feature","id":"340711","properties":{"name":"郊区","cp":[117.80707,30.908927],"childNum":19},"geometry":{"type":"MultiPolygon","coordinates":[["@@@@DA@@@@@ABC@@@A@AH@@@@C@@@AB@AA@@AAB@@@@A@@B@@@@@BB@@@@B@@@@@@@@@BA@@@@@@@BB@B@@B@@@BB@@@BAB@AA@@BADABD@@B@@AB@AA@@@@@@@@@@@@@@@@@A@@B@@@@@@@B@B@@AA@B@@@@@B@@@BA@@@@@@@@BB@B@@@@@@@DB@@BBB@@A@@@B@@@D@@@@@@AB@@B@@B@@A@@B@@@@AA@@@@BA@@@@@@@@@AAB@@A@@@A@@@@@@@@@@A@@@@@AAAAAAAC@C@CAC@CAACAAA@A@C@CAC@AAAAACBC@AA@DB@DBE@BJ@@@@@@BBB@ABA@GD@@@@GBBBA@@B@@BD@BD@F@@@@@@@@B@@DF@@@@BFE@@BA@@@@@@@@@A@@BB@@BA@A@@A@@@@@@@AA@@ECB@@@@@BC@@@@@BB@@@@@@@@@B@B@@C@A@A@@@@@@AA@@@FA@@@@@@@@EA@A@B@A@@@A@@BB@@B@@@@A@@BAAAAB@A@@@C@@@@C@@AAA@A@@AA@@@AC@ABBB@B@D@B@@@@@@BB@B@B@ABB@B@@@@A@@AA@@@A@@@A@@B@@BBA@@@AB@@@D@@B@@BB@@AB@B@@@@@@@FD@@ABC@A@@B@BB@@BA@@@@B@BBB@@@@@BB@@BB@B@@BB@"],["@@BA@@BA@@AAAB@@AAA@@ACB@@A@@@@@AA@A@@@@@B@B@BD@BB@@@BB@B@@@@@@@B@@@"],["@@@AA@@@@@@@@AB@AIABBC@@@C@@CAA@AAC@A@@@A@C@@@AB@B@@@B@@A@BB@B@B@@@@@B@@@@@@@@@@@@@B@@@@B@@@@@@ADBBDA@A@@@@@@@ABABB@DA@@BB@BA@@BBBHA@@@@HC"],["@@@@@A@@@@A@@AABA@@@@@@B@@@@@@@@@@@BA@@@@@@BB@@AB@B@@@@B@@@@B@@@@A@@@A@@"],["@@@A@BA@@@A@@@@@@B@@@@@BDAB@AA"],["@@@A@@A@@A@@@A@@@@A@@B@@@@@B@@@@A@B@@B@@@@@BBA@@B@@@"],["@@A@@@A@@@@BB@@@BA@@"],["@@@@B@@@@@@A@BA@@@"],["@@@A@@@BA@B@@@@@"],["@@@@A@@@@@@BB@@A"],["@@AC@BA@ABACDACGAB@ACBBBB@ABBABB@@EDAB@@BAB@@@@@@B@@B@@@@@CB@@B@AB@@CB@@BB@@@@AB@@B@@@BA@A@@BBB@AA@@B@@AB@@BB@@BB@@@B@@@B@AA@@@AB@AAB@"],["@@@@BCA@@@A@@B@@@B@@B@A@B@@BA@@@@B@@BA@@@@@@@A"],["@@@@@A@@A@@AB@@A@@@@B@@AA@@A@AFBB@@BD@@@@B@BBB@@@BBB@@@@AABE@@GSAB@AA@@@@B@@@@A@@ACBBB@@@@ABAD@@@@@B@@A@AJB@A@BD@@B@@@@@B@@@B@@@"],["@@EK@@@@@@EIAE@C@@@@BBB@CB@@B@@@B@@BDGAACA@@@B@@AA@@B@B@@@HA@@@AB@@BD@@@A@@A@@@@A@@@@@@A@@@@@@@@AC@B@@@@@BCBAAA@@AOH@@@B@@F@@@@@B@@D@@@B@DDFC@BHEA@@BH@BB@@BHC@@FHDA"],["@@E@G@OBKBIDGDADCFCDKJ@D@D@DDDNJJFF@F@FANGDADBFBHBFBHEFKDEDCDCBAA@IECAACAEGGEC"],["@@BDFFFDFBH@H@JCFCDEBIBG@G@ICECEACMACACECICICCIAGAEEAGBGLK@CECYOEAE@IFIFGBI@I@EACB@DBDBDBDH@FBDDBB@F@BDDFF@DCFEBG@CFAF@@@FBDHDH@FFFBF@DBBB@FFDH@PJDFDFDHBB"],["@@C@EECGACC@KAC@AA@E@I@ACECCCCAE@EAG@G@CEECICCEA@@E@MHAB@B@DDBFBDDBF@HADCF@FADABA@IAABAD@BABA@A@AEECGEOKCCC@GAI@K@K@CAABBB@DDF@B@@BN@DJHXXLPFNBBDHBHBH@DBJBHXG@AAC@@FAJCDAB@BB@Bq"],["@@@@@AB@B@@A@@@@B@@B@@@@@@BA@@@@B@BAB@B@B@FAA@@@BA@@@@BBBA@@@B@@BA@@DA@@@AD@B@DA@@BA@B@@DHB@@BBI@@@AB@BCA@@A@@@AA@@@@@@AA@@@@@@AB@@@@B@@@C@@A@EB@AA@BA@ABAAA@@@@A@@AA@ABCA@@ACA@A@ABAB@@CB@@A@A@@@B@BA@CB@AA@AAAB@B@BAB@@AD@@@BC@@B@DD@@FC@@BCB@B@@ABAB@D@@B@@B@@D@@BB@BA@AB@@CD@B@DAB@@BB@BA@@@@B@D@@@@B@@B@@BB@B@B@@DA@@B@AAB@@@@A@@@@@@@@@@B@@A@@@@@@@@B@@B@ABB@@@B@BA@HTB@@@@BBB@BA@B@@@BBBA@@BABABAA@AA@AFCDE@A@AB@HAFC@@CC@AA@BA@AB@B@D@@@B@DAB@DAB@@@@@@@B@@@@A@@B@@BFDB@@BAB@B@B@B@BAB@B@@H@L@F@DABC@E@CBCBEBEC@CACA@CACAEBCBCAC@CEAKEECAA@CAEACECC@EAEAEAACAC@EAACCEAG@KAE@EAACAC@ABCD@BCAAAACAAAr@BBBD@@B@@@@KFC@GBA@@AAA@@WHBB@JBLBLBLBJ@L@L@LFHhZTTBDDFDHBJLCB@DADAPF@CBAB@@AB@B@@AA@A@A@@AB@@A@@@@@@EDABC@A@A@A@BA@@@@@A@C@CBCB@@AA@@AAA@@@@@@BA@@@@B@@BD@BCCAAB@BAA@@@@@A@@B@AAA@@@ADA@@@A@@@@@A@BBA@@@A@@@@@@@@@A@@@@@A@AABA@@A@@AAB@B@B@@ABB@@@BB@@GDEI@@@@@@@@@@A@@@AAACAAACAA@AB@@@@@@@@@CC@@AA@@B@@A@@@@@@@@@@C@CCGI@@@@@@FCAAKE@A@BA@@AACCKCGCIEOB@@@B@AAB@@BBABDDAB@@AAAB@@@B@@B@@CBAB@@AB@@AB@@A@@BB@@@@@@AB@@B@@@B@@@BB@@@@@DA@@BBPG@@HC@@@@@AB@BAB@@AD@@@D@@@B@FDB@@@EDBBBBGD@@B@BB@@AB@@CACAA@@@C@@BC@@@@@@@@B@@@@AB@@CHB@DH@@ABBHB@@BB@BBA@@@@DBADA@@BABAB@DC@@@@@B@B@B@@AB@B@@AB@@@@CBABA@@@A@@@@A@@AACB@BBD@BBB@@@@@ABA@@@AB@BBB@@@BA@@@@@@B@@A@@@@@AB@BABABA@@@@@BBBBA@A@@B@ADAD@@AB@BA@@BA@@@@B@@ADA@A@@@@@AB@@@@AAAB@@@HD@@B@@B@@A"],["@@@BA@C@@B@@@@D@BAB@AA@@@@"]],"encodeOffsets":[[[120658,31706]],[[120637,31685]],[[120672,31676]],[[120628,31666]],[[120613,31665]],[[120624,31665]],[[120615,31664]],[[120637,31663]],[[120637,31662]],[[120635,31661]],[[120625,31657]],[[120631,31659]],[[120628,31657]],[[120593,31645]],[[119768,31364]],[[120113,31219]],[[120623,31567]],[[120598,31658]],[[120601,31657]]]}}],"UTF8Encoding":true}