{"type":"FeatureCollection","features":[{"type":"Feature","id":"652901","properties":{"name":"阿克苏市","cp":[80.2629,41.171272],"childNum":2},"geometry":{"type":"MultiPolygon","coordinates":[["@@ğȍÛÑsÑh»gHǁÃųHĉqQURIHEDMLCBOPGFCBEBABEBC@CBA@ABEBEBCBA@IDGBC@A@CBE@CAE@C@A@C@G@EAA@EAGAO@I@A@GAA@A@A@E@A@A@A@E@CBGBCBA@ugCKAAA@A@AA@@OKECE@MAG@CAECCEAA@AGAC@C@KB@A@K@C}]ACAAECACCCKEWE@BBBDD@@@B@@A@CBABABA@@B@F@@@B@B@BCDABCB@B@D@D@@BBFDFDB@BB@@@D@D@BCB@B@BBD@DABABABCBCBABA@A@C@A@@@EEA@@@A@AAAAAAAAAAA@@C@@AAEAEAC@C@C@CBA@CDADABABA@@D@B@BBDBFFFB@BBB@@D@FAHCLABGHEBGBEBCDEBMDEBE@ADCDC@ADCDGHCDCBGHCDCJADABMNAFCJKPIHIDCBADIRGHGDIDQHQFKFEDCFAHGJCJCFCDOHAB@@@D@@@@A@EBC@K@E@G@KDCBC@ABABCBIJAB@DCFA@A@C@C@CBEBC@C@CBA@A@CBADAB@D@BABA@ABCD@@CB@@EAA@C@ACAACACEII@@E@AAC@CCAA@@GCIACACA@AAA@ABA@C@@@AAA@AA@C@AAG@CBC@A@EBABA@G@A@A@@AA@@A@AAC@EAEACCG@@@@CAA@CCACA@@@@AFGBABAOMECMGA@A@@BABCBA@CB@@@B@BDBBD@B@DCD@D@DBHBB@BFBDBDDDFBD@B@DAD@BBFBD@B@@EHCD@B@F@BA@C@ABA@A@AD@B@FABABABCBABAB@BCBAB@@@DBBFB@B@@@@@BC@A@C@@@AB@@ABAB@DBBBBDB@B@BA@@BEBC@@B@@BBBBBBABCHAD@BFD@D@@@@@@ABA@E@A@@@@BEF@@A@C@C@GBA@EBC@A@CBGBG@CBG@E@C@EBE@@@O@AAI@C@CAG@E@CAE@G@E@A@AAAACACCA@ECGEGC@A@@@A@@@@AB@@@@@A@@A@@@@@@@A@@@@B@@A@@@@@@@@@A@@@@@@A@@@@@@@A@@A@@A@@@@@@@@@@AAAA@@AAA@A@@AA@A@A@@@A@@@A@@CA@@AA@A@GCCC@@@A@@A@@@@@@B@@@@@@@A@@@@@@AA@BA@@A@@@@@@@A@@@@@A@@@@@@A@@@@@A@AA@@@@@@@@A@@@@@B@@@@@@@@A@@@@@@@@@@AA@@AA@@A@@@@A@@@@@@@@@@@@@@@@@@@A@@@@@@@@@@@@@@@A@@AB@@@@@@@A@@@@B@@@@@@@AA@@B@@@A@@@@@@@@@A@@B@@@@AB@@@@@@@AB@@@@A@@@@@@@@@@BA@@@A@@@BA@@@@A@@B@AA@@@B@@@BA@@@@@@@@BA@@@@@BA@@@A@@@@@B@A@@@@@A@@@A@@@@@@@@@@@@@BA@@@@@@A@@@@@A@@A@AA@@A@@@B@@@A@@@@@@AA@A@A@@AA@ABA@@@A@@BA@@B@@A@@B@@AB@@@@@B@@@@A@@@@@@@@@@@@@@@@@@A@@@@@@@@@@@@@@@@@@B@@A@@@@B@@@@A@@A@@B@@@@@@@AB@@@@@BA@@@A@@@@@@@@A@@@@@@@@@@@A@B@@@@@@@@A@@@@@@@@@@A@@@@@@@@@A@B@@@@AB@@@@@@ABA@A@@@@@A@@@@@@@A@ACA@@@A@@@@@AA@@AA@@A@AA@@@@@A@AAA@@@A@EAC@MEA@@A@ABA@@@ABA@@BAF@BAB@B@@@BCDCB@@@@AECCCAEAAAA@CA@@CBC@AB@@ABA@A@AB@BA@@BABABEAA@@CACC@A@CAA@AA@@A@C@A@@AC@@AA@A@AB@J@BA@@BA@@@@@A@@ACA@BABA@ABC@A@A@A@@DA@@DAHAB@B@B@BAFEBAFC@AB@@CAC@@@C@A@C@A@A@ABCBA@ABABCBC@C@KBG@A@A@G@C@CCC@CAA@ABCBADE@ABA@@@CAC@@AA@@AAA@EAE@A@KBA@EBC@A@@ACAAC@@@CB@@ABADCJC@ADABABEBABCBC@A@A@C@G@@AE@A@E@AAA@@@E@E@AAEAI@CAA@AA@@@A@KB@@ABADADABAB@@A@G@@@CBCBA@C@A@@AAABC@AA@@CAAAAEE@A@@@A@A@A@C@AAAAEEG@AACACACAA@@AC@@A@AAA@A@@A@@B@BAB@@@BA@A@@ACEEAAA@AAA@@A@@@EBCBA@A@A@@@ABAD@B@B@D@B@@@BA@A@C@A@AA@AAAAA@A@CAIC@@AAB@@@BAD@BA@ABA@AA@@@@AB@@@B@@A@@@CBA@A@A@AAA@ACA@@@A@ABA@@B@DADCB@BA@@@@@A@@AAA@@A@AB@BA@@@@FB@@@@BA@@@EAA@A@E@A@CCGGK@ACE@@BG@@ACACECAACE@C@@@C@A@@@A@@AAE@M@K@A@A@C@GAA@GCEAECECCAAAAAGE@@AA@ACEAA@A@@ACEGCEACAAEGAAAC@ACCACCECCAA@@AAACA@EGA@G@ABE@CBCBA@ABA@A@A@EBA@A@A@@BA@@B@@AB@@E@@@ABEDGHCDONEDGHABEDKHKHIFGDIDCBGBC@KBE@wASABA@A@GBCBEDE@ADCDCDABAD@LCNADAB@BABADEBGBCBC@EBEBCBEDCBCDCHGHEJCFCB@NIDEDE@ABABCLIDEDCDCDAFCHAHAFCDC@@FIBCBIBCBG@E@O@AE@IBE@K@CBGBE@GBOBIBIBEBMDGBQDEBC@IFEB[JWH_HOFUDYFIBQBC@S@G@G@E@A@AB@@@B@@¤@L@R@@@V@jB@`n@TD@BABMRSXDDDB@DFFBBDBBBFDFFLJFHDD@DDFBD@F@BBD@HBF@F@LAH@@@BBD@D@H@J@H@FAHAFCHEJEFILKJABABA@ABGFABADCB@B@BADCBADCDCBC@ADCDCDAJ@B@BAB@@@B@BADCN@DAFADBBF@B@B@BBFBDBFBDBFB@@BBFDBBBBDBB@@BB@DBB@D@@@@@@BAB@@@B@B@BBD@@BDBB@BB@B@B@B@@@BB@BBD@BBFDBBD@@DDB@BDB@DDDDDDDBDBBBHBJBB@D@HBB@D@BB@D@B@@@@ADABAB@D@BAB@B@@ADA@@DCDADADADELENADEJABKTAD@@@@BB@BB@FDHFJF@BDBFFB@FB@BDBB@B@BB@@B@BB@@@B@@BBDBB@@@B@B@B@DBBBB@BDD@BBDBB@@@DB@@DBBBDB@@DBB@DBHBFDB@DBB@D@@@BBBBDB@BB@DB@@B@B@B@B@FBBDB@F@DBB@DBB@DBB@DB@@B@B@HDD@@BD@B@@@HFF@BB@@BBDDF@B@DBB@B@HBDBBBBB@BD@DBDB@BB@DDFDB@BBB@BBDBBB@@FDDBB@DDDBNHFDDBB@BBBBB@BBDBDBB@DBDDB@DBDDB@FDDBBBDBD@BBLFFBB@DBB@@BBB@@BBDB@BB@HFFDB@BBDDB@BBDFHHHFTJBB@HCD@HFDCJEFKJONCHCJBLDJCLMJEFCJHLPLDHAFIFEHBNBJFHEH@JEH@LDBD@B@B@HHDBFBDDDFDDDBFBD@LFBB@D@D@BABAB@DDBHJB@@B@DBBB@BBF@FAF@D@FBDBFBJBDBDBDDDBFBHAFAHAJCHEFEB@DBJJRLNDND@FDHBFFBN@JFLHNBRBPBRBZHRBHDHILMBCFDHFDFDDBFB@JEJIJCDBBFBHAD@JBFBH@TBHDFJDFDBLDHH@BBHDFD@F@HEVFJPPFHHLCFEDQDSDKB@FAXAL@@JA`EACj@HPD@HATBJJBX@HGJQLMXWJGVCJIJOJGFODGHOHEJKZUNKJIHWAEAMCKKGIKEKEKAKIKGMESCGG_@EHGBECE@I@MAEKGKOCYAOGGGCIEAAA@@ADE@A@AC@@A@CBABAAACAGKACAEACIEA@EBA@ACCEACEG@CBC@AACBADE@@BCTCLGLGHOHMDQBOJMD]DQ@UBABCBABADCDCB@DCDABAB@BA@@BAB@@ADA@@@@BA@AB@@ADA@A@AB@@A@A@@BAB@BABA@@@@B@@A@A@A@AB@@A@@@@BAA@BA@C@AB@@ABABA@ABA@A@A@@@@BA@A@A@AB@@A@@@@@CB@@AB@@A@@@AB@@@@A@@B@B@@A@ABA@@BA@@BABCBG@@@C@CBAJQXOXOLGBEBAFWFaDM@CBIDKDK@CFQDCDC@ABE@CDEDKDEBCB@BABCB@DENKHEPKFEBADAB@DALAXEÀSHUlHHFR@J@VC\\ApA\\@V@T@P@hDJ@ZFJBbJxTfdNbNXJNFfPXLnV^NNHXJZJRFLBPFTNRPVTDNH^FZĸÖDABABABAD@HBBAB@B@@A@@B@@AB@B@@@D@@AB@AA@@@A@@BABAB@BAB@@AB@@@B@@@B@B@@@DCBAB@B@BB@@B@B@@@@A@@@@B@B@@@@B@@@@B@@@BABAB@B@B@B@@@B@BAB@@A@B@@@@@BB@@@@AB@@@@@B@@A@@@AB@BABAB@BCB@B@B@DAD@BAB@B@B@@@B@@@B@B@@@BA@@B@@A@@B@DADAB@B@B@D@D@DAD@D@BAB@D@@@B@@AB@BAB@@@BBBBD@BBB@@@@A@@A@@A@@B@@@@@D@@@B@@@@A@A@@B@D@BABA@@BA@@BBB@@@B@@@BA@@B@@AB@@@B@@AB@@@@@B@@@BB@@@@BA@@B@B@B@@@B@@@@A@@@@@@@AB@@@B@BABAB@@@@BB@@@@@@@@@B@@@B@@@B@@@B@@AB@B@@@@@@@AA@@@@B@B@DA@@BA@@@A@@@@BA@@D@FAB@@@BBB@@A@@B@@@BAB@@@F@B@@@B@@@B@@@@A@@B@@@D@B@@@@@@@@A@@@AB@@@B@@@@@@@D@DADA@@B@@@@@@B@@@@B@@@BABAB@@@@@BB@@B@@@B@@A@@@@B@DBBA@@B@B@@AB@@BB@@@B@@@@A@@@@B@@@B@@@B@@C@AB@@@B@@@@A@@@A@@@@B@@@@@@@BAB@@@B@@@B@@@B@@AB@B@@@B@BAD@D@D@BAB@B@B@B@ÔXLJJnHb@ZAL@B@@@@@@@@@B@@@@AD@B@D@B@@@@@ZAŢG@IF_JSHWZgFGDKBCTYDCBEPWDCLKDCLGFCFCFADA"],["@@RKVQJE@AHGBC@ğBÇAa@m@c@@uBq@Aw@@ǙBů@¥@ßAI@O@c@O@mK@O@@í@į@aB¹@¹A»B@u@¹@¹A¹BȟCXо]êgĮƔKhELMXOZJ@Ø@Ć@@tFBHFHFDBVHJD@@ĆF@@z@ɴA¼^|P~NĊB"]],"encodeOffsets":[[[83829,41927]],[[83947,41440]]]}},{"type":"Feature","id":"652922","properties":{"name":"温宿县","cp":[80.243273,41.272995],"childNum":1},"geometry":{"type":"Polygon","coordinates":["@@@EBEBE@CCGBEBCFCDGBMFEBAD@B@DEB@FADABC@EBAFCLGJ@PBB@BC@AHEF@J@TEF@B@HEBCDCHEFABA@C@CEIAGAC@ABEBC@A@CAGAC@@AAEM@AAEAGA@@A@A@CCE@G@GCG@G@C@CAG@@AA@C@ACCCE@EAE@IEO@ABGBGAAFCBAB@BI@K@A@CBABE@EBC@AAAB@BCFCLCDABCDEBAFA@ABEFAHCFEB@@@FBB@@@BABCBEBAFCFCFABABABC@@JEDCFCDABA@A@GBABC@AD@BE@AFE@@HABAHEDADAB@FCBA@ABEBAJCFAR@FAHCHADA@@DCDGDCN@DALAFCB@BE@GAA@@AC@CFKBADABAJGDADCB@DCBC@C@CDI@E@CBADC@EBEB@FGHGDEDIAA@@@AAAAABA@CDCDADCDEBCAEAA@A@ABA@GAEBCBA@C@C@AAAIE@@@@AK@MDE@IFK@@@ABGAGAA@CDGBA@CBC@ADCBAAK@ABAAAB@@CDAFADCBA@ABAAG@CHIAA@C@@@E@ACG@@BE@A@CDCBG@@FKBC@A@C@CBCLMHGD@N@B@NGHCBABBF@F@D@BBJ@BABAAAB@B@F@F@D@PBD@BAB@B@FAFCFEB@FAD@BAHCD@D@B@B@B@@@DABAB@D@B@@@DAB@D@B@HAH@TENEHEDE@C@CBCHEDE@CBCBEAMAE@A@C@KAEEU@@CK@AAIEE@E@CAGCEECEIACOQEEA@CICE@CBEAMBO@ABCLC@ABCAIBKAEDG@EBADEEMGKAMHYDGCEECEBGGCECEII@IHMFMDGFE@IAIDGFCHANCLG\\IMQQÜgFCRENGXATBRF`PRBXA\\GHADI@G@GHIJEHG@CLCHAHCJCHAFIBGDEBIFEFCV@rBXAR@ZBZAT@@[@eAÉBIQOMăs}QĳUW}_e_K_GmSE[EYG]CMUSQOSMOEKAQEYIWIMG]MmUWKeOMEWIaMcMewSaIIAYEI@gCO@S@U@[@oB[BUDI@Q@GEkGGV¿TWFKBCBA@CBABEFOLGFMLCFA@ADABA@ADCFCLCF@DAF@BCDCDER@DCLCLAJ@DCNEbEXABAFKHWPWPIRAB@D@D@@AHADAB@@AB@@AB@B@BA@A@@@@B@@A@@B@@@BA@@BA@@D@@@@@BA@@B@B@BAB@@@@@B@BAB@BABAB@BA@@B@DABB@AB@@@@@BA@@B@B@B@BA@@@@@ABABA@AB@@@B@BA@@B@BCB@BA@@BAB@@@@CB@BA@AB@@ABA@ABCBCDA@CDCDABABADAB@VCRC^INAPCRGNGPKHKHSDAD@@CFABBD@BAD@DFHBDDFBDB@FAB@JFBDBFBDHLDBBBABAB@D@BD@@B@BCF@BB@BBJFHDHHBPDZLPLHBF@N@JDFAFGH@FH`DHFTHNJLBLFLFLJLLHDLBNBFGXIJMLYVILGFGPCHEPIHIPIJUDIHWXKNIRGHW@IAAIBS@GOC@GDiBFB_@IK@WBB@ELATCRCFCDEGKEGOOEIFU@G@EECGCAAG@CGAKECICCEAG@SAGAE@IBCAGAECAIDIJIFA@AECCCEGEECADKNGJGCQAYGQAOAQAMAKGIEM@EAAECG@EMCMCQKIICAA@EFGFIDGBEBGBEACACCCACAIAEACAEAC@E@EBE@AAA@AA@C@AA@GICA@CBABA@A@C@CAAKEC@EACACCCECCEACAGGA@A@C@CAC@A@CBABABA@CAAACAG@CAAAC@AAACEAECCAEA@AACAEAACAC@EBABEBG@KCOAC@ADABCBC@CBEBGBIBGAE@CCGCE@ABCDIDC@CAACAAAAC@CDEDC@GEG@I@EBEFIFMFKJIDKDMFGFILAFABCAEBE@EAABADCFEBEDCBCDCBEDEACCAAA@A@ABADCBCAA@AB@DAHEDGBGBEBGDEDCFGHKHABCDCBABC@A@GDCFAD@BBDBJ@@CBA@C@CAABEJAFCDGDCFCBABCB@B@B@BABCBC@CBCBCFABE@GDIHEDCBOJKNA@GFEDGFA@A@AJ@DHHHDFFBRBJFZDXN^ALBJVbLXJJLDRCHCHANBJAHEHILCTBNBtAP@TAL@FJJLPFN@nJ`BR@LBPA^DN@JBT@NBHHDF@D@DIJKFMLSHOFSNUPWLSHWLQFQFQJSLKLOLSPMBIDMH_\\KHOFMHOVADGBGFEBKAKBCCI@ECYHMBGAODSVEB[AODELCDMT@HGRINK\\IFODGDK`IDSDMH@FTPBLDDADA@CBCB@BDD@BCBCBCBDBB@FBBBIFADCBE@CBCBAB@DBFBFBB@DDBDB@BABGFCD@BBFGFGJ@PGL@@DFCFEFADAHAD@H@HCFCF@@IDE@I@IAKIEAAD@BFF@@ABIDEBCFKL@DAD@B@DADCACBABONCF@DB@DBFBF@D@B@DC@CB@D@FDDD@BABABE@A@@DAFBBDBD@DABAD@B@DHBFE@CD@@BD@BFDFCFDAF@BAB@DBBCBA@AAC@ABCFKFCB@DBDB@DBLEPGPANALAJ@JBV@R@RFJBD@HBJBVHRFTFLFLJJPHLLJJLJHR@J@VDX@VBRFVBPFTDV@ZBP@HAVKHBD@BDBDBDLNLJJPHNFPP\\BPHHNLPHPJNFLJFH@LAJCF@H@P@DDHHDHDdNFBJFDBJFZFJDHDHBJBB@J@J@J@D@V@H@FAD@H@LAH@PDN@JB^A\\DND\\B`BT@X@TA\\M`EVCZATFL@JBITDJJHHHTNTRLJORYDIJGNENELEJMXKPGTJBX@PB@FBd@ZBVFHVFTDRALBLBB@LBRBPDPFPHNHLFH@PDHDLFHDBFBF@HBLBLDJENUTEDGHCLBJBF@HDFDHFFDFBFBFBFFABAHCB@NBJ@D@B@LEHAH@FBB@PNDBB@D@PCVED@DBNLFDF@HAJCHCTEBA@CBCBALEB@B@JCBCFAB@B@HD@@D@FANAB@HF@P@BAB@@BBDBRBJAB@HBHBPAB@BBHJFHDBBHFHHD@BFBF@BAD@H@@BFFBBB@D@B@DAFAD@B@DDDFHPFDJBJ@JBP@NDB@D@J@RFF@@@FC@@H@BBR@VCJEN@JCHELE"],"encodeOffsets":[[82565,43370]]}},{"type":"Feature","id":"652924","properties":{"name":"沙雅县","cp":[82.78077,41.226268],"childNum":1},"geometry":{"type":"Polygon","coordinates":["@@NAHINCJAHCDCFGJAL@J@HDHAL@J@N@NCNEPQJITKbUTGLOTOXKjONEFEFEFOBAFGHCREPEJE\\BRDRFFBLFJDF@LBFFD@DCP@TBP@H@DADAFMBEHEZAHAB@@EGGACDAHEDEFIHOBICEAEDCFEDGDGBCLAXCLAH@LFXHB@BD@@@B@B@BBB@BADAB@D@B@L@BCPAJ@DAB@@OHCB@@ABB@BH@@DFBD@BAPADCDA@@@C@@@AH@B@B@@@@DAF@NCB@L@@@BB@@BB@BB@@@D@@@BB@@BB@@@@BA@AB@BCB@BAB@BADE@@B@D@BBB@BB@D@@AD@@B@BBFBJBB@@@BCB@@@BB@BB@FBFBBB@@BBBBFBB@@@BABC@@@@BB@BD@D@B@B@FDBDBB@B@@AD@@@B@@B@BA@@H@@@BCB@B@BAB@HEBCB@@@B@FBBBD@DBFAB@BB@@FADBB@FDBB@B@B@BBBBBDBF@D@B@D@BAB@@@@ACBAA@@AAAM@CJGNIDC@A@I@IBGBGNOLIRIPIn[`QJCB@@ABAA@C@@@AABA@A@A@@BAB@AC@A@ACAAA@AA@@A@@@A@A@@AA@A@ABA@A@@AA@AAA@AGAAAA@@@A@@@A@@A@@AABCBABABAB@DAB@@@B@@AB@DABAD@B@B@@@BABAB@BADC@@B@B@@@BA@C@@BC@@AA@@DCBA@A@@DB@@B@@BF@B@B@BBDBBBB@FBB@F@DDB@BBDBD@DBDB@AB@@@@A@A@E@ABBFBBBB@B@B@D@B@B@BB@B@B@@@B@@@@@B@BBBBABBBAB@BADAHENMLGRCFABABA@ACEGWEQCKBCBAVDRBL@FALGRGJAD@HFPHFFFE@CBGBGFIHEDE@IAEAIKeCOAGDGDKFWHQJSHMLOXYVQJGHALCNCNCHAHCHIHCNANEN@PCPIZIfKJADBDBB@FAB@B@BABAB@PGLEHADADAB@HAFAH@LAFAD@DAB@D@BAD@@@DA@@@@IÇEAUCiG­OûA_[ŵCw@@AACuMëCyI¯EÙMqA@GCECKICGU_qy[Ygaeaeaica]ieUQGG]Yeaa]IIa[QOwc_KIWS@@@@iemiwQOysMKCA@@c_QOGGOKQOgcAAQOGGMKAAg@}BC@A@E@O@aAk@qBđ@BýAo@«@í@¿@íBU@g@¿Aq@e@{@k@o@q@¿Bĳ@Ż@á@y@ÃA@n@P@d@PBJ@à@¦AŰ@ǚ@Bx@Ar@v@@d@nBbAÈ@ĠADGH@BIFURQLmbWTCDADCDėƒADEP@@EHIL@@CBCB@BA@ABA@CBA@A@C@KAARGNCBABKDEDIFABABABADCBA@EBC@@@CBGBE@CBA@CBCBEBA@EDCDEF@@@F@BBB@DBBBFHFDDBBDDDBPJDBDB@@JHB@@BJFJJBBLPDHDFPTBDDDFJBDFJ@DHP@DDHDLBFFLDFFNBFBD@BFN@BRhBDBBBFFJFH@BABB@@@BBBDNP@B@BBBNPJHBDFDBDHJDDBDPTLLNLTLRPRNNNJNJL^dNZVVVZJRDT\\ZNN^TvjbLdH|PjP^NN^PnXphTTNJDRvPDBF@F@JBF@V@F@J@hBTANCJ@PFBBF@H@F@FBHD@BDBB@BDBBJJFNHNBBBHDFDDFBHFBBVNHHHRHHFFJBP@VAVBFBPJPHNJHHFPAHFNBT@VAHAHHRHZPHHHBJAR@PDTFPFDDBh@HBFJ@L@HCLEHBN@L@JDBBBJ@H@D@JCxkDAJGPELCF@LALGRCHAbALBN@L@PEZALAHFLBHAN@FAFB@F@HAFADDBDBTBV@LDH@HATKNGLCFCHMLERKRGTI^INETITM`GHCHEHEDGHIDCFEDGFEJAHEDEJG@CBMDKBQBO@MBGHGDEDEBI@MBKAG@SBIFGLGHGJODGBELEHGFMJKJE"],"encodeOffsets":[[85068,42231]]}},{"type":"Feature","id":"652925","properties":{"name":"新和县","cp":[82.610828,41.551176],"childNum":1},"geometry":{"type":"Polygon","coordinates":["@@CBwlIDC@G@I@AACA@I@KAMFGDK@G@KEIGAg@CAECEOCS@OBQAIGGOGGYGQBGBG@UASEMBGEOGGMIOGOIEAUAUBO@IAEEGGGQGGUMAAGEEACCCEAGAAGMEMIIAAACA@CA@AGCEAE@G@E@AAOEI@MDSBgAI@E@U@E@IAE@E@CAuOQICSMgSomW]OMM]iO{OcGaKui]SMM[YCSIQUYUUMY]cIKIMMMQMQOSKMKKKOSACG@E@C@GBE@ABEBA@CBEBEDEDKHCDKLCDOXAFCDSZADCLEHYhGXITE`@JšHYB@@@@A@C@A@C@@B@@A@@@@@@@@@A@K@YBa@mGIIKÓWA@A@A@A@ABC@C@C@ABA@@@A@A@@BA@@@A@@@A@@@A@AB@@@@@@A@@@@@@B@@@B@@A@@@A@@B@DA@@@A@@@A@@@@@@B@@A@@@A@@AA@@BA@A@@@ABCAA@@@@@@BA@@@A@@@AA@@@@A@ABAB@@A@@@@@@A@@@@A@@@CBCBC@@@@@@@A@@@A@@B@@@B@@@@@@A@C@@@A@@@@B@@A@@@A@@@A@E@@@A@AB@@A@@@@BA@AA@@A@EBC@@@AB@@@@@B@@AB@@CBA@A@@@@@BB@@@@@@A@A@@BA@@@A@@@A@@@A@@@@@@@@@A@@A@@A@ABABA@@@A@@B@@@@@@@B@@A@@@A@A@A@@@AB@@@@AA@@A@@@@@A@@BA@@@A@@BA@@@AB@@A@@@A@AA@@AB@@ABABC@A@@@@B@B@@A@@@C@@@@@A@@@@BB@@@@B@@A@AAC@AAAA@@A@ABA@@BA@@@C@A@ABC@C@CBC@C@A@A@A@CBCBA@@@@BA@@@AB@@A@A@@@A@@@A@A@A@ABC@CBA@A@A@ADA@ABABA@@B@@@BA@@@@@A@@B@@A@@A@@@@@A@BA@ABA@@@A@A@A@A@ABAB@@A@@@@@@A@@A@A@@@@@@B@@A@A@@@AAA@A@ABCD@@A@A@@@A@@@A@@BA@ABA@ABAB@@@B@@BBA@@BC@@@A@A@@BA@@@@BA@A@ABGAC@ABABABCBķÕF\\THnL`f`~`XVĴ~RĄtPNJRABÊ@f@\\JhBTHX@PBLEPGLEPCH@^FPTR^NNDTCH@HFHB^AZC`DPF\\BDFRBDFB@VAPJTHRDNFXL\\FbLFBDBnJXAZMnMbFZAfFTNPATBHBJFNDFHLHHBJEH@PFXFXLHBLBLHHFH@F@NDrPRF\\HdFXHTBNFLDVDP@HANAHFDDLHDBFADEFAXCJ@L@\\BR@`DNDLFTLZFLJLD@CGIDCJGL@PBFFVDJAL@BFBFLDLFFBB@X@dNhPVLT@IdH\\TVP^JfPXDRBZJTNXNTDBBJ@HBL@HAD@HBDBDFHDF@PAJBL@DBFBDB@@B@FAD@LAD@B@BBDBBBJAHAHBF@HD@@BAB@B@B@@@FBB@DBB@B@@@@A@@BA@@AA@@AA@ABA@@FCB@DAB@H@FAF@B@@@B@BCBCFIBCBC@AAA@@AACCA@A@A@A@AB@@ADA@@B@BCDABA@ABE@C@CAA@@AAC@@@A@A@EDEBEBA@@B@B@BBDBDD@@B@B@@@BA@ABA@ABC@A@A@AB@B@BAB@B@B@B@BBBBBDBBBBD@B@D@F@D@D@BB@@B@BD@BDBFDBBB@FBFAB@B@BA@@BA@AB@DALCB@BA@@BC@CBKBCBABADAFCJED@BABA@@@IAE@AAGAACCCE@AGAAA@ABGDS@IAKEWAE@UBYAKEIGOKIAC@CBEBEFCJIRGPMNKHK@G@IAEEEMMEC@C@CBCBCBCBE@EIUKWEE"],"encodeOffsets":[[84668,42477]]}},{"type":"Feature","id":"652926","properties":{"name":"拜城县","cp":[81.869881,41.796101],"childNum":1},"geometry":{"type":"Polygon","coordinates":["@@@ACEDADAJARCHCHGLIFGDG@CDK@EAICECCAIFADEFILGHG@CEGCAEEAC@KDAD@HAHCHE@MAKHEFAFBNHDBF@H@FARELETEFCJENGBA@EAE@ECMHGHATBJ@HCXKDCLMBE@EAGACCCGEMMCGCI@CBEPM@A@@_AMCGAEACBE@MAE@CCAEIAG@GCACEAAEGCGGEG@E@A@EAECGCI@IFKDCBEBO@GAI@CA@GCCAAA@A@A@ADEDCBC@CCI@ADIBIEO@IAQBKEU@AEK@GBGBQCSK[EI@IBKJYHUBCBEDGDCBIBCAS@ABCLE@EAACCAE@EAGEMGKAE@EFAP@LBJ@F@BABEHIHEDCBA@CAE@EHUAIAIAGBCBC@CAACCACCE@CBE@AAMHU@@JQD[ASCGBEBG@I@ECGMKIGGCEAEAIAG@KAKAQ@K@O@MAIAGAKCQEKIAEEKCCACE@EAC@E@M@E@S@MAKGECICCA@EDCDEDC@CAAACAAOKIIEGGGECKEMKECICEAIECAEEEECIACFOBEAACAKCICIEGEIGEAI@GDMFIFIBE@GACACCCECEKGGCC@EFEHA@ACAIEKEE@GAEIEUGEA@@GGA@CAA@A@C@A@EAA@A@A@A@AAEEAAAA@@@ABA@@BA@ACC@C@E@@BA@@@AAC@@A@AA@@A@@AEAAAG@CDEBAB@@@BA@AB@@ABA@A@A@CAA@@@@BA@A@@@BD@BB@DBD@F@BAB@BADC@A@AB@BC@@BAB@B@B@B@DDBB@@BB@BADADEJADADA@@@A@E@EBG@A@CBA@ED@@AB@BBB@@BB@@AB@@@B@@A@A@CAA@EA@@A@A@A@AB@@GCE@GAGBIBAACAAAA@C@KBC@EBA@@@CAEACAK@IAOBE@GCCECAGAC@GBK@GAI@AASCWMSMYIQAWCeO]IUO[ScGJS@UKgOcMW@A@EAKEKCAEAEK@IBUCEEOAK@IHCDHJ@DKCKIYESKKEMC_CQ@[AK@I@WDEBCFEBCAKGCCGEMBGBO@UCKCMESAWGcE[GQEqOMCE@G@GEKGKAGAWKWEOEG@IFGAKGEGMCIEGASAOBSMeEYBaEmNYNWBmICAEAaK[EWKMEQCSGOIUBA@CEQACE[AOE_CYD]BGAGEG@SDMC]MSQEO@]DGFOHKFOAK@OGWASIgS@YBYAQ@WBqAU@EDEFAJCFAHEJGBIDGDGBKD@DGHIFGJ@H@HCJGB[HWBQA_OQESAWBMHQFEDÛhRRN[JKHMDGBEDCHBJ@JEFCHENGN@JJJDFDFHHFAFDDFCHGZBNHLFNCFAB@FCHBFALBJAD@BKDAD@BAPBNAF@DDFDJB@FFPRBDFJFDDFBH@D@FFFBJ@BDL@@FVBF@L@D@BBFBNAFAD@DCFGFAD@D@DCFGFMFSFG@GBA@C@A@CB@@A@C@A@ABCB@@A@A@A@C@C@GDABC@EBA@EFEDEBA@A@ABC@OAC@E@E@A@A@BBABABI@AAC@E@E@AAABGDMHA@M@C@GHKNAD@D@D@BADEL@@AHCD@D@BAF@@DH@B@F@@@DBBGJ@DBHAB@BABCDEBCB@DA@BBAB@BBLABCD@BAD@DABCH@DBBBHAH@B@@EL@JCF@NBL@@@@JFBB@B@D@DABADBF@HAB@B@BBBBFADCFCDCBCD@DABBBBB@B@@BBCJCFGHEHA@AF@FCDAB@D@FCJ@D@DADCDA@CDCBIHABCBABEL@DBD@@BB@HAFA@EDKBCBM@CDCHCD@@CBGBGDEBQ@EBIDABAF@BABEDA@CBCBGFABGB@@EF@BAFC@@BADAB@H@BABCBEDCDIF@@ADABABEBEDEDABAFADAB@@A@EA@@A@EFGDEBAF@BEBABCFADCBKDEDADA@BB@BAD@FAFAB@D@B@LAJA@ABEDBBAHAH@BFP@JBF@FDFDD@B@DBB@@BH@D@D@HDH@H@HDF@D@B@BB@BHBF@BFNBB@@BDBH@D@BADAF@BBDBHFJ@D@DABEBGFCDADGFA@E@SFI@E@GF@BADA@OAI@KHEDAB@FADCBEBA@CFA@C@ABEFANCHEDADAFDH@DAFAF@FLFFHLFBBDBBBDAF@DA@@FDHALCNED@HCJDJ@FDBBD@RABBDBD@TCHCHCD@D@TAB@DDDHB@F@HCPBBE@AJEFEFGLCBA@@BAFAREXAhNDBJHHH@@FCDABCRLDDBDADB@JBHAD@DBDB@@D@RCD@DBF@LFBBBBFDF@XERED@@CBAHGDBBBDFB@J@J@FANAF@TD@BFL@FBDJHHFD@N@JAB@LI@@ACCACEDADE@A@ABC@@FBFADEBAB@@AAA@@B@BABADABABADABADABAD@DABABAB@@ABA@C@A@ABC@A@A@AAAB@@@DADCB@BCBE@CHCBCDA@AB@BC@ADC@ABC@C@@AAGECAA@@@@ADCDE@ABEBA@ADEDABAD@B@B@@BB@@BJ@D@D@F@FBF@FBJBJDBBB@@@@AB@B@B@B@DBNALCNE\\SPQLOHARDLCHBAFDRJJDLADEFMBEDBJANCFA\\@D@@@B@BBBB@FBF@@@B@J@D@BBD@D@D@H@DAB@@@@@BDBBBB@HBB@B@BB@DDBBBB@BJDBBBB@@DCDCB@B@@@B@D@B@BBB@FAD@BBFAL@D@F@D@@@DBD@B@B@BABABBBBFBDB@@D@D@D@H@D@BAB@@@B@B@BBBBB@D@D@DAB@@@B@D@@ABEB@DAD@D@BADAB@@A@ABC@@BBDBBB@BB@FDDBB@@BBB@@H@H@LLBLHHFBLCDELGPIHILIFCHATBLDJLJNFLBBH@JARBJDFBFAFAFADJ@FNABEHAB@FFBBFANBF@HAHBFB@NDFBBJCRSFAF@LCHCVCDADAFBDDLFD@DDDBN@JAD@D@FDP@H@FHHDJBHEB@DBJJFFHBNALENAJBNBJ@JBH@HPNJF@HDPHJ@JGHGDGBGCEBGFCD@TDFADBBDBDFADAJAN@JAHAJEFGJGB@JBDFPFHBFHJHFBJJ`bJJFDFDPDHANKBCFAHIAKDEHCJAFABAF@L@@BNCBAL@JDJL@DEFAFPH@DIH@LFFLALCJ@H@DAJ@NAZATBREVEN@RDTNPPFF@FBDHD`@b@HAN@NCVENAH@RBHDDFDPJLJDL@VAFANERALBHFLDHP@HCLA@BHFR@F@FAFAJBHDBH@NEBEDCTELERIJENARPHLfTTHRBVETGH@P@HBPELANEJ@LFVHNBPBP@DPDHLFL@XCFFBDEHAJ@DFHBHDF@DABMHABBHJDJ@R@RLXDFAFCFEPOREJCZJFP\\BdEPBVD\\AXATEPAXHRHR@PELEL@JDHDDHJFN@BBJDBBBNADBFFFJH@FBBDDBFCHGHHFNDDABCFABABAD@LAH@HAJEFAH@FDBDDF@DFBH@VANBJ@JAF@LBDF@FBBDBLCHBDDDF@P@BHDDBDFFDD@J@LCJCJ@J@FDBDBFLLHHFHHHHBDBFAJAF@FBF@D@DADCBCHWDC@CBCDEFCBIGECIBEECGEIMOM@CCGJ@D@NAF@NF@DFABCCWNBFAJ@N@JFLBHB"],"encodeOffsets":[[84867,43595]]}},{"type":"Feature","id":"652923","properties":{"name":"库车县","cp":[82.96304,41.717141],"childNum":1},"geometry":{"type":"Polygon","coordinates":["@@IGGCCC@E@EBE@AGSAE@AJKJMDEBEAICCIKCIAC@EBKBEAC@AACBCHKBG@G@ECGAC@CBE@AACMMAA@KDSBM@A@CBC@AAGBAB@N@@@DCDGDAHA@@HADAHGFC@CCGAIAE@ADEBADG@CBC@AAA@@DIDC@@DGHCBC@CEG@AB@DABC@CCOEEUOCGUUAAQ@_B]@QC@@UEOCAA@CBCLM@C@OAKAA@AHIDM@MAGEIIOAA@AFC@ACEAC@CFCZQ`WBCACCEDCFCNEFGFMJ[HcDQBM@OASJSL[PuN]DENKFE@C@ABCDEBEBC@I@ABA@EAE@EBCACBA@ABCB@@@@A@@@A@A@@BA@AHGBOAYE[IWEOKWCIAGAIBKFMFSBKAMCICICQGWCEGIIGKIOIIKIMEKK[GSE[CQ@]AQCKEOAO@KDI@GCQAICK@E@MAIBMAGAK@K@K@E@EDEFKHMJMDEDAFAHCVCLALAFADA@A@EAGAGAEAE@CAO@C@E@CBEDCDEDCFCFCHCHAFCJADCDCDEBEDEBGFSDEJQFIFEBABCDADEBADCBABADCBABE@A@A@C@A@A@E@EAM@A@ABC@E@A@A@@@@@GBIBM@CBE@GBG@EBC@@@@@IBG@C@@BGBCBE@@BE@EBC@A@@BA@C@@@ABC@@BA@A@GBK@@@A@A@E@@@AAMAG@C@EAI@A@EAE@G@EAC@I@KAK@MAI@M@E@KAaBS@@@MBWBK@@@EBIBC@@@CBEBIDIDEBG@@BA@@DI@@DCBCJMBCHI@@BCHE@@@ADCDA@@BAFA@@DABADCDAFCFABA@@NABABA@@@@BAB@@@@@@A@@@CAECECCEGEI[Y@@AAACAAAC@A@EBC@ABA@CBA@A@ABC@ABI@A@C@C@A@C@A@E@AAC@@@@@AA@@@@A@ABAAA@AAAAC@@AC@@@@AA@@AAA@BE@@DGFEBABC@AB@@C@CAG@C@A@A@M@C@@@@BE@CBEDIBEBWB[@EB[BI@S@I@G@]@g@c@eA_@ECe@E@UAOAI@S@@CB@@C@ABC@A@CBC@EBKBG@EBGBA@CBCBGBKFOHA@ABABA@A@EBA@CACAIBeLYJOJODM@MFMBGDGJGDGBMDMDKDGBIHURWZKPGNITGREXCLCHBHDPLfBJBF@JCFGFEJAHAH@DEFEEOGGEC@IBQHKHEBK@QAUCABADDLFRHXDF@BABABEBQDKHMNGFCBABA@ABAAABAA@A@A@@@@@A@@@A@AAAA@A@C@A@A@A@AAEAAA@B@F@B@B@@A@@BCACAC@CAAAA@CCE@A@EAA@AACAAAA@A@E@@AA@@@CA@@@BABCD@@BB@@AD@@@DAB@@A@A@@@CDABA@ABAB@@A@A@C@ABCBA@@BA@@@A@CBA@ABABABADBB@@@BB@@@B@@@B@BBHB@BBB@BBB@@@BAB@B@BBB@@@B@B@@@BB@@BBBDB@B@BBDA@AB@@@B@BABBB@@D@B@AB@BA@ID_Rm\\OJQJKJMPAHAH@J@J@BCDMJIH@DBNBB@@BBDA@B@@A@ABC@A@C@E@CAAAAA@A@A@AAAECA@CAEB@@AAA@EBCAC@AAEAA@@@A@ADGFA@ABA@A@AD@@G@@@ABA@@@@A@@BC@@@AAAACECA@A@C@C@@AAA@@@@ADAB@@A@EAAAAA@@AAEAEAA@@AAA@@A@AD@@A@IAEAAAA@@@BC@@@CAAA@AAC@A@@@CFABA@ABA@ADA@@BAB@@@@AA@@AA@@C@@@A@@AAA@@AA@@K@A@MDE@CB@@@@@A@ABG@@D@@@B@DCBCBO@AACCE@@AGA@BA@@DAPG@@BA@CBIDO@A@K@A@CBABC@AAA@A@A@A@@ACA@WGKEG@KBWDKBADCHCHEFCDBFDFAJGPEJCFGFCBBDHH@FA@GBYBGFAFENCBCBG@O@SAO@CDC@EEKAE@ICKEEAQEQC[AIFOFQFGDEHABEPEFEFMFiPWLSPKPSHaVSLIJORMFMDM@I@K@GBGCI@K@IBEHCDGDIBMDGJMBIFILENGHKFAFCHIPGHKHEHAJ@TBHAL@NAJCFCFGHAH@NAPARCLAN@DIHCFGFIBEFCHEFCDGJCHGFGFGD_HSNSJMF]JSJQHQLKFGNEDKDMHSLGBG@KCU@SACACABCBE@G@EEAEBM@GBKAGEKBYBOFK@M@KAaBGBQDKHKBE@KDOFIHFFLXJV@FAFADADAD@D@DFDNNFFBF@J@HGLMLONQHIJEDAFAF@DBDLJHPFJBLAZ@VBFFXBL@JCTAH@BBBHB@BDFDDBBBH@BBF@J@@ABABC@IFEDCBABABADAL@DAD@@ABA@KDCBA@@BAB@@ABA@A@EBEAA@AAECCA@AACA@@@AAC@C@E@C@A@C@AAAAACAAAAA@A@A@A@ABA@A@@B@B@BAD@BAB@BAB@@A@A@@@CCCAAAA@A@@@ABAFCF@F@B@BB@B@@A@@B@DBB@B@B@BA@@BAB@@A@@BAFADCH@BBFB@BB@@@BBB@@@BD@B@@AB@@@F@DDD@BAB@@AB@B@@BBBBFFBBB@B@B@B@FBB@D@B@B@DBB@HH@@FBVHJFBF@HFFFLBJBDB@FGFED@HDLHDFDFDDDBHBF@JAJENEHCJ@FBJHHFJFJDLDDBBBAFEPBDDJFFFFDBJFFBJDFDNLLFFDHHFHJJPLBBBDBB@DCDCFCD@FDBJDFDLHNBT@F@N@F@D@FBF@BDDDFLBFLJRFLDHBJBNBP@L@R@LBLBH@JBFBFBHDJHNLDH@F@JAHAFDHBTC\\IR@@GVBN@BAF@DDFBDDDBB@DADADBHBJBJGV@FBF@DABCDGFGJAFABE@I@KAO@EB@FBFHLFNBH@FBFDDBB@FKFAD@BBTADAJCDCHAFADGVIZAL@JFJL\\DTARAH@HFL@BFVALBR@JFPAJCJ@BDJ@DADCDCF@B@B@BBBDBHDB@@DBJ@HAPAFCDEL@JDJDHBF@F@B@FFHHHHDBFFBBDHDH@JBBFDDF@NBF@DAFBHBND`B@@@BONAF@DDJDHNNHFDDBDBH@FAFKNCDWLGDI@SAGBGHDN@FBF@FABMHIFEDSFKFQFEBG@E@CAMGEAEBGFBL@NGFGDGBC@CB@LBDFFDBFH@DGHKHEJCFEBBJDDDFBJ@FCL@DCHEHKJGHGDQDIBCBCBDF@BDBFF@JLHL@@BTFXFRBPHDHCL@TTNRHPFXAVCXMNMJKHKHOJMPCVIROLENEFEH@TMJGNCHBTDRHbJXDVBXBTFVNTHPFX@T@T@TCNGNIVGRELIFCNGP@JJZLRFTEPIJKBGLIHMAUCU@STKJCRAZCZKVA`BTALENGPILGXE\\CTBRF`RZLVFN@R@T@PD`PZFJAP@VDNJPJPDJATGPEX@LJ@PEPJNRDVDTAVCZA\\C\\ATFLBLGTGT@NDPFP@XCLCLCZCVAZBREN@NDNFLDPDFBFC"],"encodeOffsets":[[85962,43553]]}},{"type":"Feature","id":"652927","properties":{"name":"乌什县","cp":[79.230805,41.21587],"childNum":1},"geometry":{"type":"Polygon","coordinates":["@@H@FBbBLDJ@N@PAP@LBHBHDHDDDHFJ@JBHBJDHBHDHDDBHBJDHDDBHBHDFDHFB@DFFHDJDFLNNHFHB@HDJDD@JDJBHAJGDCHCFAHCJ@D@HDB@JDHBLBF@JALERIDJDFDFDJ@BFHFFFFJHFJHDHFFDHDDDJDHDJDBFCFCFCDGJ@NFFHDFDHBJDJ@JBJBHBJBB@JBJBJBH@J@@@JBH@JBH@JAJDHJDFPGDAHEDANALBHJDFFFJFHBHBHFHLBDHFFFJDHAJ@B@J@DBHDHDHDNLVNFDFHHFLFFD@H@DBFLBHDDBRRJHDBF@LBLB@@HFHBJDHFHBLAPELAPCH@HHFFBHBH@FB@DFHDDBTFRBJBHBTFTFH@D@BBHBHBHDLDLJHLDLJHNFbBPBN@N@L@jEH@FDFBJ@DBHHHFFDFFBBHDBBFFFFDBHFDBFFDDBFRHJFDDBHALFDtZ\\NHFFF@@FF@@HBTMVIHAFCJBDHJHFDFDFDFFbZFFHDFFJBHDHDB@JBJB@@JBHBFBJBJBBBHDJ@B@J@D@HAH@FCJCFACAA@AC@CDALEDEBAD@BBB@DAAA@CBA@ABEECEDEC@AAC@@DCF@AECGA@C@ABCBC@CAAABE@CB@F@BABA@ACCECC@A@@DCDA@C@E@EACAA@@CDEPMBADADBBC@C@ABC@CLKDEFAJCBA@@EE@ABCFBLJJBJ@F@JC@@DEDE@G@GBCBGBCFEDECE@@HK@OHIHEAE@ADCHEBA@ACACA@CAAAEAE@CBADADAF@DABCJEAAEAA@CADADADA@ACC@ADADAB@BCCCAKSO@ENGTCJCL_HCPCJEL[JMHQ@GNSDCFKPC\\BFATUPCHBNAZGFDJ@DDLALBFAHEHABCPUNGPELG`[NGJCNATOPKLKTKRIREREXKTGXKVOTMPETGNKLEJI@C@CCEGGMAS@IAM@]COBKAQ@_AmIM@OEIKEIK@SBO@sBMASAKDGJGFIBMAGBGDQDKCIIKWUaAIBKM]CWEYAIAQEEGCGG@CBIB@B@HEFCHEB@LMPIDAFCJGHCF@BADEDADAD@DABA@A@A@ADABADADEHCDCBEFIBADBD@B@DA@@AIAC@ABCDEHCB@D@BADADCBALGHGDEFCHCFAHAHAFCBG@CBAB@DBDABCBAB@B@BBDDFBFCDADCDAFCFADEBCBAFBF@FADBBABEJKHENELCJCLINEJEFEFAJ@H@HFD@FCDCD@BBBBBDDBD@JCDCBAF@HDDDF@HBJAHAFADAD@DABABCD@PBLDH@FABAFAD@DBBBBFBD@BFBDBFDFBBDBBD@BBDBH@DBBBDBB@BABADAB@D@@KFG@IFGEGAIAMFGJEBECGOKGKDIFENIDKCIAKDIDGPMLIFEDIEC@GDC@GAASIGEGGCEAAA@CCAAA@ECGEA@@ACAAA@@AA@AA@CAA@EAKEAAC@CAAACAECA@CCCAA@CCCAA@CACAAAA@AAAAA@CAECMGCACCA@CAEC@@AACAAAA@AAA@ECCCA@@ACACAC@@AAAAACAGAA@A@CAA@E@CCAA@@AAE@GE@@A@C@@AC@GCA@A@@@CAA@CAA@CAA@CAE@A@ACEAA@A@A@A@@@CAA@@ACAAAAA@@C@A@CAA@ECGACAA@CA@@CAAACA@@CA@@A@CAAAC@ACA@AACAA@A@A@@@A@CAAA@@@A@@AAA@@@AAA@A@CA@AEAA@EECA@AIEGEECA@@AAA@@@@BCLSBAFIBCFMFKBCBCBCDC@CB@BC@@@ABA@A@CBABABC@@@@@A@CAAC@A@GAC@A@IAGAAACACACCCCCCA@ACA@CC@@ACCAAE@AAC@AAA@@A@A@A@A@@AAAAC@@AC@A@A@A@@BA@A@@@@C@A@CAA@@AA@CAAAAAECAA@@EACAEACAEAAAA@A@E@AAE@A@G@CAI@A@CAECABA@@@ICIAMAAAEBA@MGAA@@ACAA@CAA@@@@A@EFA@ABA@A@C@@@AACACAE@EAAAA@CAA@CCA@C@SEGAGAQCKAEAC@@@GDA@A@C@A@@@M@GA@@AAAAAAAA@A@C@A@@@ACBC@A@ABAB@BA@@BABA@BB@B@BA@@BA@@@CAABAD@@BB@@@DAB@BA@@BBB@BABABA@A@AB@@@@@D@BBB@@@@CBA@AAC@CACAAAA@@@@@AAA@@@A@A@A@@@A@@@AAA@@@@@ABA@@A@AAAAA@@@@A@E@@@CCA@@@@@@DAB@@BB@B@@A@@@A@EACAECE@A@A@ABA@C@@@AAC@@AA@A@AEAAE@E@EAAAG@E@EBABBDDD@DCBA@GAKCK@K@OHSDYAQDIDGDI@MBQJIBGHGJGDIJEBWHEHEBSEWCK@ABCNC@IBG@KBO@O@MFWBM@Q@IAKBMBIBIDQDUFUFWJIDMFMHMJKBI@EBGAIBGFAJID@DBDJHDFDF@DCFCDC@GBABEHAFGJABEBUDEBABCHCBCBEBCAE@CACCC@AA@@@BABADCDADAFAB@DADABA@C@ADEJAFCDADCDA@GHCDAB@@CAA@AAA@@@AB@@C@G@E@I@C@CDC@GBA@E@IEICIACAA@CBEFEJEJ@BCAGAC@A@C@C@IIEICACC@A@@BAF@FABAB@@E@CAEKGAA@ADCBA@ACE@AC@E@EBEBIBU@E@IFKBM@YDOAIAIBOAMCKAE@@FCJCFEDEHEBEFBDJFBDBFBN@HBFNJHNBNDVDPDH@JCHCHIHGDI@I@GAGEOAMAGDIHAFABA@@BABCDCDEDABA@AB@@KNCFAFADADGJAD@B@@BB@@DB@B@F@FABADAD@B@D@B@BABADAD@@ABA@GLGH@BSRA@MLAFALEHENKLADAH@HGN@DAD@LEHEPADAH@LABCFMLMLEFCHADCDGDCDMJQHQHGDCFCFSPGDIJOHKBURIFABCHGFOJCFKHMJGFEFEDEBC@A@A@CBKNGHMDQDIDOHIHCFA@OBIBMDEBUPA@CHMLCBEHKJABCJKDQHUXGL@DEF@DGFEDKHEFGDUFG@A@AB@@@B@@AB@B@@@BBB@@@BAB@@ABAB@@@B@@@@SP"],"encodeOffsets":[[80274,42403]]}},{"type":"Feature","id":"652929","properties":{"name":"柯坪县","cp":[79.04785,40.50624],"childNum":1},"geometry":{"type":"Polygon","coordinates":["@@BCBE@CDMBC@A@A@@BA@A@ABIDCDCBCD@DADCBCDABC@A@ADABCBAHEBAB@BABALIJKFEFIDGBEBG@E@G@I@G@CAC@A@@BG@K@EAE@GAC@A@EACCE@CCCEGKIEEECAACAAAEE@CCACCTWNQBA@ASCm@@_A@i@U@@@Q@K@£@@A@@BAB@F@H@H@T@D@RAJAZEVCPE`GXG\\IFAJED@FARCHANCFAJAJAPAHAF@HADAL@F@JAF@@AAAAACAAAACACAAACAGAIAE@E@A@AAECUCOCYG_@EAGAMCME]AMCQ@CCOAEAGAE@ECO@E@E@AAC@CAEAC@EAC@GCKAC@E@CGgIEGCEAEAICKAEACAEAECA@@BIFC@ABC@GBAAA@AAC@K@A@C@EBIBGBE@ABIBC@CB@@A@C@E@AACAE@CBE@@@C@OBA@E@EBA@C@A@AA@C@@A@@@AFAFABAB@@M@đjP÷UFiFWDWFWDN«TeHeDaDS@IBGBeBOBKBK@U@WBKAWAY@Q@SDKDKBGAA@eKqKUG]GOAwQ[EWCYCI@K@IDIBSHIDKDOFcTMHIBQFKDMHK@QAMEIG_MOEWEUEWGIAOEEEIEMCMEMEIGEEEICKCEGIIAMEOCECKEQIWIUGQCGAUIGMICEBO@MAaKQEQCEEEAI@ECCGEKCEDQCAIAWKSEKCAAKIE@CAC@ACA[EQ@ACCEAGCGCGCKCEAUGC@A@E@E@E@CACBC@CBGDIBCBAAAA@AFEDE@A@@AAAAA@ABED@@A@CCAA@A@@CAE@QEEACAEACACCC@AA@A@CC@C@C@CBA@C@KCKESGSCG@K@EACAGCACCACACACBEBCBC@CAAB@B@FABWJKDIFKHGJAH@DRJHFCDMFMJGHSJOBM@UBWDK@KAQIOEK@ODIHM@Y@]AUDOBKDQBEAUGE@K@KAKASBKDG@G@KEEGE@MFEF@HAHOJGBMRKBOCGAKBOLEJALBRBJNLNJHDHHHLDVHLAHWTADBJJPDFBR@JHPHLVPPPFT@RFNAT@JDDDBP@L@RFJFLNH^LZPNNJLHBBHR@JFR@LCRCF@`FHLHRJTNNLJFPJRF^HPFnRtXRDTFRHbVfTPHRJTL\\ZJ\\H\\H^JPNPHRFHDLFdPFFPNJdHJPJPNNPR\\LVJTAJAL@HFZJRNVJLBDBD@DCBK@GAE@KBI@GBCD@NATE^CJIFEBBHDFFHBJKN@DH@LBLFJHDHFHFBJAL@D@JDHFJAHAPBZPPHRJVFP@FANDLHTP\\HVDJ@F@PAJCFALFJNFNNFJDPHJJHLNLJDLHbVJDTDVHXNDFF@LBNDPBJAJBPBZCN@LAJEF@V@JAFAFAF@D@@BDF@BABCD@BBBLHBF@D@FA@ABEBE@AB@@@BDDDBFJJJD@D@B@D@HBDB@AFIFIFEDAB@DBJBJDJFF@B@HAD@DCD@J@F@H@D@@@BA@@B@BBB@DB@@BADCHGB@DCBCDCBEFIBCD@B@BABC@CBABEBCDCBCBA@A@@BBD@DDDBF@DBFADADADGBAFAVCFABAHIBEFGBAHAD@DCDE@CCECEIGAC@CJCBIHEJAHBFAJ@LANINGNEJCXIVEVERCJCJANALAJBR@N@XANEP@P@LAH@JAD@DMBAL@XDTFFAFGXGFAJIHCHIHGJARINAJ@HCJCRCZBTCPGL@L@LDHBB@DA@CCCACBAFAF@H@BBFBF@F@BBBFB@B@@BD@BB@@D@B@BAB@B@F@FDDBFBB@@@B@@@@AAA@@BA@C@@@@B@DD@@F@B@@@@@BBBB@B@BB@BA@@@@B@BB@@B@@@B@B@B@@@B@BB@@@@B@BBDBDBD@BBB@DA@@@@AA@A@C@@@@BAB@B@BABA@AAA@AB@@ABA@C@@AA@@BCBADB@@B@@AB@@A@AAAB@BA@AB@@ABABAB@D@DA@B@@@B@D@BBBBBBBBB@@HBN@@@B@D@B@B@HC@@D@FBLBRDHBHBTFD@B@DDB@DBB@BBFBF@DBDBBB@@D@B@B@BAB@FEB@@@@@BB@DBBBD@@BBNHB@FABBNBJBJD@@B@BAFDDBB@J@DBH@B@F@"],"encodeOffsets":[[81635,41747]]}},{"type":"Feature","id":"652928","properties":{"name":"阿瓦提县","cp":[80.378426,40.638422],"childNum":1},"geometry":{"type":"Polygon","coordinates":["@@@@@@@@B@@@@A@@B@@@@@@@B@@@@B@@@@BA@@@@@B@@@BHDHFFDB@DDDBBBBBB@F@H@F@DBF@H@DBD@J@BBP@@@F@FAD@F@H@DAH@HADAB@D@FAB@HAD@D@B@@@FE@A@@B@F@B@BA@@@@@@@CEC@ABCDGBAAAAAAA@@@AD@FA@AB@@A@ACAAAAA@CBABA@@BA@@D@B@D@@A@@@@@AEAAA@C@@BADA@ABABADABABABA@E@ABCB@B@BAD@B@@A@E@ADCFG@@@AACAE@ABC@C@AACCECCCAEA@AAAAG@C@CDC@C@AACCA@A@A@@DAB@DABA@AB@B@NHFDPNABABEH@B@@B@BDDDB@DB@@@@DHBDBF@FBD@B@BB@@BB@B@H@B@BAFAB@D@DAH@BBD@B@@BBB@B@@@DAB@BBB@BDBDBJBHD@@BBDDD@BBF@@@JJDFDBBBBDD@B@FB@@DA@@DCBAB@BA@A@CBABCDAB@B@DAD@D@FADAD@D@B@B@DE@CBAJIDABABAD@DALCH@F@L@D@FAB@@@@@@C@@BAPGDCDEDIHIBGDEFCLERERGJCHCHGJQBCDAJCJGLODIBENMBABCDIDCHGDADCHGDCBCD@DCBCF@FANCFADCFAHAFAHGBADKBG@E@CA@AAA@EEAEAC@A@A@CB@BABABCDCB@DAD@D@D@FBFBBB@@@DB@BBBBBBBBBBB@@@B@FF@@B@D@B@B@BADADABABABA@CAC@A@ADA@A@C@C@@AAA@ECECAA@@@C@C@ADABADC@A@A@A@@@E@AB@BABADAB@@@@A@@CCAA@A@AAAAAAA@A@ABA@ADABC@A@A@CAA@A@A@@FC@A@@@@@@AA@@@A@@FEDA@A@A@AFCBABAB@@ABC@A@AB@@@D@B@B@@@DCB@BA@@BABABABC@@B@B@B@@AB@@C@CAG@AAACA@@@A@ABCBAB@B@@@HBDBFBB@B@F@@@BBD@DDBB@FB@@@BBJ@B@JBJ@@@B@BBBBB@B@B@FADAB@BABA@AB@@CBA@AF@BAB@@@@AAA@A@@@ADABAB@DAD@H@@@DB@@B@B@DCFEBEDA@A@A@AAACCAA@CAEAA@A@ABA@ADABA@@@AAAAA@@@A@A@@AAAA@A@@@A@@BAF@J@@@DBH@BBB@@BB@DF@BDB@B@B@B@B@@BBDFB@DBH@DBB@@@B@JAHABA@@@@@C@I@GAE@ADCBAB@F@B@D@HADAJEBAB@B@F@BBDAFAHADAD@@ABABADA@ABC@AAC@AAGAA@C@ABEDCFCBAHCDAF@D@FAD@L@HAD@HDD@D@FA@@AA@@CECCACAAAA@AGKB@AA@AA@CAAAAA@@A@@@CBAB@@@BA@AB@BAB@@@BAB@B@@@BABA@AA@@@ABG@A@A@ACECA@@A@C@A@AA@@AAAA@AAA@@C@@@A@@B@@@B@BAB@B@BCBEF@@@@AAA@@ABA@AAAAA@AGAA@A@@@AB@BA@A@CAAACAA@A@A@@B@@AD@BA@@@@@A@@@@@AAAA@@@A@@AAC@CAAAC@@BAB@@@BADABABA@@BC@EAIAI@@D@N@BKv]X@@CBABCBABA@ABA@AB@A@@AA@@@@A@A@A@@@A@@@@@@@AB@@@BA@ABABA@A@C@A@A@@@A@@@@@A@@@AA@@A@@@@@@@@B@@@@@@@BA@@BA@A@@@A@@@@@AB@@AB@@@ABA@A@A@@@@AC@@A@A@AB@B@@@@@@@@@@@@@@@@AB@@ABA@A@@@@@BA@@@A@@@@@@@A@@@@@@A@@@@@@@@@A@@@@@@A@@B@@@@@@@D@BA@@B@@@@@@@@A@@@@@@A@@@@BA@A@A@A@AB@@A@@@AAA@@AA@@@BAA@@A@@ABAA@@@@@@BA@@@@@@B@BA@@@@@@@@@A@@A@@@@@@@@A@@B@@@@@B@@@@@@@@A@@@@@@@AA@@@B@@@@A@@@@A@@A@BA@@@A@@@@A@A@@B@@@BA@@@@BB@@B@@@@@B@@@@@@@@@@A@@@@@@@@@@@A@@@@@@@@@@@@@AA@@@@A@@A@@@@A@@@@@A@@AAA@@AA@AA@@@@@@@@@@@A@@@@@@@@@BB@@@@@@@@@B@@A@@@@B@@@@@@@@BB@@@@@B@@@B@@@B@@@B@@@B@@@B@@@BA@@B@@@B@B@@@B@D@B@BBB@D@@@B@@@@@B@B@B@B@@@B@B@@@D@@@@@B@BA@@B@B@@@BAB@@@@AB@@@@@@A@@@@AAA@@A@@A@A@@@A@A@@@@A@@A@@AA@@@@@A@@@A@A@@BA@A@@@@@AA@@@@@@B@@A@@A@@@@AB@@@@@@@BA@@@@@A@@@@BA@@@@B@@@B@@A@@B@@@@@@A@@@@@@BA@@@@A@@@@AA@@@@@@@A@@A@@A@@@B@@@@AB@@@@A@@@@C@@@@AA@@A@@@@@@A@@B@@@@A@@@A@A@@BA@A@@@A@A@A@@@@@@@@BA@@@@@AA@@@@A@@@A@C@@@AB@@@@@@A@@@@@@@AA@@@@@@AB@@@@@@AB@@@@A@@@@@A@@@@@AA@@AAAA@@@@@AA@@A@@@A@@A@@@@@@@@B@@@B@@@B@@@@@B@@A@@@A@@@A@@@@A@@AA@AAA@@A@@@@A@@@@@@B@@@@@@A@@@@@@@@@@BA@@A@@A@@A@@@@A@@@@A@@B@AA@@@A@@@@BBBBB@@@B@@@@@@ABA@A@A@@@A@C@@@CB@BA@@@A@A@@@AA@@A@A@@B@@A@@B@@AB@@A@@@@@@@A@@@@AA@@AAA@@CAAA@@@@@@@A@@@@@@@@B@@A@@B@@@B@@@B@@@@@BB@@B@@@@A@@@@AC@A@C@@@A@AB@@@@A@@@@A@@@A@@AA@A@@A@AA@@AACAA@@AA@A@AAC@@@@AAA@A@A@@@A@@@A@@A@@@@@@@AB@@@B@@@@@@@BA@@@@@A@A@@A@@A@@@@@@CAA@AAAAAAAA@@AA@@A@@@A@A@AAA@AAA@A@@A@@@@@A@A@@@@BA@@BA@AB@@@@@B@@AB@@@B@BBB@DBB@B@B@@@B@@A@A@@@@BABABCB@@A@@@A@@B@@@B@BBB@@@B@@A@@@@@A@A@CB@@@@AB@@@@@@@@@BAB@@@@A@@@@A@@@AB@@@@A@AB@@@A@@@@A@@@@@@@@B@@@@AB@@AA@@A@@A@A@@@AB@@@B@@@@@@@@@B@@@@B@@@@@@BA@@@ABC@@@@@@A@A@@@A@ABCBCBCBA@ABA@@@A@A@@@C@@@A@@@@@@@@@BAB@B@@@@@B@@@@@B@B@FABADABAB@@@BAB@B@@@B@@@@@@B@@B@B@@@@@@@AB@@A@@@@B@B@@@B@@@@@@B@@@@A@@BA@@@@B@@@BB@@B@@@B@@BA@@@@@@@@@@BB@@@@@@BB@@@B@B@D@@@B@@@@@@@AB@@AA@BC@ABCBA@@@@B@@@@B@F@@@DB@@@@@@@A@@@@@@B@@@@A@@B@@@@@B@@@B@@@@@@@B@@@@ABB@@@@B@@@@@B@@@B@@AB@B@B@@AB@BBB@B@B@B@B@DADAD@B@D@@@@@@@@@AA@@A@A@A@A@@@@@A@AB@@A@C@A@@@CB@@A@CAA@A@@@@AA@@@@@A@@A@@@@A@@@@@A@@@@B@@@@@@@@@@@@@@BB@@@@@@@@@@@@@@A@@@@@AAA@@AA@AA@@AA@@@@@@@@BA@@@@@@@@@@@@B@@@@@@@@@B@@A@@B@@@@@B@@@B@@BB@@@@@@@B@@@B@@@BA@B@@B@@@@@@@B@@@B@@@B@@B@@@@B@@@BAB@@@B@B@@@B@@@@@@ABAB@D@@@BA@@@A@@AA@@@AB@DA@A@@@@C@CAA@@@@AA@B@@AB@FAHBB@@@@@@@AA@A@@BA@@D@@@B@BA@@@A@@B@BA@@@@@A@@@@@AB@BABAB@@@@@B@@@@A@@BB@@B@@@@A@@@@@@B@@@@BB@@@B@B@D@@@@A@@B@B@@@B@B@@@@A@@@@B@A@@A@@A@@@B@@@B@@B@@BB@@@@BA@@B@@@BB@BD@@B@B@@@@A@A@AA@@@@@@@AB@@AA@@@A@A@@BA@@@@@A@A@@B@@A@@AAB@@A@BB@@@@@B@@B@@BA@@@DB@BB@B@B@B@DBB@D@D@DBB@B@@AA@CAA@A@C@@A@AAA@@@AB@BB@@B@@@@@DBBB@B@@B@B@@@@@BA@@@AAAA@A@AAA@AAA@@@@AAA@@@C@AA@@@A@AB@@A@A@@AAA@@AABA@A@A@A@@B@@@@B@@B@@@@@@DB@@B@@B@@@@@BB@A@@B@@@@BABB@@@B@B@BABABAB@DB@@@@BBB@BBBB@@BA@@@@B@B@BB@@@A@@@@@@@A@@A@@@A@BAA@@@A@@@@@@@A@A@@@AA@@@@@@B@@@@@@A@@@@@AA@@@@@B@@AB@@BDBFBBBDBFBD@@@@@A@@AC@@@A@@A@@@A@@B@@@BB@@@@BAB@@@B@@@@B@BB@B@B@@@FA@ABA@AB@B@B@DABB@@BAB@@CAAC@C@A@@@ABCB@B@@@BABAB@@A@@@A@@ABE@@@@@@B@ABB@@B@@A@@B@B@@B@@ABA@@@A@AB@@ABA@ABAD@B@B@@BA@B@@B@@BAB@@@B@@BB@B@@@B@D@D@BAD@B@@@@B@@B@@BA@AB@@A@CB@@A@@BjJÔjHD`HDBD@BBLFJFDBBAAAB@B@@@FBBBBBB@B@B@@BB@@@B@BA@@B@HDBBBD@D@H@BBDDBBBD@BABC@E@ABADAD@FBDDHHHDVHLCB@DBD@D@DAF@FADAB@FAVCPCB@D@B@BAB@@A@A@CFCBADABAFAFGDC@ANSPYNWFKLgƓhĭ^éWнmBĥE¯A@ŏEȋIÍAuAu@ǽK\\b¹pËxǍÞDRHvBTF`FdBTHrF^DrBf@NBFRzHVFPRvB@BBBBBBBBHFFDBB@B@B@BA@A@AAGEEC@@EBABADAB@D@BB@BDDD@B@B@@@@A@C@E@EBA@@BA@@BB@@@NBB@AB@BB@BBLFFBBAD@B@BAB@BC@C@A@@@AB@B@B@BBB@BB@DB@@@DAB@@@HBB@BDDB@D@B@@AB@@GBABAB@BAD@B@@B@B@@CB@@@BABB@@@@@D@BABAD@@@D@D@@BBBDB@B@@@B@@CD@DADAD@BADBB@@@BBBBDD@D@D@BBF@B@BAB@@A@@AAAAAA@A@CDA@ABABAB@D@B@BDBBB@B@@CB@D@@BBHFJFB@@B@@@BA@AB@@CF@B@@EDCDEDADADCDA@@@C@ABA@@BGF@BABBH@B@D@B@BAJ@JBB@@FDBBDDD@BB@@BB@BB@@@D@B@FBBBB@B@@BDB@@@@eĲ@AA@ABA@@@AAE@@@A@@BFDFBDBFBLBJDFBFBHDJFHh@D@FBDDL@HBD@FBDBF@DBD@B@F@FDP@FBFBHBFDP@DDRBNF^DNBNBH@FH`DZDPDVBF@B@B@FBFBJBHBDBBBDBDBBDBBBBB@B@B@P@FAHADAJADEJ@@CDEDGBGBEDCBCDCDCFKJADAB@BCFCFMJA@EDIDGFGHCDADCDAFADAF@FADADAHCFABABA@CBMBKDC@ABCBCDCD@BCFAFAD@H@BABTBxBF@LAD@HADAJCHCJELGLGFCBAHGFCPMDCHGFCBA@@F@@@BA@@@AB@@AB@B@B@FAB@B@B@BAB@DADAF@BAH@B@FHB@BDBB@@BBDDDFBDDD@BBDBBFHBBBDDFFHBD@@@BBBDF@BBB@@HFBBBBDBFDFDFBHDB@HBD@B@B@L@N@F@BB@@@B@@@B@D@@@DDFBBFDBDBD@@AH@@DF@BHLDH@D@B@F@BBB@F@@AB@@@@EA@@@@ABA@@B@BB@BB@@@B@@@@ABA@CDCBA@@@AB@B@B@@DB@BBB@B@B@BAB@D@@@BA@@@A@@B@@B@@BAB@BABC@AB@@A@BB@@JDDBB@B@BBBBB@@B@B@D@BAB@@A@C@A@A@C@AB@B@@@B@BABAD@F@@@BB@BBB@BBFFBD@@@BAB@@A@ABA@@@@BB@B@BBB@@@BD@@BBBDBDBD@BFHBFBB@B@D@B@B@B@@@BFFBBBB@DB@@BADBB@BB@D@B@DADA@@H@B@@@BABABCBCBA@@LAB@@@B@@BBB@DBJBF@B@F@F@@BB@B@F@BBF@@@H@D@B@BADADABAFABCB@BIDCDAB@BA@@D@@BDDB@BB@D@FAB@LAB@F@FBB@BB@@BB@@BD@D@@AB@BCFABAD@BBB@DDD@D@D@H@B@BAH@L@DADADAB@BABAD@B@B@B@D@B@D@@BD@DA@@BEDABEFABA@A@A@GBCB@@CB@@@B@B@BAD@BABABB@BD@@@B@@@@AB@@ABI@A@@B@BBB@@BD@@@B@D@BB@@BBB@D@BDDDB@@BBAFABAB@@ABA@@B@BAB@BA@@BAD@DB@@DBBBBBFDDFD@B@@A@CDAD@@A@A@ABE@AB@@AB@B@@AB@B@BB@NFD@FBB@@@B@BBB@@@@@B@@B@BB@@BB@@B@@@@@B@@DB@B@B@@@@@@@B@@@@@BAB@B@@@@A@@B@@A@B@@@@@@@@@B@@@@@@@@@@@@B@@@@@@A@B@@@@@@@@@@@B@@@@@@@@@@B@@AB@@@@A@@B@@@@@@@AB@@@@B@@A@@@@@@BA@@@@@@@@@@@@@@@@@@@@B@@@@@@@@@@@@@@@@B@@@@@@A@@@@BA@@@AB@@@@AB@@AB@@@B@BAB@@BB@B@B@@B@@@@B@@@A@@@B@@@BBB@@@@B@@@@@B@@@@B@@A@@@@@@@@@@@@@B@@@B@@@@@B@A@@@@@B@@AB@@@@B@@A@@@@@@B@@A@@@A@@BBA@@@@B@@B@@A@@@B@@AB@@@@@@@@@@@B@@A@@B@@@@@@BA@@@@@AB@@@@@@@@@B@@@A@@@BB@@@@@@A@@@@@@B@@@@@@BA@@@B@@@@@@@@@@@@@@@B@@@@@@@@@@@@@@@@@@@B@@B@@@BB@@BB@@@@@@@@@@@B@@@@@@A@@@@@B@@@@@@@@@BBB@@@@@B@@@@@@@@B@@@@@B@@@@@@@BB@@ABB@@@@@@@B@@@@@@@A@@@@B@@@@B@@DDHDB@B@@BB@@DB@@@B@@@B@B@B@@BB@B@BB@@BBBB@@@@@@@@@@@BB@@@@B@@@@@@@B@@@@B@@@"],"encodeOffsets":[[82038,41861]]}}],"UTF8Encoding":true}