{"type":"FeatureCollection","features":[{"type":"Feature","id":"654301","properties":{"name":"阿勒泰市","cp":[88.138743,47.848911],"childNum":1},"geometry":{"type":"Polygon","coordinates":["@@A@@A@A@AA@AAECA@C@G@EEAA@A@EA@A@EAGCI@C@C@CBEAA@A@A@AAEAEAA@E@GACA@A@EAAAACAC@EAEBCAEEAAA@GCA@ACAAAAACA@EAA@CAGCA@ACAC@AA@IEGCKAMCGAMEUIOIOKGECICG@I@MBG@GAEAGCGAEAKBIHIDIHKFEBI@G@OBEHGFC@GCECAGEAAICA@I@G@ICEAICGCGCECEABCCEAACCGCEAGACCKGIAAAECIGGIGEC@EAE@CAAAA@@ABA@EAEBA@CDCDAHAJCHAFADAFABADAFCFAJCNID@FAPAH@DBD@FBH@N@HAFAD@BBFBJBJ@L@F@JAXEDADCBATCFEFC@A@E@AAC@ABABAHCHCD@LAJCJ@F@DADEDEA@C@A@ICC@ECAC@A@ABCBCBABAACCAEAGEIE@A@A@AB@BABATEBADED@F@D@DAF@BAHE@ABA@E@A@AAAAACG@CBC@C@EACAAEEGGCAAC@A@@BAJBDBDCD@D@NGDAD@DAF@F@D@@AD@D@F@B@BAB@BA@A@@BAB@D@B@BBBBB@DABA@A@@@A@@@@AA@AB@BAB@F@H@B@@@CCCAC@G@A@E@E@C@ODE@C@AACAIACCC@I@K@EBABC@E@A@A@EDC@I@CAC@EAC@G@Q@GAA@CAA@@C@GAI@G@EDEBAFEBABAACAACEEKAACAMGGAAA@AAC@EBA@CDG@C@C@AAAEGAAAAGCCAG@A@K@ECECCACAKGCEAAAAA@CCACCAECACCCAC@ABCACAAAC@CACAEEE@A@CACAACA@CCCAEAAAGACCEACEGACAEACAAAA@A@@BA@A@@AAAC@@IA@AAAAABA@A@ACG@AAAAA@C@A@@AC@@@C@EAC@ACEAAACCCCE@@ACA@@E@ABABA@A@@ACAGAGAAGIAAAAACAAACA@AAA@AA@@@A@@AA@ACCCAKCEAA@A@C@A@C@A@GCGGC@AAAAA@AAEAEC@AAC@AAA@@BC@ABA@AAAAA@A@AAIAA@CAAB@@@BC@@@AA@A@BAA@AA@@@A@AAC@A@A@A@C@@BA@@AA@@ABAA@@AAAA@@@@@CKICAAAAEAAAAAAAAA@GKC@B@CECA@CAACGAK@AAG@C@C@ABCBAAI@Q@eAUAQ@GC_AWAK@CAM@K@C@I@MBE@@F@DAD@DCLCBAB@DADAHCBAFE@AB@BA@@DCB@BA@AFCJEBADAJGB@FADAB@DADABANEFAFADADCDA@CBABAFAN@D@FAH@D@HAH@D@DAHAB@B@DCOKOG[AeKcAsASDQJQXG@ECISGC_CQCSCeF_FI@qPCBODODMBKFEBVYHMBIDMBABA@ABA@GHA@AB]JEBCBCBEDQJWNABIDABA@U@A@C@EBIDYB_@C@@BOHC@CBWFUFC@A@UFA@ABAB@BA@@@A@]HMDEBC@CBEAK@CAGAA@@A@A@A@A@A@C@E@AA@AA@@A@A@A@AAGA@A@@A@@A@@A@B@@@@@@@CAA@QIA@A@@@A@KFMFID@@@@@@ABAB@@@@AB@BA@@@@BABCBABABA@@@ABA@A@ABA@AB@^RAHCHAPCJ@NB@DFAFAFAB@BBDHI@CDGDABAB@@HFBDC@EDIFCBE@C@ACAC@AAAAAE@CBC@AACECAC@G@AB@@@BFF@D@DABC@EAAAE@A@IHEHCBCBC@E@CBAD@F@DABCBC@CAACACC@C@ABAB@DOAI@ECC@IFKHAAKKLGDGHCFAFBFBNG@gA@GBE@AB@BBB@F@B@B³@Ƈ@K@C@A@JFDJDB@BBBLHBBBDBBDDBBBDDDBBDF@DDDBB@BBDBJ@H@FADADCDADAACCEICGAACCCCAA@@@B@BDDBBDFB@BD@BBDBDBBBB@B@B@B@B@B@DCBABABC@EBA@GAA@CA@@AB@D@@A@A@CBCBCDC@A@ABA@A@@@ABA@@@CBC@CBCBC@C@GAC@KAY@C@IBA@Q@M@GA@@E@G@@@A@IBCB_@A@A@C@SDE@CCIGIIKGIGEEWOCEEE@AWCG@MCMAC@@@A@AB@@@@A@@A@A@@E@C@A@GAKAIAKCEAC@C@EAGAAAA@GEC@AAA@C@CA@@CACAGCCAA@AAC@AAIAC@GAGCA@EACAECEAIA@@C@AAGAE@C@ICC@C@KCCAICE@C@E@I@CAC@AAC@A@GAOAWEM@IAEAC@CAA@A@E@IAEAGAEAA@A@CAC@AASCC@EACAEAIACAGAMCMEA@CAQEEACAGCWE_GEAEAC@A@E@AA@BBFJPJJHJDBJFBDDHDJBD@HCPCDCL@D@B@@BBBB@DAJ@BBB@@@BABIBAB@@BF@FADIHCBCHEHGHOJYRGDIDOFKFUJOHSHGBQFQFIBcJ[HODHJblbpVZJL^ZHFNLLJZT`TJHHDBDbXFBB@F@HAF@BBF@D@B@@@@AAC@CB@B@HBF@B@FCBA@AHEBABCBAFAD@FDFDDBFBFAJAFCLCJCFARAHAD@B@DDBDBBDBD@H@PDB@B@BA@CAA@AIEEG@C@CBADCD@FBFBFFAHDL@H@DDF@B@BB@BBB@@@BDB@BBF@F@D@BABAJAD@BCD@B@HBDBDAD@HBBBDAB@@ABABAHAB@BAB@D@DBD@B@BA@AA@ACCC@AAABA@@@AHBB@HAB@DBD@D@@@DB@B@B@BFDB@D@BA@@@ACC@@@AB@F@B@B@BABE@AB@D@BBB@B@FAHCDAD@B@BBB@@BCBEBEBAB@B@@BBBADABAB@BBBDBBDB@@@DA@CBC@ABA@BBB@DADB@@BBBBAHBBB@B@B@BC@IDCBAD@B@BB@D@F@BBB@BBJBBDBF@HPFJDF@D@B@@BD@DDJ@BFJBBFJBBBB@DDD@FDDDHBDBFDFDHBDBFFNBBJP@DBD@D@L@R@B@H@DBDFLP`FLJPBHBDBHT|BD@BBB@DIHEFADAD@BA@CD@B@B@BA@@B@FA@@B@B@@@BBB@B@B@B@B@BBBBD@B@BGH@B@@@@@B@@A@AB@BABAF@FCD@D@D@BDD@B@B@B@@@@@B@@BB@BBB@D@B@B@@BDDDJHLHFDD@FBB@FBDBB@D@FBD@H@FBD@BBBBBB@BBDAB@BAB@BBBBBBBBB@B@B@DADADAB@BBB@B@BAB@BDBDBBB@BDDBBBBBB@BDBBBD@B@DBF@B@DBDBFBFB@BDBBBD@D@BBFBLDD@BBBBBBBB@@BBB@BD@B@B@BAB@DA@@FBD@D@B@DADABEDADGJCDADEBEBEDCDAB@B@@BBDDBBBBD@BBB@DBBBBBD@@BBDFDDDB@DB@@@B@BDBB@DD@@@B@@@@HDBBBB@@ABCBGBEDAB@@BBBBD@H@DBLBD@DBB@FBL@F@D@D@B@BBD@D@HBF@FBFBDBB@B@FBB@BBBBBBB@B@D@@AB@BBDBD@B@HBHFFBPLHFDFJHFBD@BB@B@@ADCBGDQHGFE@AB@BEP@BEFCD@BA@ABDFFFFHBD@B@@@B@B@DCFBBBBBB@FBBABAD@BAB@BA@ABCH@@AB@BABAF@@@BAB@@CF@@@B@BA@@B@BAB@B@D@D@B@B@BA@@B@@@BAB@@@B@BBBB@BBB@BBBBBBB@BBBBB@BBB@BBB@@BBB@@BBBBBBB@BBBBB@@@@B@D@D@BBB@@B@AD@BABCBEFEDBBH@T@FAHFBBFBD@B@BB@@@BB@BBF@BBB@@B@B@@BDFDB@@@FBFBD@B@D@DBBBB@DFB@FDDBB@@@@BA@@BCBAB@@@BB@@BB@B@B@HABAD@B@B@@BBB@B@DBB@B@@DBB@D@@@B@B@@@DBB@@BBB@@@B@@@B@@ABAAEEA@A@@BCBGDE@EBC@A@A@GBCB@DBF@BPJFHBFDBD@DDDDBDBFAD@D@DABAF@JFLDF@DBBBDAF@BABCDABAB@B@D@JABCF@BDBFDBFBJDBDD@BCHGDGBGBEBGDEFEDCDIFA@BD@@DDFBD@F@F@JAF@F@JBF@RAL@FBHBFDJDDFBFBPBJBR@NBHFJDDFDTNJDDB@B@DB@DDHFBBJH@BBDBDDHBBABABDF@J@LCHANCJKLGFMJIJQJIFHBJ@BBB@BHBFFHBFBDBD@JDFDFDJBBD@FBLBJ@LAVDDB@@BJBDB@HDLDJDHD@B@@XBTBXDT@VDPBHDJDFFJHFFJLLFRJJBNFHFDDDD@D@F@H@DFJFHJLFH@B@BAHCLCFCB@BFDJDHBDDBDB@HBBBBDBDDDFBF@FBH@FADCDCDADAH@H@D@DBJDL@D@FCJ@NAJAH@DBFBDBJBH@HAJCFEFEFGDG@AL@JGPEWGaEkYAODGVWfM^EPEdSJEJCXCL@ZB^B^@PCHGHIHKFKHGF@HDHHJBHAJCFC^SPORQVGDBZJLHLBNKPAX@F@J@HAPIXEUVGPCNCLEPED@DCDCKY@I@EBEFGhQrWLEPELGJEDCNGLEN@N@JBZLPLPLZFTELGHCBQ@K@CBUHINEXAVB`BAI@G@IBGFCTE\\ILIBOISUYQQGIIQBMLKJGJEJIDQFM@KCK@KHIHIJCJCPGROH]DEFC"],"encodeOffsets":[[90769,49339]]}},{"type":"Feature","id":"654321","properties":{"name":"布尔津县","cp":[86.86186,47.70453],"childNum":1},"geometry":{"type":"Polygon","coordinates":["@@@DBD@B@B@@ABCDAD@BB@@BBDB@BD@BBBDDB@FBDBD@J@F@D@HFDFFJDH@DBD@B@BAD@F@JBB@B@H@D@BBD@D@BBFBD@FBFBB@BDBDFDD@BHFDDFFBDB@H@D@DAF@J@V@D@HAFAB@HFBBBD@BBD@DB@DDBB@@@@@D@BB@@@DBBBFBBB@@BBBBFDBDBBB@BBD@FBBBB@D@B@B@D@BBB@DD@BB@DDJDFDFDF@FBB@BB@@@@@B@@B@@@B@DAB@BBB@DBB@F@F@B@D@B@B@J@B@BBB@B@BAB@BABADBD@B@D@B@BBDBB@D@BADAB@D@BBD@D@BADBB@JAB@BBBBD@BBBB@D@BBBDBBBBDBBDBBBDB@@FF@DAHHDB@BBBBFDBDPLBDFBDDDDDBDDDDB@@BBDBBFJDFFDDB@@D@B@FBBBBD@B@@CDAD@@@BA@CDAD@D@HAD@B@B@B@DABADABBB@BDDBBBDDF@D@D@@ABABAB@@@BBBBD@BBDBBDBF@FBD@B@BBJBJ@F@J@BBFDBB@B@DBBBBD@DDD@DDBD@@CFGF@B@D@@BBHBFFBBAB@@ABCD@@BBBBDDFD@B@BADEB@FBD@R@B@B@FBDBBFDJDDBFD@@BDAB@BCBABDHFLLD^CfGjCRCHCHEHKNKPGTCX@XHRJVFPDVDLDVHPJHLAJMNILEFGHDLDFLDXFh@hENAN@TFPH^FTARAP@ZBLDJBLBLAPBJBHBJFLTTNRDZF^@REPCRGRBXDLNJ@RCfM@O@Q@G@IF@P@PBLELQFEBEHM@AJOFMGKCCICQICGFIFIHGFE@CAEGGEEGCICKGCGDIJGPI^CR@TIDKCuFGdITG@ImMUIMIHKBI@GEAIEKAK@MBKBKBIBI@KAOA_]ECCCyAE@E@CE@E@E@EAGEGGOGKAICIACBGBGLIL@RBLBJBJBFADADEFG@G@EBGBGDCXGNELELGJGAGSAM@I@G@ECAC@ELCHANCFGJMFAJCH@PBLBJANFXG^OVMXOLIp[FAFDRXHDHBLCLCJA^MXEdKNEfWLEHIHIBQ@EDCFBNFLBVDNCDMEMEIGG]S[ScWaUEE@E@CJIHCAIIKSKKEOFIHK@@BCHEHEFEFIDGBG@IACAEACAG@IBMBI@EDC@K@ICCAC@G@G@CBCBCDCDEBG@EAE@EACCACACAAGAA@ACCCGAICEC@ADADEDKBG@A@AEGIKEGEI@C@G@E@CCCCCGEMEIAQIKEIKEEIGEEICGCOAUCS@WCSAWA@@@AGCICKCGCA@ACAI@@CAUCKBI@KAEAC@AACICECE@IACACAEEGAEAGA@AAI@GAJERIJINIHELKDIBMDG@K@ICEBABAAACGACAC@AIGAAGECCA@@C@ACAICSMECCCEIAG@MAQAIAOAECEICECGAEAK@QBE@IAE@E@IBE@E@C@EACC@@ACB@JEDCFCFEHCFAHAHAHCDG@ACCCAAIAEECCA@ADEBA@I@C@ABABADCBA@ABEACAA@CCEEK@IBEBA@C@CBCAEACCCCCC@CAAEEGOI@AAE@CDAHAB@B@D@FAF@HCDA@AB@B@FFBBBA@@@A@@@A@@AA@AA@CA@@A@A@@@C@A@CA@@@AAA@C@AAA@AA@A@C@ABGBA@A@A@@AA@@A@@BADA@AB@@A@@A@CAECA@CEA@AACAC@A@C@EAEA@@A@ECAC@@@A@AA@AAE@AAA@@A@@AAA@C@EAAAGEEBS@G@AAFCFEDABA@ABCA@@@AA@A@C@C@A@@A@AAAAA@AAAAAA@@AA@AA@AAA@AAA@AAAAA@AAAAAAA@AAA@AA@A@A@@BA@A@@@AB@@A@A@A@C@C@ABA@A@AB@@A@A@@DE@@BA@A@@BEBA@ABA@@DGBAB@@ABA@ABCBAAA@EAAAAAADE@C@A@A@@@AACEGEECEBAB@@ADCFE@AFO@ABAF@HERGHCDABC@@@AAAC@EAIGCEGEOKEAGEGAA@C@CAAAA@@BC@A@A@AAAAAAA@EAA@A@CAEAEAE@GAC@C@AAA@C@C@E@K@EAA@CAC@KACAG@C@AAAA@@BAFCHADABA@@AAAAGC@@@@@A@@CCA@CA@A@A@@CAA@CCECAC@AC@AAAACAA@AAC@AAAACCAA@@@ABADCFCFAFABCDCHIBCFCBABC@C@A@CAC@EB@@CBA@A@A@AACA@AA@@AAAAAAAAC@KCEAAAC@C@AACA@AEAEACACAA@E@CAA@C@AACA@AAAAAAACC@AAACACA@ABA@A@AAA@ABABCBC@C@A@AAAAAAAAA@ABA@ABAAC@AAAAAAAC@EAG@C@EAC@A@CAEAA@EAC@ECKGIGCCAC@@@A@A@CAA@AAA@@@A@@@@@A@A@ACC@A@C@CDC@EBEBA@ABAB@@@@A@@@@@AHG@A@AACAA@A@A@A@A@AAA@A@@@A@AB@@E@AB@@A@A@ADCB@@ABCBCFEJG@CAA@AACS{AGACAGIOEKO_EKAC@C@G@A@Q@K@CAC@CIOAAEMAEACCGCEAEACCGCC@ECC@CAAAAEIAAEI@ACI@CAC@@@A@CCEEIGOE@CAAAAI@AAA@A@E@CAAA@C@ABCD@JADA@A@A@AABGAAAA@@CACBA@AAB@BAD@DAB@@C@@CAAAACAAA@ABCBABAA@@@ABAFAFADA@AA@AAA@C@CBGDEBA@A@AAC@A@@BAFABA@A@E@A@@B@@DD@B@@ABC@A@EC@A@A@ACA@@C@C@CAA@GBA@GA@B@@ABBB@BDDBDB@@BABA@C@CAC@A@ABA@GBABAB@BA@CBAAGAC@CBCAGAA@C@ADC@IBABABC@E@E@AAA@AC@@A@AAA@@A@ACE@C@GCKBGEEEAEAC@CDAB@D@DFHJF@BBB@DABA@A@OCG@C@CAAAACCCA@C@GBQBEBIDKDEDIBEBEACAECECC@EBABADABGF@BABEDA@E@GAA@A@@DBD@B@@A@C@E@AAE@GBE@A@EAaWACGCIG_SYSKIMKGE]YIKUYaoakGI@@UF[FOFODKBQB{@AeAKI@KBWDQFYHUHYLGBQHoN[F_FaNYHSD_FODKDYLIFGJAFETAHBDBTBbBRDHBDFJFFJFLHDBNRHRFHBD@DBJ@HAZ@PAJAH@DAFBH@H@JBN@HDhBDALBXAH@H@FBNBH@PBJ@HFTDJ@BCFEFCDADAFCDEDABCHCFABC@CFADCFCBCDADCFCB@BCBIHINGJEHADCJCHAD@BADBB@@BBBH@DBBBHHJDBJBFAJCB@VGRCH@LBF@L@F@HBHFNFFDJDJB\\LFDRDRDNBLBJBJBBBBBBBBDFDBBDBB@FBDBD@DB@B@DJJDBB@@BBBFBH@BB@@JDD@BBB@@B@@BBABEDIDUH@@@BDFLX@DBBDJBFBFBD@@@@D@D@@@H@BB@@@B@@@@BB@@B@BBD@FBB@BBB@BB@@B@BDBBBBBB@BFHDHBD@H@BAB@B@@@BBB@BDNBDBD@DBBB@BBB@D@BBD@D@JBFBB@H@F@D@N@@@B@@BABCD@@@BADADAFBB@F@D@BBD@@@@ABA@GBEBMDIFABAB@@HPBDBD@BBFBNBH@FBD@FB@BDJTHNDHDHBBFLHLJNFHBDBD@BDBNFFBHDHBDBDB@@@B@DAN@JAHBH@F@FDPBL@D@B@BB@B@H@PBJ@L@H@@@B@@B@@@BB@@@BB@BDBBB@@BB@@@D@@BBB@D@BBB@B@B@B@@@@ABABABAB@B@B@@@BB@@B@@B@B@B@BAB@B@BBB@B@DBB@BBB@@@B@@ADAB@@@@DD@BABB@@@AD@B@BDBBDBBB@BB@@@B@BAB@BAB@@BB@B@@@BA@@B@@BBB@@BAB@@A@@B@@@BBB@@AD@@AB@@@@BD@BBB@@@B@BD@@DB@BD@DBBBBDB@BAB@@A@@BADBBDDBDBBBB@@@B@B@BB@@@DB@BDF@DB@BBBFBDFDBDBBBBBB@B@B@DBBABAB@D@BBDDDDB@B@B@@ADAB@@DF@@@BAD@@@@BBB@DB@@@B@@B@@@B@@@B@@@@BDD@@B@B@BBDAD@@BBDDDDF@F@B@BAD@BC@@@CDCBAB@BABAF@DAH@@@B@BDB@@FHB@BBDDDDB@HDD@PJ@BB@@D@@@@BBB@DB@BBADBF@B@DBF@F@FBF@L@HBJ@J@D@BABBB@B@DBDBDDB@B@B@BB@@BB@BDBBB@@D@@@B@DBB@B@D@DBLDBBBFBD@@@B@@CB@@@D@B@B@DBB@BJBFDJFDDBD@BBB@BFHBBDBBDBBAFBDBBHFBF@@BBBB@BBFDFBB@@DB@BBBABABBB@@DBB@F@D@HBDBD@DBDBBBFDBD@BBB@D@H@BABAB@D@DBDBBBDBDBD@@BB@@B@@@BBBB@@DBGBABABABAB@D@@@DDFJLBBAB@BAJADAHENGLCFAD@DCD@B@BADBBBBDFFDHDHBD@DBB@FHDBHFFDBBB@ADDF@H@DCD@BEFIDADABABCDCBCDABCDB@@BDBBBBBBB@DADADAHAHAD@D@BCDA@C@C@A@@B@DABCDCBCBA@EBYFODIBODI@MDGDGBEBEDOFGFIDIFCBEDCBQLEFEDSPEBABAB@B@FAB@BAFAD@DAB@BCFAD@DB@@BDBDDDBHFDBDDB@BBF@N@H@NBH@HBH@DBHDDBFDHFBB"],"encodeOffsets":[[89052,49928]]}},{"type":"Feature","id":"654322","properties":{"name":"富蕴县","cp":[89.524993,46.993106],"childNum":1},"geometry":{"type":"Polygon","coordinates":["@@ePgL_HycYUyHmHMKiGyBiQcMq]iOS]M_OeAYYIcIe_qKi_F[h[CaBOHe@SOS]OOSI]]_cQu@A@@@AIACCEGCICA@@@CBA@@ACAAAAC@@@@@@AAA@C@C@I@C@A@@@A@AC@A@C@AAAA@IAAAEAGCC@A@AAA@CAC@C@CACAGCAA@@GAA@MGAAEE@AAC@@A@EAA@ABA@CBOFIFABA@@ACAAAA@AA@@@A@CFEBC@AB@@AB@BABA@@@AAE@@@C@A@A@AA@@AAA@AAA@@@EACAC@A@E@C@A@G@CBABADCBA@A@@@AAA@E@ABABAHCDADCF@DADCB@@AAACEAA@@@AC@CBC@AAA@A@A@@@A@@@A@A@AAACAACCA@ACAAAC@@BC@A@AAEEACCA@AAAAACCCAA@EAC@G@IAK@AB@@A@CAG@C@AA@AA@AAE@A@@A@BADADAB@@C@AAACAAC@A@A@E@C@C@E@A@@@C@A@AAA@@AA@@BABA@A@@@E@ABA@C@@@C@C@A@ABCFCBCBABABA@E@A@CBAB@DA@AB@@CAEAG@@@AA@A@ACAAAA@A@A@ABABA@A@AAAA@CAC@A@ABCBEDIFOHIDIBC@AAECGEMKOKIIMGECKKAC@ABGBGBE@CBA@A@ABA@A@A@A@C@ABC@EBC@CBIBC@E@A@A@ADGBAFKBCBC@CBCDGDGBCBE@@BEBABADGBEBC@E@A@@BABA@CBCBIBE@A@A@C@ADM@GBEBCBE@@@ABGBCBE@AFODM@@@C@E@C@C@A@A@AAE@I@A@C@K@C@C@A@Y@I@ABG@A@A@C@A@C@A@C@ABCBCBCBCB@@ABEDGBGDE@@@ABE@E@C@E@ABA@C@ABABE@C@CBA@CBA@@@@BG@A@K@EAA@C@A@A@A@@BE@A@A@A@AAC@C@A@E@AAC@CPMJINMNOVWTSVSPOLIDCBA@CBEBEACBAB@@@@ADEFKDCHGHEdUDCDCBEDCHQBABAJ@B@@@@ADABA@ABCBABABABAFADC@ABABA@ABCFCAA@CBCBADADIBE@ADC@EBA@ADEFEDCBEDC@ABC@CBA@A@K@ALOBCDEBCDA@ABEHK@CA@AAA@EAAAA@EAA@A@A@@@AA@AA@A@CAQCC@C@ADC@CAAAA@A@A@ECCAC@A@ACECCEA@A@CAKE@@C@C@@@A@CA@@AAB@BCB@BAD@B@FEBAFCDABAFCHGDCBAFG@ABCB@DEDCJGDCHEFCBAJED@@@BA@@BA@@BC@AAAAC@A@ABE@CBEBC@EBABABA@@AA@@AA@AC@@A@@BAAACAA@C@A@@A@A@A@AB@AA@@C@CAEAAAGCA@GAC@A@AAA@EE@@@ABA@@@AAAAA@@AA@A@@ECEAC@E@A@C@G@A@CAACAEAAAACAC@CC@ACAAC@@AA@ABA@AB@BAB@@CAAACCEAAA@EG@ACE@A@A@C@A@C@@CAA@AA@AAEAGCEEG@A@ABA@A@@@EACACACAAA@ACA@CCAAACCCAC@@@A@ABCBCFKDGBGBE@GBCBCBIBABM@IBABC@AFEHIFEBCBA@AAUAKC]AK@C@ABGBC@GBE@E@E@E@CDGDEBGBE@W@E@E@EAABC@ABEBE@IACAI@A@A@AFEBCBC@EBK@EAM@G@E@E@IAE@E@QCU@MAOCGCEACECGECCCCCAIAAAAAA@AAC@A@CCC@KCE@KEAAEGAACACACAG@CAAACCAAA@@A@E@C@ECCAA@@BADABAF@DAHCHEDAFAPGFAH@FCHAD@DADCNEDELEJEFCB@B@@A@EBM@G@EAC@K@C@C@CBEBGFGDCBA@ABC@ABE@EBEBMBK@ABCAEBI@C@A@C@CAE@A@E@G@C@K@AAG@CAEAGAMAGAEE[@E@ABKBM@E@GBE@C@GBO@E@CB@@A@ADABC@ABAAA@ACA@A@AAAAA@AAA@ABABABA@CAECC@A@A@AAA@@@@BCBE@GAEAAAE@AAECKAI@I@I@A@C@GCK@GAE@EAA@G@CAIASAG@EAC@EAEAMAECQAC@C@CAACQ@EAEAC@EAEAEAEAEAC@CCCAEACACCI@CAEAECIAEACACAKCCAIACEMEMGQAA@ABADAFC@AHI@A@A@ACC@@@A@AA@@A@AB@@@@C@CDEDA@A@@@C@AFEBCAC@ECACCEEIEEECACCCACCCAEAECGCGEEAMGIGIGKEIECAKCMAIAIAE@EAE@CAEAECQEC@GACAEAA@CAC@G@AA@@CCAA@AA@AACAA@ECAA@A@CAEAACE@A@E@CBCDEDADCBC@C@A@ACAKEAA@AAAAAAAAAAAAA@@@C@AAA@ACAA@@EAEɳ@ٯBABAFEDCFGFGHADCDCD@D@FBFDHBFFLDDDFFHBFFFBDDJDFDFFFBHDHDNBFBXD`Bx@PAFCJEHAH@VD^AFBPBNDP@B@BCBCFEDA@CD@@AF@FBJBBBBBBBB@DBDB@DLB@BF@F@BDFBBJD@BDHBDFH@BBFBDDDBFFHDFBDBDBBBBDHBFBB@BBDBDBFNbBB@BDFBFBD@DDFDFBDBDBDBDBFBHDJBDBDBDDJDFBJBDBBBD@BBH@B@D@HBF@DBH@DBF@DAF@H@J@H@D@DBD@B@DBFBHBFDRBF@DBL@HBFBF@FBD@BBR@B@D@HBP@JBF@BBD@B@D@B@DDJ@D@BBD@B@DB@@L@DBDBF@BBH@B@DBFA@@D@B@B@D@DBD@B@FDH@BBDBF@B@DBDBD@BBFBJ@D@DAB@B@H@B@BBFBB@HBBAD@F@B@D@DBH@FBFBF@J@P@B@F@@@D@BBt@BEL@DHZ@DBD@DBV@D@D@LAH@B@FBF@D@D@DAH@F@D@D@BBL@D@J@J@DAF@D@BBD@JBH@H@DADAD@B@\\@F@@@@@F@B@BAHALAH@B@D@BBBAF@L@J@DAB@F@D@BCJ@FAH@FAD@DBFBD@@@H@DBFDFBB@DBJBDBDBD@F@H@D@D@DBBBHBD@DBD@BBHBFCBKLKLOREJEHIRADABGJIJMJGJEDCDEHORKNCFKPILINOVMTIP]jIPer_nKNGHQLMHMHQP]ZURi\\GFUR[XUR[\\SRIH[XIJSRGFKPCBIFQLEDEBEBMHMJaXula^WVMJILGFYV{pzAB@BBDBFBH@LBJAJDJBHDJFTHvLFb@fAdA`@LANFFTRBBFN@F@DDBF@B@DADABAP@D@JFD@FFB@HBJDH@JBL@RBP@F@X@FAHAF@DBB@RFD@F@HBJFFDF@FABBB@BBFDDBD@F@PBD@BABAD@BAFAD@B@D@BDFBHAD@D@FBHFB@B@B@B@DCD@B@D@DDFDB@D@HAB@DBFBDBBDDHDDBBD@B@DFBDFFFHFBLFD@JBB@BBB@DBLAFCDCB@B@DDBBDDPJHBPDHDLH@BBBDHBFB@BBBBH@DADCBAB@@BBDBBH@JBBBB@@F@HBBDDB@BFAFBBFDFDFBD@D@BABC@CBCBA@@B@DDHJBFD@B@FBPHFBF@FBD@DBBDFHBBBBD@DBDDJBPLPLHFNHPLZZLLT\\JL\\fNNPVNNR\\BFDHT\\dtV\\ XbZZDDBBFBDBBDBDDFBFBBBBBBBBBDBBFBBB@@@BAB@D@B@@BBJFB@D@D@BBB@@B@BABCBGDGD@BAB@DBBBBB@FBBAD@BABA@EBCBAB@BAB@BBBB@BBN@B@BB@B@F@L@D@BBF@BBD@B@BB@@@B@DEF@B@BBFBB@@@@B@BABCDA@@BBB@@@@BABCDABADAB@BB@NHNJLHBB@DAFABEHCFB@JDJBJBJBBBFFDDFFFFDBFDDBJDDDFFDFDHAFCF@FAH@FAHABGDADEF@B@H@@HFHDJBBDBHGDGDGDGD@BGFEDBFDFBFBFBHF@F@B@@@@B@@A@A@A@ABAB@@A@@@CB@@A@AA@@A@A@@@CA@BA@@@A@AAA@@@@@@B@@C@ABC@@B@@@@@@@BB@BB@@AB@@A@A@CA@@@@@B@@@@DB@@@@@B@@AB@@C@A@@BAA@@EAA@@@@B@@@@BB@@@BA@@@A@@@AA@@AA@@AB@@@BG@@@ABABA@ABADAB@@@B@@A@ABABA@ABA@@@BBD@@B@@A@A@A@@B@@@BEBAB@@@BA@ABAB@@@BBB@@@B@@@@ABG@A@@BA@C@A@@@AA@@@A@@@@A@A@C@AAE@AAA@@BEBABA@CBABAB@@AB@@@BCBCBC@GBCBKDCBIFIHMHIDIFEDKDMFSFMDQFGBGDcJOBEDEBC@EBC@CBEBADABAB@D@BBB@@B@@@B@B@B@B@BAD@DAD@D@FBD@D@D@B@@@FAD@D@D@F@B@@@BA@AB@B@B@B@B@@B@@@BBB@@D@D@B@BAB@@@@@@B@@BBB@@BDB@B@@@BBBDBBB@BB@B@@@B@@BB@@@BB@@BB@BB@@B@@BBBDBB@@DB@@BBB@DBFBBBB@@B@@BDBD@DBDBB@XBDBH@BADAD@FAFGJCBIJEFABFF@BADAHABEDABC@ABABABABAB@B@BBBAB@D@DA@@BE@C@CB@BA@AF@BA@ABA@A@CBA@@@@ACB@@C@@BA@CBA@EBA@ABCBA@A@C@ABA@EBCBA@A@@BBB@D@BBB@@ADABCB@B@@@@BBJ@FBJBFBJ@F@JBFFFFBBDFFFB@JBLBF@JBF@JDA@ADCF@BAHBBBFDFFFBFBH@DAFBDDHHDBBFFBDFFBBFFBBFFFFDBFFBBDFBDFFFDFFBBFDBBJDHDD@HFBBFFHFB@HDJDFDBBDD@@BB@@DBBB@@@BBBBD@@BBBB@B@@H@BBB@DDFDDBBBHB@@B@BDDBBBB@HAD@BBDBB@DBB@F@D@BBDBDBD@BB@@DBHDBBJFBBHDDBFFHFBDBHBHABAHCBEFEDGFCBEF@@GFGDABCFCDCH@@CFCH@@AHAFADAF@BCFAHCFADEFCHABCFEFCHCFCFCHABAFADB@@B@B@@ABAB@@@B@BABCB@BBB@BA@@BA@EBCBABA@@B@@@BAD@B@D@BBFBDBB@@BD@B@@AH@BBBBD@D@B@@@BFBBB@@@D@DAH@BB@DBHBB@BBBB@@@BABAF@BB@@BB@BB@B@BBFA@@BABIDA@KDILFXHPN@RDLFTLJFRH\\JJNFFNJZNFLBFRIT@Z@@@L@HBJ@J@JBHBJBFBJBBBJBBBLBD@J@J@JAHAJABARGHCFAPCJCRAZAZHXLRFP@B@JBH@FHBBFFBJDFBJPJRF\\DXFNBH@PAN@NFJFJJJRF@NADCNKREbBLBN@PAH@`GbEJ@LALBRFLDPFLDRDZ@^CLANCVGJEJMFMBK@GAICECM@AAKBIBKHGFKLENEVGHC`GFG@OAICMDOFEhERANCTA^G^EVEFCJMJKAYJSFOBGBGBCHMLEP@VBB@RHHBPALAL@J@PALANAN@H@D@NBJ@LDHDJDJ@P@J@F@PAHCLAVAJB\\BNL@P@D@J@F@DARBJ@LDHLALANAPAN@J@JA\\EVCZCjTJAjcCQQyIOBODuDQ|w^UPQPO\\AFZEpaXCVHT@ZU\\CXCTCSVI`QxokJUEMQHQNMheFQHOTYJe@O\\S`IPMyDMHyASQEKUF]ASPSpC`EPKX]ACIMWQQWNKBOgY"],"encodeOffsets":[[92661,48460]]}},{"type":"Feature","id":"654323","properties":{"name":"福海县","cp":[87.494569,47.113128],"childNum":1},"geometry":{"type":"Polygon","coordinates":["@@AEEKYMMIEEIM[IQGIESKKEQCM@GOEWJKLCB@JCBA@AB@AE@A@AAAA@@AA@@ABEBA@A@@AAAAA@GACAA@@ABG@C@C@@AAEA@A@@@A@CACAA@ABG@@@AAC@@AAACAE@A@C@ABC@A@@@AB@BADAFAB@@AB@@AAA@ADABA@A@A@@BABA@@@A@AA@BCBEBADGDEDEDGFEDEBADGFEBCDEBGDE@ABEBCBEBG@@DGDE@@DGDCDEBAHCHE@@FEDAHEFCFEDABGBAAGAGACGEEECAGCAAIEAAGCCA@@AAC@CACAAAC@E@A@CAA@CAAAC@GBA@AACAACA@@@GAAACAECCCA@AAG@@@@AAAAA@@ACAA@A@@AACA@@AA@@CCAAECICGCA@GEEEAAGEC@GCICAAECAAEEECEEACCEAAEECAEEEEAAEEAAEEACEEAAGCCGACBE@CAGAEEECEAEAABG@ADEBCB@ICE@IAE@KAIAA@EECEAAEEEEIAE@I@EAIAEAI@AA@@@@@ADABABC@@AA@A@CAA@AB@B@DAFAB@BAD@B@B@DABAB@FAB@DAB@@AD@@@DA@B@@B@DAB@B@BAB@@ABEB@@ADAD@F@@AB@@C@CBAAA@A@ABABABABABAD@BAFCBABGBC@AEEBAFEJIDAHIBE@EBCBC@AAGAC@WAAAC@CACAC@@@AA@AAEACAA@AA@@CA@@AAACAA@@@AA@@AAA@@AA@@A@@AA@@@A@A@@AAACAAA@A@@@ACA@AA@AA@@@A@@@@A@ABA@C@C@@@AA@A@@@AA@A@A@A@A@@BAB@@A@E@C@C@C@EB@@A@C@C@C@EAC@C@CBC@ABA@A@A@A@@@A@@@AA@A@CBABABCFADAD@FAD@FAFCPAdIHCHARENCTENELCFCJEJCNGJGJEDALCDAHAD@DADA@A@@BA@@BABADAB@BAFA@AB@BBF@BBD@B@B@@@@@@B@@BB@@B@D@B@@AB@H@BA@@@@@A@@AA@A@@BABAB@@A@@BAFA@A@@@AB@B@B@@@@AC@AA@@B@BAB@BABAB@@@@A@@BABCBAB@BABA@@H@@A@@BA@@BB@@BB@@B@@@B@@A@@AA@@@@@A@@B@FB@@BB@AB@D@@@BA@@@A@@@@CA@@@@@A@@@@DBB@B@@@BA@@AAA@@A@@@@@@@AD@BAD@@@@A@@@@B@BBB@@@B@@ADB@@B@B@@@BBB@@@DA@@B@@@BABAB@B@B@@@@A@@A@E@E@AGAEAECEAEFCHE@AHCHCHCHCAGACIAGCGE@@@G@AFEBCHCBABG@EBG@EDEBECGCEEECCICCAECCAEEEECCEEAAIAIAIAICA@DEFGBABE@CAAKGMIMGA@@ABABCBADCBA@A@@A@AA@@CBADABA@@@@@AAAE@A@AFE@C@A@@AAA@C@AAE@AAC@K@E@A@A@@A@AAM@AAAAAA@ABA@ABAD@FABABC@ABEAA@AAAA@CBA@AHCHCDABA@A@AA@AAC@C@A@IEAA@@@A@CBA@A@@AAEAAAACAAAAAAAAAECEACACCAEAAACCYYWaU[csS[CGAEQ[MMOUMM[eIKS[KKYYOKMGGEOKOKIACCCAC@AAAAEGACCAC@EAE@EAOGEAA@C@AEGICCA@@@ABAD@DADABC@C@EAECECAABEAEA@CCAA@G@EA@AAIAG@AAAC@AA@ABCDCBG@AAAAA@AECGAA@AKGGCOCGAOICCAACCA@A@CDEDKBCAA@AAA@IAC@KEEAEGEEACCEA@C@AACCCGACCAEACAA@GBC@A@ECCCC@A@C@CDA@A@A@A@GEEAC@C@GBEAACC@A@C@EBABC@ABABC@OAE@C@CAECAAA@AAEBE@ECIEGAE@C@QEA@CAE@GBEBW@E@O@QAK@IAG@ICGAA@EEC@IEC@O@ABCBCBA@E@CA@C@EEMAASQEEBM@KB_Bc@eEaKGuESCIAGCIBIAI@KAGAEAC@ABAy|oZUHEJKNIXUb]vkbWNINGFAFAFCRKJEDALOHETQJI\\WJGTQ\\[VQ\\WVQHEj[VQ^YRONGNGRKHGLM`mfqJO^iJONSPUJMJKLODELMPQFGDCFCHINIJIHIBABCJQFGFIPQLKLKDAAEAG@AAC@CACAGAA@C@C@C@G@EACACACAI@CAACEAE@C@G@@ACAE@CBC@EBG@EDI@A@C@EBA@C@I@KBEAA@A@C@ABGBKBG@A@A@E@@@@@E@[@ABCBC@C@GAG@IAC@A@CBE@C@I@I@CAK@A@C@C@EBG@C@C@CAE@E@ABG@K@C@CAU@CAC@CGY@CFK@AAs@A@C@@@E@A@O@IAEAE@EAG@C@C@A@EBCAA@GAAAE@A@A@G@ABA@C@CAIAE@AACAC@C@AAEAC@ACG@E@AAC@C@C@A@A@CB@AE@C@AAG@AAEAC@C@KA@@C@AAC@A@CCI@C@A@C@AAC@AAE@IAO@G@C@AAQ@AAC@EAEAE@GAK@CAECQAEAGAE@C@AAC@C@C@G@I@GBE@CAE@CAG@CAE@G@C@AAG@AACAAACAICECIACACACCIAGAEACACACACCECE@CACAECE@AAAMaAEACAC@AAAAECGAAAAACACCEEGAECCACAE@AEGACCG@AICAACE@A@EAEA@CKA@AC@CAAAAAAAAAI@EBE@@DCB@FCDEDA@A@ACOAMAOBEC]@UBGFGDIBE@OAwC_AWAECMCGAGEECECECIACEEAEEGCECCEKAECGAE@E@CDCDCBCHGHEDEFCBEBAS@׻@֗A@ˢ@D@H@FBH@H@H@F@H@H@F@H@H@F@H@H@H@F@H@H@F@H@H@H@F@H@H@F@H@H@F@H@H@H@F@H@H@F@H@H@F@H@H@H@F@H@H@F@H@H@H@F@H@H@F@H@H@F@H@H@H@F@H@H@F@H@H@F@H@HBH@F@H@H@F@H@H@F@H@H@H@F@H@H@F@H@H@F@H@H@H@F@H@H@F@H@H@F@H@H@H@F@H@H@F@H@H@F@H@H@H@F@H@H@F@H@H@H@F@H@H@F@H@H@F@H@H@F@H@H@H@F@H@H@F@HBH@F@H@H@H@F@H@H@F@H@H@F@H@H@H@F@H@H@F@H@H@F@H@H@H@F@H@H@F@H@H@F@H@H@F@H@H@H@F@BBHBF@@@H@H@@@H@HAD@HA@@HAH@DAFAH@B@B°Æw¸yÖ¡âÌEHBH¸Ü¼ªhp@X@BB @DiZ½s^QNSLQJABADAFCJABIDABEDCBCDILGHKHCDGHABB\\B`BVDhFDjDf@DE@CZE~MEjEt@@CnC^ABA@@BADAB@@@BBB@BBF@BBBBB@BBBBD@@A@@@BBHFHDBBF@B@D@FBFB`HXFHDDBFBRFDBB@NFNDHBDBJBFBDBFBD@TDBBD@DBB@B@FBHBFBJBF@B@B@DBD@FBJBN@XFPBHBB@D@BBD@DBJ@F@D@F@JDDBLDD@D@JDD@F@HBBBD@@@JBFBFDDBFBB@HDHBD@JBBBD@BBB@DBHDDBDB@@DBD@B@BBD@HFB@BBHBFBD@D@FBLDJBLBHBB@D@F@@@@B@BB@@@@@BAB@@@D@NBNDH@XD@BFFDFXPFFJHLHJJJHDDF@TCD@B@B@`@DAJAB@@@H@F@@@HBN@R@B@JAD@Z@LBD@HBD@D@DADAD@DA@@B@BAYE]HKLIB@DBBB@BBBDBDABBD@BAD@BBD@B@D@B@D@BAD@DDCBBBDBBBD@D@B@BB@DDBD@F@BBDBBBB@BBB@DBB@D@B@D@B@DBB@FB@@DBB@HBB@FAD@BABADA@C@A@A@A@A@AAAAAACAC@AACA@CEAACC@A@A@@BBDDDDBBDHFJDDBBBCDCBCBC@E@GAIAC@AAACC@CCEAACCACAACCAAACAAKGAA@ACACIIEB@D@L@CEGGmW¢hWXIdCXIZSNCZBFATORIHIJI\\OHI@EACBCJEJEBERMNGHBDBJAFEH@HENALBJCPSJGTAJCFCP@ZCL@LALCRCNGDCDATENAFBHFHBBEFBJHJHL@FCHEL@HAFAFGDAJ@FADAT@F@DAF@NA@ABAD@BAH@HCDCJBHAHEHAJ@L@NAHCF@DBFDB@D@LBLBLAPCTCHCDE@GAE@EFAXGL@LFDDLDNAFCDCL@FALC@CE@EAAABCFCF@FDD@F@D@D@BDDDFAFAF@BB@BHB@ACA@@BAJAFAFCRDRJbJLDTB¢HHBBDBJFHFBrXbDFEFAPJP@PBTEPCJDNJ@F@H@D@~@rBb@BFBFBL@H@DBDAFADCDA@A@GBCBC@G@GBC@G@EBC@M@EBABAB@DCBCDCBEBEBMFABCBCBA@CBEBA@IHCBABIFED@BABA@CD@@ABA@@BEFABGDCBCBA@ABKDCDC@CBE@@@AF@N@J@D@LBN@DBLBXD`@HBRBV@f@RBJABAD@B@D@DBH@BBLDHBB@DDBDFA@D@HLB@BBBBBBBBBFBBDBLJ@D@@@@BBBB@@BBBA@@BB@@AB@@@D@B@B@BBD@B@B@@BBB@ABB@B@@B@@AD@@A@BB@DBBBJ@B@BBBBB@BAB@BAD@@BB@BBD@BFDFBBBB@BBBBD@HHHDB@D@B@D@B@B@FBLDDBDD@BBB@@@B@@BBB@BBB@BDBBBDBBBBHJBBBHBHBD@@@BABAB@B@FB@BD@@DFDDBDBBDF@BBD@F@D@@BD@@@B@DBBBB@BDH@B@BABBBBB@BJB@@BDBB@@@BAB@@@BBBBBBDBFBDFHBDDFBDBHBBBFDD@DDBBBBD@D@BFFBFBD@DBDBBBDAD@BBDDDBDFDDBBDDDB@BBBBDFLHDBDBFDFDL@B@H@DBHDBBBBFHBB@B@D@DCH@DAB@FBD@BBBHBNHDBBBFLDFBBBDABABEFABCF@F@HBJ@H@DB@DBB@HBR@H@D@FBD@DBJ@D@FCB@B@F@D@BAFAL@J@D@DDJBDBBBD@F@PCD@F@F@B@H@D@DBDD@@A@G@E@A@ABA@@BBB@@@@@B@@@BABCBA@AAAAA@C@A@AB@@@BABA@ABA@E@C@C@@BC@E@E@CBC@CBMHC@C@CDCAIAAB@@@BBDDBHHFFBBBD@F@DAD@DDHBBBB@B@B@FAB@BGFABE@CBC@E@C@CFABSFABABA@@B@B@BJFHFFBDBBDABABADAD@B@BBDFDD@JDB@D@B@CFCFCBE@I@IDKBC@GDGDABAB@BBD@B@F@BEDEFSDABCDCBWFIBE@K@I@IAEAAAC@EBGBM@G@EAC@CAG@OBEBC@MJIDEBEDCBABEBCBEBGBIDGBCBCD@DABBF@FAB@BB@BBDBF@FBD@HFHJJHFDBBJBLHDDHBFBHDDDBBDFADFBFDHDHDJDFBJDH@J@B@JDBBHFDBDF@HEDGHAF@P@HAJEFGLCJGJAJBLBFDHBHBF@HAH@N@JDHDJHFPLPJVJNFHBNDLBHDJFB@@BBDBDB@HDDBB@FBB@BDBBBBBDB@HDB@BBFFDBFAFBD@DBBBBB@F@BDBHBF@B@FBFBBBB@B@B@FBDAD@D@J@HDFBB@B@@F@BBBFFH@D@B@FDBBB@@B@B@BB@PIRCJELAVD`JLFH@HAHCJSHOJCbE`KPITMlGPODGVWHEFAL@NBPHX@dA^Dx@LBJFFFFALEBG@GDEBGLEJOLCJEhYTGcHGNKLUBI@_LAVENGBABK@G"],"encodeOffsets":[[91208,49144]]}},{"type":"Feature","id":"654324","properties":{"name":"哈巴河县","cp":[86.418964,48.059284],"childNum":1},"geometry":{"type":"Polygon","coordinates":["@@BBB@DBB@B@BBB@BBB@BBBB@BB@@D@@BB@@@B@B@BB@@B@B@@BF@F@@AB@B@B@BA@@BAB@BA@@BAB@BA@AB@BAB@@ABAB@@ABABABABABABA@ABABA@CBA@ABA@ABA@ABA@A@ABA@ABABAB@@AB@BAB@@AB@B@BA@@BAB@BA@@BABCBABCBA@CBA@A@ABA@A@ABA@A@A@CBA@A@A@ABA@A@ABAB@@@BABBB@@@B@B@B@@@BAB@@ABABABA@@BABABA@@BAB@BA@CFA@@B@@@B@@@BAB@BA@@BAB@B@@AB@B@B@@@BAB@@@B@B@BA@@B@B@B@@AB@B@BA@@B@B@@@B@B@B@@@B@B@BA@@B@B@B@@@B@B@@ABABAB@@AB@B@B@@@B@B@B@@BB@B@@BB@B@BB@@B@B@B@@ABBB@@BB@BBB@@@BAB@BA@@B@BAB@@AB@B@@@B@B@BB@BB@B@BA@@BABABB@BBBB@@@BAB@B@@@BBBB@BBB@BBB@BDB@BBBB@BBBBDBBB@BBBBBBB@BBB@B@BB@B@@BBB@D@@BBB@D@@BBBBBBB@BBB@BBB@B@BB@BBBBDDBD@D@D@B@B@B@B@BBD@@@BBBBHDFDDF@BB@BBH@F@BBB@@BD@DBDBDBDBFBD@B@BBBBFBFBD@D@D@BB@BBBBD@B@@BBDDBB@@BBB@DBDD@@BD@BB@@B@B@BA@@BABAB@BBB@@BBABABABAD@D@D@F@DAFBB@FBDBB@DBB@BDBBDB@BBBDBBB@BBB@DB@BB@BDBBBBBBDBFBD@D@BBB@D@@@BB@B@B@DBBBBBBBBB@DBB@BBBBB@B@DBBADBB@BBF@HBD@H@F@HAH@FAB@F@D@B@BAB@FAJ@L@L@D@F@JBJBNBJ@JFFBBBDBB@D@B@D@B@BBBBB@B@F@@BDAH@HAD@F@DADAFAHANAFAB@RAPBbHNATIXPNFLXHBEPCZO\\@fAVCPOTSTQ@@VAP@|HXDNMbGJAKCEKCGBADA@ABAAC@@ECCAICECAAAC@E@A@A@QAC@EFABC@A@AECCCAAAA@@DCBA@@BAAAEEGAAA@@@C@AHEDE@@ACCCC@CCC@AAAA@C@AAAECAAI@E@I@IAAAA@C@EAE@CAAAAC@AACAA@A@@BABABA@@@C@CCEACAACC@AAABABCBA@C@A@A@ABC@G@CBCDCB@@A@@BCDC@@@AACAAEAA@C@@@CAECCEEIAAAC@AA@CCCCCACCCCEAACOKACECAAAAA@GCBG@CEE@@CAAACAAAACAACAAA@A@CAAAAC@AAAAA@IBA@CAABC@C@AAC@A@CBABC@A@CAAAA@C@A@C@CAABABA@ABA@A@AAA@I@A@A@C@A@E@E@A@CAA@AAA@CBA@@@A@@@@A@@@@AAA@EAE@ECECICCCA@@ACCA@AAC@A@A@C@A@AAEAC@AAA@AAACECAAAA@@AAEAAACA@@A@@A@C@@@@AACCA@@CAC@AACAAGEA@EBGBC@U@I@E@CBC@G@A@ACEECCGE@ACCCECA@AAAAE@EACAE@A@CAC@A@C@G@AAA@I@EBC@A@AAC@CCGEICEGEC@E@I@C@CAEAA@CCAA@AACA@AC@AA@@ABCDCBA@@@A@AAC@CAAGEECCAGCCAG@GAG@MAG@M@E@AAA@CCCAGECACCCA@AA@@CBCDE@ABA@CBCBE@ABA@E@ABABAFATOFCFERKDAFCDAJEJCHEPEFCFAHAHCNCJ@PCJAPCZEFAB@DADADCBA@C@AB@D@D@B@DC@A@CBCBGBGBCBC@CAAAAAACA@AA@DCBADCDADCBABABCJCFE@ADC@C@GCEBCA@AAECGECAEGA@CAC@GAGCECCEAAAABC@A@ADC@CBCDEHKFMBGBCBI@ABAAAIKCE@C@@@CBABABABAHACA@@AAAA@@A@@@AA@@ACACACAAAC@C@CBABA@A@G@CAA@AACECAACACAC@CAGAC@E@A@CA@@AABABAAA@ACA@@AACEAE@AAAAA@@AEGEAAACBEAAACCAAAEG@AAA@AACCCIEECIA@AAA@C@A@A@C@@DA@@@A@@ACAEAAKCCAC@A@A@CAA@@@C@@@AACA@AAA@@AAA@A@A@CCCACAA@A@AAABC@I@I@GAK@E@EAE@E@CAA@E@CAAB@ACAA@AA@@@@@CA@@AOIC@GCA@CCCCAAA@EG@@CA@A@A@@BG@CBEBA@ABADADC@@D@@ABC@A@A@ECECCAC@AC@CBAAA@A@@@CC@A@@A@@@A@@@A@@@@A@@CAA@AA@@@@BC@A@@CE@@BABC@@@A@ACACCAC@A@CBABAAA@C@A@AAAAAAAACECACAEAAA@@CCE@ACA@@A@@A@A@A@@AAAAACCCAABC@AB@@@BA@ACAAAAA@CACA@@CC@@A@A@@AA@AAC@@@@BA@@BC@@AA@A@@@AB@@@BA@AA@AA@@@AB@@A@@@AAA@@BA@ABA@A@A@@AAA@AAACCA@A@ABC@@A@BA@ACC@@@@BABC@@@A@@AA@AAA@C@AAA@A@ABA@A@A@A@AA@@@AA@@A@A@A@ABABAB@B@@A@A@A@A@AAC@A@AA@@@C@@AA@@AACA@AAA@@A@@A@@@AA@@@G@K@I@OAG@A@A@@A@A@CAKCO@E@EAGBG@IBM@C@A@@CACAGAGCEAMECA@AACACEGIMGKEKAACGCGGMISACA@@EAC@EAGAMAE@AACACGO@@BABAJENCFAHAB@BA@@@@AC@A@C@EAABEBCBC@A@@DCBA@AA@@@M@C@E@G@A@EAIAC@C@AAC@A@AAA@AA@CACACCM@AAA@A@@@ABA@A@GACCGEG@AAAAAAAACA@@@AAA@AAA@EAC@AAA@@@AA@@@@@A@@AAG@@@C@C@@@@@ACAEAECIAA@CKWCE@A@@VGJCFCBAAA@@@AA@AAC@IC@@AAG@EAAA@AA@CAII@C@ACAC@CAEAA@CAAAECACAAAAAAIAIAKAMAQCQCEC[KIAICECMEGEGAE@K@E@KAG@QDUHA@IDEBIACAGIAGAA@CAGAA@@AABC@ABCDGDIBCFGHIJMJGDA@ADADEBCDCDADEBCDED@BADEDGBAFCDCBEBCDCFEDE@ACIES@GAI@OAGAM@E@GBGAWBKACCg@GAM@I@GAGBE@CBGBI@OBY@GAIECGEEAGAKA_BG@M@GBMDQFePWLyXWHYLaX[X_^ĿZCDQAC@@B@B@DC@@DBB@FAFAD@BB@@B@B@B@BBDBBAB@BDBD@@@@D@BDBD@DBABCD@BCDADAB@DC@ABBDABG@A@@D@@KDAB@BDB@@ED@@BDBFADBDBDHDDDBB@B@@CBIBO@YDUDO@{FK@]BG@aBQBMDOBMBWJOFMDKFEDEBEBMAOCGAC@L]DODKBGBM@_@S@GDGFKHKHONKJCDCBSHIDgTSJSJIDMFRMBQB[DQFOFIDEBMDKFiJIBQDGBiREB]HGBSFGBUFIDKDM|ABEBA@CDAB@DBD@D@DAA@AA@@@@DBDDF@@BBDDBFBDABADCFAHEHCFE@GBAB@B@D@@@@@@FFBB@B@B@BAB@B@BBB@BAB@B@BAB@B@BD@B@D@BBBBBBAB@B@BDBB@D@DB@B@BABAB@B@B@B@BBB@BABABAB@BBBABABCB@BDBB@DD@BAB@BD@BBD@B@D@BBBBCBABAB@@@B@B@B@B@B@B@B@BBBBBDB@B@BABC@ABABBB@BDB@BABAB@BDBB@DABB@B@BAB@BABADAB@BB@D@BB@B@B@B@BAB@BAB@B@BABBBBBD@BADABADB@B@B@B@B@BBBB@DBB@CBABCBA@CBABAB@B@B@BBBBBBBBBD@B@BB@B@@ABA@@B@@BBDAB@B@AB@D@@DBBB@BBD@@B@B@B@B@@@B@BAB@@BBB@DBD@B@B@BBB@@B@DBBBBBBBBBCBABCBDBD@BBDBCB@B@BBBBBBBABABAB@B@B@B@BBBB@D@BADB@D@BAB@BD@B@D@BBD@BBBBBBDBBBDBBBBBD@B@DAB@D@DAB@DABBB@DB@B@DAB@BABBBBBF@BB@B@BCB@B@BDB@B@BBBBBBBBB@BBB@B@BAB@B@B@BBBD@B@DBBBDBB@B@DBBB@@B@@CB@BBBBBBABA@@BDB@B@BABBBB@B@DABABADABBBB@BBB@BBB@BABB@@BB@BB@BABCB@DBBBBD@B@BBBBDBBBDBB@DB@BCBABABBB@B@B@BDBB@DADB@BBB@BA@C@A@@BBBB@D@BBAB@B@B@B@B@BBBBBCB@BBB@BBBBBD@BB@BBBBBBB@@ABAB@BB@B@D@B@BBABAB@BBBDBABCB@BBB@BBBABABAB@BBBBB@BAB@B@BAB@BBD@B@B@BBB@B@BBD@BBBBBBBDBBBBBBB@BAB@BBBBBDBBBDBBBBB@B@BABBBBBDBBB@BA@CB@B@BBBD@B@D@BBBBDBBBDBBBBB@BBB@BBBBBDBB@D@BB@B@BBBDBBBDBBBBB@B@BDBB@BB@DBBB@D@B@B@@B@@ABBBB@BBBB@BBB@BBB@B@B@BBBDBB@D@B@DBBBBBB@@@B@DBBBDB@BDBBBD@BBF@D@BBBBDBB@DBB@DALAHAD@BBDBD@B@B@D@B@FBHBBBDBBBB@DBBBBBBBFBBBD@F@D@BBD@B@D@JDB@D@B@D@B@DABBDBB@DABAD@B@DAD@BBD@F@B@D@BBBBD@BAD@B@D@B@DBD@BBDBBBD@B@D@B@DBFB@@@@N@R@N@P@PBV@T@R@VBR@T@P@T@XBX@X@P@PAR@VAX@R@XA\\AP@ZAP@ZAN@TAPAR@JAHBFBFFDDFFDDHFBDDFDDHDH@B@B@D@BAB@B@BABAB@B@B@BB@B@B@@BBBB@@BB@BBBD@BBB@BBBB@@BB@B@B@@BB@B@@BB@DB@@BBBBBB@B@DB@@BBB@BBBBB@B@BBBB@@AB@BBB@@BBBB@@BB@B@B@@@B@B@BBBB@B@B@B@B@BAD@B@B@B@B@B@BAB@BAB@BAB@@@B@FBBBBB@BBBBBDBB@@ABADADAD@D@H@HBH@F@D@F@F@D@FBB@D@BBBB@BBB@D@BBDB@DABA@A@A@CBABABAB@D@BAD@DABABABADCDCDAHAD@FAD@F@FBHBJDFBHBJDDBHBHDNDJDJDLDHBJBRHJBHDHBFDJBDBJBHDJBNFJDJBNFHBHDLDLDLDHBJDBBFBDDDB@BBDBBBDBDBBBBDBDB@BBB@BBB@BA@@D@@@DA@@B@B@B@BBB@BAB@BA@@BAB@@@BAB@@@BBBD@B@BB@@@DBB@@BB@BDB@BBBBBD@DBBBBBBBBBBBDDBB@BDDDBBBDBFBDDDBBDBBDDBB@B@DAB@B@D@D@BBDBDBBDDD@DBDBD@F@D@F@F@D@F@FBB@DBBBDBBBD@F@B@DBDBBBBBFBD@DBBBB@BD@BAB@BBB@@@B@@B@DB@@B@BB@@BB@B@@BBBB@B@@@B@B@BAD@@BD@B@@@BBB@BB@@B@@BBBBB@BBBBB@BBBBBBB@BBBBB@BBB@BBB@B@DBDBBBBBB@BBBBBBB@@BBBBBB@BB@BB@BBBB@BB@BBBBFD@@BDB@@BBBB@DB@@BBBBBB@@BBB@BBB@BBBBB@@BBBBBB@BBB@BB@@BBBBD@BBBB@B@@@B@BBB@@BBBB@@BB@B@BB@@BBB@@BBBB@BB@@B@B@B@@@B@B@B@@AB@B@@AB@B@BA@@B@B@B@@AB@BAB@@@B@BA@@B@@@B@BA@@BAB@B@@AB@B@B@@@BABA@ABABAB@@ABAB@BA@AB@BAB@BABAB@@AB@BABA@AB@BAB@@AB@B@B@@@B@B@@@B@B@B@@BB@BBB@@BB@BB@BBBB@BB@@BBB@BB@@B@B@@@B@B@B@@BB@B@BB@@BBB@@BBBBBBB@@BBBD@B@BBB@B@B@BBB@B@DBB@B@BBBBD@BBB@BBBBB@BBBBD@BBBBB@BBB@BBBBB@D@"],"encodeOffsets":[[88891,49998]]}},{"type":"Feature","id":"654325","properties":{"name":"青河县","cp":[90.381561,46.672446],"childNum":1},"geometry":{"type":"Polygon","coordinates":["@@GC]KOEKC[IKCGCSGYMEiOKCIC]KWGKCAAKC@AACGOACAA@AAAAACEAA@AA@@@@@@A@@@@@@@A@@AAAA@@@@A@@@@A@@AA@@GGEEACCCEGIKEEEEAAEECCCECEEGGGEEKOCCEGEEAACGEGEEEG@AA@@AGGEEIIEGACCCCECAAAEEAAA@@CAA@A@ABA@A@AA@AA@@@A@CB@AAA@@CAA@@CEACACAACICGAAEEACACCC@AA@AAGIACA@CECA@ACACCCCOKMKCCEEIECC@ACCCCEC@ACA@AAACA@@CAGEAAAAAAAA@@@AECAAAGEEAA@AEEGQEKAC@ECGEICIACCI@E@@AAACCE@AAC@CAG@AACCCCCCCA@@A@AACBGAA@CAAECCAEACAAACCIIACCAAAGEEE@@@C@ABADC@ABABEBEBE@CAC@@BCBA@CBE@A@A@ABAJEB@@@@AAA@@@A@@@AD@DCBA@@@AA@C@CA@@AA@A@A@ABCAA@@@A@@AC@@@ABA@AFEBA@@@AA@AAϩ@BF@FB@DB@BBB@B@D@@BBBBBBBBBBBB@BBBLFDB@B@B@DADCDCBCFAD@D@F@BDFBBBF@D@BBBFDB@DBBBB@@BBBDD@@BBH@D@DBB@FBDBHBD@RFFDFBDBF@FBF@JBJBNBLDDBJFLFJHJHNHFBHFHDFDFBDBDDDBDDDBFFJFFFDDDB@FBDADEF@B@D@@@BCBCF@D@D@@A@@B@BB@@B@B@@DD@B@B@BGJ@BEDCBAB@BBBHRFNFNBDBJDDBLBDBDBFDJBFBF@DDJBDBDBFDD@DBDBFBFBFBF@FBDBF@FDRBB@D@DBDDRBFBNBF@FBD@FBHBTBJ@D@HBB@FBF@HDL@H@D@B@J@JBJDLBF@BBFBBBF@HAFAD@@@@BB@B@B@BDDBF@DABABAB@BBB@BBBBB@B@BDB@BBBAB@BADCB@B@BA@@D@FAP@H@DAF@H@FANAL@B@FF\\BFBHBNBHBF@DBH@B@L@D@H@F@BBF@D@D@B@DAJBFAD@BALANAF@FAF@BAD@BABCDEHAHAF@D@D@D@LBD@F@HAN@F@BA@A@EDIFKFCFMFCDCBC@GBEDG@EBOHEBCBGFGDCBE@ABCBAB@@BBDD@F@D@F@BB@BBDDBBDBH@DBDBDBBBFHBBLFF@LDD@DDB@D@BBB@BBBBJBDBDDDDHFFDBDDFDHBP@NDV@R@FBF@J@F@F@HBN@FAL@FADADEF@B@B@BBJBD@JAFAF@BADBB@F@F@F@XAFAHCFCH@D@F@F@FAF@HADAH@B@DBLD^BLBV@BABADEFGJEF@BADAB@JANABAJADAD@HAFAHCHELADAD@B@B@@BDDDBDBBDDB@BDB@BBBDBDBD@F@@@BAB@B@BFHDFBHBF@BBBB@DB@@@D@B@D@B@BDF@BFHB@BBDFBDBB@DA@ABA@@BAB@BBB@@BDDB@BDDD@DBBBBBBFBDDBB@H@D@B@F@D@FBFD@@@BBB@@BBBB@B@@AB@B@@FFB@BBB@D@HBB@HDBBFBDBD@@@BBA@@B@B@B@BB@D@B@DBBBAB@@@BD@@BBB@@BB@@ABABAB@FADAF@DAF@B@BBDBB@BAD@@AB@@AB@@C@IFABEDGFCDIHCDCFA@AD@BEHABCDGHEDABCBEDABEFA@C@ABA@ADA@BB@@DBB@@@D@D@@@LFDBB@B@DFFDBDB@D@DBFDB@B@B@BBDBD@BCD@D@RDDBB@B@@BBB@@B@B@B@FBB@BBFBB@BBB@@DGLAF@BCBADCFADKP@B@L@BAB@DAD@BCDAFCDEFCF@BAB@FCD@BAFCJCBABAD@DBBEDAD@BABAB@BCDEBABABABABAD@BABCB@B@@A@I@ABABGRCDAFCDCDcVGFGHCDELCF@B@@A@ABBDAFAF@DABCDKJOPUTSTUXMPMNIJON@DBD@B@F@B@DBD@B@B@B@BAF@@@B@B@B@DBB@F@L@BAH@@@@AB@DAB@D@DAFAB@B@DAB@B@F@D@FAF@B@@CFAHCHAF@BA@ADADADAD@B@D@B@D@B@D@B@BAH@B@J@Z@B@D@D@L@D@B@JBF@B@B@B@D@D@F@D@@CNEP@BAFADAH@B@@AFADAF@HCN@B@D@B@BAFAJAD@DABAB@@@B@FADAFCHABABAF@@AFADCHCHAD@DADADELABCH@B@B@B@FADAJ@DAD@FAD@B@D@B@B@BAB@B@BAB@DAFAHAH@BBDLLFDNHJJPLNLHFFDBBD@JAJCPGJEFCDABAB@D@DBB@BB@B@BABAB@B@B@BBBBBBDB@B@@B@@BHBF@DA@@BCBA@AB@D@B@FABABABADEDAD@B@B@D@D@@@DAB@B@F@@@BABAB@@BB@@BB@B@B@D@@@B@F@D@D@F@B@BBDDBBB@B@DA@CBCBABB@@@@BBF@BBBB@@B@DBH@D@BA@@BBL@J@HBD@FBBDDBDBBBBB@DDFBBF@B@BAD@@BDBBBDB@DDBBBDBBB@B@@@B@@@B@B@B@BBD@DAD@@B@@BBDFBB@BA@CDCBE@CDCBGDABAB@B@FBB@B@@@BABCDABAB@D@H@B@D@F@BBDBD@F@@BB@BBB@BB@@B@B@B@D@@BF@B@@ABABA@@BA@@BADEF@D@B@@BBB@BBDB@BB@BAJEPEDAB@BAB@FBB@@@BD@BFFBBNHB@HB@@BBHDDBDBD@D@DBB@BBB@D@HDFBBBJBB@BB@B@D@BBDB@@@B@D@J@D@D@B@BB@@@@@@BDBBDB@BB@DA@@B@JDHDDFBDBJ@@B@v@dR^`J^PT^PPT@TGfAPDbg\\E\\j`rLf`dJZJBZPfN`T^jPr^dNjRzAjHNLnGzGZVzd`GhKfO@MncLOHM\\qDOP[TEPSAWBMHI\\GNMHUTYVKXKFUPSfEJKE_dcj[NU`cPMFOxgNMF]JG|FX@n@nSRQvY\\GJQ`YGc@OJMN[LIbGJIEwIMIQCU^UNKNKXITO@kvELIB[VUdgOsGOK[GiCMOIwGZBHIHIHUGSMQMMAaOQ_OEIHGCIKIAMGOAMBa{qSEWUOugMMg]MSYGDWNSvhqIQEKdyh}LMRIfiFOAcAiG_XUHcE__WcWkaaWskycgiw}sSOMUUQM@Y@{AWDM"],"encodeOffsets":[[92848,46580]]}},{"type":"Feature","id":"654326","properties":{"name":"吉木乃县","cp":[85.876064,47.434633],"childNum":1},"geometry":{"type":"Polygon","coordinates":["@@@CACEGGQMQCAKGIEEEEIACCGAQAaASACBGFSBEHIJEZKLCPC`ETCZGbM`E\\EpMRGHAZKVGZGREXCLAJ@LfBB|@RALAPCPE\\EVE@@PC\\GdIJAREREHATGPGVILEPEJCHCZQPIHGFGDGDAJGBC@EAE@@BAJABA@A@@AA@ABI@CAAAA@@@A@CDKDCDO@GACCICGACIECAGIIIIOAE@AGCGEAA@@B@@@ACAA@AAAAA@AAE@AAA@A@@BABC@AB@BAD]Dm@@FsFiNF}DYC@³OKKK­OEG@@@AA@E@CAG@aAcACAE@IACAE@GAG@GAQ@M@EAEAGAEAA@A@C@EBÉUUCMAQAcEK@G@G@KBCBGCIAE@E@A@C@CBGFEBEBC@EBCBA@EBC@KBO@I@A@CBEBA@C@EBDBBB@@@BABABA@A@AHAD@B@BA@@BAB@BAD@@@BBBB@@D@@@@BBBBBB@@@B@BA@C@CBC@A@AA@@CA@@C@A@A@A@A@GAA@@@CA@@G@E@G@EAA@E@E@C@AAA@EAE@A@EA@@A@CBE@GDC@EBA@I@GBE@SA@@A@O@Q@E@EA@@A@@@@@MCIAMAC@CAQCCAOEE@EAGAIC@@@B@@BDBD@@@B@@A@A@@@EAOKKCC@ICCAICOCC@EAA@CAGAMCEACAECA@AAMBKCIAQEE@GCI@CAEAA@A@@@IAA@@AE@K@E@CACAC@C@A@ABAA}IgEC@A@E@E@C@AAA@EACAI@E@S@@AGAA@@@EAC@A@C@C@G@A@ABA@A@G@A@AAC@UAE@AD@DBBBBDHBB@@@BA@CBEBGDABABGFAB@@@B@@@BA@ABC@@B@@GDEDCBC@G@EBABGFABABAB@BADA@@BE@A@GBGBCBCBA@A@EBGBA@CBE@C@C@I@C@ABEDCBC@C@A@A@A@A@CCAAAA@@E@@@CAA@@@CBA@A@A@E@GBC@A@GAA@@@@CA@AAA@@AA@A@IBC@C@A@ABED@@A@GECEA@CA@@A@G@A@CAEAA@@@AAEC@@G@G@G@ABA@C@ABEBC@A@AA@@AAAAA@G@E@A@IBA@A@SCC@A@@@@A@AA@A@@@A@C@EDG@CBC@@@AAA@CCA@A@CGA@@AC@AAC@E@KB@@C@A@EBEDA@A@@@A@AC@@ICC@EAA@AB@@CAC@A@E@A@ABABA@CA@@ECA@A@A@@@A@ADABA@C@CBA@@@ECC@A@A@ABABEBGBC@ABA@@BA@CAA@CACA@@AA@@C@EBE@A@CAKCE@CAEAC@A@A@GB@@A@AA@@A@A@I@C@CBA@@BA@@B@@@@ABC@C@@@A@A@C@A@A@A@A@@@ABC@ABAA@@A@AAAA@@CAC@ACA@@@A@ABCBA@ABA@AB@@@@AB@@A@ABC@@@A@AAAAAAA@A@AB@B@@A@CBA@A@CBC@C@ABE@I@E@ABA@A@A@A@A@C@A@A@AA@@CAAAA@AAAAAC@ACCA@@@EBC@A@C@A@A@A@A@A@A@@@AB@BA@CB@@C@@@CAA@CAA@CCA@AACBC@B@@@DB@BBD@BBD@@JBBJEd@DDLBDAFDHFJBHHLLLHFRHDBDBBH@J@DDDBDBDFBRJJHNHRLJHBBNLFDDFDDPHDFBH@BBBBBBBBFBJDFNHFHDBJFTFHFJLDFAFBHDFAFADIDABAD@@BBJJBJHJDHBBBDAHFHDF@HAFINCDCDCBCJCDKDABADABAB@@@BBHDHHDHFBF@BBL@PDNAJ@BBDBFD@D@F@BBFFAFFJALABGFOLABADAL@@@B@F@BBD@DCH@F@HAPGJILEFADADGFIFG@MFIJMLGJ@BGNIPMLKLADABAJCH@BBBBHAF@H@RBDDDBDBFDT·͐GhLCJCVEHATEHA^GFAjQHARCJAjILENCFAJCPERE\\CRANAQNEJCTITIhSJCTGDADCLIPMLGLGHEHCT@`@N@HALAPC^CKD@HBPDNBFAFAFCLENCPEXINAPANCRAbAH@^AL@|EP@VCZCP@JADA@@@AAACCGCACACBCAEAC@@FC@@CA@ABALC@@@CB@H@BAACBAD@@CBABCDC@ADCBACAC@CA@A@C@@C@CA@ABAAAAC@A@A@A@AA@@ABCBE@EAA@CD@@C@A@AD@RBDCŀY`]\\WbWZKXGzWXKfORENCHAN@H@`ALBHBFBHFFD"],"encodeOffsets":[[88594,48782]]}}],"UTF8Encoding":true}