{
	"type": "FeatureCollection",
	"features": [
		{
			"type": "Feature",
			"id": "542521",
			"properties": {
				"name": "普兰县",
				"cp": [
					81.177588,
					30.291896
				],
				"childNum": 1
			},
			"geometry": {
				"type": "Polygon",
				"coordinates": [
					"@@DAB@JAD@F@JAD@D@FFDD@B@B@D@@DDFRVHRANMFSHKLGPIEOCIAGPAVCRERJHRNLHJCRAFPDLDTORELNJP^FLDVBRHHBJCLALHPHBDLDLAJOFQHCTOJGLOFKEIOCKADEFKNMPMHONERKRBVFNA\\QREVINGJL\\RJHHBXBRRJJBHL@JGNG@OBMAI@K@Q@GLIR@HPPBJCJQGQCGFCLGHCRKJKDGJKHILIRARFJDDHAJADAP@HJHFJJFJDTJTDNCLGFGPOJKHODMAMBMDMFIJIPNZNTLbBPBFKFWBU@MHINMTITCN@V@RABGAIMKAGFCHIHK@MAKDKFMDIDITDVFR@V@LENOHOTMLEPBLCRJRHPCRKLBLFNARCJAH@N@JCBGGOKOKKCEDGHGJGBOBGGGFO@GDEFCLARBJEPCPEPCLDJNHJLHXJVFJBR@JDLDL@JKJIHGNEPELQDI@GEGEOHILCXHL@DGHQZOJEHMJIFOBKAGBKLEZCTAXCNBFFFfDDDAD@B@D@B@DBDB@BB@B@@@@@DI@@DAD@DAH@DAFABAB@B@BBBDBBBBFBBB@DBD@DBBBD@@F@DAHDJ@JADEDAFCJAH@HFHFBD@HANDDFFNLJNBDB@B@B@B@DBBBB@D@D@HAB@BA@ABA@@@I@ECA@ALEPADC@A@EBG@WAACEACCC@EAI@CBC@CBCBCBADABCNAHCFALED@FAB@DABABCBA@CAAAAECAA@C@EBI@CBADABCB@FABAPIBA@A@ABGBEBEBABABAB@B@BAD@FCBCFAHEBADADCDEDADC@@BCBEBCBC@A@C@CAA@E@CBE@C@E@C@ACC@ACC@CBBB@D@B@F@RCF@LBHBHBFBFB\\@H@J@D@F@FARABAFAJK\\QCCEAGEECEK@CDCBC@I@GACEE@@@@AACCECACCECIACIICC@A@EDEDCBC@EBA@ADCBEBABEBEBABCBEBADEBCBABE@@@@@EAAB@@A@A@@@AAE@E@AFEBCBCBCDEBAFCFCBCBCBCDGDGDCFIBCDCDCFIFEAECGAE@I@IA@A@CAM@CBC@CAGCCCAAE@C@A@BABG@CB@BADABCHEBICBIA@@AAA@AA@C@C@A@ABC@@@C@AA@@@GAE@CAC@C@EBEBEAECACACCC@@AAA@EB@@A@A@C@A@CAAAA@A@IBA@A@@@@@A@AB@BCBC@C@ABADADAHAFABADA@EB@@CBA@EDABABAFABAD@@CB@@EBEBC@ABABABEHABCDCBEBEBGBE@KBKDEBEBABEBC@A@CBGBC@A@A@AAEACAC@AB@@@B@DBH@D@BA@ABE@AB@@CBADABABEBABA@@@CA@C@E@AFABADEAE@CBC@Q@C@CHA@A@ACCCKCCGE@@EAGKA@C@C@CDEBEBCDEFKDG@A@@ECEAACQAC@CDG@EAA@A@@A@@B@DABCBMBAB@B@L@FADCFA@ABAB@H@BFDDBBFBBABCBCD@BBBDT@DBBA@A@C@A@ICCAOGAAC@C@EAEAA@WBABA@C@C@A@CBC@CB@J@BABABAFCDEHADCBCBA@EBG@E@E@A@AB@D@BADADABEBC@@@@ABC@AAA@@ACmy@@AAC@A@C@C@CDCBA@E@@BCBC@@@A@A@A@C@@ABA@E@AFEAABABCB@BAACAC@CBADC@@@ABAHC@@@AAE@ACACEAA@CAC@AAEAACAA@C@AAACAA@EBE@ABEDK@ACEAGAAAAA@AA@C@C@E@ABA@@FCBABA@A@ACAEEAAACAEAAECAAAAACAAAAACAAAAAEACACCAA@CCCACCIGAAGCE@GAACAAEICAEGKGMGIGQKOMQKEKOMGEISA@@AC@A@EBC@ABCHARALGFS@SJGFENBLPPFLAZ@TFTJRLNKNK\\KVSVYFQHGAIIOQMKAAC@C@EDMHA@CBAAC@CCGAA@ADKHGAEGKQSIKAMDodCRMNI@[WIBmPUDWDQTKHEDOBS@UAMBcPODQBYAUBS@UBQFMFIHCHENEDO@YL_PYFuT[LWNKCCEJ]AEAIKGMEKFKFMHSHQHQAEGAIDYIKAKAEBQBSGIUBcDcN_DWP[V]ZSDIBQDQFG@MKIUFMLKTKPKEIIIW@M@CECKBKBIHQ@IQY@GLCdIJE@IIESMMGCCBERIJI@MKOOOIOGK@UDgAGGMUMUKKGSIQUOMCCCC@C@GAA@@E@C@AAA@A@CBA@@@A@AAAAA@@@A@ABABABC@AB@BA@AB@@@@@B@B@B@B@@ABABAB@@@@A@A@@@A@@@BEACU@AAsAKGAEBIf[NMFODU@OG]GSESIOIMKIGEICSAAEFGLGFKEMMCQE]CMHIFIJKBIEUK]Ba@_FQFIHIJILONKNMJAHJTTn@JGTa@G@B\\ARAjERMHMBGNITSPAHITGFADALNJITSPHheXEBUHKFQFWBeCYCU@EBAHDHDFCHSBGREPIFSASCI@G@GDGFKJOHaBQAOHUHUTSRMTIPIHk`_hYXULKBQCMBKDIPUTUPYLgV[F[HK@CF@D@D@FBJBF@NCDADADCBAFCD@DAFAD@BCBABC@ABA@ADAB@FABAFEFABCBEBABCDABABADABA@CBEDABAB@D@DAF@FABBBAHBBAD@BCP@B@BAD@FALAFCZADADADBBBB@@BBDDBB@D@D@BAFBD@F@DBDBBDBBD@DBBBBDDBFBFBFBBBDBDBB@B@BBDFFDDBBBDBDBBBD@F@@@DBD@D@BAD@BADAB@F@BF@ĸO@BA@E@A@ABCBABABA@CBE@GDGBCBBBBBBD@B@DAD@BBL@FBBBDBDDHDFBHD@F@PCLCH@F@FJFBBD@B@F@BDDBDBBB@DAB@BCBC@ABADAD@B@@BBB@BBBB@D@B@B@BAB@FAFAD@B@B@D@BBBB@DBBB@B@HCB@BB@@ADCDBBBBBADADABCD@B@BBB@BBB@B@D@B@BBBB@DDDJBJ@HBDBJDLBFAHAJ@DBDDTDHBBDBBBBNJDDFDFFB@BBHBD@DDBDBDBDLPDFBBBBHDHDFBD@DDBB@BDP@DBF@D@BBBD@DDHHRPJPJN@BBFBFCLAN@@DJDDFBBDABCDEBCBCDCBC@A@E@CBKB@JEDAJABADAD@BADBBBD@B@BADCB@B@BBBB@@B@@EHAD@BBBDBBBB@HADAD@BBBBB@FBBBB@BDDBDBB@B@D@BALFTJJFNHHBPDNBPAbEH@BBBBBD@BBBBH@BBBFZAD@FBBVtBHDJNTBJ@FBBFF@DADEFAHLDDBDBDDBDBDDDFFBBBDBJ@DDDDDHFDBBBFBBDFF@HDJHL@BDDDFDFFDFDJFHFHDDBLDRJPJLLHDHPFFFB@HBJDFJBHADB@@@FAHADADBDBBDBB@BBBB@BAB@@@BCD@@"
				],
				"encodeOffsets": [[
						83104,
						31928
					]
				]
			}
		}, {
			"type": "Feature",
			"id": "542522",
			"properties": {
				"name": "札达县",
				"cp": [
					79.803191,
					31.478587
				],
				"childNum": 1
			},
			"geometry": {
				"type": "Polygon",
				"coordinates": [
					"@@@@A@A@ABA@ABA@ABC@@B@@A@@BA@@@A@@@@@AB@@AB@@AB@@A@ABABAB@@A@@B@B@BA@@BABABA@@BA@ABAB@@@@@B@@@@@B@@AD@BABAB@@@BAD@@@BBB@@AB@@BB@BB@@@A@@@A@A@@BAB@@AB@B@B@@@BAB@@AB@@AB@@@@C@CA@@EAE@A@A@@@@@@@AA@@@A@AA@@AA@@AA@@AAAA@@AA@A@C@A@A@@@AAAA@@AAA@A@AA@@A@A@A@C@A@A@@AAAAA@AA@@@AA@@A@@A@@AB@@A@ABA@CBA@@BA@CB@BA@A@BB@@@BAB@@@BAB@B@@BB@B@BBB@B@B@@CBA@C@A@A@A@A@@B@@@BA@AF@BA@@BB@BBBB@@BB@BB@@DGP@B@HCDEB@DBBDFBD@FCLWDEDBdBBRDJHHLHFNBPHPHFHBDFFFJBLFR@NBFHLHLJJJLFVMR@@QLWDEH@BHJDP@NGPONSRKPFNHHHN@FBRBHAFDP@VGNEFKLABKPATUVIPABS\\ONQJGFGDEFER@JPNJLDH@DJHHHJH^FTBDBJFD@LDD@P@DAPAbNRTT`TDTBNCHJRJRCX@HF@`HHF@~ORBHFJLVRTLVFPDBFTfZ@DBB@TJLTLJTHD@NAFUBGDG@OAKCKAIAKFGFMTOZ[JOLM@WGMGIKMIKEOJgJSXAMD]NMLMLWFGDMHQLKLEPENIHILIVAN@JAHCLMJELGTCHGBM@IJKPG\\MDA`QZSBARIH@BNDJPZNR^TXBJ@L@VD^FB@Z@DAB@VIHENCVAFJAV@PJV^Z@REbBPP\\LRRJRNNHNDF@A@@ABI@CBADAD@D@FCJCDALENIBANKFAD@D@FEBCB@DAFAPA@@XCNM@@FMBCPMA@TMBA@@BOBEFIDAFCBICEBA@ABABCDADABAFABABABH@J@D@DBBBDLLBFBDBF@D@@DBDFHD@@DALMDAFCHAN@DBNDBBHBDAD@BEBA@@PEDA\\C@@JE@@FK@AJETGHEFCBA@@@A@C@ABC@CBEFGDABAF@LBB@HDDBB@JHPLLDF@@@DCDIBABEBEBCFCBCBCDCDCBCBCBC@C@GBABK@ADIBKAQ@AACACA@@ACC@EAC@GBC@@@@@@FDBDDDDBFDFBBBDBBBBBBB@B@F@B@D@DADBH@D@D@DBD@BBFBDDDDDBB@BDDDBFDDBH@DBBDDBFHDHFHB@DDDBF@@@@A@A@@D@J@FBHAFBDBF@DGdOXGJFLChI\\ETOR@JJTCDIMWIIQUOKHI^IFM@MJWPGXIVEXAPBREFQHOHKJKTGHMNEFKLGJCJCPMVONOFM@QCQ@KFOBKJQHMDMDK@OAK@KAOCKCO@IDMJKJIFODM@KDKRK^BP@PAPcCIDILIREDKROTWHGPCJGDGGIIKGIKISGBMFK@M@MFOHGNGJAFEJMBK@QFMBMECCGKAGBS@IGSKEGCMAIHGLEFM@KBEJEJDJ@JIFECMEIBKBODGPOJELILEVIRIJKHSPSPKHIJCFEDILOHKD[LOHIFG@GDIJONGRJP@V@NCLEHIJIF@JCJI@O@KDQFGJIFKLKDM@KFCJAJGNO@MXQNKPORGPCHJZHNEJGNC`AN@J@N@RAZCNEPAPKAM@A@@EAG@MECC@ABCBEBEAGCEGIEG@C@CFI@I@@@CACACCE@@EAMEICUAKAOCQCQCKAGAEIEQBILBHEJALADGFKHIDMFEEKCEEKEIGAGGGCEIEGCEAE@GLANBNCHENC@MMMSKCKCEAMJIHGRCbEXBJANBJALANALANMNS@SFOBSAS@KDKDILQJMHKDGAKCG@GCKAI@GAA@ACCAE@A@C@CAC@EAA@AAAAA@@B@BABBDBBBB@@@B@HE@@B@@BBDB@@BJBD@BA@C@CB@@ADBD@DAHCD@B@B@FDB@@@@AACAA@A@ADA@AD@F@FBHHFHHBHNBDBBDFAB@FBBBDBDBF@BBDBBDDFDDLFFFDBF@D@DAB@DAD@DHJAHAFDFBBJJDBDDD@JALCFCFCDADC@CFGNIDCDCBIBABAF@T@JALDLRZNN@X@N@FB@@BADKBCHEFALAFAD@FB@@BA@AAC@AHCTG^QLU@IAEACCCGEAA@A@@H@B@FBJHTLNHJFJFPFLDLBH@LFHCHBXIJMDMFQBIHUDMHI\\MNGL@NHJDJCJGHUBQIMQMQMIIKIG@GKCKOMCMDMRCR@LCP@LDHLFRBFHTBJDFPBPCVDLJFHDFRBPDN@L@LCPAHAFEJGF@LNDPHPNFR@LCRVLBJCJCDCBEBA@C@ABEDC@EBA@CBABCDEBA@EBCHGFC@@@ABABCDABAD@@CBABAD@HBB@D@B@BAB@BA@A@A@GAEAAA@E@GAGCC@IGGEKICGEKDGFE@KCIKUCEBCPARCA@CACAACA@AAEAA@AAAAC@CBGBA@AACAAA@ABCFG@@@AA@AA@A@ADABC@A@AACAABC@ABCBCBABIFC@ILADAF@B@D@DADCDAFADCBAACEACCCI@@BMDKAEAE@AIMIOQOGGCCC@AA@A@CAE@CCO@AAACCC@EAGCGCAAAACEKOACACACCCC@GAAAA@EEECCCMIAAAAACGASCCCCAI@GBEBKAICCAGAI@IACC@CAAAAA@C@A@A@AAA@AAA@C@ADCBCBABAAAADCBC@@AAA@GDA@A@AA@CAAAAC@A@A@C@EBEBA@ABA@A@C@A@AA@AAA@AA@C@CBAB@BADADA@CBA@AAACCC@A@E@AACEAEIE@G@KDODE@C@AGCECGACACAA@EAK@ABC@C@AACAAAADAHAHCF@DAB@BABADABAB@F@B@@AķPE@@A@EBABC@ABC@A@CAC@C@@@EACAAACACAACCEEAC@A@AAAACACAAAEAEAECCAAAA@CACCAAAAC@C@EACBE@A@C@CAACCAA@@AAAABCBCBCDYBEBK@EBC@A@ADO@ABCAABGAABA@EBE@C@CBABAFCDAB@BABCBABADCBAFADABAFEBEBA@EBABCB@BAD@BADA@ABCBE@CDCBEDABCBCDC@MAEAI@E@C@CDEC@OAKAUESIIGICIAGBKJGHKLKNgXaHiFQDQDEDajQDMDOA]B_LUAOGMFSRS`S`YJeBSCeAQFSLiLQHQEWG_EQAUK]UOCWDkVYRCNEJAF]DWFOFMFGXCVITMNINIRCHMNSNMFSHUHGHCJCHAB@DH@H@D@D@AL@VKVURDPLVC^GHMNQNmPUBODIJALLLRDJFBLELKNa`MHOAMCYGiAQDKJYhSZW^[^CJYZSJMAYBSHQNKLOPKHULQJEACM@MKSOEYCWEWIQM@GCMIGEHAHAJEJULcJQHIFQjSRONIP[tCDSAYDMAqCWKQEE@AFBVE|ELOFC@MDMGIISYSMIMGCMEQE[E[IIEEMFOLKFMAUNMBGEMMEGAMBMFSB[GQK_GgAU@MLGLAN@P@FELEHCNCLILIFIFQFWEMK[EcBCACAACMIMAKAM@GCCD@BELGDgZIPIJ[LKFKDMBIBKDKDGHGVGLGR@VGVKHGFGLEPDLN^X`FNEXUNkTKPENCPIJQFMFEVI`MLUHQNMNKNC\\CRMPILG@AEIW@QKEUDYFOFGJUHWCQNMRKZCJERMLMNCPF`H\\LRT^X\\HLBHKHUPMXIRQLs@GHCJ@XDR^tXHTLTBPDRRdXbVXPJPLXBLGZCT@RCFGAcIMAM@ILEHAHS~MVkS^KFzORAFBHBJDHFTHPNJNJpZJDNFZD\\HBFBPFNLL^\\HHDRELKL[FKDCBAB@@@@@BA@@B@BA@@B@@@B@@@B@@@@A@@B@@@@@@@B@@@B@@BB@@@B@B@@@@@BA@@@A@A@ABA@@@A@ABABA@@BA@@BA@@@@@A@@BA@@@A@AB@@A@@@CBA@@@AB@@@@@BA@@@@@AB@@@BA@@B@@AB@@@B@B@@A@@@@BA@@@A@@BA@AB@@AB@@A@@BA@@BA@@BA@@@A@@@A@@@ABA@@@A@@@@@A@@B@@A@A@AB@@A@A@@@A@A@AB@@A@@@A@@@A@@@A@@@A@A@@@A@@@@BA@@@A@@@A@@@A@@BA@@BA@@@A@@@A@@@A@@BA@KBABA@@BA@AAA@A@ABA@A@ABABCBAB@@ABAB@@@@@@AB@@@@A@@@A@@@ABA@ABA@@@ABABA@A@ABA@A@A@ABA@@@A@ABA@@@@BA@@@@@@@A@ABA@@@AB@@@@A@A@C@ABA@@@AAA@A@@@A@@@@@@@@@@B@@@@@B@@@B@@@@@@A@A@A@@@A@@@A@@@A@@@@@A@@@AB@BABABABA@A@@@ABA@A@A@A@@@A@@@A@@A@@A@@AA@A@@@@@@B@@B@@B@@@@@B@@@B@@BB@@@@@@@@BB@@@@AB@@@@@B@@@@@BA@@@@D@BAB@@@B@B@@@B@@@B@@B@@@@@B@@@@@B@@@@@@BBB@DB@@B@@BB@@@@B@@B@@@B@@@@@BB@@@@@B@B@@@B@@@@BB@@B@@@B@@BB@B@@@@@B@@@BA@@BA@@B@@@B@@AB@@@@AB@B@@A@@B@@A@@@CBA@AB@@A@@BA@@@C@@@A@@@@@A@@@AAA@@AA@@@ABSLCBEFGHCHANCJEDOJCDIBA@AB"
				],
				"encodeOffsets": [[
						80432,
						32875
					]
				]
			}
		}, {
			"type": "Feature",
			"id": "542523",
			"properties": {
				"name": "噶尔县",
				"cp": [
					80.105005,
					32.503373
				],
				"childNum": 2
			},
			"geometry": {
				"type": "MultiPolygon",
				"coordinates": [[
						"@@D@D@B@J@B@B@BDADBB@BD@DAH@D@BBD@B@D@DAF@H@D@B@BAFGBCBABA@@D@BBBAB@B@B@BBFFBBDBFBF@D@BABA@CBCB@D@HADAB@B@BADCBA@ABADCBC@AB@B@B@FDB@D@F@F@B@FBB@@AB@DAB@B@BAFA@CB@@@@@DDB@BADEBABAJ@FAFCDCDCB@B@D@D@D@DCJAHAB@DBD@B@HEJEFCB@BGBABAB@D@B@BA@ADABEBCBADAB@H@D@B@B@FCDCBABABAD@DAB@DCDGAEAAC@@@AE@A@@B@BAB@DAJAHCJCFCDADAHAF@@@BA@A@E@C@EBAD@BABADCBE@AFEDA@ABA@A@@D@F@DAD@DBD@HAF@B@@B@BDBB@F@FBF@BAD@J@BAFAFCDCFGDA@@B@@@BB@@DFBBB@B@D@D@H@DBBBDBB@BAD@DAF@H@D@BABAJADAHBD@D@F@FDD@@@FCJCJIFEDADAD@F@B@DALAB@B@@BBB@BCB@B@B@F@BBBBBB@BB@BBLAB@DDFBB@DB@@@DBB@BBHDJBJDD@B@FCDAJ@D@DBF@BBHBFBD@D@D@R@D@B@B@@A@@DABC@G@G@@@E@C@CBABA@C@CDIDC@AHOBKDMBGAGEAOECC@IBICCOEGC[UCC@CBCJGFGFIFSDGBEFEFGJEJ@NDFDHDF@^GNGNGHATIPCRCLKBIBQAECIAKACFK^QFKHIHMCIQWGG_YA@UAgEa@GC@ABUHWJO@QDIBQ@IBKBSHSFIPQJKHMHQ@MBKDMJIDEDGHAJIDA@G@EAEASBE@AACGOAAAACAECSO@AAAEGGM@ARY@CBC@CAA@CBADEBAAC@ABA@CBKHOFCHGFCB@B@@@DBJLFBHBF@DABAL@DB@@BB@HBBAD@BBBD@F@DDBFBBFB@BBB@@LFHAFCAGAG@EHAJALCHIEKKOIUEMCGICKAMBKDQBQAQCICMGWOKEO@K@Q@OCWSOWCIMIBMAKOEKAQBEECGEEKBQDODKDIAEI@EBKAMKFGDIDOFM@I@KAKDKJGASICKCMDQCIMGI@G@KAIAIAKCMCEAGGMEIGCCAGCIKGHKLMHGJEDIAMAKBIAIDILGJEJKCIGGMOKKAMJGNILGPCN@L@PGHADGBGDGLGDBPKH@PALADG@G@QGGGIEGGIGGDILEFCJAFEFEAI@IGC@GBIDGHGLGFGBMBOHKCEIEKGAEMEEGFMLQHGRKNBLBAMGOAKBEJOJIRINKPCPETGHKPIH@NFRJ^FJ@FAFCDGJAFDJNNbPETCPB@JDHDJFJFBH@DAJALCNGDIAMFEN@F@JEDKCKMEGC@GDGKSAKDITMRAJARENKLIPKRGLEJCJ@R@NIJCFODEPCH@DGJGDIJKIOAG@IDO@GCEAAAEACACCGAAACAAKEBG@CDCBABA@@DC@A@@BA@AAAAAA@CAAAACBCBCBG@E@@CAGBIACEAI@GEAEEGOGCKKOIQIKCCAGCGEIEECECCECECC@AGKCI@GEEACEAAACAGECCCC@CAIACAAEECCACACCCCACAKCBGFEBC@CEEAA@EAIMSCIAGUsAA@EBCEYAA@AAGAA@AACAAAAG@aFOBMAOCGAMGIESIKEABC@A@QDOBADDFLVDJ@LEFCHFLDHLJHFJHD@HDHBF@B@BBBF@H@B@BABA@ABA@C@A@GAC@ABAB@DC@ABCBADAB@B@@EDGHAD@FABCFADAB@DAB@FCDAF@B@DABAFCDIDIDKAQUKDQ@MEGOCOKME@IHEFGBOBKDK@M@OCQACEEGKIUCODOACEAIGSAEEQGKKCO@KDQ@QDCNDNPNDLHLH@LJJJRNRNJNARGVIHIDICMGK@MH[NGJCNGVAJERCNINWJGAGDKEG@KAKCOEIEIEMGSKIGEAA@G@@@@BBBHFDDBDBF@JKV]RSHGD@BBD@BAB@@EAC@EBKBEBGFADCLAB@@EAM@W@M@YMKQKCIBS@E@ABABAJCDCDMJEH@DCDCBEDEDKDIBC@CCCAIIAACEBEBGGI@CBC@CBA@C@CAEECEECKECCCAAAC@AAEACACAA@EBACEAAACGMGAEGGGEAE@C@@BCB@B@BBBBD@B@@A@ECA@A@C@GDCBC@CA@BA@@D@DABC@IA@AA@AC@AA@@@GFA@@@A@AACAAAABA@@@BBBB@BBB@FBD@D@D@BBFDD@BBB@HBJDL@HDHBLCHGLINKRCJCL@LBTATEP@TMTMNKBMBKBIBMAIBWAaFQDGHIJBNDFDLTLNN@NMDGFMDMAKB@HBFDFFHFJHDHHHBFJFLDFFLEFCNGJELCHKBIBGFKAAJFRFJHBLBRDRDPDLBVBJDNFFB@@DFBDBD@D@@@JEJ@D@DFHHJDFBHAFAFAD@BDDNFH@FB@@@BBNOLOBMFYDQBM@I@M@_BMDIHMFYGGIODQHOPMLWR@NMPIHIBED@LCNKLELIJEHCR@L@PIJIDE@IJGJKFMDU@O@QIMHIPCJ@HEHGJKPC\\GLKPCJEFIDGJOLOTGTILQJUJKFKJIFOPCHAPALFJDNEFIJI@ICIFAF@LENKFGHBJDNFHTLJHT@HALBDHFDANEN@RALINEFIBMHGHEP@N@NELANTHLJHJJLHJCHIHODGHSXQPCLQFKJCJDJOdOBO@]AQLCL@LCNEPIJILCN@JDPDLBP@LBL@PCLCNGNIRALEP@LDR@RENMPUPONIDIDKHELMFGNSHILGLGPERQFOAWBUFWJOHIX@NEN]JGJPLRVJJNXCJSDIIQ@SP[FgJKDIEWHcPCHE@CAEAGBEAI@C@@@@B@B@@E@CACCA@EGCGEGCAACCAG@CAECCACC@AAACCCCACAE@AAC@C@C@CAGBC@C@C@A@E@AAAAAAACAAAEAECCACCACEC@@@@@@AD@HBD@FDD@BB@BDBD@BBRALCJ@BALAB@H@DADADADCDCDADADEDADAFAFABCJCD@@E@KCOKIGA@CAGCA@KAE@ABCBEHAF@DAD@B@D@B@@ABEDGFSHIF@BEL@@IF@@[DCBOF@@ABAFC@CBGAAAMCCAM@GBEDCBKNCB@@GCCECA@@@CAEACAEKKACAA@C@C@IAGABABEBABCBCBADAB@BABDFAJEDCBEJAFAP@@ABSNB@ONADEN@@MNWD@@OBEBCBA@ADEFC@C@EBMLABMJKFCBIDEDC@C@CBAB@DAJ@BB@TFLLFJDPLBLAJAFAJADAD@HJBHFFJ@NGNCLHHHJLBHJFDDHFHJ@RGRHJHLLLXfVBBDARO^A^UVGFGPGNGZFLRHHHGZFRTFHHBD@FAHKPWjGNETAJA@GFIFCDE@I@AB[EEAA@AAAA@@A@A@CDCBA@A@A@C@@@@@@@@@BB@B@@@B@@@@@BB@@@@B@B@@@B@BABAB@@@@@B@BBBBD@@@D@B@B@@@BA@AB@B@@@B@@B@@@B@BB@@@@@BBB@@BBBB@@BB@B@@@B@@AB@B@B@@A@@@@BB@@@@@B@B@@BBB@@@@@B@@@@A@AB@@ABABA@ABAB@@@B@B@B@@@BBBBBB@@B@BBB@@@DBB@B@@@B@@B@B@@BB@BB@BBBBB@@@B@@@@C@AB@@@BABA@@BAB@@A@@B@BAB@B@B@B@B@B@B@@BD@BBBBBBB@B@B@@@B@BAB@@@@@B@@DBB@@D@B@@@BBB@@@B@@ABAB@BABAB@@@BA@@@@@ABA@@@A@@B@B@@@BAB@@AB@@B@@BBBBBB@@BBBBB@@@B@@B@@B@@BB@B@B@B@@ABB@@B@@@@@B@@@B@@A@@@@@@B@@AB@@@B@B@@BBBDBBBBBB@BDDBBBFDDDHDFDFBDDFBBB@@BB@@@@B@@@B@@ABA@@BEBAD@@A@ABA@AB@@@@@@@BA@@@@BA@A@@B@@A@@@@@A@@@@B@@@@AB@@A@C@A@@@CB@@ABA@@@AB@@AB@BAB@BAD@B@B@@@@@@@@@@@@C@B@BD@B@@BBD@DDBBB@D@B@B@B@BABA@ABA@ABADC@@@CB@AC@AB@@@@@B@BBBB@@B@DB@@BABBB@B@BBF@@B@@BAB@BB@@BAB@B@BA@@@@@@@A@@BA@@@@B@B@@@B@@@BA@@BCBABADCB@BAD@B@FABA@@BA@ABA@A@@@A@C@A@@BAA@@A@@@A@@AA@A@A@A@@@ABABA@AB@B@BAB@B@@AB@BABAB@DAD@BAB@BA@@B@@@@@B@@@B@@@B@B@@AB@@A@@@A@@AA@A@@A@@@@@@@A@@@@AA@@@@@A@@@AA@@@A@A@@@@@A@@@A@@@A@@@A@@@A@A@@@@@A@@@ABADAB@BABAB@BABABA@ABABA@@@A@A@@A@@A@@A@@AA@AA@@A@A@A@@AA@@AA@@AAA@@@@A@@@@AA@@@@A@A@@@@@A@@@A@@@AB@@ABAB@B@D@B@DBF@@@B@B@B@DAB@BA@ABA@@@A@M@C@A@@BCB@BADCBABAB@BA@ABAFCDCB@BABA@AB@@AB@@A@@B@B@D@B@D@BABABA@ABC@A@A@@B@@AB@@AB@@@BAB@B@B@@@DA@@@ABC@@@@BA@@@AB@@A@@B@@@@@@AB@@@@@@APCDCJCF@JCJAB@BAB@BA@@BAB@BA@@DA@@DADC@@DA@AD@BA@@BA@@DA@@FA@@DADA@@FANAD@@@DAD@DBF@FAB@PBTAJANALCJGHCJEBAB@DCDCFC@@B@@A@@B@@@@AB@D@@@BA@@B@@AB@@@BAB@@@B@BBBAB@B@@@BA@A@AB@@@BAB@@@BBB@@@D@B@B@D@BAB@BA@@B@@@D@@AB@B@BAB@B@@@B@B@B@BAB@@A@@@A@@@@@A@@B@@A@@@A@@@AAA@@@A@@@@BA@@@A@@B@BB@@B@@@BB@@@@BAB@@ABA@AB@@A@@B@B@B@B@BA@@B@B@@AB@B@B@B@@@B@BA@@@@BA@AB@BABAB@B@@@@@B@@@@@B@B@@AB@@@DAB@B@BAB@DAD@B@BAB@D@B@@@DAB@BAB@@@B@@A@AB@@@@AB@B@@@B@@@B@@BB@@AB@B@B@@@D@@@B@@AB@BA@@@@BA@A@AB@@A@A@@@A@@BA@@D@BA@@BA@@@AB@@A@@B@@ABAB@@@B@BA@@B@@@B@@@@@B@@@B@@@BA@@@@B@@@B@B@@@@@B@B@@@B@@@B@@A@ABA@ABA@@B@@AB@BAB@B@B@B@@@B@B@B@@@B@B@B@BB@@B@@B@@@B@@B@@@B@BAB@B@B@DAB@D@BAD@BAB@B@@ABAB@BABAB@BAB@@A@@@@@@AA@@@@@@@A@@BA@@B@@AB@@@BABBB@@@B@@@B@B@@ABA@@@AB@BABAB@BA@@@@@A@@@@AA@@@A@@@@BABABAB@B@BABADA@@BA@@@@@@B@@A@@B@BAB@BA@@B@@@B@@@@AB@@BB@BA@@B@@@BA@@B@B@@@D@B@B@BA@@B@@@B@@@BA@@@@@@B@B@@@B@B@@AB@@@@AB@@@DAB@B@BAB@BAB@B@B@@@B@@AB@@@B@@BB@BB@@BBBBBBDB@@@@@BBD@B@BB@@BB@BB@B@B@@@B@BAB@BA@@@@B@@@B@B@DBD@D@B@B@@@@@BB@@B@@VDR@ZERBLC\\@ZSVKVBLFFR@RBV@JDNRLNA\\CPAN@HAPBJCNEFCJEXGPGVGDCJILETEZEbEHALATID@DDPPJJHDH@PAREbITG^GVELGNGDEACGICEGYFCNEHCNGBC@C@AIKEGDGJIDIBED@LAH@T@HEDABCAGIO@CBCD@RBPAZ@H@JBL@LAR@LDNAPCF@JBF@BABC@GAEBA@AD@@BB@B@D@B@HCFGBAD@DAD@F@DBB@BA@@FCB@D@@@@AB@@AAA@A@ABA@C@@DABABEBCBA@O@CBCBA@@BDB@@@B@@@B@@@B@@@B@DADBB@BA@@BABA@@B@B@DB@@B@B@@@B@@@D@@@B@B@B@B@B@DCBABAFCBABAD@@AB@@@BBBB@@B@B@BAD@BABAB@@@BDBBBBHBB@@B@BDBB@B@BA@@BAF@B@@@@@BAB@BABBB@@@@BBA@@B@@A@AB@BABBB@B@@BB@@@BAB@@@BBB@BBB@D@B@BB@BB@BBBB@@B@B@B@B@B@DBDBB@@@B@F@@@B@BA@ABABADAB@B@FAFAFABAB@DBD@D@D@FBD@D@HAF@B@BBBBBBDBD@DADABAB@"
					],[
						"@@@BDHBDDDHFB@L@FBFDTRHHFBD@DBD@J@BBB@BBAD@BADBBDFBB@DBBH@B@DBDDBBDB@@F@D@JABBDDDBB@FAFCF@BAD@B@FCBABAB@DBDBDBD@FAD@DBDAJBRCJPFPLFNLNEN@ZBHATGDANB`AB@DDDDDDD@D@L@BBPABBJJFDHBDBB@F@LCHBDAHFD@D@F@FADCB@FBNLFBF@FBN@HCTGLGJE\\G`A\\MhCdD`]XMLILI@CACCGCMAIAEA@ECIGECKAKDMDS@YCGACAÍoQ_HHW@OBIBi\\KBwOA@K@GAACCIAGBEDADA@ECIGGMAI@EBGHOBQ@GEKGÃSI@@@E@G@CACCGCOAAAEEACA@E@GAE@E@ABABCN@B@HAF@F@D@HDHBHFHDFBFBF@DADEFDD@F@F@DDJFH"
					]
				],
				"encodeOffsets": [[[
							82404,
							33318
						]
					],[[
							82907,
							33327
						]
					]
				]
			}
		}, {
			"type": "Feature",
			"id": "542524",
			"properties": {
				"name": "日土县",
				"cp": [
					79.731937,
					33.382454
				],
				"childNum": 1
			},
			"geometry": {
				"type": "Polygon",
				"coordinates": [
					"@@E@E@AAKAMBEBE@GBGJABGFE@IAI@KDI@EDIJMNIFCBGBC@IAGCECE@IAGEEFADCBC@IIECGAE@EDI@M@SBYBC@IEOGQDIBKDSHKFC@CAEAEEGCWE]EOESOWOOGC@AEEI@@ACGGIOMMGCKIEIK[IUMKECI@SJEDGDKFMBC@IAMEKGOOEE@C@K@A@C@CCEC@G@MDI@Q@I@ICGCOUCCGECEBGm@MAm@K@c@G@E@CAA@CCEGCCEEKG@@CCCIAGBECQ@EAI@G@E@EBCFEBABIBGFE@EAGEGWWWOMKKIMGECAGAGCEEAAC@CDGBE@II[GW@MEeMOACEIGCOEUAO@QDYDWFOBKAA@MACA@@@@MGCCIACECEACAGAEAEEI@CAABALGBEFKDCFCDCFADCFEDAD@D@BA@A@EBEDEDCFAHAFAD@FBLBFBFBD@F@F@DADCFEDEBEBEDEDCFEBA@CBC@E@C@AB@DADABCB@H@B@J@DBFJLJFFDDBAHCLG^GRGNGFEJIBCB@FAF@FAFAF@F@HDBDBBBDBDJFDDBBBBBBBAFADEDCFAD@F@LAF@DCB@@AD@D@DBD@DCBCFCDCFAHAFAJAFAJCDAD@FBD@B@BABCBC@I@G@C@AACCAC@I@AACACAAACCACBEDE@ALILOHKBINcFQ@KBCB@ZGDEJ_D[FELSNST]VcJOHKFGP_V[nwHIDCFEDEFG@CBABC@CBC@ABABCLKBABCFIAAAGACACACECGECAMCCAE@C@C@I@C@CACAAACAAC@ABG@ADG@@FIBKCOG]@EBK@CAACA@@GEIBIEOICGAKEIOC@AI@E@KFOBGDMHIBMAGBCDEFIBK@CBCBA@GKGBIDIBMAG@[DQBEACAC@C@A@OFKDA@GDA@A@A@EN@BATAFABABCDABEDOFOFABABGDE@A@GFA@EFEHABEHCDCFABEJ@DCH@DCJMPGBOBSBU@I@E@IFGLCBCBCBEBCBABAF@DADABEBEBADADBD@D@@GDCFCBIBCBEDCBE@G@GFA@GFULCDE@MGQO_MEEkgIMMIWSYMSIWAYBG@OKEAE@KFIF[HKD[BGJQLCLCBCBEHAHGLGJ@BAR@FADA@A@G@C@@BABABIFOHQFQFOASAMCKCOMOKMGQIUIUCWAOC[GYDOF[DSFUJSFMBOJENEL@NANAPELKHMXOJUCKKOEQKWI[OKECEAGE_AMFEDIAEAGEEACBIBABE@@@AA@AACACACACACAAACCA@AAA@CA@@@A@A@A@A@CA@CEAACCCA@AAC@AA@BA@AAA@A@ECICGAC@C@EACACACAAAAG@CAGEIGAAKGQMECEEGACACAGAI@EAEAEBK@EB[AMBSHE@CAAAC@EBKASDI@[JGDABA@CAC@C@GBCBAD@L@DA@C@A@GAEBGBODG@QGG@C@EBKBCBCBE@IBGBIBIBG@IBG@A@@AGEIECACAAEAC@AA@C@E@IDG@C@CAA@E@AA@A@ABABCBEFCDABIBAB@D@B@FABABCBEBADABABWACAC@ABCB@BABC@CEGAA@EBCBCD@@ABA@@AACA@CCEAAAABC@A@CACCAICGAEBCBCAEACAA@CBEDC@G@E@E@CBC@CAC@A@EBA@CACAG@ABCDGBEBC@E@MACACEC@E@GDCBC@C@C@AAACEECAEAAACCAAA@EAGAC@CBA@@A@AACEECCECCGEICACAA@ABCBCBC@CAAAAAAAA@E@GBC@C@EAC@C@C@CAA@ABEBEBEBA@A@CBABAB@BABA@@@E@A@@@A@CACAA@A@A@A@A@@@AAAAA@@AAAA@C@A@AAA@AA@@A@AB@@A@@AA@A@AAABA@@B@BA@@@AB@A@@A@AAABA@AB@@@@A@E@AB@@ABA@A@CA@A@AA@GAAAAAAC@@A@ABABC@ABA@A@@@AAAA@@A@@BC@ABABEDABABCDA@A@A@A@A@@@C@@@A@@@A@A@@@CAA@A@@@ABAB@@ABA@CACBA@@@A@@@A@@@A@@@A@AC@@ABAD@D@PABADAFABCB@@@DAB@B@BBB@BA@@B@@C@A@ED@@ABA@CAE@C@CBC@ABEHGDA@C@A@A@@AC@@BABBF@HADABE@IAE@ODMBKCQ@KBK@IAG@Y@OBQAC@AD@DJPBHADCBGFS@G@KBC@AFCJIJCHFHJL@B@DADMHGDMFEDHZDFHJBDCFMHKHUF]HSHaJQFOBG@GCIIOOCCC@SJKBGBaFYFSFKFIJCDUHOHWHIFEDMFIDOAGBM@OB[DMBQKCM@IAU@QEQKEUAULYT[@KDQAYFQ@UC@@@AA@@A@@@@@A@A@CAC@C@A@A@@@A@@B@@ABA@A@A@@@A@AAAA@@AA@@A@AAC@A@@@@CAAAAAAA@@AAA@@AA@@@A@@BA@@@A@A@A@ABA@ABA@A@CB@@A@@B@@A@@BA@A@@@A@A@@@@@@@AB@@A@@@A@@@ABA@A@C@@@A@A@@@AB@@A@@@ABA@@AA@@B@@A@@@A@@@ABA@ABA@@@@BA@@@@@@@AB@@CBABABA@A@ABABAB@@@@@B@@BB@@@@@B@@@@ABA@ABABA@@B@@AB@BA@A@@@A@@@A@AAAB@@A@@BA@@@AB@@@B@@@@@@BB@@@@@@@BA@ABA@ABABA@AB@BA@A@ABC@ABC@A@CBA@A@A@ABA@@@A@@@@A@@@AA@@@AAA@A@A@@@A@A@A@@@A@A@A@A@ABA@@BA@@@AB@BAB@B@BA@@@A@@@A@A@@@@@A@A@@@A@@@@@AB@@A@@@A@@@@@A@@@A@@@ABA@@@A@AB@BA@@@@BA@@B@@AB@@ABC@@@AB@@@B@@@B@BA@@B@BAB@@@@ABA@@BA@@@C@@@A@A@A@@BA@@AA@@@A@@@A@A@@B@@A@@B@BA@@@A@ABA@CB@@A@C@A@ABA@C@CBA@ABA@A@CB@@A@@BA@A@@@@@A@@@@@A@A@ABABA@@BAB@@@@ABA@@@A@A@A@A@@BA@A@@@ABA@A@A@A@@@@BA@@BAB@BA@AB@@@@AA@@A@@@AAA@@@@B@@AB@@@@@B@@BB@B@@@B@@@BA@@@@B@@@@@B@@@BA@ABA@A@A@@@A@A@ABA@A@@BC@@@A@@@ABA@ABC@A@A@C@@@A@AA@@A@AB@@A@@B@BAB@@A@A@ABAAA@@@A@AB@@A@@BA@@@AB@@C@A@@B@@A@@@@BA@@@EDCDCDA@ABIFGDIHKDMBIBSBOAA@EBE@CAC@CB@@C@MBEB@@CBCB@@EB@@CB@@AB@@ABC@@BCB@@CDCB@@CB@@ABA@AB@@ABA@ABA@IBIDE@IDCDOD@B@@@@A@@B@@@@A@@@@BA@@B@@AB@@@@AD@B@@CB@@A@A@A@AB@@A@@BA@@BA@@@@B@BAD@BABABABC@A@C@A@A@@@@BA@@BA@@BABABA@CDEDAB@BABA@ABABCDABA@AD@@@B@D@N@B@@AB@BABA@CBA@A@A@@@E@CAA@C@A@A@AB@BA@@B@@@B@@@B@@@@@B@B@@B@@B@@B@@@@@BB@BB@@BB@@BB@B@B@@@BBB@@BB@@@@BB@@@@B@B@@ABAB@BABABABA@ABABA@CBAB@B@@@B@@@@@B@B@@@B@@@B@@@B@@@B@@@@@B@B@@BB@@B@@@@@B@@B@@B@@@@@@@B@@@@BBB@@@B@@@BA@@BA@A@@@A@@@A@@@@@A@@@ABA@ABC@CBA@ABABA@@BA@A@ABA@A@@BABAB@B@@@B@B@BBB@@@B@@@BB@AB@@@B@D@B@@@BAB@BAB@@ABEBA@C@ABA@CDABABAD@@AB@@A@@@A@A@@@@@AB@@@B@@@@@@ABA@A@AB@@AAA@AB@@@AE@AAA@A@AAAB@@CAA@@@AAAAA@@@@@A@@BBDA@@D@@CDAB@BAB@BABABA@A@A@C@A@AACCC@AA@@@AACA@@A@AACCAAAA@E@A@A@CFABA@ABC@A@C@C@@B@@@B@B@B@B@D@@@D@B@DABABCBA@EBABABCBADA@A@A@CACCAAAAC@CBADAD@DBBBB@BAD@BA@EBABADADAB@DBHADADEBEDA@@HAHAJAHAHAJCJAHAH@HAD@FAHAHAHAJAHE\\ERC`@NDRHVRZHHFLALENKJEDAB]TYAWJYTMLSHMP@NDHRNAFQBKHWHCBKFMNC\\CjBFAHGJMLIHG@A@KDkCWFSPKREPE\\MXSHWNOPi\\GHI@_DWDC@WHEBKHEJARINKLKNGT@L@NOJOL{xUZafEFEP@LBX\\FNBDBHEBmEQ@UDUTOPGJKT@ZNRô´BFENKVGLGPCPERANFZJhB`EhIPEXDLJJFJ@F@JALEFyRAB@DBFHfBNBJJv@HEPCHEF@@MHSJUJGHGDODI@GAUDIFMFKFGJ@P@NRRDDDJCHIJBLDLLHPALIHEHBJJRFZAZ@R@\\FNJBBBBHF@BLLXTPRJJRJLAJELGTGJ@DBFFFTJDJ@LBJTBHHLJDNAJMHGLEZKH@NFLJHJBLBXBNDHHPHVDTDFHFNNJLDRBLHZLV@JDJFNBLBJCH@D@L@JDDHHD@TCvGRBNDHHNH@B@BABADCBABCHJTJHABABCDABABC@AB@BABCDCBCD@BADAD@DA@CBCBCDA@BBBBBB@BADCD@BAD@FADCBAFCDA@ABADEFADB@RHHDDDFBF@F@B@BDAD@D@B@DDBBBHBHBDBDBDDB@D@D@DAF@B@F@@@BABA@AACBCDCBE@ADAB@HAB@BDVRXJVDVLTFVDTFPCJMNINMRCLBNI`CZAXDRFPHNLHHJHRDPDV@TBRBNBPCJ@XKXMT@bHZJXJXFTFbBVBlFVDT@TMPFPLJXDHRHLEJGFMXKV@XFXFTMXMhCfDVD^\\LRHJTFRIdIVFV@\\BbB\\FXTNHLJTXLHNJJJPJBPMLKLGHCLPXLTDVFPJVJRHJN@JL@RANUPQNGPHLbFNLJBXFB@ABALGXBLATAN@DCF@D@DHJBDBHDDFDBBD@@@@D@D@DFFHJ@HBFDDJB@F@D@BAB@BB@BBBD@H@@HJFJJFDD@DABAB@JDJFDDFCDEDGBCFO\\@FAFCB@DDDHDF@@@BB@DCDN@DAL@DBHDF@HBB@HADAF@JAHAB@B@D@DBDAD@DADCB@B@BBB@BBBD@B@BCT@H@DBJBFBDBDBB@@@BBHXLFB\\@F@DB@@@BABAD@BDBBFAFER@DHBDH@FDFBD@FAFABG@EBGDCDAF@D@NAJAFADBBFDBDBD@BB@FBL@F@BDCLEBGBCBCFCH@B@BBB@B@BBBDBBBDAB@B@@@BDFTDL@B@BCDOLCFAD@B@BTJ@@@BB@BBHLJP@@DDDBJDFDVTDBF@ZKPCHCF@J@D@DAB@F@t|VDDDHRHJHBDDDBBDBFBBF@DADB@DBD@BCFCDGDGBCB@FBHEL@DBBZHRFHBHJDH@HBFBDDBJAN@HAP@DBBBBFADD@XAZGPEL@FDPBN@JBNAFADC@@BBHL@BA@KFGDGDKFEFCBC@EBA@@BAN@NADKJGFADEJEFCBGDEBEDGFCDAD@@ABCDABABCBGFEHEDADABCDABABCBCBAB@B@BD@BBB@BBDBBD@J@B@DBDBDB@BD@B@B@B@DAD@D@B@FBBBDBBBBBB@B@D@D@F@DBBBDBJBD@BFFFFBBBBFDDFBBBB@DDFBBAF@B@BBBFBBBB@FDDBD@JDD@B@PAB@D@F@D@H@B@H@B@DBD@H@F@D@H@F@B@B@BBD@FBDDBBBBDD@BBBBD@@BBFLJHJFNTHBHBDBB@@DGJ@DBBHBBB@FDDFDNHFDHAHADABACKCQ@GBGDEDEDAD@@@HAPAD@JAD@DADAB@@@FABADANCB@FAD@D@D@FBF@BA@A@CAA@E@EDA@@FADAHAD@D@DBHDHFDFBBBBDDD@HAB@B@FABAFAFAHCF@@ADC@@BADAFADAB@JFNBNLJJRHVATMLIHG`@VBHKBUFKPEVEPAHKGQCUVCPAXAV@V@T@TAZDVD^D^D\\BdD^GXSZIVEZ@ZJJDXGJILMLEVAjBfAZBJC@@B@FBB@B@@B@@@@A@ADABABABGDEFEHAB@@ABA@E@A@@B@@@B@@CJ@@@@B@F@H@N@B@D@FBFBFBD@@@BBBB@D@F@B@B@B@@BBDDBB@D@BAD@@CB@B@@D@BBDB@@@BBBBD@@@B@BA@C@ABEDEBA@AB@@BBB@@B@D@B@B@DBB@@@BRRRRJJbGVFdLBEHeNAPAVIFMTO^EfHRDPCHKJQDQJWPUHA\\PPDRCLCVCD`NHVF@@@@B@HAB@BABB@ALBFAHALEDCD@B@DDD@LADBB@@B@LBBDDDBB@D@BADAB@BABABCFAF@DBDDBBBB@BHHBBDBB@@@BA@AB@@ABAB@@ABABAFCBAD@F@FAB@BABE@ABC@A@AD@B@BBD@HDHBJDD@DAFENCJ@JDH@FADCDAF@DADEBCDE@G@EFGLGPGLCFEDEFGLCJ@L@@ABADCJKDG@EAK@EEMAE@GDITUDEDAF@DBFDF@P@DBJFJ@J@FADCDC@@D@J@FBD@DAB@J@B@HA`B^@dC^@bA^BVDZJbRPH\\RXBv@\\LPBPB^E`GPEXETBRHDDNBPHVFf@HALAFBHFFHFLFPFHFDBFFHDDHBJBJDDBF@D@FGBAJAECAAAC@C@C@CDC@@FABAHAFAHCDADABADCAC@ACCCEAC@C@ABCAC@AACAAAIBKJOJGNKPETERITGTMTKTBNFTF^FXDTDVBX@RBZCPAVANAPCT@TDT@TAZAZ@RARGZDVB^@Z@VGRELCRGHGJM@OEWKMSGEK@UCMBO@S@KHIPEHG@SHIBQJSDOJOHMLOLWJMFMHIVOJKLMHW@OAM@KISES@OASBQAM@K@KDM@ODK@OBKBMGKEMISGM@KBKMQ[GQCQAOCMGIMEIEKCOQMOCQEMEH[HMHQBOFS@KDQHSFKBKCKOOOICA@AAE@@AA@ABA@AFADADC@A@ABAPIPGLCDCF@J@N@LBJCF@LAD@LAF@DABCDA@C@C@CBE@CAAEE@A@@DADAHABADCDADBBAHAD@FBFBF@LBF@D@D@B@AAAAAC@ABCBCDABA@A@AAAACBAAACGCEAA@AB@DAH@BADABCAAACC@CAEAECECGCA@CE@AA@EBA@C@CAAE@C@AACA@AA@A@ABADA@A@AIACAA@AA@A@EBIAA@AA@CAAACG@C@@AB@BAB@@A@C@CACAE@GCCCAAAC@ACA@ABA@E@CBC@AA@@AAA@E@AAECC@A@@BC@CD@J@D@DABABADCDCDABA@C@K@ABCBADAD@B@BBDBF@D@DAHCBABC@C@AF@DABEAA@ABAB@DCBA@CDCHGBGBC@CCC@AB@BABA@ADEAA@@G@]BQAEA@A@ADE@C@@FELADCBABC@C@A@AA@AAAC@AEE@AAAC@AAKCEAAAACAA@AAA@CBA@E@EDMDIBCACBC@CBEAG@IB@BABCHGDEFEDABA@CAAI[GOAAIIECAC@AHEJG@A@@@@AACACAAGBGBADCBA@A@AAAACAA@ABCFE@AB@B@J@B@DCBEBCDEBA@A@ACAOEECA@@ACAACKICGCECECE@IACACCCCEEAGEGEEAECCEAGGQEEAIEQKOAAC@E@E@AC@@EAAAAA@AAAE@@@CBABAAA@A@CCA@@@A@@BABABA@@B@@B@BBB@AB@@GBA@@B@BB@BBB@BB@BAB@@A@C@A@C@ABCACC@@CBA@A@AA@@@A@@DA@AAAAAAA@@AA@AAACAAB@A@AB@DA@@BAA@AA@@AA@@@ABAD@BA@AAAAAAAAAACACAACCC@AAA@@A@ADABOBIDEDGFIDEHIFMJMHIDELQb]FGHULWBCHOFKAGBIDGNONSZQ`UNI@CCGGCGAMEIAMAIAC@GBC@CAOUEICAGE@ACC@KAO@EFIBGBEBE@GBCDABCBE@CBCDIDEDGBI@I@AAEEEMEIAEECC@C@ADGCECEEM@CAEAACCIC@AAA@I@C@@@@@ABA@ABCDE@EBIBCL@B@@CAABCBC@CAAGACACCACCAEACBIBC@@ADEBC@EAC@EBEBCBCDAFAF@DADAD@F@D@DAHCD@D@D@DB@CFEDC@A@A@ACACA@@@ABC@A@A@ACCE@E@CAC@CCCCCAAAKCE@GAKBC@E@EAEACCCCCAC@CAAAGGAAICC@AABAJGBABA@CAACECCACEI@A@@@AHAHCFADATKFCBA@C@@AAEACAC@CGCACAEACCA@@A@AB@HEDC@ADCDAFABADABABEBCDCDAFCHIFIBC@A@GDCDCBCDIDE@C@CACA@OCA@AA@E@G@AAAEBA@AAAEAGEGACAAACDABA@C@C@CCE@A@ABABABC@AAEAAQGEAE@KAE@MAC@CAACACAACCCC@CAE@ACAICAA@@C@CFEBE@MCICCCEAE@A@E@GBECGAEAE@E@EBAB@@"
				],
				"encodeOffsets": [[
						84204,
						34288
					]
				]
			}
		}, {
			"type": "Feature",
			"id": "542527",
			"properties": {
				"name": "措勤县",
				"cp": [
					85.159254,
					31.016774
				],
				"childNum": 1
			},
			"geometry": {
				"type": "Polygon",
				"coordinates": [
					"@@@@HAFAJBDBFFFDD@FBB@D@BAB@DD@@NJVFTBdATMNKLKXGXCXGNEHUEW@IHEVCNQFUBULILGLCR@POPGL@JBRNLPLVJJVHRALGLGXG^EBICMCMDKCKBKFEHGLENCRELK@UBENBXFREXEjMNCNERGBEQ[GU@KPKROFKNOHKBOBUDQJMNO@KJQHGPILC\\BZAJINILCR@TKXCNMTGPGXCPE^@VFPKLSNMNKRAfAj@xEPMGYAMHMRAVGPEVELHVA^APEPQPM\\KR@VFVE\\GXDPATGVGTIT@ZD`DXH@@JDN@LKDKFQXGJGRGFOBUASAWCMDUCUF[RSNQLMHK@UAQKOAK@SBODMDIBAECYI±}O~UAR@H@B@@AB@BAB@BAB@B@D@BAB@@@B@BA@@BABA@@@A@A@ABC@A@A@@@ABA@ABABA@ABC@A@ABA@CBC@A@A@@@A@AA@AAAAAAAAAAAAA@AA@AAA@A@@@AB@@A@A@A@A@ACA@A@@@ABA@A@ABA@@@ABCBCD@BCBABA@@@A@A@C@A@E@A@A@A@C@A@C@@@AAA@CBA@A@CBC@C@C@E@GBGBCBC@C@C@C@A@C@A@A@A@C@ABCBABABA@A@E@C@E@CBABCBABABABA@AAAAAAA@A@A@ABCBA@A@A@C@AACCCAA@A@A@ABABABA@CBA@A@AB@BE@G@M@C@CAAAACCAAAAAAAA@C@CBEBCBC@A@C@GAAAEAA@CAAAA@C@A@CAAA@AA@C@C@ABC@CBCBC@CBC@@AAA@A@AAA@AAAAAAAAC@AAA@C@A@C@A@A@ABA@ABA@A@AAAAEAA@@CAC@C@EBA@A@CBC@CBA@AAA@@@@A@A@A@AAC@AAAA@@AA@A@@BA@CBC@A@@@EACACAC@AAA@ECAAC@CAA@@AAA@AA@@AC@CAC@AAA@A@AAAACCCACCAAAAAACAAA@AAA@C@CAEAI@CAGCIAEAEAKAGAIAE@G@G@C@C@GBG@EBKBGBGBCFKDKFIDEFEFGHGJGHGDEFEFGJIDGDEFGFIDGDGFMDGDGBEBGBE@IBCAG@GAIACAG@ACGAICCAGOaEMGKU[CEDGNUNQTQJKPQXEHIIMIO[CoGMHMDMLCFGFEBC@K@gAKAGCEC@ACC@A@E@A@@@CGGCGEGEGCACCCEAC@C@ABCDABEBC@C@C@A@A@CBAD@F@F@D@FBDBB@DABADAPIBA@A@A@E@AB@DCDCD@D@HAFAB@D@BBBB@DBBBBDBD@@CBA@CBABADAB@F@H@B@DABCFGFCDAF@F@B@DBDBDBD@H@J@FBD@FAD@BCDAD@@@FBHDFBDBDARGFCF@BBDDFDBA@AJUAAGKBCBADCBADCBWLoNc@AL]BABEAAAA@CBE@A@CAEACAC@AAA@A@EBA@CAA@ACCAA@CCM@ADI@A@AACAA@A@@AMCK@EAC@KDO@@@C@A@M@EAC@EBC@CDGBCBCDCBAHEFCBABA@EDCBCDAD@DBHB@@NGDCBC@CCMAABABANCFCBA@QCICA@@E@YJIDC@IFEBE@EBC@ABABAD@BCBCBABCBCBABABAF@BCBA@ABAB@BADABA@A@AA@ADG@ACACAA@ECAC@A@QDU@OQOGKYAKEEQCOIOSKYMc@UBQB@UB@@AAA@AFCBAD@FAD@FAJCDCDADCFCFCFCFADCFEDCDAB@DAB@J@FBDCpÇBEBKDGFGDEDCBAAACECCAC@I@C@C@ECGAAGGAAKAC@EFABEBG@CBEFCBC@E@E@G@EBABAB@HCPABEDKHABAD@B@H@@ABC@@BA@EAE@AAEAAE@CBIAIAM@OBCDE@GBGAGAG@G@GCI@E@CDEBCBMBAB@DAD@XD@@@@BI@ADCJC@@DGBAGIACA@E@GC@A@A@ABADC@@@CCCAAAAG@DOAIGOQGSCUAQBYBWCUESKUGOKAKSKECAC@ADAXQBADEFEFMDEDGDGDE@EBC@E@C@G@G@M@K@AAAKCEAC@CAKA@@A@MAC@E@IAA@C@CBC@KBE@C@C@C@O@E@E@CBC@C@ICCAA@EAGCCAGAC@CAEAC@CAGAAAIAA@C@C@M@CAG@@A@C@A@@BAAAEACAGAIACADG@CACCCGGBI@EBEBI@A@EDAHAHADADAFAHCHGDCDA@@FAHABAJCDALEFAF@HMDEBCGGEGCEAEAGBEACEAG@G@EBEBCBCBEBCBS@EAEAECECAEA@@FCFCFEHEDAF@DBDBBADEDCB@D@D@FAD@F@BEBA@GDCBEFIL@@A@A@A@CCCCAC@@C@@@IDE@G@EAAAAAC@C@EDMAK@QVIPIRINQHOUOEIUKOIQUWAKCSDMCK@MDKTQFOFOAOESaQMCWASEMBS[KMUIIEMEQDMLQTKHSLWFSFSAOEKEU@KCOIOEYESAQJIRBTCLQLOFSJUFSRIRKRKJM@ME[JULKHERIJSJONOJMJMLQNSHSLORORODORGTONKPIJKPEVMLIJ]BSHMNILOF@THRFLERKFUA[EcAM@OBKNCLKHO@YOMDKHQHMFFRARMLHRNJFTGRAPGRDX@TCVEJDPINELTPFNDPBR@VINENEHONMHMJQN@TFPDP@@@BAD@DBFBD@FABABABGBGBKDCBI@EBA@C@C@ECA@C@ABA@ABA@EAA@EAA@C@C@C@ABEHABADELADIJADADKJIHCDCFCF@NCHGNADBDFDBD@DCDEDIHCFGHEFABAB@D@BBDBBFF@BBB@BAD@BABC@IBABA@@DADABABADABADBH@DAD@FAFAD@BAD@H@BA@ABCFAFCBIDQBE@G@EAGEGAODUJGFIDEBA@CAIAEAYBCCEEICGAI@IBCDCFBFDDJDFFADEDYZABEBCDADAD@BBD@BBDAB@BABADAFAD@F@D@DBDFLRHDBDDBDDFDFJFHHNL@@BB@BA@CDWLABAB@B@B@F@B@BED@B@B@BBDNJFBDBBDBBB@D@F@B@FDHBD@B@@BBB@BBJ@D@BA@GDA@@B@B@BLDD@FBFDBBIFCD@FCHEDEBGDIBE@EDKHGF@@A@G@AB@B@BBJALBD@BDBDBP@P@B@BB@@@BCDADABCBSF@@@B@D@BBBHBDBJBF@B@DBBBBBD@B@B@LDHDLBJJ@BCF@B@@@B@@JD@FDVBZATBRJRJLXLJNNPHN@@@@KP@DRDDDDBBJBDBBFDHBHB^RBHCTAJFFDDDBBDBFBB@@@BTLjTRFLLANHPNNJHPLNRJBBDHFFDHFJHzHBL@B@DAB@BA@C@ABADABAD@DAJ@DBD@DBBBBDDJBB@DABABABA@BBBBJHD@BD@BBD@DAD@BGHCDABCBABABCDABCBK@EB@@ABEBMFUPSPCB@@AHABABCBCBCBABABCBADC@C@C@AAAAACCAAAA@A@C@CBEDCDAD@H@D@D@DB@BBD@FBD@BDBBBD@@@@BFBF@DBB@DDF@D@BAFAD@FBF@BBB@BAJADABCBCBCDGFIHCDCDAFCDA@EBC@AB@B@H@DAB@B@@cK[IEFEFGHGDGBABAD@FDRFJFHVXEDOLMDAF@L@DPfJn@Bi^GR@jDDDJFJBB@BABABCBAB@B@F@DBD@DA@@@GBABAB@@@BBBNDDBBD@B@B@@@LEFEBCFERGDNA@kTA@A@CBA@KHA@CB@@ABBBAB@@CBAAAAA@A@AB@@DD@@ABCBABC@G@A@@@ABADAFAF@BAB@@@BDDDF@DBFABCBABA@±QABABA@ABAAG@AACAECECCACAC@C@G@I@IBA@GDC@CBG@E@EBE@GBE@E@EAEAE@I@CBC@CACBCDCBA@C@AB@D@DABABEDABADABABEBC@ABCDABCBCBABCDE@ABAB@@CBCBEBA@E@E@E@CAA@A@CDE@CBABCBADADABC@A@@ACACAA@A@CBCBABADA@@BEAC@A@@BA@GD@@A@EA@@GCA@A@G@@BABABA@M@CBC@EBCBCDA@ABGBAB@BBDG@BDJLELCDAD@D@HDB@F@D@F@FBB@DDB@JBD@FBLDFFDBB@FBL@FBBBR^BHBFBB¦JBDAF@DDBD@JBL@XNDLLNAJBJBBNHHB\\@HEFED@TNDHBDB@F@JC\\@FALAXBBANKHEvOlPHHBLTVHFXLBB@B@B@F@JDFBFCFGF@DDNDHHJBDT\\HFPN\\RVPANCLCF@BBBBBDBJ@D@BBBD@B@H@BD@BBDBBD@B@DABED@B@B@BBBDDB@B@D@F@FAF@F@FBFBBDBBDBD@D@J@FADADAHAB@BBBB@DBDHBB@B@BAD@B@BBAH@@@BFABABAF@F@B@DCNORQRGLCRKBOAOHKRKXBX@R@TGNER@LATERIVKVHRJNDNCVMZ@XAXCPKJMZBPNBNKJSPCTCZBJDHHHLHVJTJPBLAVK\\KbCT@N@PDPDLFPDHD@@JBFBHBBBDDBBDF@DBB@@FBXLJFDNDBBBRAJA\\CHA"
				],
				"encodeOffsets": [[
						87187,
						32419
					]
				]
			}
		}, {
			"type": "Feature",
			"id": "542526",
			"properties": {
				"name": "改则县",
				"cp": [
					84.062384,
					32.302076
				],
				"childNum": 1
			},
			"geometry": {
				"type": "Polygon",
				"coordinates": [
					"@@GBCAA@A@E@EAA@AACAGCCECCACECKK@CAA@AAA@AAE@C@@@C@A@@AC@CAAAA@AAA@A@A@@@ABG@A@ABA@A@C@AAA@A@@CE@GAE@E@ABC@A@A@ABA@@BC@EBA@ABA@C@ABA@C@ABC@C@E@ABADGBABABADGBABADE@CFKBC@A@ABC@ABC@ABEBCBCBADADABAFADADCDABABAB@@@AA@AAAA@A@CAG@E@GBIDA@CBA@E@IAGAA@A@AAEBE@A@EACACACA@A@A@E@ABABA@ADIDC@A@A@ABA@AAABAAAAA@AA@AC@@A@AAA@AAA@CAA@A@CAK@EAG@A@GAE@C@CAEAIAAACAGCAAGCCACAECEA@A@@DCBA@ADAFCB@FEDABABABABABCB@BABABCBABC@A@A@C@CBABEBAFI@A@CBCAA@C@A@A@A@AAAACAC@@@EAA@CAEAC@CAA@AAC@C@EAA@A@CBCBA@A@A@AAEAA@E@CBC@CB@@ABA@A@E@GBA@A@ABADCBADAFEBADGBABABABGBCDEFM@@BA@ABC@ABADC@ABA@ABABABEBA@C@A@A@A@A@A@AAA@@AC@@AAACECCCAA@@C@AAA@AACACCA@AC@AAE@G@A@CBI@ABC@ABC@E@A@A@CAC@AAAACAAACAA@@AGAC@ACC@ACCAACCAACECA@AAAACAAAC@AAAAACACECA@AAAAACEEEAAAAAAAAACCCACEK@AAAAEACCI@A@CACAAAAACAAAACA@AA@AAAC@@AA@CAC@GDE@A@A@AAA@CAAACEEAA@CAABA@C@G@AACCGIGCCCCACGIAECECGIMAACAEEACAABA@ADAB@DAD@F@F@HBL@J@HABABA@ACG@A@ABABC@A@CGG@AAA@C@CAGBE@CAE@GAK@EAECIACCGCCACEIIQ@CAE@AACAEACACCCCIAEACAC@E@CACACGIECGEEECECCGIEICCCAKGGEGGIICAAACAAACEAKAAAAECCAAC@AAABCDCBC@A@CACACIMACCCACCCAC@E@GBE@C@E@C@CBEFEBABCBGBAFEBA@A@AAAAC@A@C@CBCFEBCDABADC@A@ACCACCCKGCCOIAEAECOAA@CAEBCAAACCAA@MACAA@ACACGGEGEACAEAEAE@CAECAAACCCEECCCAICCAIEIEGICAEEACACAC@C@E@C@EAIAEAGAE@C@I@EBGBEBCDCDGDAFCF@F@D@TCF@FAFALEJEDCLCFAD@D@DAJ@TGTGD@FAF@D@LBB@FAFAF@FAFADABADADCDCDAFCFAHEDCLGFAFCFAFCDCHCDCBAHEBCFGFIDGBEBCDEBABCHEFCJCLADAD@JCDCDABADEBEAC@ABABCBCBCBC@E@E@E@C@E@EBEAI@C@EAAACCCAAAAACCGGGCAEEEGCACCCAACAC@C@E@C@CACCAACGEEGE]@E@CAKBCDS@E@E@E@E@CDI@A@M@C@CBC@C@CCCCGBE@E@GBIDCBCJGFCBADCDEBEBCHSBCDEDCDADAHCDADCFADAHEDEDCNUHKBCDEBCDK@EBCBE@E@EBIAE@EACAICCAEAECG@C@CBE@IBC@C@CBC@CAC@EACAK@GAC@CBKAC@C@GBABAFCFADCFCFAFCLGHEFCBADABC@@RKOb[jDGHSDEBC@CAaCe@Q_i{y]_Aa@cAEGGOSEEEKAIACMEEEAgDaNkTWXMHEHAl@XBfBqFiHu@GCIOOAK@GBGBAxJSR]DIdOSEUCSCUKA@OGUIIEKKGG@C@EDS@E@CCACAECEG@Q@w_AIOaSEEwImWYO]OMEsOiQeA]IOA@C@CBG@C@C@CBE@G@AAC@AAAAAA@CAC@AAE@C@A@AA@A@C@@BABABEBA@AAA@AGI@A@A@ABA@C@AACAC@A@A@A@C@A@G@GAE@ABA@AJIB@BADADA@A@AB@AAvIpFdRRFD@F@F@JANGD@F@H@dDJ@FAHAHADAD@BAHMGWYU]KIIISIcSUQ[AGFCXINEDEDGAKCOCG@EUIoSC@CBC@A@AA@AAAEEAGCCEECAEC@AAA@CAAACCCBAAA@ABA@@FGNOBADM@A@AAEAAAAMIIKCICQMUEQ@A@CBCJMBADCFEDADAFEDAHELCBADCHEBCDCDEDAFAFADABCBABC@EAACCQ[qWSc@WDqMSG[IWKG[EM[K_[[am[iOkA_CÿE]QmQ{Q[iM_CmKomUyUgEmKeDgRUF]O[]OgOES[O[UOoIcKsK[UKWUiBUDSQKUIKUFaD_BI@GAIKWOYI_KYGQGQKMGK@SCKB[IScgKG_aQ]SaKQIM[SWQEMGSUYQS@SDIBWHYR[\\QhKVQR_LMVGCSFSDIBSNO@U@MAMKKEGCMFSNKLETUFMDOKKUEGO[[IKKWVO@A@C@C@@AA@C@@@A@@BC@ABABA@A@A@A@AAC@ABA@A@C@@@@A@EA@A@A@CHOFSJQ@A@C@CACACIG@AACOcI]IgCK@EBCBEFG`SBAFKGB[DIBQBAACACMIEWKEA@@AA@CCEAACCAAGAEAIA@@GCOCKEOCOCM@S@aD[LULKBOASIUIKGGGCGAIDYDSTOLIAMOMYAINOLWDWBY@UNMDMCQIUGULQJSFKBQ@MFSHQ@W@WAQLGLBPAPQLKDQHQRMPCDA@E@E@ABABEB@A@@BGAAA@C@ABA@A@GA@BGDMDEH@@ADCBWNIDCBADA@EFA@AB@BA@A@EAEAE@C@[LEBEDC@MDCBCAE@C@EAC@E@C@E@C@E@K@MBELSHU@U@iDW@YFOJGH@ZNHBPIPYZEPAHDFBD@DAHA@ABEBCDABE@CBA@AB@@EDABGF@@AD@BAD@@ABE@A@@@ABEFEBABE@ABEFC@CBA@A@ABEAC@A@A@A@CBCBA@C@AAAACACA@AAAEGCACAAAA@MOGGCC@EBC@CAC@C@A@CACBC@GBCBEFIDC@A@A@AAA@C@GBAFBBBBB@ABABEBABABEBAAABE@ABC@ABCAE@ABABADEAEBC@ADADCFCBADCFEDCBCDIDG@CFGBA@ABCCIAEAC@AAC@CBK@C@AAAACCCAC@C@A@ABCBCDCDCFCFADCBA@A@AACOECAA@C@A@CDOTCFCF@DADADIBODC@A@CAC@A@A@@BABC@C@ICIKC@CCAAACAC@CAC@CAKACACC@CAC@C@C@CBCBC@ECGACBA@@BAFAR@H@NAB@BABAD@B@H@BAB@DCLCFADCFABC@CBCAAAAAAAC@G@EAC@C@ABCDCBC@CAIACACCC@AAEBC@ABAB@FADA@CBC@EBK@A@ABCFABABC@A@A@CAIGCAICCAAAA@IAC@CACBMFCBE@C@ABCBA@CAGC@@GK@GA@GCCA@A@A@ADC@CBE@EBG@C@A@AB@@ABA@A@AAAAAA@A@A@ACEECCCAE@AAC@C@A@C@C@EAC@A@EBA@@@@AACAA@A@@@AA@C@KEAAAAABA@ADCFABABA@A@EAA@IBEBGBEDCD@B@D@BA@@@A@C@KBG@A@AB@B@BBBFDB@KJMJO@U@MQIKMKOEQCCCIGIQKGKKUAKBSDM@MCSKICMAS@O@QD[FYDM@KAGCQMIKMGMDMLGJGBEAWMQKUEAAAACAE@G@GBGBGBEBEDAFEFIFGFEDGFEBEBEDEBC@Q@EBG@AAMGGEQCUGSKGAE@A@[TUJ]BIBI@[AG@S@_CYAMAQFUDYDIDIFKBKCGIGAYBiHOHMJOBW@OBCDGLGNGFGDODEDALGRCHIBDJFLDF@DBNKFKFMJ@@[VSHGFEHCNCPITAFA@EA_Q_Q@@ACA@@AA@AAA@A@@@AC@AA@AAAA@@BA@A@AAAC@CBA@@CA@HIFELeEeA@C@KCO@QCWCSDMTEPEHCLGNMJK@GDMBQCSCOCMCKKMGIGGOCIOGA@KEGCGAEAKHGDKCKGGAQIEAKIEIAGHIHGFEEKQ@EFKFMBOAI@CDFHLHFLMFIHGFEDGBGCKAGAKACDIHKFIFG@GAICMAECGAG@KAEAMESGAINBH@HCGIEI@IHCJDJJJFLHH@FEAO@K@QJKJGNCPELCJCBGEEICEAKBQHQFM@KEKAKAG@OAIAIAKAIFQHKDK@EAGAE@MFGFEHEFEDEFAG@I@ECEKEKAGFGBAGDIDQDKDIHIBGFMFANCJ@JBLDDDLGNKHMJKPKHEREVCRCTEPCPCZUOCQBQDMBODSDMDIFMF[FIDOFUAATYHIASDWHSHMJE@@B@DCLCHSH@HANC@EEEAI@E@UCMAKE@ADADCBA@CIMEGAOACKCIAI@MFK@QAABALDDDJBF@J@F@@@B@D@DDFDFALKHQNITLNBTDNCRCRCRGVMLMEIGKAQBKHEDGDICUDKFODUAO@IAU@OCMCSCO@MCAHIHIRKNKLEJCHBL@@BBBDFJDDDD@BDHHNJT@DGJIHHJNBNHJHDDDDDH@@@B@BFDFDFBDBBDDHBHAD@HCD@DDD@BADBDB@DH@JAFAH@DGFIFCBGB@BDHDDADGVGLGFDNDDDJBF@NEJKHMPCFGJEJENBFN@LDHANOLEZQFG@EEM@C@IBABCDA@AB@D@B@BBDBBBBBBBD@BBJDB@D@B@B@D@D@DBJDNDD@D@P@TBD@DAD@D@D@N@F@LBD@FBH@L@D@D@H@D@NAF@JBDBD@H@HBF@F@D@F@F@FAH@FAH@LBHBH@HAPCF@FAH@NBPBJDHBHBBBBB@@B@BAAAD@HDDBDDBBFBH@RDFBJDB@D@DAHEBAFADABBIJKJAD@DAF@F@H@HBHFDDBDDDBDD@DDBDAFBDBBBDFDBFBF@JFHDFDFDJ@B@JAHAFAJ@DAH@D@FDF@B@BCBC@CAABADA@CBEDCDCDADAF@FADAFAFAVAF@D@H@FBFAD@F@DBBBBBLBBBBBNBHD@@NDFBDHDDDDNLFJ@BBBLNLPTXZ^BBFH@FEDAB@@BB@BBBADCDCDIDCB@D@DDFNFBDHHDF@B@FBFADCFCBGDEBG@C@ABBBADADKHCFOJABBBFBJ@FBHBRLFDNBFBDBBDADGFGJBDBNBD@F@DAFCFBFCHADCBIBIDEBGBIDCB@BBBHHHJPPFFDFDF@DEPEHIDCDCJADEBABCFCH@D@BDBH@FD@DB@FBHBH@D@D@DBFDDB@BCBCDADBHADCDCBAB@HCD@D@D@BAB@@C@C@C@C@AB@D@P@DCFEFCPAD@DEBEDCDAD@HBF@FCDHLFJFHRDFBFDLBF@BD@B@DADEB@BBBFFB@BB@DADEJCNJF@B@BCDEBEDCBKDABCHAFCJADBDDHBD@D@D@H@D@FAFEDOFAB@@@BFFBB@D@DFFFJJTJ^FNBFDF@tBHBBBDFBJFFLBFBDBDAPAB@DALER@DBDDH@F@L@DEHAFANBJABIJEBI@ABA@CBAAC@AA@B@@DFHDBBBD@BADADGFCDMD@@DBDD@DHHDJAD@BDDBD@DATABEDEDCB@D@DGNCFGF@B@DADIFOHEBCBCDADCN@JEFCHGHEFEDEB@BDFFN@D@D@FADGLCFADCBCDCBG@EDEDCFGJEFEHAHADCDELEFEFEDGFOJADAB@BAD@B@F@D@BBBB@D@@B@B@B@DBBDDB@@BCDGFCB@B@F@HALADCDCLKXShOfCHAHCHCJCJAHAJAHAF@DAD@DADAHAFELAB@B@D@B@BCP@D@D@H@B@BBD@B@B@B@HAB@DBJAJ@@@DAD@BAFADADABEDC@AB@B@B@@@BD@DBBB@B@B@B@@AB@@ABA@ABCBC@@@AB@@@BA@ABABA@@BADADADABCDCBGFEBEF@BDBDDDDBDDHBFDFDLDRDNBDBDBD@D@D@FALCPAJ@HAJAHAFGJAFCLCFCDMPGFEHELEFAD@@@@AB@BEDCBABABABADAD@HADABABADCD@B@D@FCJADUJ]R]RMJUHeXWPABCFCDKFiRMFSJSJUJKDSLSJA@CAICCAAC@C@ACACAE@E@E@EAEAEDC@EAIFKJCDGLCDE@C@SEECCDEFAFCBEEOIEDMHWDEDCDCBGT@H@@GFKJGJCDEBM@I@EDE@O@KAE@CBCDAFADCFCJABGJABEJ@DGDCHCLIREDEHABCDC@@@CBWHEBG@E@K@E@C@E@CBCFEVCHCDCHCDCJCHCHEHILCF@DGDGFABABCDADADABAD@FABC@ABC@ABABA@CACAA@CBC@AACAA@ABC@CBCDGDE@A@YCEACCE@ECCEACCAIAIB@B@B@DDJ@B@BCBCBI@C@GFAD@H@H@B@DAF@@BAFAF@F@FBHBFDHAF@B@F@FBDDJDNDF@FADED@@@BBJDDB@BBF@DDDDDBBBDBDDBD@NBF@LBF@FBRHBBBF@BADABAB@B@BDF@D@D@DABCBBDBBBDFHBHBFBBB@FABB@B@H@FBBB@PDB@BD@D@DCFCJADCDCD@H@BADEJGJEDCBCDADAFABCBABEBCBCD@BCDGFA@@B@BB@DDFBDBDBDHD@DBFBBB@@@DABEDSLCBEBGDGB@B@@@BFJBDDDDFBB@DABABIHABBBD@JDBBHHBBDBD@DBDDDDFBFBF@D@LAHBF@LDBBDBDDDDD@DBF@F@DD@B@B@BAD@B@@DBDB@B@B@BCDEF@DCAC@C@C@GDCBC@E@C@CBCBE@EBCBADADAF@FBD@FADCF@BD@JADAFBDBBDDDDBHBBB@DADADBB@DA@K@ADAJ@FCFAD@BAB@B@@@@@D@JBB@BJDDDBBBF@DFNDFDFCH@B@DDDFFJBNFFFBF@B@JAJCHCFCJAD@DAFADCBAD@HAFAFAHEJ@FBP@LDD@BHFDBFJPVDBD@HAD@JBNBJBNFHBHDDH@DMJ_VYRMTMPCHAJBHELGPADKXGVEHa^KRCFGJINENGJCFEJCHCFAJAPCB@B@BB@BBD@DDBBBDBDBBBBBBBB@BABC@AB@B@@BB@@BBB@AB@@CBA@@B@BBADBBB@BBB@@BBBBBB@BCB@@@B@@BBB@B@DA@@DDDBBAD@B@D@B@@@BA@AAAA@AAA@@A@AB@HA@@BAA@AAA@@@@AB@BABA@AB@@@B@DDB@B@BBBADA@@F@BB@BBBBBFB@@BDF@F@D@BBLPFRBJFFHRBHDFFDFBHFHFFBDFDDBDBD@JDFDFDFDHLJBDDB@BB@FDPFDB@B@BABCFADAFCDA@I@A@A@@BEFAD@BBBBDBB@B@BABCDABAHBHDBDBBB@@@@@BIHGF@BBDFDJJBBHPJ\\BB@DABCBEFCFGHADABA@@JBHAF@DADBDADCJCN@F@FAB@DBB@BBBBDBBFBLDBBD@BB@BFF@BBDBBB@@B@B@DADABCDKBEF@@@DCF@B@BFBRB^AH@@@BBCF@BABABA@@BDD@DADAHGHCD@DABCDA@AB@BBBAFCBE@@B@DADABGDCBC@E@CAAAA@C@CBABAD@B@L@DABCBCDCDABABCBC@I@C@@DAD@@@BDDBF@B@FBB@BB@@BAD@D@FAB@BDB@BBDBBDDHDF@DBDBD@B@@@BA@ABA@@@DDHBBDBB@@BBBAJ@F@BBBB@DBJB@B@BCBAB@B@BBBB@BD@B@DBFDBD@B@FAB@@BDFB@HDFDFDFBDBD@BDBBADCBABG@CBA@@BBBDFDHBBABBDBB@B@BABCBADAD@BBDBBBBA@C@C@E@KAE@EAEAC@GBABCACBCDABGBCBCB@@@BFFBB@DAF@D@D@DCBADCBE@KBC@KBE@IDKAM@I@E@CDKDOHOJAB@B@BCDCBEB@BAB@BBB@@BF@BDBPJPPDLALELGTCR@LETAPGRGNG\\NFRFPDRNDPFLFJJNNHPDRBRD\\HNRAL@LHNJTFNHLANAL@PCL@PCN@L@LBNARBT@PFTJT@LBN@PGXKNILUPGJENINKXKPGNIPCPITARGJ@TGHOFGJ@L@TAPDN@VFLTHLNFX@PINGHQHKDQFUHY@]@UAYCQHQBY@YBSBS@SCS@ODMBUBOBYDQAW@UASCWC]ESEMESASLSNSHQJSFOFMLIHIPALBJBBBD@BBDAD@B@DBDDFDD@BBDCDABCBCBGDEBGBABEB@@CD@D@D@DBDBBFDB@HAB@BBDBFDF@FAPBFBBDFLDBFBJBFBBBFFLDHFBB@BA@CBAB@BBBFBDBDD@B@DAB@B@DB@DBB@DB@BBH@B@D@FAB@@ABA@AFAF@B@DBF@DABABABCDAD@D@F@BBBFB@DCBAD@B@FABA@G@ABAD@BA@AB@DB@@@@D@@ABED@B@BBB@B@@ADAD@BAB@FA@@D@FBD@DDFFHDF@@@@ADADEF@BBBPBD@B@B@DAFAB@BBF@JBF@B@@ABAL@PLRVPFRFZBLDTJXHTRLDL@bOHDFXBXJJXFZCNAPDXPRRJPHHRDRARETCVFTLPLNNBLENCNJTPPNPAVGHGPGTARZHX@\\CP@VDLPLXBXBLDNNPTJTF`FN@VA`OPEVIXGXBZNPFXEVGXI`AGTGPGLUTGdKVEXIVMNOXETHVRNHLHNFTJFLDLFNB@FDDBB@BBB@BAJCB@RCR@X@L@JBHAJ@RDXFNALGBMPEVANBZ@T@bARCNGCQIKEQAONSNMJOHKFK@SBM@OAM@KAMGIIEBQJKJMFOFMFQDIDOHKRKRE^@VCVK^KPQJMFSLWNKNITOPGLGZEZ@bGTE^F\\FVLTNPRPFRCPKRGZMZCfClBXETCXKNCTBRCJEP@XAVBX@TBDAHCFKFAPAFBFBBBFAHKDEBCFCL@R@D@FDHDBBF@H@DDBBBBFAB@BABCBAD@F@D@HABA@ABC@@@AACAAA@CWHEZFbD`HZBRCLUREXFRFTJTLLHRJPDR@^@hBpAhB^ANCJKP@dHVBZB\\@BBBBD@LBB@B@H@FBFBHDB@@B@F@DBB@@BB@BBB@J@DDDHJNJDD@FBBDBJFHDDBB@FDF@B@DADABCD@D@F@D@DBD@D@BBDBBB@B@B@@ABBBB@F@DAD@D@DAHAF@J@JDLDDBDBB@D@HBHBFBBBB@DBD@DADCDEB@ACBABAB@B@F@DBDBB@D@DABAB@BEB@HBD@DBFBLHD@DADAHEF@DAB@DGBADAFAFCDA@ADGBA@CBADCBCFCDGDCBE@EBEDKBCBABAD@DBD@HFDDHFHDDDD@DBD@L@B@D@DBDDBBB@D@DCDCJGFEHCDCBGBABAD@D@D@FAD@D@DBDBFBFDDDBBDDFFDFDDHJBBBBB@FBFBHBBBD@D@D@FBB@JFFHDBB@BBD@DCD@D@DBBBDB@DDBBBDDJDPAJ@D@F@DBB@FBF@L@BBNDLBDBF@FBH@H@FBLBJ@FBDBBBDDDDBD@BDBLFFDDBFDLFHDD@FDHBHDDBF@FDDBJFBBDDFDDFFBTJPHRFB@`FFBBB@DAJ@BBBDBBFDDBDFFBDBD@BARBDBBDBBBH@DBBBBD@DAFCJCBMB[FEFAD@DBHAD@DABBFB@BBLBLDBBJBD@H@FBHBFDFDFBD@DBRDN@D@D@F@TBHFBFD@FBRFLHlRZBH@F@F@HBLAD@D@DDD@DBNBNBDBFBFBHBFDD@FDDBDBH@HDF@BBF@JBDBD@BBFDB@H@D@DDHBFBH@FBH@D@DAFAFAJAL@LBPDTLHBJBH@FBDBFFNLNDPFRPB@DBPCH@DBNHRBHDDBLVDBHBXBDDBBBFBBlNRDFFNFJDJBBBFBFDRBH@DBBBFBNBF@PDLBRFDDTXHHPXFDHDLDhHHBnHDBFANClEJAJ@F@F@FAFAJADAF@D@JBFBF@D@F@FADALBF@FDH@FBJDDBDBJHF@LDD@FBF@JBF@BBHBDBDDD@FBD@DBD@JDFDBBBBBDADABCDADA@BBB@B@H@D@D@D@H@F@F@F@JB\\NFBF@ZABABA@CGG@C@CD@JCDAFAFAFEJAH@D@FAHADCHAHCJEHCLCFCLIBARUDCDCB@@@BCB@@ABA@E@I@ABA@EBE@C@C@CBABEB@BA@@@@B@BAB@BBD@BB@@@@B@FBB@D@J@B@B@D@DABAB@@@B@DAHCBAB@B@D@D@B@BAD@BABAB@D@B@B@DAB@B@B@DABAHAB@DAD@FAF@B@D@L@F@B@@@B@B@@@DADAB@DAH@B@FCB@D@@@B@B@@@B@B@B@DAD@D@@@B@B@D@D@B@BBD@B@BBB@D@D@B@B@FADAHABAB@BA@EB@@E@C@EFEBAHGDAHCD@B@PCFCBAHID@D@BADABABAFEBAB@DAB@D@DBB@BB@@BBDDDBHBD@D@DADAF@DBDBBBBDDDB@FBB@D@F@B@@B@D@B@D@BDBFB@B@@BB@F@F@HDDB@DDB@DBB@BD@DAHBD@D@D@D@D@D@@BBB@HDBBBBFHBD@BDDBD@BBD@D@DBBBBD@BBBB@D@FBDBBDBFBF@DBD@DBF@FBFDFDDHBDHDLHD@DBF@HAF@F@DBDBF@N@DBF@DBLFFFDDDBBBF@F@FBDBDBHBD@HBFAFBFAH@F@DAHBHDHBHFDBBBFBHBH@LAFCFAFAHAF@FAFBFBDBLBFDHBLAFBFBP@F@F@D@RDNBFBDBL@FARADAJ@F@LBD@DABCBAD@H@JJBBDBD@DBH@DBDDDF@DDDDFDBHDD@DDBDBDBDBDBDJDBBDBF@BBDBFJDBHH@DDDFBPDHDDBBDBFDBDBFBD@H@HABCDAD@D@FBDDDHBDBDBBHHBDB@BC@A@CACAC@A@A@A@A@ABA@A@A@C@AA@BAFEBAB@BADAFCBAB@BABC@A@A@@BABABAD@DAD@F@F@B@DAB@DABADC@@DA@@BAACCCA@@AECCCAA@@@CDC@A@E@C@ABAFCDAFABAFABAB@BAB@FCB@BABABABADAFADE@ABA@ABAB@DA@@D@@AFABAFC@@DAB@FAB@D@BAD@BALAD@BBD@DBDBB@B@DCBADABCB@@A@E@CBADAB@DAB@B@B@BAB@BABABABABAB@BAB@@A@A@@BCBA@@@CAIBA@E@A@ABABABAB@FAD@F@D@D@BBH@D@H@JAD@DADABAB@BABEBCBEBADE@A@ABA@ABADCFABAFABABABCDE@ABABAFEDCFCBAB@B@DCBA@A@A@E@@@C@ABADCBA@A@AAA@A@AAC@A@ABEBEDEBADAFAHADABAF@DAF@LBD@BABEKWAI@EAGCAEAA@CAC@ACCGCC@AAAA@AAA@AA@AAACAAAA@AAAEEC@A@ADABABABCB@@E@EBI@C@ABCBC@C@A@A@ABABCBAAA@AAACACAIAEA@AC@@@A@AA@A@@BA@@@AB@B@FEB@BALABAD@D@B@H@F@BAB@BA@A@@@A@CBC@AA@AAEAE@A@CAA@"
				],
				"encodeOffsets": [[
						88366,
						36379
					]
				]
			}
		}, {
			"type": "Feature",
			"id": "542525",
			"properties": {
				"name": "革吉县",
				"cp": [
					81.142896,
					32.389192
				],
				"childNum": 2
			},
			"geometry": {
				"type": "MultiPolygon",
				"coordinates": [[
						"@@ABABCD@DAHLFBBBDBBDHBDBDBFBBDF@HCP@JBHJPILCJIHCHG@ODCFEPIDMJQ@I@IDKFQHOLKJMLQFIBQBSNCJBLLTCH@HHDNFDLCLIFE@M@EFBNCJMHKDIBCBG@EAEICICG@IOASDOFMaIMECIBCHEDEBI@]EQIMEG@OJGLSHOFODMLQJIJIPAFBLHPBNKAMAQLGHKRENFHNFBFLHJFDFGLAPANEHKHGHCHAJ@HHD@JBJEFEFIBEDKFCJHHHJFHHJHH@R@HCHKBOBG@OLCAKHCHAHCHGBOHK@M@ODKHMJIHBNLLNPHHDJILIFKHCJBJAJBLBNCJIFGHKNGLLHDJBHDDJHNFHHFBNDLDJBJBLBH@J@NHDJCRDNDLTJHBLILCLBJ@N@PEJCHCLEBNAL@FFJJBLCPCRCLAFFDHFFRALBPFBLANNJDJPXXTPDR@L@P@LFXPNHJDRDRBRALCNALBJDDHFNJVLPFLGJKDIBGB@FBHBHEDGBKE@@AA@AEAAAAECCE@C@AA@ABCAA@GAA@@CAK@ABCBE@GAEAIKCA@@A@A@EDGHEDGPAL@DAB@BBDABCFAB@DBB@DAD@DQZ@BHNFHBB@BTPFDDBBBBBHPBD@BAFBTBF@F@HCBIJGBCHCFIJCNAL@NGRGNILOREJGTATAL@JARCJ@RIPGXAV@BHDb@hFVBB@`ZHHRXDJGNGJEL]RELBDBLDJBFARAJKLQDODSJGBMHMH]HE@GCECMCI@IFEHEFAFCHETEJEHIHAD@DDD\\VHDPFDDAJ@JDDPFFBBHAHCNALGP@BCDCJ@D@DABAB@D@D@F@@@H@HADCBVHBF@B@BDFFBBPBHDDDDBH@F@@@J@ÄTLHHFR@PAHGFAJ@NBHHDJ@FCBCBAFBHDJBDHBL@B@xPLAj[JAPAX@G`GRÎpDBHBZDT@NCLCLBFDJHFDB@BFBJDNDHBD@DKJKJWN_^cCgD[N_B[HIFKHSHGDM@EAE@EAMKEAA@CDEBE@C@C@GECBGAKDE@A@CAGAECIIAAOBAAK@C@C@CCCCCCA@_BMACBSHGBYAM@MFMKKEEOIOQDIACBCAC@EBC@CACACAA@ABABEDA@C@ABE@EDEBA@CACCAAIBC@E@@@CAAACCCAA@G@AA@CAACEAABC@ABCAAA@AAI@C@CAC@EAGGSQECEAK@A@GECCACCG@A÷ĞBBJHHFDBH@BBBBBDBDBD@F@DBDDHDJ@F@BBB@BABB@@BBD@BDBDDBBDFB@@D@B@B@B@B@@DBB@BBB@DDBBDBDBDBDBDBBBB@@B@@AFABAJBDFFBHBFCJEFBNF`BHDFLF\\PXJRLPFLLVDPINWLGFKBOBM@MFKFMPINATEVITE\\CPEZC\\HPDXBVDVJRJNHPLPNLDNDTBPBREREPGJEBABA@AD@H@B@B@BC@EBQ@AHIHKBGFGDADADKRKHI\\ALC\\GJELEF@FBPLH@ZAXBTJZNXTNJJNlhFF`NRPNHF@DCVKHEB@HEH@F@DAFCDAJADADEHC@@@CACBCBCFAFABABC@CBEBADAFADADADAHKJEF@J@V@TAPAHANODI@CDG@CFIBADEDCFGBAFGFEB@HEB@F@HCBABAPEPEFCBADCBABABEBS@AFMB@B@B@HCB@LCPEB@D@D@DBFBRA\\CH@NBJAJCHAHLB@DADAL@JAFEDCHANBJANGHCPALEF@J@@BPDFJBLDHPJJFJAHF@@DBBB@DAL@FH^DPALEJ@@CH@BAH@BBDDBBBDBDBD@J@D@D@F@DBNDDBHFFDBDBDBDBHBBEJADABKLADAB@BAD@DADAB@DEHCFEFCDGJmxU\\O`EHGLIPUdS^MTKTEFC\\I`CFYHA@AD@LERMdAJGLKPKJ@BCFAFBDDDBBDBDBBBJ@D@DBBD@B@D@H@JADADABA@C@EAC@CBIDEBIBEBGBEBCDEDADCDC@CAC@C@@BA@CDE@KBE@C@EBCDCFEBABAAAAAACCIEACACAAACGCE@E@EBEBE@EBA@ADIJEFMHQH]HKHGDABCCEEKIEICAI@A@G@A@ADCBCBA@@B@D@FAD@DABEFCDCFAFAFCFEFCDCBE@E@C@EAEAKAEAC@EBGBEBCDCFAF@F@BABC@C@CBEFCDEBCDEDCDELAFKHABBB@DFJBFBFBHBDDFDFJBDDNH@@@@DBNBB@LBPAXEZCRCP@VBPFHDFJBDNPFf@NHXJ\\@JAFCH@DBDFBDFBHBHFDNHLJNLXPXXFHBH@FEFAHAJABEFAD@F@F@HBJ@FDRAFBHDJDD@@LHFFDDFHDDB@DBF@H@d@L@n@NBn@AHDFHFDDPVHDJDJ@R@J@NCH@D@DF@D@D@B@L@DFFPPLHNFJBD@NALEHCFCTIJ@FDNLJVL\\FJLJHDNNJPHHBD@@FJBFD@PHXPTPPF^FXFHDFFFBDBD@LETGLCJARCPHJFD@ZATAN@J@FCF@HBFDJJD@DABCFEHFJBF@FDHDJBD@HADAJENMJIFCJ@LCJ@JBF@HEBAHIHAF@FANALBBBF@F@BE@C@A@G@GBCHED@J@DADA@A@ACI@C@A@AJAJBDBBDDFFDF@DDFBZDB@F@HCDCDAD@BAB@DBBBD@DAB@DBDBB@BABAD@BAD@BA@EBCBABCBCDCBABAHEHC@CDEJKFGDGDGDIDCDGDCDGFUDEDAF@D@F@L@F@H@FAXGDA@@D@DCBAFGFCJQDKDGHC@CFIBAHIBADIDEBCBEDCDAF@LBP@F@FCJ@N@FADCHILIHE@@@GHSDADCFCXCNGFCPJFFDABEFEDCFDTFD@F@DCHKDCLIJEFBD@FCFBFBF@F@F@DBDB@B@DBDDBJDDBB@TITKLCVITITINEjQLEDCDEBAXOfWVGNI^Q^QVIBCDI@E@C@ADCBCBABABC@GBCBCBABABADAFC@ABA@@@@BCFEFKFGHENODCDEDKBEHIBEBGBI@GBIDOBK@E@C@CACACACCMCQCKCEAECGACCCCCCA@AFEFAHEDADCBABCBCBC@AB@BABAB@@A@@BA@@D@DABAB@BA@@BA@@@A@A@AAACAC@@A@@@A@ABAD@FCBABCBCBE@ABC@C@@BIAI@CBA@G@A@A@AAC@A@A@G@C@CDO@A@A@C@ABAFKBEBGBC@CBC@CBEBGBIBGDIDIDGBGDGPeTgLWDKDCBCBK@G@E@ADAHEDC@AA@CCAA@C@A@A@AC@A@AA@A@C@E@ABC@ABABCPIHEFCFEFEFKDCBCBGFGFEHIDEFCFCH@DADCDABCDEHKBC@E@C@CEMCE@AFAFCFEHGDGFE@IDMBCDCDAFAPGJEBC@C@AHEDEHM@C@CDAFCFCBABS@CACCC@ABCCIGG@CCCCA@@NCDCHEBCBC@AACAAGCCE@@@ABBD@BBDAB@BAJ@FAJIBAAIBMBEFG@C@K@ECGAC@CFQBK@CBABOACACAEEKIEEAACAAAG@sCEAEEMI]ISEIEE@C@CAAEE@A@@BAPEFCBE@E@C@G@C@CACCGACBCDIBEDGBALCDAFCFADC@A@AIEDMFIBC@CAAA@EEAA@AFABC@C@AACE@KAECEAQCEGEIGKDC@EAE@GBCDCFCFA@CBCDOFEDE@C@O@CBAD@D@D@D@@@BA@A@C@CDC@GBADADCBCAGBCDCDA@ACAECCAC@C@G@GAEAA@@CECG@CA@A@CDGDEBAFABCDIDCJCFGFO@CCECEEEOOGIGGAA@ADAJCHAFAJCJADABCDGAEDEBE@C@EACAMACHIHEBCACCAEAMAECQKGAEAI@EAAABAPIDELGBCBCAABAD@H@FAHCDADEBCAE@E@ACEGGACMECE@C@CDAJCDCDCBCAA@AAA@@BAFC@EEGAAY]SWKOKMAA@AEIMKCCCCCGEAMC@@GCMAAAAAKAAAAACAE@C@EBEAG@C@E@UBEBEBCBEBE@CBCBCDCDAF@DCBABBB@DADADA@E@ECC@G@CBI@EBGBIBA@I@ECECGCIEE@EACACEAACAEACBCA@CCCCACCCAECAG@G@G@EBE@CBCLIJIAACBEBABGFCBC@A@ICEAQCG@EAAACCCAGCC@BBABA@@@AAAAGAGAICOAMAG@EBE@ODGBG@GAKAG@EBG@EBE@E@C@E@E@GAG@C@CAIAE@MBC@G@C@C@K@G@EAC@KAE@M@C@C@C@CBC@SAO@C@C@MCICCAC@C@A@A@C@A@ICAAC@AAAAAACAAAA@C@A@@BCBADAB@J@DFN@FEHYRKFMPGBKCM@AEFMFIHIDENOLGFI@MAECICCCMHEHKHUBCCCCG@AHADAJEHE@CBGBE@ICGA@ACBC@ACC@CDC@GBCAGCGACCAEAECEC@A@A@@CGCCCCIGMGMAGIJGHI@CISGMCG@ACCCCEIACAA@@AKDGFILKLMJQJGBGNDP@TDNDPDV@JBP@VBPCLEVCJDHCFCLGRALBJHNFNKHUDQDQDQCMASKMJSRMLGBKCECE@C@C@A@@@E@IAECICCBKBARBL@NEJ@JBLDBDBPFHJN@DABCDCB@BLFNBVDF@J@FBFFD@BM@GTGDGDK@C@AF@NITGXGTCJBZGBSVBPEJC\\ENEJENCTCPCNARCRAPDJGDE@KMMAAEKACCIEWACAYC[BKRmLKFKH]BMDADEDEDEDWAOCMC[@EDSFYDIDCNICAGEWGECAE@GGMAE@CDAF@FAFABCBC@CACAAEACCEEEGGGEIBE@CBABADCFEBABC@CBIBECEE@GDGDCFIDG@EGKACBKDI@CAIMWSSGE@GBC@GBEBC@MBECC@CBA@EB[AUEGAUG@ICE@ICEAGBAGKCCCICM@AACAACA@AAA@A@C@AAA@AACAI@G@EAGCEAEEGAQAGAIBIDKBEJK@EBG@G@GAEDCBEDAHGFCPKDAHEHIBCBCBEB@BGDCDAJCFCBAFC@ADCDCFC@@DCBCHU@@@ABCBCDEDCHEDEBADCFCDABABCBABCBADEDABCB@F@HHHJ`PRHVBLKHMDGBM@IHKFKHANALCHELKAUEKLINGVATGHOA[LMJMPINGTA\\BVHZDNGVMZCTB`@JIHKDIDQDSBUCYBQ@_VUJCDI@IAKGMIOCMAEGQCW@ACKISGIEKCO@KQCMGACGCCK@IAIDIMEICAOGMQKGKGWKQSYIOMCMDE@KHKJQ@KHKLGdKNKBUA[ISGKAOAOBGHGLGPENERGPCTF^ERDDHNVNNHJH@NIHSB]DWDSFMDKHCFGHONERKJQBOBWASDI@IFEH@LAH@NBLALENGJ@FEHFJDD@HKRQJIHGDKPINEFYIIGI@OKEAA@AAE@CBEDGBCD@@@DBF@DABIBKDGDCBCCEKAGBCFCDC@AEEAAC@ACECCCIEEBIECAE@MAA@AA@EFEHCBAEAOEIACBG@CAMCKCCC@C@GCCCKEEBCBAJAH@@GDGFA@A@@DABC@CAAEK@G@CDGBABABCBCBEACAEAGBE@@DIAGCCECIA@CE@GSCS@@DOBALEB@HKBALMBEACQUCOA@[RILEBABQBEBE@C@I@G@[@EAEAGAGAKAE@QDE@A@C@A@AA@DDD@BDD@B@D@F@DAF@D@FBB@D@D@BADADAFAD@@CDCBCFCDCBABGFEBADEDC@ABA@A@ABABABAFAFAH@B@BABOJABEBA@ADCBAB@DAJ@F@DBBFDBBBB@DABADABCBA@EBC@KFEBGDMBADCBABADAD@DAD@DBJ@FDDBDDFBB@XAH@F@BCDOBKF@BDB@F@J@@AB@BABA@GBC@C@A@AACAA@A@A@A@ACIMMKEECCBM@GACGEGEG@IBEDCBCFIBI@GCCBE@@@ACAA@CAC@CAAEAAAAAACAAA@A@ABEBCBG@CBC@CB@@CJ@@@@A@A@@ACACAA@C@A@C@CBCCEeEEMAWDSBYDKFALBHALEPIJGNIFYPGRCHK@WGKDGJFPFH@HCJKROFMFGHIJILK@KCICQ@IAUEWIKGGIIMKCODOFODIFQAKBEDCF@HEPHHAHAPIHGHCHDFLLLPHPAHIDM@G@IBQDMBKEKAQLODQGQIKDOAKFSNGPMPKFU@Q@UESCCJCJENCLBL@NGLGJEDBHNLBJAHQBU@M@SDSJMNGJ@NAVEXELOAaASKYMOMIJEJCNANBNCNGPILOPEHKHMDSCSIICIEEIIG@GBOBCBICGICQEQBKJGJILCHILQLGDKHEDDHHRIRIDOAGOQ@KJ@H@R@LBJAN@PMHIHK@AGIIQQWAGAIG[QIKMHUJQF[RMBUEQAQLMFGPONMNELCFLBPDFJELKPIHSPGDERIPKBKCACOGKGKBIDGAQGUAKC]EIOKMQFSPKCOCBEDQGIMKGQQIQFUDOBBHDJFPOJKHGLETMNQBUGEQCC@@@C@A@ACCEEC@C@IBE@C@IBA@CB"
					],[
						"@@@@@BA@A@C@Q@C@C@C@EAGAAAE@CAC@I@CBEDA@C@ICIAGCAAA@CA@@A@@CAACE@CBAAK@AAAA@AAAA@A@E@A@ADA@AAA@AA@A@KBCBA@E@C@CBCBEFIJIDED@@C@ECE@C@C@GACBIBABABC@G@E@CBC@ABA@CAAACAG@C@C@A@A@AACE@@AA@@A@@@CBEHCDEDEBABI@C@ABE@EAE@A@CA@A@AA@E@GBC@CAC@CBE@C@@@@BAB@BCBEF@BAFCDABABC@AB@F@D@F@BAB@@E@GBCBCBEDIDGDIBCBA@ABA@@@@BBF@@D@BBBFCHCDA@CBC@ABABABCDEDA@A@C@G@A@CBABADAFCB@BABA@C@A@ABABAHA@EDIFGFA@C@CAA@GBIBCDC@C@C@A@A@CDCDEDEBI@ABABCFABA@CC@@@@A@@DEBABA@A@CBA@@BA@EAA@E@E@C@A@ECA@A@A@@BADCDAB@BABCDABA@A@CBGBC@A@AD@DABABC@E@EACAAAEEAAA@A@A@ABAAC@@@ABABADEHABA@C@G@E@CBC@A@C@AAC@G@CBC@@AAABCACA@A@I@A@C@C@DBDBFJDHFDDDFFBD@B@BB@DAD@HBFBB@BBDDBBFBDBFFBDBBD@D@D@DAHCF@D@DFDBNBF@D@FAHADCBAH@DBDBB@FAB@D@DBD@DAF@F@H@D@FCDAB@DBFBDBDAFAHBJDDBBD@D@BADBBBBDF@DDBBB@@AB@BC@ADAD@FBBFH@DADABA@AD@BBDBDAXABCBABAFADABEBA@C@A@ABAJCBEDAFADAB@B@BBBF@B@DBD@H@JCF@D@B@@BBDBFDBDBJFHF@BB@H@JAH@JAJAHAJAF@DADALAFAD@H@RHH@PCHAFAHBB@D@B@@C@KBCDAHAD@D@DBB@BAHC\\IJ@TCLBFAD@BBDBF@TGNA\\BFAL@FAFBFBJ@HBDBDBHBFFFDRNLHøĝEGCI@C@E@ECCFEBC@CAEAECEEGAGCG@G@C@EBE@G@ADMBABAF@F@U"
					]
				],
				"encodeOffsets": [[[
							83104,
							31928
						]
					],[[
							82894,
							33217
						]
					]
				]
			}
		}
	],
	"UTF8Encoding": true
}