{"type":"FeatureCollection","features":[{"type":"Feature","id":"522301","properties":{"name":"兴义市","cp":[104.897982,25.088599],"childNum":1},"geometry":{"type":"Polygon","coordinates":["@@@A@@BAB@B@D@@A@A@AACAA@CAC@@@A@@B@@BB@@@BA@A@@@AA@AB@AAAAA@A@A@A@A@A@@BCDCB@@ABA@A@C@@BC@A@@AA@@AAE@CAEAA@@A@A@ABAB@B@FAB@B@@AB@D@B@B@D@BAD@BAFC@@BA@AAA@A@A@@BABAAAAC@@@ABAAA@@AC@@BEBABCBCBABCBA@C@C@AACCA@AAAAA@A@A@A@AAA@@@AAA@ABAB@BAB@NFJ@XCTHPDZDV@ZAV@LBLFJDHF@F@JGLGLAJJFLDPBVGPAHIBQCQ@IBEPANLNDPAL@XEXD`FX@PDLCIMEEEOAGAIBGBCDIFCDCBECGCECCAECE@G@I@MBIDGFEFCNENAF@JDH@H@FCBEDAFCBA@AAA@@A@@@@AA@@AA@@@@AA@@@@@BA@A@A@AA@@A@@A@@@A@@A@A@@AA@A@@AC@@BC@AA@@@A@@A@@BABB@@BA@@DAHABA@AEAIAM@EAAC@C@GCEMIKOGEEA@@A@AAA@A@AAAA@A@@A@@AAAA@AA@A@AAA@A@AA@AA@@CAAAA@AAAAAAAA@AACACAAAAAAAAAAACAG@GAGCKCICWCW@OEMAKAECECGEAECIEIAGAK@EAQKIEKEOGIGIEGCCECAEBGDGHC@ICCGAI@EA@G@@@AA@A@A@C@CBC@AB@@AFA@ABA@ABA@A@@DCBABAF@B@@A@AAG@E@@FEFALAH@DBFFBBD@DCFI@EACAAGCACBI@@@E@CB@@A@@@@JADCBA@CBABABABACG@CDALDDBBBD@FAHE@@D@DD@@HDD@@OACAGCOOM_QQMAEAGDIFE@GAQCMAGAEKKEIAIHSFUBGAGKAUA_kIK@@@cG_GYCUEKEOKSGQQGS@WCOMSOWCCCCQEOCEAK@KBGCGGKAOCK@YEMEMGKKCIAOCMEIKEQAMB[JMJEF@HBDHH@HKH]HaF[BYBMBIDABABCFGJKRSTILCNAHAFCBEBEB[DGBEFCFGHGFEBI@M@C@GBEBI@AD@D@D@DDFDDBDBFDBFDBDDD@D@D@BCD@F@DBBBDBBBBBD@D@DCBABCB@B@BBD@D@DABABCD@B@B@D@DBDBDDD@BAB@BAB@B@B@B@D@@@BBBDBBDB@BB@D@BBDBBDBB@DBB@@DBBBBDBFFBBBD@DB@DBB@DBDBBDBDBBBDBBBB@B@@AD@B@BBBB@BBB@BBBDBDBB@DBBBDBDDDBDBBFHDFDDFBBBBBHBDD@@BDDBBBB@B@B@B@H@B@DBB@BBB@DD@@BBDBBBB@BBB@BBBBBB@D@@BD@B@B@D@@BD@DBDBDDD@BBB@@DB@BDBDFBDDF@B@B@D@@ABBB@BB@B@BBBBDDFDDBBD@@BD@F@B@BAF@D@B@BB@@BBBD@B@DBFDBDB@JBDBJDBB@@@BABADABADBD@BBBB@BBBBDBBADBB@BBDDBDD@B@B@@@@AB@@@B@D@B@BBDBFB@B@B@BAB@FABABABCFABAF@FAD@D@BBBAB@B@DABABABCF@B@DBB@B@BABABABCDABEFCBCDABADADABE@CBA@CBABA@A@ABC@A@C@A@EA@@C@CBA@A@A@E@C@CAC@AACA@@A@CAC@A@C@A@A@C@C@CB@@@@ABA@@@CBA@A@A@A@A@@@A@CAAB@@@BFDPBh@rJNHFHB@BBFBAD@D@H@DBB@DBB@DAD@BBDB@BBBBBBBBBDBB@B@D@B@B@D@BBDBDBD@B@@@B@@@@@B@@AB@@@B@@@@@BB@@@BBB@BD@BB@BBBBB@BB@@DDDBBBDBB@BDBB@BB@DB@@BB@@@B@D@D@B@DBB@D@B@BBBDB@BBB@BB@BBBB@@@DBB@@@BB@BBBBB@BBBBBD@BBF@B@@@D@B@D@D@BABABADABCDABA@CBA@BFABBBB@DDBDBDBBBBBBB@B@D@BABBDBDDBD@BBBBBDBB@DBB@DAFCBADCJCBADCBABA@CDABCBCBCBC@@BA@CBA@CBAB@B@DABADABADCBCBADCBABCDCDCB@BCBADADABA@@B@D@D@B@BAB@@AB@@ABA@CBBBBBBBB@BA@ABAB@D@B@@BBDBDBDB@B@BABABABCDCBCDCDCFAD@D@D@DDDDDBBDD@@ABABADADADAFAFAF@HAF@D@DBDBFBBB@DBFBD@FBF@FBBB@@@B@@ADKZ@FABCJABA@ABE@E@E@KMGEG@GFQ\\EDIBEDEDC@A@C@EAA@CBAA@ABABAAAACBADA@CC@C@IAABG@EBC@@@C@ABCDGHGBOHKDCBA@@@@B@HBB@D@B@@ABA@@@AB@@BB@BAD@@@@@BAA@@@@@@@A@@@@@@A@A@@BA@@@A@@AA@@AAA@A@@A@@@AB@@AB@@@@AB@@A@A@@@@@IBCAICC@I@I@CA@C@A@ECCE@E@CDABCDA@C@CDEBGBEBA@ABAB@DBBB@DBDBD@FBBBDB@B@DADAB@BCDABCD@@BVAH@FDJ@DAHAFCHAB@B@DBBDBBBBBB@BBDABADDBJHTJFLGNKNIJODMEO@MJINBLFJDRDJ@dFVB@@@@F@ZA`C`BZFTBZNJRJNLFB@HCLIBAFMDAHAHDDHB@@B@BB@BBD@D@DBDBBD"],"encodeOffsets":[[107406,25973]]}},{"type":"Feature","id":"522322","properties":{"name":"兴仁县","cp":[105.192778,25.431378],"childNum":1},"geometry":{"type":"Polygon","coordinates":["@@EcFOFK@MCK@I@M@KJKLENCJEHGBEAKKIEIGQEKGGIIIGECMIIMCOAOAKAOCKEIMQEIEKGIMGMIOGOCMAMEIO@IFKHMFMBMAMCGKIICKGEEEE@K@IDGBEFCEGAAGEOQIMEOAG@@@@EMCIECIBW@OBI@OCEG@KDW@KAEIAGBGFCJALIPGLIJMFYH]D]@E@IKAGIUGEG@GBGBK@MAMCKGKKMIG@IDKDKDMCEEGKGIEIIGSAO@K@KDOCW@_EWCWFK@OBMCMKOBAF@JDRARGJOBUHOAKCIEBIHKHK@I@EGEICKEKAU@YBU@YCOCSGWDI@MEA@ABA@AB@BBB@B@@BB@B@B@B@BBBBB@BDBBD@B@D@DABADABLH@JFPJB@@D@HKHGNALBJH@NB^BJAJCHMDSDIFCJBH@BDDLJFFVJTFRDPFNFLFNPFJFLBRDPFLHPHNLJNRRNPLRPLLHJHPHNLLJHLHNDPDPDRLFJDP@T@VAVERKDIEIIKKIEEBAFDJDLFHDFBRFFFFFFLJTJTL\\J\\PTDHCPMTUPUJELCJ@HFLNJJNJFCBKFSFUJyROHA@@@@XCPHRPfvrfDdWdAIhJ^NVnrXbXLhLLFJN\\LTAXSFMVUYJIJSjcLUTSFA"],"encodeOffsets":[[108068,26311]]}},{"type":"Feature","id":"522323","properties":{"name":"普安县","cp":[104.955347,25.786404],"childNum":1},"geometry":{"type":"Polygon","coordinates":["@@CAABABCBC@A@A@CB@H@BABE@C@C@AACAAE@CCEBO@A@@AA@@@AA@@@@A@@@@@AAA@@AA@A@@@@@A@@AC@@@@@AA@@@@A@A@A@AA@@@@A@@@A@@@AAA@@@A@@@A@@@A@@@A@@@@@@@A@A@@@A@@@A@ABA@A@@@@@AGMQUKMOKSKKKQMEKEKGKIGIKKMKMGKCKAKAIH}D@FBHDJDF@DABC@EEKAC@IBAHBFBFB@@DAB@BBB@B@JBJDJ@D@BCBA@@H@@@@@@ABAD@B@DBD@B@B@B@@A@AAA@@CEAAA@@A@@BABABB@@BBDD@BFBD@B@HDJ@BBDBB@B@BABAB@BA@ABA@C@A@ABIJAJMFK@MEMEMAKAILOHS@@VO\\mqScCQKCIOk@ORs@uPOLIFKGQSQYOE@A@@@AAAB@@ABABA@ABA@C@CBE@A@A@C@A@A@CAAAA@CAAA@AA@AACAA@A@AA@A@A@A@A@A@C@A@AAA@C@A@CBAAC@CBA@A@C@A@C@A@AAEAAAA@A@A@C@A@ABA@A@ABABAB@DAD@D@B@B@D@B@B@F@BBBADBDBF@FADCB@@AAAACAA@A@AAACEACAAACEGAAA@@AAC@@EICG@OTONCPEJCHCAQCEEGCKCIBEFAJFLLJJJFLCFQBU@U@SCOEIQKOCOCMCKGIGKKGMGOGIKKQOOKQMMQKIGMGOEKCOAQEKEIMOKEMEOEQCSEUIEEKICC@AAGDIJETCNCDGBIAIA]@MIGKAMBGHGLC@@@IAEO@IKGADADABAF@@BD@@BBAB@B@@BDBBABAB@@@B@BBB@BAB@@EDABC@ABC@A@A@C@A@@BA@A@EBA@A@AB@B@B@BB@FBDBF@BB@@BB@@@BAD@@@D@BAB@BA@CDAD@@@B@B@B@B@BBBBB@BBAB@@B@@@BAB@@A@@AA@@@@B@@BD@DBBBD@B@B@BC@A@A@AB@@@B@B@B@BBD@BA@ABABCBA@@BA@ABA@C@A@A@AB@@A@C@A@E@@BADABCDA@A@A@A@EBA@@BA@AFAD@B@BAF@FADAHAB@@BXRzZdjhPZ@@BNXdAHAjFRWN]@OPALDTBRGPCFMPMNANFJLNNHTLRNJRFVDNHZAXGTIJMPKTMRI\\KhFLBtFJRXF^ZVTATLFHTP\\DDZ@fIRDDHLBLIJQHGJENLPHvTtHLDFFr@@@B@B@BADBB@B@DBB@BFHFHBDD@B@BBB@BDBB@DBB@BBD@BBBB@FBRDLHLJNPJLCNIPENEPJZ^`\\Ph`REDA@@BC@ABABCDABAB@B@B@D@D@B@D@FAHAB@D@B@D@DBFBDB@@BBD@BB@@BBB@D@B@B@B@DAD@B@D@B@@@B@D@D@B@D@@@BADCBA@AB@BAD@BA@ABA@ADADC@@"],"encodeOffsets":[[107662,26779]]}},{"type":"Feature","id":"522324","properties":{"name":"晴隆县","cp":[105.218773,25.832881],"childNum":1},"geometry":{"type":"Polygon","coordinates":["@@BBB@BBB@@@D@@@BA@@BC@@BC@@@A@C@C@EOoFORMfK`g\\YXMTGZ@dJPIFKGJi\\_xk[KIMKEgKWKWamqMUI]JgBXcCcqeeuQOOGWD@@@@GBQPIzEVETALEDMIIIKMGEI@KDIFOVSVONGDSC[O[ISKSIKIEEEEEEGDIDOFMDSP@PDHFJ@@BD@BB@BBFHBDBBBDDFBB@B@BBBBDBB@BA@CDEBE@CACAABAAE@A@A@C@A@A@C@C@CBA@ABAB@B@BAB@B@B@D@B@BBBBBBF@B@B@D@B@D@BAB@DBDAB@D@B@DBB@B@B@D@B@B@B@B@BBBB@B@DBBBB@@BBBDBB@BBDBB@B@D@B@B@F@DAD@B@BAB@BABA@@BABB@@B@F@ZPTRHRELKJOP@vQt@PPlDJRLdDrT[nUP@@GTKPBJBLFNFN@NELINIBAJ@B@B@DAB@BABA@ABABA@A@CAAAI@GCA@C@EA@ACCAA@@AAABAB@@@BB@BBDF@@BB@B@BA@A@A@C@CAA@C@AB@B@@@@G@@@ABADC@I@ICIAA@A@AAA@CB@@EAEAGAAB@JBDFL@FADCBE@ICGCEAC@G~BJBLDLHLLNLNJLJHHLFLFLRNLLTLPLLNRVHN@B@@@@@BAB@B@B@@@B@@@B@B@@@@@@@B@@@B@@@B@@@B@@BB@B@@@B@@@B@@B@@B@B@B@B@@B@@B@@@@BD@@@B@@@@@BBB@@BB@B@@@@@B@@B@@B@@BB@@@BAPDF@DBFDBBBD@D@F@BA@A@GDAB@B@D@DABABADBDB@B@BBBLH@B@@BB@@@@BB@@@@@BB@BB@B@@BB@@BB@B@@@BB@@DB@@@@B@@BBBB@@B@BB@@B@B@@BB@D@B@@@B@B@B@F@F@@@D@B@D@@@@@B@B@B@@@DAB@@@B@B@@@B@B@@C@A@A@@@A@A@A@A@A@A@AAACAACCAA@A@ABA@@@AABCBCBCBEAG@CAG@CAEAC@CAEAC@G@C@ADCFEBCFGBC@AFCBABA@A@@@CBA@ABA@ABABC@C@A@A@C@C@CAA@CAA@CAC@CAAAA@C@C@ABC@ADABABAB@B@FEB@DA@A@IBAFEHABCDGBEBC@CAA@ABAFABEBCBA@AACAC@A@A@AB@BA@@B@@A@C@AB@@A@A@ABA@ABABA@@DA@C@CBCBCDEDCBCBABAHCBAB@BCB@HAD@B@DBBDBF"],"encodeOffsets":[[107781,26610]]}},{"type":"Feature","id":"522325","properties":{"name":"贞丰县","cp":[105.650133,25.385752],"childNum":1},"geometry":{"type":"Polygon","coordinates":["@@JODWrFGBK@ED[@A@@@KRETCTGPGXIPE\\KTKJENALGJGLERLLBDMZSBSSUiQ[WEW@qIEOBMFS@E_KMFs^mbc^kPm\\eAY@@@@CcGcHecMOBIHIHGDOBMFMJOPONMDG@[CGASBdQTC`ZnAJ[^KjcPOP[CmFIJG`EDU@_AEJGHKNKNIPCFCNELOJKDMAKCKBQDWFQ@MFQRSRK@S@QBQDSDSHSFUJKFEDAFCH@J@LFFFFLHJDLJDHBNANENGNEL@JJPNFNBPDPHNJNHHJFLFJNRFJDLBPBLBPDPJNNJFDJHJJHHFLHRFJLJBLAFGHIFMDKFIL@L@N@JDL@NELEPFdD@XBRLTXV@bKvG`OPQPcHWLU\\UZ{LKVG"],"encodeOffsets":[[108288,26177]]}},{"type":"Feature","id":"522326","properties":{"name":"望谟县","cp":[106.091563,25.166667],"childNum":1},"geometry":{"type":"Polygon","coordinates":["@@B@BABABABA@ABA@AB@@CB@@ABABA@ABAB@@C@A@C@A@A@AAC@A@AAC@AAAA@@ABCDEBA@ABE@A@A@ABAAAD@@@B@BAD@D@BBD@BBB@F@F@D@DBB@D@D@BADBBAB@BAD@DABABAB@BABABADCB@D@BBB@B@DAB@DCB@BA@BBDBB@BBD@D@B@@BBB@B@@B@DBB@DABADBBB@@BA@AB@B@@BBBBBBB@B@B@B@BAB@B@@@BBBBB@BDBBB@JRDBH@FABGECCEBADABADAD@DADCDADADCBCBABA@A@CBCBABCBA@A@A@@A@@AAAC@A@AAAC@A@C@A@CAAAA@AAAAABCBABAB@D@@@BA@A@A@@AAA@CCA@AA@AAACAA@ABA@CDA@A@A@A@C@AAAAA@@@I@GCCEDGPKPMNIPANBDFHBFCFGHMJKLIFG@EGAI@EE@IDWDMFAVBPFNRDXDHFAFE@IAGCCBCD@H@H@B@BAB@BAB@BA@@BBBBD@BAD@BBB@BBB@@DBDBBBAB@BCBABABC@CBA@E@CB@RUN[HYDSBIBIBGDAHBRH\\FX@\\GdOTOLOLQNOPG^D\\HTHZHT@FCBBF@PEPCF@B@FC@ABC@C@C@EAI@AAA@@@A@A@AAA@C@ABA@A@ABA@A@CBA@@@ABA@@DABBB@B@BAB@B@BAB@B@BAPAPBL@PKNSNSJOHMBK@MBMFQHSBQBOHKJIAKQSUMUIOGA@AA@@AA@@AAAAA@@AA@@AA@AA@AAC@@CAC@C@EACBA@@A@A@ABAF@@@@ABA@A@A@A@AB@BCBABABC@@DAB@B@BB@BB@@B@D@BBBBBBAB@BAF@B@B@BA@ABABAB@B@BA@AB@@ABA@A@C@A@ABA@@BABAD@@ABAB@@ABAB@BABA@@BA@ABA@@BA@A@ABA@@@AB@BAD@D@@ABA@C@@BABABAB@@AB@@@BA@@@A@@@AB@@A@A@@@@B@@A@ABABA@@B@@@@@BA@@@@@AB@@@@A@@B@@A@A@@@@@A@@@A@@@A@@@A@@@ABA@@@A@@B@@A@AB@@A@@@AB@@@BA@@B@BA@@B@BAB@@@BAB@BA@@@A@@@A@@BA@A@@@AB@@@@@BAB@@A@@@A@ABA@A@@@C@@@@@@AA@@@C@@@AA@@A@AAA@@@A@@EGEGEIAC@A@A@AB@D@@@B@ACAA@@@AAA@AECA@GAGAGAGAG@GCA@E@EAIEC@MAMAC@CAGCGECAC@CEAC@CCIEEECCBA@OCMCE@A@ACA@C@A@A@CCGIE@E@Q@C@CAGAICKCEAA@AAACGCICGCI@C@EAOAGBICMCICACEEGEEAE@I@GBIBGBGDC@OAM@EAECEECAIAEBGBGDKHGDMDK@ECCCACCGIEEEEECGCGACGCI@EBIHIDIBGBA@@BA@A@@@@@A@@@@@A@A@@@A@C@IIEE@@SYC{GKMGU@bWRK\\D^hxJZCTIJUF}Kc@MRGPSTg\\[JEHBTEHebqxKLGfHdDd@@@@BZ[fOn]lad]nEtLNF`T@NEPAJF@rFX\\XjRTVATYTCNBNLDXKXLWVBJHFAF]XBLGRALHPTNRLXLVNRLNJRFJHHJDH@BGHCHCFGDEBC@ACCCGAGFEFAHDJDDHFDD@@BB@D@B@BBDBBBB@DBB@BB@BBDB@B@B@BBB@B@B@B@D@BAB@BABAB@B@B@BB@"],"encodeOffsets":[[108523,26229]]}},{"type":"Feature","id":"522327","properties":{"name":"册亨县","cp":[105.81241,24.983338],"childNum":1},"geometry":{"type":"Polygon","coordinates":["@@LKrwfaFGASFG\\Ih[TSHONQd@~LVEJIDSIYgwC]L[XQaV@NHHLD|TZ@CDEFGFCNEFGDCBEBEBGFEJOFEFEBC@CDCDCFAFCBCBADGDG@MCE@CBEBADCBCDC@CBADI@GBCAEAECACC@EAEBE@E@EAE@CAKAGCCCC@CAEGAEAAA@C@CBCDG@A@AACAC@@CCCCCEACAECGAGACACACCCGAE@EBGDABCBABA@A@@@A@@@GEEGAC@A@CAGCE@I@EAAACACECGAECC@C@CACACKEIECEAMGGCCBC@A@EAG@A@KEMGE@ECOKE@ACMICE@CBC@GCGCKCIAEECCECCAEEEAAAA@CAGCCAAA@C@EBEBMJKHIFEDCBC@AD@DBB@BCHCFCBABA@GJGFE@ABABAB@@A@@@A@AB@@GDAFKLCD@FAHELCFAL@HAFABCDADBF@BEBGBCAC@GAQAIBK@E@MAKAE@CB@@@@ADA@@B@@A@ADA@@BC@AB@@C@@@A@C@AAG@G@C@ACCC@EAACECCECEAAACAOCKIKEC@A@IAI@I@C@E@A@CBA@CBGBIFMFEDGDGDGDCBAB@DCJGLADA@A@CBEBEDEBIBGDEFEDEFABEHEBEFGDMLEBGDSDMDCBIBA@IAKAEAMAK@ODQBIBEBIFABA@A@ABADCDAB@BAB@@@B@@AD@B@DAF@FEHGBGBABEBKAICGCCCEEGAG@E@K@GBG@C@K@CBEBKBIAKBIDEBEBQDEBEBCFAFADABBP@JAFAFAFCFCDCFCBEDEBEBEBCBGJAD@B@@BB@B@BABCDGDADCB@D@BBD@@@FADAJADAD@DAFAD@FAF@DAB@D@@LBLDFDG@AB@@@B@B@B@DAB@BAB@B@@@@@@@B@@@B@@@@HDDBD@B@DDBBD@DBF@DDBFJJ@BB@B@D@B@D@H@D@JNNNNJL@PARBLFJDRDN@JALGL@PAHIAA@CBCBEFAD@D@HBFBD@@D@FCFBFBD@DAD@FDDF@BAFFFBLBJ@@AB@@@BA@AB@BE@ABAB@DAJDBBB@FBFBAD@DEDEBC@CD@BA@@D@@@D@H@@@BAD@B@BA@@BA@A@CBC@A@@@AAAAAA@@@A@@@AB@@@FA@@@@B@@@@A@AAA@AA@@@A@CAA@@@@A@A@AAA@@@@@@@B@@AD@BABABCFABABA@A@CBEAC@@B@@A@@B@@CD@@AD@B@DBBBB@@@@@B@B@BBBBBBB@BBB@BBDBD@B@BFB@FB@DD@HAHCD@@@B@B@BAFAB@@AD@VFXF\\DLFRBNCZBLHJHLJPJLJLJJHHFL@JCRCJGPELIFMNGLGJEF@HHFFBDDDFBHBFCNCLEPCTDPDNAN`BV@FCH_JInE\\DPOdOLi\\]BIYmD_RScTAHB\\DH@NCPMPONINEPAHCJGJGPAdN"],"encodeOffsets":[[108449,25723]]}},{"type":"Feature","id":"522328","properties":{"name":"安龙县","cp":[105.471498,25.108959],"childNum":2},"geometry":{"type":"MultiPolygon","coordinates":[["@@BMCMCODSFODKDMAEAGCECCEAGE@GFEHIHKNMJEFKHODIDQ@IEKGGIIIKIKIOGKGIAKDYAMEQCKE[EW@UBC@@BABE@A@A@A@@DCBG@GCCA@@EEA@A@AACAC@AAA@AAAAAAA@A@A@A@@@@AAAA@C@ABC@@DC@@@AB@@@@AD@FBDAB@B@BABADEBABA@ABC@@@A@@@@@@BB@B@B@B@@B@DBB@@@B@@BBB@B@B@@A@@@@@EB@@A@@B@@@B@@BBBBBB@@B@D@DAB@B@@AB@@A@ABC@A@@@G@C@@@CB@@ADCD@FAFC@CBCEAEAA@AAICCBA@AB@BAFA@@BAB@@A@@BI@KAEAEEABE@CC@EBC@CACAEDE@E@CC@EAGAC@C@EBAFAD@DBBGJOBK@KHIBM@QCICKEQAOBK@MIMMIMC@G@C@A@C@A@A@@AIIAECCE@CAC@AACCA@C@CAGC@@@@@A@@@A@@@@@@@ABA@ABA@C@A@A@A@@BAH@ECKCKA@@@B@BCHAHEFCDC@EFCBEBEFODE@IFAAEBMDE@E@CBABAB@BC@G@GBGAIBC@CBG@GCECC@G@CAGCEACAECCCCEACCAKAM@I@E@E@OBK@IDIBC@A@CBA@G@I@G@CBCFCFGL@F@HBDBDB@FDBB@BAFCF@@ADKDABA@A@A@AACAECC@C@CBABC@A@AB@D@BBBBF@B@BADADABABA@C@GAC@KBC@AB@B@F@B@@@BBB@DBBABAB@BCBA@C@E@EAC@E@E@CACAIEECECE@AA@AAAA@ACEC@AACCIEEACGGEE@AC@A@A@ADCBABEDC@A@A@C@AAA@CBAAA@AACAACAE@A@AAAAAAA@AAC@AACA@AAC@ABA@CAACAAAAA@C@AACAECGGCCGEeSECC@GC@@CCC@@@GFEBC@AACAKCCB@DDHABABABAB@DABCDIB@@@@@BA@@D@F@@AJBDHDBBBD@FEJCDC@AAEECAG@KBEBEF@@@FBH@B@BA@E@ABABCD@@@BAB@BAB@BEB@BA@@BAD@D@D@B@BBB@@H@B@@FBJDHJDD@HGHCFADBDFHDJFJHPHLFJFRLFBL@HBJBJFFDFBDHDFBFBLFN@PDXDXDJDLBH@HBHBDBBBBBBBBBBBDBD@BBBBBBBBBB@BBDB@@BBB@@B@BBB@B@BBBB@BB@BB@@@@BBBBBB@B@BBB@@@FBHFLPNJDF@H@DBDFBN@JBFB@BABGBCB@@AB@@AAAB@@@BB@@@B@@BAD@@BD@@@BBB@@@B@BB@@@B@@@@BB@@B@B@BAB@@@@B@@B@@B@@BB@@B@@B@@@BB@BABEDCBAFEDG@G@ICE@MBMFEDEFCHAJ@N@J@HDFBFDDDFDHAFCDEDCJADAHBJBHFPFFJNL@P@TBJHFJHJHLFFNDLCLCJCH@NJLLLHNDNBL@HAHAH@HFJVBHJLF@^@^CZGNEJIHKJOBKDIHEHAJBBF@LCX@LFHPDJ@PAX@JAFDDJFN@@@@BHFPJNPRHFBBFHLEVITETGTCRCRAT@L@TQRQNER@XERCLALDNBLCPIFKDMDEJOLMLMHGFI"],["@@B@@B@@@@BB@@@@@@BB@@@@@BB@@@@@@@@B@@@@@@@@@@B@@B@@@@B@@@@@@@@@@@B@@B@@B@@@@@@@@@@@@@B@@B@@@@@@B@@@@BB@@@@@BB@@@@BB@@@@@B@@B@@@@@@@BB@@@@B@@@@B@@@@B@@@@@@@@@@@B@@@@@@@@@@A@@@A@@@@BA@@@A@@@@@@@@@@@@@@@A@@@@@@@@@@A@@@@@@@@@@@@@@@@A@@@@@@A@@@@@@@@@@@@A@@@@@@@@@@@@@@A@@@@@@@@@@@@@@@@@@@@@@@@@@@@A@@@@@@A@@@@@@@@@@@@@@@@AA@@@@@@@@@@@A@@@@A@@@@@@@@@@@@A@@@@@@@@A@@@@@@A@@@@@@@@@@@A@@@@@@AA@@@@A@@@@@@@@@@AA@@@@@@@@@AA@@@@@@@@@@@@@A@@@@@A@@@@@@@A@@@@@A@@@@@@@A@@@A@@@A@@@@@@@@@@@@@@@@@@B@@@@"]],"encodeOffsets":[[[108167,25898]],[[107604,25514]]]}}],"UTF8Encoding":true}